time_sec,value
0.0,101.719336
0.127029,101.719336
0.254058,101.719336
0.381087,101.719336
1.905434,118.987681
2.032463,118.987681
2.159492,118.987681
2.286521,118.987681
2.41355,118.987681
2.540579,118.987681
2.667608,118.987681
2.794637,118.987681
2.921665,113.760043
3.048694,113.760043
3.175723,113.760043
3.302752,113.760043
3.429781,113.760043
3.55681,113.760043
3.683839,113.760043
3.810868,113.760043
7.494707,118.473487
7.621736,118.473487
7.748765,118.473487
7.875794,118.473487
8.002823,118.473487
8.129852,118.473487
8.256881,118.473487
8.38391,118.473487
8.510939,117.188002
8.637968,117.188002
8.764996,117.188002
8.892025,117.188002
9.019054,117.188002
9.146083,117.188002
9.273112,117.188002
9.400141,117.188002
10.289344,117.702196
10.416373,117.702196
10.543402,118.816283
10.67043,118.816283
10.797459,118.816283
10.924488,118.816283
11.051517,118.816283
11.178546,118.816283
11.305575,118.816283
11.432604,118.816283
11.559633,118.730584
11.686662,118.730584
13.338038,119.03053
13.465067,119.03053
13.592096,119.03053
13.719125,119.03053
13.846154,119.03053
13.973183,119.03053
14.100212,119.03053
14.227241,119.03053
14.35427,119.03053
14.481299,123.786824
14.608327,123.786824
14.735356,124.301018
14.862385,124.301018
14.989414,124.301018
15.116443,124.301018
15.243472,124.301018
15.370501,124.301018
15.49753,124.301018
15.624559,124.301018
16.132675,116.930905
16.259704,116.930905
16.386733,116.930905
16.513761,116.930905
16.64079,116.930905
16.767819,116.930905
16.894848,116.930905
17.021877,116.930905
17.148906,116.930905
17.275935,116.930905
17.402964,116.930905
17.529993,116.930905
18.292167,120.787359
18.419195,120.787359
18.546224,120.787359
18.673253,120.787359
18.800282,120.787359
18.927311,120.787359
19.05434,120.787359
19.181369,120.787359
19.308398,120.787359
19.435427,120.787359
19.562456,113.588645
19.689485,113.588645
19.816514,113.588645
19.943543,113.588645
20.070572,113.588645
20.197601,113.588645
20.324629,113.588645
20.451658,113.588645
20.578687,113.588645
20.705716,116.673808
20.832745,116.673808
20.959774,116.673808
21.086803,116.673808
21.213832,116.673808
21.340861,116.673808
21.46789,116.673808
21.594919,116.673808
21.976006,114.445635
22.103035,114.445635
22.230064,114.445635
22.357092,114.445635
22.484121,114.445635
22.61115,114.445635
22.738179,114.445635
22.865208,114.445635
22.992237,114.445635
23.119266,114.445635
23.246295,114.445635
23.373324,114.445635
23.500353,114.445635
23.627382,114.445635
23.754411,114.445635
23.88144,114.445635
24.262526,116.50241
24.389555,116.50241
24.516584,116.50241
24.643613,116.50241
24.770642,116.930905
24.897671,116.930905
25.0247,116.930905
25.151729,116.930905
25.278758,116.930905
25.405787,116.930905
25.532816,116.930905
25.659845,116.930905
25.786874,116.930905
25.913903,116.930905
26.040932,116.930905
26.16796,116.930905
26.294989,118.044992
26.422018,118.044992
26.549047,118.044992
26.676076,118.044992
26.803105,118.044992
26.930134,118.044992
27.057163,118.044992
27.184192,118.044992
27.311221,118.044992
27.43825,118.044992
27.819337,117.016604
27.946366,117.016604
28.073394,117.016604
28.200423,117.016604
28.327452,117.016604
28.454481,117.016604
28.58151,117.016604
28.708539,117.016604
28.835568,117.016604
28.962597,117.016604
29.724771,118.302089
29.8518,118.859132
29.978829,118.859132
30.105857,118.859132
30.232886,118.859132
30.359915,118.859132
30.486944,118.859132
30.613973,118.859132
30.741002,118.473487
30.868031,118.473487
30.99506,118.473487
31.122089,118.473487
31.249118,118.473487
31.376147,118.473487
31.503176,120.70166
31.630205,120.70166
31.757234,120.70166
31.884263,120.70166
32.011291,120.70166
32.13832,120.70166
32.265349,120.70166
32.392378,120.70166
32.646436,118.687734
32.773465,118.773433
32.900494,118.773433
33.027523,118.773433
33.154552,118.773433
33.281581,118.773433
33.40861,118.773433
33.535639,118.773433
33.662668,118.773433
33.789697,112.774505
33.916725,112.774505
34.043754,112.774505
34.170783,112.774505
34.297812,112.774505
34.424841,112.774505
34.55187,112.774505
34.678899,118.559186
34.805928,118.559186
34.932957,118.559186
35.059986,118.559186
35.187015,118.559186
35.314044,118.559186
35.441073,118.559186
36.457304,118.087841
36.584333,118.087841
36.711362,118.430637
36.838391,118.430637
36.96542,118.473487
37.092449,118.687734
37.219478,118.687734
37.346507,118.687734
37.473536,118.687734
37.600565,118.687734
37.727594,118.687734
37.854622,118.687734
37.981651,118.687734
38.10868,117.830745
38.235709,117.830745
38.362738,117.745046
38.489767,117.745046
38.743825,117.316551
38.870854,117.316551
38.997883,117.316551
39.124912,117.316551
39.251941,117.316551
39.37897,117.316551
39.505999,117.316551
39.633028,117.316551
39.760056,117.316551
39.887085,117.316551
40.014114,114.445635
40.141143,114.445635
43.952011,119.03053
44.07904,119.03053
44.206069,119.03053
44.333098,119.03053
44.460127,119.03053
44.587156,119.03053
44.714185,119.03053
44.841214,119.03053
44.968243,119.03053
45.095272,119.03053
45.222301,119.03053
45.34933,119.03053
57.16302,167.664703
57.290049,167.664703
57.417078,167.664703
57.544107,167.664703
57.671136,167.664703
57.798165,167.664703
57.925194,167.664703
62.244178,121.687199
62.371207,121.687199
62.498236,121.772898
62.625265,121.772898
62.752294,121.772898
62.879323,121.772898
63.006351,121.772898
63.13338,121.772898
63.260409,121.772898
63.387438,121.772898
67.071277,119.03053
67.198306,119.03053
67.325335,119.03053
67.452364,119.03053
67.579393,119.03053
67.706422,119.03053
67.833451,119.03053
67.96048,119.03053
70.37403,121.772898
70.501059,121.772898
70.628088,121.772898
70.755116,121.772898
70.882145,121.772898
71.009174,121.772898
71.136203,121.772898
71.263232,121.772898
71.390261,121.772898
71.51729,121.772898
71.644319,121.772898
71.771348,121.772898
71.898377,121.772898
72.025406,121.772898
72.406493,123.572576
72.533522,123.572576
72.66055,123.572576
72.787579,123.572576
72.914608,123.572576
73.041637,123.572576
73.168666,123.572576
73.295695,123.572576
74.438956,121.515801
74.565984,121.515801
74.693013,121.515801
74.820042,121.515801
74.947071,121.515801
75.0741,121.515801
75.201129,121.515801
75.328158,121.515801
75.455187,121.515801
75.582216,121.515801
75.709245,120.74451
75.836274,120.74451
79.011997,121.344403
79.139026,121.344403
79.266055,121.344403
79.393084,121.344403
79.520113,121.344403
79.647142,121.344403
79.774171,121.344403
79.9012,121.344403
80.028229,121.344403
80.155258,121.344403
80.282287,121.344403
80.409315,121.344403
81.552576,120.830209
81.679605,120.830209
81.806634,120.830209
81.933663,120.830209
82.060692,120.873058
82.187721,120.915908
82.314749,120.915908
82.441778,120.915908
82.568807,120.915908
82.695836,122.972683
82.822865,122.972683
82.949894,122.972683
83.076923,122.972683
83.203952,122.972683
83.330981,122.972683
83.45801,122.972683
84.60127,122.158543
84.728299,122.158543
84.855328,122.158543
84.982357,122.158543
85.109386,122.158543
85.236415,122.158543
85.363444,122.158543
85.490473,122.158543
85.617502,122.158543
85.744531,122.158543
85.87156,122.115694
85.998589,122.072844
87.395907,120.787359
87.522936,120.787359
87.649965,120.787359
87.776994,120.787359
87.904023,120.787359
88.031052,120.787359
88.15808,122.672737
88.285109,122.672737
88.412138,122.672737
88.539167,122.672737
88.666196,122.672737
88.793225,122.672737
88.920254,122.672737
89.047283,122.672737
89.174312,122.115694
89.301341,122.072844
89.42837,122.072844
89.555399,122.072844
93.239238,120.70166
93.366267,120.70166
93.493296,120.70166
93.620325,120.70166
93.747354,120.70166
93.874382,120.70166
94.001411,120.70166
94.12844,120.70166
98.574453,124.301018
98.701482,124.301018
98.828511,124.301018
98.95554,124.301018
99.082569,124.301018
99.209598,124.301018
99.336627,124.301018
111.277347,119.03053
111.404375,119.03053
111.531404,119.03053
111.658433,119.03053
111.785462,119.03053
111.912491,119.03053
112.03952,119.03053
112.166549,119.03053
112.293578,119.03053
112.420607,119.03053
113.436838,199.03053
113.563867,199.03053
113.690896,199.03053
113.817925,199.03053
113.944954,199.03053
114.071983,199.03053
114.199012,199.03053
114.326041,168.607392
118.390967,118.816283
118.517996,118.816283
118.645025,118.816283
118.772054,118.816283
118.899083,118.816283
119.026112,118.816283
119.15314,118.816283
119.280169,118.816283
124.996471,118.387788
125.1235,118.387788
125.250529,118.387788
125.377558,118.387788
125.504587,118.387788
125.631616,118.387788
125.758645,118.387788
125.885674,118.387788
126.012703,118.387788
126.139732,118.387788
126.266761,118.387788
126.39379,118.387788
126.520819,120.915908
126.647848,120.958757
126.774876,120.958757
126.901905,120.958757
127.028934,120.958757
127.155963,120.958757
127.282992,120.958757
127.410021,120.958757
127.53705,120.958757
127.664079,120.958757
129.061397,120.658811
129.188426,120.70166
129.315455,122.629888
129.442484,122.629888
129.569513,122.629888
129.696542,122.629888
129.823571,123.058382
129.9506,123.058382
130.077629,123.058382
130.204658,123.058382
130.331687,123.058382
130.458716,123.058382
130.585745,123.058382
131.729005,128.500268
131.856034,128.500268
131.983063,128.500268
132.110092,128.500268
132.237121,128.500268
132.36415,128.500268
132.491179,128.500268
132.618207,128.500268
132.745236,126.272094
132.872265,126.272094
132.999294,126.272094
133.126323,126.272094
133.253352,126.272094
133.380381,126.272094
133.50741,126.272094
133.634439,126.272094
133.761468,122.886984
133.888497,122.886984
134.015526,122.886984
134.142555,122.886984
135.412844,116.288163
135.539873,116.288163
135.666902,116.288163
135.793931,116.288163
135.92096,116.288163
136.047989,116.288163
136.175018,116.288163
136.302047,116.288163
136.429076,118.344938
136.556104,118.344938
136.683133,118.344938
136.810162,118.344938
136.937191,118.344938
137.06422,118.344938
137.191249,118.344938
137.318278,118.344938
147.353564,119.03053
147.480593,119.03053
147.607622,119.03053
147.734651,119.03053
147.86168,119.03053
147.988709,119.03053
148.115737,119.03053
148.242766,119.03053
148.369795,119.03053
148.496824,119.03053
148.623853,119.03053
148.750882,119.03053
159.802399,118.344938
159.929428,118.344938
160.056457,118.773433
160.183486,118.773433
160.310515,118.773433
160.437544,118.773433
160.564573,118.773433
160.691602,118.773433
160.818631,118.773433
160.94566,118.773433
161.072689,118.773433
161.199718,118.773433
161.326747,118.773433
161.453776,118.773433
170.47283,189.903589
170.599859,189.903589
170.726888,189.903589
170.853917,189.903589
170.980946,189.903589
171.107975,189.903589
171.235004,189.903589
171.362032,149.36797
177.713479,126.486342
177.840508,126.486342
177.967537,127.086235
178.094566,127.086235
178.221595,127.086235
178.348624,127.086235
178.475653,127.086235
178.602682,127.086235
178.729711,127.086235
178.85674,127.086235
178.983769,126.486342
179.110797,126.486342
179.237826,121.772898
179.364855,121.772898
179.491884,121.772898
179.618913,121.772898
179.745942,121.772898
179.872971,121.772898
195.624559,120.658811
195.751588,120.658811
195.878617,120.658811
196.005646,120.658811
196.132675,120.658811
196.259704,120.658811
196.386733,120.658811
197.529993,120.787359
197.657022,120.787359
197.784051,120.787359
197.91108,120.787359
198.038109,120.787359
198.165138,120.830209
198.292167,120.873058
198.419195,120.873058
198.546224,120.873058
198.673253,120.873058
198.800282,120.873058
198.927311,120.873058
199.05434,120.873058
199.181369,120.873058
199.308398,120.873058
199.435427,120.873058
201.46789,118.730584
201.594919,118.730584
201.721948,118.730584
201.848977,118.730584
201.976006,118.730584
202.103035,118.730584
202.230064,118.730584
210.105857,118.987681
210.232886,118.987681
210.359915,118.987681
210.486944,118.987681
210.613973,118.987681
210.741002,118.987681
210.868031,118.987681
210.99506,118.987681
211.122089,118.987681
211.249118,118.987681
211.376147,118.987681
215.187015,118.002142
215.314044,118.002142
215.441073,118.002142
215.568102,118.002142
215.695131,118.002142
215.822159,118.002142
215.949188,118.002142
216.711362,118.687734
216.838391,118.816283
216.96542,118.816283
217.092449,118.816283
217.219478,118.816283
217.346507,118.816283
217.473536,118.816283
217.600565,118.816283
217.727594,118.816283
217.854622,118.816283
217.981651,118.816283
218.10868,118.816283
218.235709,118.816283
218.362738,118.730584
218.489767,118.730584
218.616796,119.03053
218.743825,119.03053
218.870854,119.03053
218.997883,119.03053
219.124912,119.03053
219.251941,119.03053
219.37897,119.03053
219.505999,119.03053
219.633028,119.03053
219.760056,119.03053
219.887085,119.03053
220.014114,119.03053
221.030346,118.430637
221.157375,118.430637
221.284404,118.430637
221.411433,118.430637
221.538462,118.430637
221.66549,118.430637
221.792519,118.430637
222.046577,117.487949
222.173606,117.487949
222.300635,117.487949
222.427664,117.487949
222.554693,117.487949
222.681722,117.487949
222.808751,117.487949
222.93578,117.445099
223.062809,117.487949
223.189838,117.487949
223.316867,118.259239
223.443896,118.302089
223.570924,118.302089
223.697953,118.302089
223.824982,118.302089
223.952011,118.302089
224.07904,118.302089
224.206069,118.302089
224.333098,118.302089
224.460127,118.302089
224.587156,118.259239
224.841214,118.344938
224.968243,119.03053
225.095272,119.03053
225.222301,119.03053
225.34933,119.03053
225.476359,119.03053
225.603387,119.03053
225.730416,119.03053
225.857445,119.03053
225.984474,119.03053
226.111503,119.03053
226.238532,119.03053
226.365561,119.03053
226.49259,119.03053
226.619619,119.03053
226.746648,119.03053
226.873677,119.03053
227.000706,205.072309
227.127735,205.072309
227.254764,205.072309
227.381793,205.072309
227.508821,205.072309
227.508821,112.243641
227.63585,112.243641
227.762879,112.243641
227.88990800000002,112.243641
228.016937,112.243641
228.143966,112.243641
228.270995,112.243641
248.341566,126.123159
248.46859500000002,126.123159
248.59562400000002,126.123159
248.722653,126.123159
248.849682,126.123159
248.97671100000002,126.123159
249.10374000000002,126.123159
249.230769,126.123159
249.357798,126.123159
257.614678,129.378849
257.741707,129.378849
257.868736,129.378849
257.995765,129.378849
258.122794,129.378849
258.249823,129.378849
258.376852,129.378849
258.50388100000004,129.378849
258.63091000000003,129.078983
258.757939,129.078983
258.884968,121.496653
259.011997,121.496653
259.139026,121.496653
259.266055,121.496653
259.393084,121.496653
259.52011200000004,121.496653
259.64714100000003,121.453815
260.917431,112.672021
261.04446,119.097724
261.171489,119.097724
261.298518,119.097724
261.425546,119.097724
261.552575,119.097724
261.67960400000004,119.097724
261.80663300000003,119.097724
261.933662,119.097724
262.060691,125.137885
262.18772,125.137885
262.314749,125.223561
262.441778,125.223561
262.568807,125.223561
262.695836,125.223561
262.82286500000004,125.223561
262.94989400000003,125.223561
263.076923,125.223561
263.203952,125.223561
263.33098,125.223561
263.458009,125.223561
266.379675,106.717537
266.506704,108.088353
266.633733,108.088353
266.760762,108.088353
266.887791,108.088353
267.01482,108.088353
267.14184900000004,108.088353
267.26887700000003,108.088353
267.395906,108.088353
267.522935,108.088353
267.649964,108.088353
267.776993,116.313253
267.904022,116.313253
268.031051,116.313253
268.15808000000004,116.313253
268.28510900000003,116.313253
268.412138,116.313253
268.539167,116.313253
269.30134,116.356091
269.42836900000003,118.797858
269.555398,118.797858
269.682427,118.797858
269.809456,118.797858
269.936485,118.797858
270.063514,118.797858
270.190543,118.797858
270.31757200000004,118.797858
270.44460100000003,118.797858
270.57163,118.797858
270.698659,121.368139
270.825688,121.368139
270.952717,121.453815
271.079745,121.453815
271.206774,121.453815
271.333803,121.453815
271.460832,121.453815
271.58786100000003,121.453815
271.71489,121.453815
271.841919,121.453815
271.968948,119.097724
272.095977,119.097724
272.223006,119.097724
272.350035,119.097724
272.47706400000004,119.097724
272.60409300000003,119.097724
272.731122,119.097724
272.858151,119.097724
273.874382,129.378849
274.001411,129.378849
274.12844,129.378849
274.255469,129.378849
274.382498,129.378849
274.509527,129.378849
274.63655600000004,129.378849
274.76358500000003,129.378849
274.890614,128.993307
275.017642,128.993307
275.144671,128.993307
275.2717,128.993307
275.398729,128.993307
275.525758,128.993307
275.652787,128.993307
275.779816,128.993307
279.590684,122.481928
279.717713,122.481928
279.844742,122.481928
279.971771,122.481928
280.0988,122.481928
280.22582900000003,122.481928
280.352858,122.481928
280.479887,122.481928
280.860973,122.2249
280.988002,122.2249
281.115031,122.2249
281.24206000000004,122.2249
281.36908900000003,122.2249
281.496118,122.2249
281.623147,122.2249
281.750176,122.2249
281.877205,122.2249
282.004234,122.2249
282.131263,121.282463
282.258292,131.049531
282.38532100000003,131.049531
282.51235,131.049531
282.639379,131.049531
282.766407,131.049531
282.893436,131.049531
283.020465,131.049531
283.147494,131.049531
283.65561,125.694779
283.782639,125.737617
283.909668,126.165997
284.036697,126.165997
284.163726,126.165997
284.290755,126.165997
284.417784,126.165997
284.54481300000003,126.165997
284.67184100000003,126.165997
284.79887,126.165997
284.925899,125.994645
285.052928,125.994645
285.942131,126.251673
286.06916,126.251673
286.196189,126.380187
286.323218,126.380187
286.450247,126.380187
286.577275,126.380187
286.70430400000004,126.380187
286.83133300000003,126.380187
286.958362,126.380187
287.085391,132.677376
287.21242,132.677376
287.339449,134.133869
287.466478,134.133869
287.593507,134.133869
287.72053600000004,134.133869
287.84756500000003,134.133869
287.974594,134.133869
288.101623,134.133869
288.228652,134.133869
289.498941,124.966533
289.62597,124.966533
289.752999,124.966533
289.88002800000004,124.966533
290.00705700000003,124.966533
290.134086,124.966533
290.261115,124.966533
290.388144,124.281124
290.515172,124.281124
290.642201,124.281124
290.76923,124.195448
290.896259,124.195448
291.02328800000004,124.195448
291.15031700000003,124.195448
291.277346,124.195448
291.404375,124.195448
291.531404,124.195448
291.658433,124.195448
291.785462,123.424364
291.91249100000005,123.424364
294.32604000000003,121.111111
294.453069,121.111111
294.580098,121.111111
294.707127,121.111111
294.834156,121.111111
294.961185,121.111111
295.088214,121.111111
295.215243,121.111111
295.342272,121.111111
295.46930100000003,121.111111
295.850388,126.637216
295.977417,126.680054
296.104446,126.680054
296.231474,126.680054
296.35850300000004,126.680054
296.48553200000003,128.05087
296.612561,128.05087
296.73959,128.47925
296.866619,128.47925
296.993648,128.47925
297.120677,128.47925
297.247706,128.47925
297.374735,128.47925
297.501764,128.47925
297.62879300000003,128.436412
298.136909,122.65328
298.263937,122.65328
298.390966,122.65328
298.51799500000004,122.65328
298.64502400000003,122.65328
298.772053,122.65328
298.899082,122.65328
299.026111,122.65328
299.915314,125.694779
300.042343,125.694779
300.169371,125.694779
300.2964,125.694779
300.423429,125.694779
300.550458,125.694779
300.67748700000004,125.694779
300.80451600000004,125.694779
300.931545,125.694779
301.058574,125.694779
301.693719,125.352075
301.820748,125.352075
301.94777700000003,125.352075
302.074805,125.352075
302.201834,125.352075
302.328863,125.352075
302.455892,125.352075
302.582921,125.352075
309.188426,127.922356
309.31545500000004,127.922356
309.44248400000004,127.922356
309.56951300000003,127.922356
309.696542,127.922356
309.82357,127.922356
309.950599,127.922356
310.077628,127.922356
311.983062,116.784471
312.110091,116.784471
312.23712,116.784471
312.364149,116.784471
312.491178,116.784471
312.618207,116.784471
312.745236,116.784471
312.872265,116.784471
312.999294,116.784471
313.126323,116.784471
313.253352,116.784471
313.380381,116.784471
313.50741,116.784471
313.63443900000004,116.784471
317.06422,128.350736
317.191249,128.350736
317.318278,128.350736
317.445307,128.350736
317.572335,128.350736
317.699364,128.350736
317.826393,128.350736
317.95342200000005,128.350736
322.653493,210.0
322.780522,210.0
322.907551,210.0
323.03458,210.0
323.161609,210.0
323.288638,210.0
323.415666,210.0
323.542695,210.0
323.66972400000003,163.477912
323.796753,151.311914
325.575158,123.038822
325.702187,123.038822
325.82921600000003,123.038822
325.956245,123.038822
326.083274,123.038822
326.210303,123.038822
326.337332,123.038822
326.464361,123.038822
326.71841900000004,117.68407
326.84544800000003,118.840696
326.972477,118.840696
327.099506,118.926372
327.226534,118.926372
327.353563,118.926372
327.480592,118.926372
327.607621,118.926372
327.73465,118.926372
327.861679,118.926372
327.98870800000003,118.926372
334.975299,141.801874
335.102328,141.801874
335.229357,141.801874
335.35638600000004,141.801874
335.48341500000004,141.801874
335.61044400000003,141.801874
335.737473,141.801874
335.864502,141.801874
338.53211,142.230254
338.659139,142.230254
338.78616800000003,144.286479
338.913196,144.286479
339.040225,144.286479
339.167254,144.286479
339.294283,144.286479
339.421312,144.286479
339.548341,146.942436
339.67537000000004,146.942436
339.80239900000004,146.942436
339.92942800000003,146.942436
340.056457,146.942436
340.183486,146.942436
340.310515,146.942436
341.707833,151.783133
341.83486200000004,151.783133
341.96189100000004,151.783133
342.08892000000003,151.783133
342.215949,151.868809
342.342978,151.868809
342.470007,151.868809
342.597036,151.868809
342.724064,151.868809
342.851093,151.868809
342.978122,151.868809
343.105151,151.868809
343.867325,142.10174
343.99435400000004,142.10174
344.12138300000004,142.615797
344.24841200000003,142.615797
344.375441,142.615797
344.50247,142.615797
344.629498,142.615797
344.756527,142.615797
344.883556,142.615797
345.010585,142.615797
345.137614,141.416332
345.264643,141.416332
345.391672,141.416332
345.518701,141.416332
345.64573,143.643909
345.772759,143.643909
345.899788,143.815261
346.026817,143.815261
346.15384600000004,143.815261
346.28087500000004,143.815261
346.40790400000003,143.815261
346.534933,143.815261
346.661961,143.815261
346.78899,143.815261
349.71065600000003,141.330656
349.837685,141.330656
349.964714,141.416332
350.091743,141.416332
350.218772,143.900937
350.345801,143.900937
350.47282900000005,143.900937
350.59985800000004,143.900937
350.72688700000003,143.900937
350.853916,143.900937
350.980945,143.900937
351.107974,143.900937
352.251235,147.285141
352.378263,149.041499
352.505292,149.041499
352.63232100000005,149.041499
352.75935000000004,149.041499
352.88637900000003,149.041499
353.013408,149.041499
353.140437,149.041499
353.267466,149.041499
353.394495,149.555556
353.521524,149.555556
353.648553,149.555556
353.775582,149.555556
353.902611,149.555556
354.02964000000003,149.555556
354.156669,149.555556
354.283697,149.555556
354.410726,149.555556
354.537755,149.555556
354.664784,148.441767
354.791813,148.441767
355.1729,151.954485
355.299929,151.954485
355.426958,151.954485
355.553987,151.954485
355.681016,151.954485
355.808045,151.954485
355.935074,151.954485
356.062103,151.954485
356.189132,151.783133
356.31616,151.783133
356.443189,148.270415
356.570218,148.270415
356.697247,148.270415
356.824276,148.270415
356.95130500000005,148.270415
357.07833400000004,148.270415
357.20536300000003,148.270415
357.332392,148.270415
357.459421,148.270415
357.58645,148.270415
358.475652,154.01071
358.602681,154.01071
358.72971,154.096386
358.856739,154.096386
358.983768,154.096386
359.11079700000005,154.096386
359.23782600000004,154.096386
359.36485500000003,154.096386
359.491884,154.182062
359.618913,154.182062
359.745942,154.182062
359.872971,154.182062
360.0,154.182062
360.127028,154.182062
360.254057,154.182062
360.381086,154.182062
360.508115,154.01071
360.635144,154.01071
360.762173,152.382865
360.889202,152.382865
361.016231,152.382865
361.14326,152.382865
361.27028900000005,152.382865
361.39731800000004,152.382865
363.937897,126.337349
364.064925,126.337349
364.191954,126.337349
364.318983,126.337349
364.446012,126.337349
364.573041,126.337349
364.70007,127.19411
364.827099,127.19411
364.954128,127.19411
365.081157,127.19411
365.208186,127.19411
365.335215,127.19411
365.462244,127.19411
365.58927300000005,127.19411
365.71630200000004,127.19411
365.84333100000003,127.19411
365.97035900000003,127.19411
366.097388,127.19411
366.224417,127.19411
366.351446,127.19411
367.494707,123.767068
367.621736,123.767068
367.74876500000005,123.767068
367.87579300000004,123.767068
368.00282200000004,123.767068
368.12985100000003,123.767068
368.25688,123.767068
368.383909,123.767068
368.510938,123.681392
368.637967,123.681392
368.764996,123.681392
368.892025,123.681392
369.019054,122.2249
369.146083,122.2249
369.27311199999997,122.2249
369.400141,122.2249
369.52717,122.2249
369.654199,122.2249
369.781227,122.2249
369.90825600000005,122.2249
370.03528500000004,126.337349
370.16231400000004,126.337349
370.28934300000003,126.423025
370.416372,126.423025
370.543401,126.423025
370.67043,126.423025
370.797459,126.423025
370.924488,126.423025
371.051517,126.423025
371.178546,126.423025
371.305575,126.423025
371.43260399999997,126.423025
373.338038,146.085676
373.465067,146.128514
373.59209599999997,146.128514
373.719124,146.128514
373.846153,146.128514
373.973182,146.128514
374.100211,146.128514
374.22724000000005,146.128514
374.35426900000004,144.286479
374.48129800000004,144.286479
374.60832700000003,144.286479
374.735356,144.286479
374.862385,144.286479
374.989414,144.286479
375.116443,144.286479
375.243472,144.286479
375.370501,144.286479
375.49753,144.286479
375.624558,142.444444
375.751587,142.444444
376.76781900000003,133.105756
376.894848,133.105756
377.021877,133.105756
377.148906,133.105756
377.275935,133.105756
377.402964,133.105756
377.529992,133.105756
377.657021,141.159304
377.78405,141.159304
377.911079,141.159304
378.038108,141.159304
378.165137,141.159304
378.292166,142.187416
378.419195,142.187416
378.54622400000005,142.187416
378.67325300000005,145.914324
378.80028200000004,145.957162
378.92731100000003,147.456493
379.05434,147.499331
379.181369,147.542169
379.308398,147.585007
379.435427,147.585007
379.562455,147.585007
379.689484,147.585007
379.816513,147.585007
379.943542,147.585007
380.070571,147.585007
380.1976,147.499331
380.324629,147.499331
380.578687,144.286479
380.70571600000005,144.286479
380.83274500000005,144.286479
384.135497,148.827309
384.262526,148.870147
384.389555,148.870147
384.516584,148.870147
384.643613,148.870147
384.770642,148.870147
384.897671,148.870147
385.02470000000005,148.870147
385.40578600000003,149.084337
385.532815,149.127175
385.659844,149.427041
385.786873,149.427041
385.913902,149.427041
386.040931,149.427041
386.16796,149.427041
386.294989,149.46988
386.422018,149.555556
386.549047,149.555556
386.676076,149.555556
386.803105,149.555556
386.930134,149.555556
387.057163,149.555556
387.18419200000005,149.555556
387.31122000000005,149.555556
387.43824900000004,149.555556
387.56527800000003,149.555556
387.692307,138.546185
387.819336,138.546185
387.946365,138.546185
388.073394,129.250335
388.200423,129.250335
388.327452,129.250335
388.454481,129.250335
388.58151,129.250335
388.708539,129.250335
388.835568,129.250335
388.962597,125.009371
389.089626,125.009371
389.216654,125.009371
389.343683,122.953146
389.47071200000005,122.953146
389.59774100000004,122.953146
389.72477000000003,122.953146
389.851799,122.86747
389.978828,122.86747
390.99506,114.085676
391.122088,114.085676
391.249117,114.085676
391.376146,114.085676
391.503175,114.085676
391.63020400000005,114.085676
391.75723300000004,114.085676
391.88426200000004,114.085676
392.011291,114.085676
392.13832,114.085676
392.773465,118.75502
392.900494,118.75502
393.027522,118.75502
393.15455099999997,118.75502
393.28158,118.75502
393.408609,118.75502
393.535638,118.75502
393.662667,118.75502
398.48976700000003,124.923695
398.616796,124.923695
398.743825,125.009371
398.997882,126.123159
399.124911,126.123159
399.25194,126.294511
399.378969,126.294511
399.505998,126.294511
399.63302699999997,126.294511
399.760056,126.294511
399.887085,126.294511
400.014114,126.294511
400.141143,126.294511
400.26817200000005,126.208835
400.39520100000004,126.208835
401.030345,126.123159
401.157374,126.123159
401.284403,126.208835
401.411432,126.208835
401.538461,126.208835
401.66549,126.208835
401.79251899999997,126.208835
401.919548,126.208835
402.046577,126.208835
402.173606,126.208835
402.300635,126.208835
402.42766400000005,126.208835
402.55469300000004,126.037483
402.68172100000004,126.037483
402.80875000000003,122.696118
402.935779,122.696118
403.062808,122.696118
403.189837,122.696118
403.316866,122.696118
403.443895,122.696118
403.570924,122.696118
403.697953,122.696118
403.824982,121.068273
403.95201099999997,121.068273
404.07904,121.068273
404.206069,121.068273
404.333098,116.955823
404.460127,116.955823
404.58715600000005,116.955823
404.71418400000005,116.955823
404.84121300000004,116.955823
406.49259,116.013387
406.619618,116.013387
406.74664700000005,116.013387
406.87367600000005,116.013387
407.00070500000004,116.013387
407.12773400000003,116.013387
407.254763,116.013387
407.381792,116.013387
408.27099499999997,119.097724
408.398024,119.097724
408.525052,119.097724
408.652081,119.097724
408.77911,119.097724
408.90613900000005,119.097724
409.03316800000005,119.097724
409.16019700000004,119.097724
409.922371,125.095047
410.0494,125.095047
410.176429,125.180723
410.303458,125.180723
410.430486,125.266399
410.557515,125.266399
410.684544,125.266399
410.811573,125.266399
410.938602,126.294511
411.06563100000005,126.294511
411.19266000000005,126.294511
411.31968900000004,126.294511
411.44671800000003,126.294511
411.573747,126.294511
411.700776,126.294511
411.827805,126.294511
411.954834,126.294511
412.081863,126.294511
412.208892,125.266399
412.335921,125.266399
412.462949,125.266399
412.589978,125.266399
412.717007,125.266399
412.844036,125.266399
413.987297,121.496653
414.114326,121.496653
414.241355,125.095047
414.368383,125.095047
414.495412,125.095047
414.622441,125.095047
414.74947,125.095047
414.876499,125.095047
415.003528,125.095047
415.130557,125.095047
415.257586,125.095047
415.38461500000005,125.095047
415.51164400000005,125.095047
415.63867300000004,125.095047
415.76570200000003,125.095047
415.892731,125.095047
416.01976,125.095047
416.146789,125.095047
416.273817,125.095047
416.400846,125.095047
416.527875,125.095047
416.654904,125.095047
416.781933,125.095047
416.908962,125.095047
417.035991,125.095047
417.16302,125.095047
417.290049,125.095047
417.417078,125.095047
417.54410700000005,121.239625
417.67113600000005,121.239625
418.687367,118.75502
418.814396,118.75502
418.941425,118.75502
419.068454,118.75502
419.195483,118.75502
419.322512,118.75502
419.449541,118.75502
419.57657,118.75502
419.70359900000005,118.75502
419.83062800000005,118.75502
419.95765700000004,118.669344
420.08468600000003,118.669344
420.21171400000003,118.412316
420.338743,118.412316
420.465772,117.46988
420.592801,117.46988
420.71983,118.069612
420.846859,118.069612
420.973888,118.155288
421.100917,118.155288
421.227946,118.155288
421.354975,118.155288
421.482004,118.155288
421.609033,118.155288
421.736062,118.155288
421.86309100000005,118.155288
421.99012000000005,117.983936
422.11714800000004,117.983936
422.24417700000004,117.041499
422.37120600000003,117.041499
422.498235,117.384203
422.625264,117.384203
422.752293,117.384203
422.879322,117.384203
423.006351,117.384203
423.13338,117.384203
423.260409,117.384203
423.387438,117.384203
426.43613200000004,122.43909
426.56316100000004,122.43909
426.69019000000003,122.43909
426.817219,122.43909
426.944248,122.43909
427.071277,122.43909
427.198306,124.15261
427.325335,124.15261
427.452364,124.238286
427.579393,124.238286
427.706422,124.238286
427.83344999999997,124.238286
427.960479,125.266399
428.087508,125.266399
428.214537,125.266399
428.341566,125.266399
428.46859500000005,125.266399
428.59562400000004,125.266399
428.72265300000004,125.266399
428.84968200000003,125.266399
428.976711,125.266399
429.10374,125.223561
429.230769,125.180723
429.357798,125.137885
429.484827,124.452477
429.611856,124.452477
429.738885,124.452477
429.865913,124.452477
429.99294199999997,124.452477
430.119971,124.452477
430.247,124.452477
430.374029,124.452477
430.501058,124.366801
430.62808700000005,124.366801
430.75511600000004,124.452477
430.88214500000004,124.452477
431.00917400000003,125.052209
431.136203,125.052209
431.263232,125.137885
431.390261,125.137885
431.51729,125.137885
431.644319,125.137885
431.771347,125.137885
431.898376,125.137885
432.025405,125.137885
432.15243399999997,125.137885
432.533521,124.709505
432.66055,124.709505
432.78757900000005,124.966533
432.91460800000004,124.966533
433.04163700000004,124.966533
433.16866600000003,124.966533
433.295695,124.966533
433.422724,124.966533
433.549753,124.966533
433.676781,124.966533
433.80381,124.966533
433.930839,124.966533
434.31192599999997,125.052209
434.438955,125.052209
434.565984,125.052209
434.693013,125.052209
434.820042,125.052209
434.94707100000005,125.052209
435.07410000000004,125.052209
435.20112900000004,125.052209
435.32815800000003,125.052209
435.455187,125.052209
442.18772,126.423025
442.314749,126.423025
442.441778,126.423025
442.695836,127.451138
442.822865,127.451138
442.949894,127.708166
443.076923,127.708166
443.203952,127.708166
443.33098,127.708166
443.458009,127.708166
443.58503800000005,127.708166
443.71206700000005,127.708166
443.83909600000004,127.708166
443.96612500000003,125.994645
444.093154,125.994645
444.220183,125.994645
444.347212,125.994645
444.474241,125.994645
444.60127,125.994645
444.728299,125.994645
444.855328,125.994645
444.982357,125.908969
445.109386,125.908969
445.236415,123.424364
445.363443,123.424364
445.490472,123.08166
445.617501,123.08166
445.74453000000005,122.995984
445.87155900000005,122.995984
445.99858800000004,122.995984
446.12561700000003,122.995984
446.252646,121.967871
446.379675,121.967871
446.506704,121.967871
446.633733,121.967871
446.760762,119.097724
446.887791,119.097724
447.01482,119.097724
447.141849,119.097724
447.268877,119.097724
447.395906,119.097724
447.522935,119.097724
447.649964,119.097724
447.776993,119.097724
447.904022,119.097724
448.03105100000005,119.097724
448.412138,119.097724
448.539167,119.097724
448.666196,119.097724
448.793225,119.097724
448.920254,119.097724
449.047283,119.097724
449.174311,119.097724
449.30134,119.097724
449.428369,118.883534
449.555398,118.883534
449.682427,118.883534
449.809456,118.883534
449.936485,118.883534
450.063514,118.883534
451.841919,122.824632
451.968948,122.824632
452.095977,122.995984
452.223006,122.995984
452.35003500000005,122.995984
452.47706400000004,122.995984
452.60409300000003,122.995984
452.731122,122.995984
452.858151,122.995984
452.98518,122.995984
453.112208,122.910308
453.239237,122.910308
453.366266,122.310576
453.493295,122.310576
453.620324,122.310576
453.747353,122.310576
453.874382,122.310576
454.001411,122.310576
454.12844,122.396252
454.255469,122.396252
454.382498,122.481928
454.50952700000005,122.481928
454.63655600000004,122.481928
454.76358500000003,122.481928
454.890614,122.481928
455.017642,122.481928
455.144671,123.595716
455.2717,123.595716
455.398729,123.595716
455.525758,123.595716
455.652787,123.595716
455.779816,123.595716
455.906845,125.480589
456.033874,125.480589
456.160903,126.508701
456.287932,126.508701
456.414961,126.508701
456.54199,126.508701
456.66901900000005,129.378849
456.79604800000004,129.378849
456.92307600000004,129.378849
457.05010500000003,129.378849
457.177134,129.378849
457.304163,129.378849
457.431192,129.378849
457.558221,129.378849
458.701482,129.378849
458.82851000000005,129.378849
458.95553900000004,129.378849
459.08256800000004,129.378849
459.20959700000003,129.378849
459.336626,129.378849
459.463655,129.378849
459.590684,129.378849
459.717713,128.821954
459.844742,128.821954
459.971771,128.821954
460.0988,128.821954
460.225829,128.821954
460.35285799999997,128.821954
460.479887,126.423025
460.606916,126.423025
460.733945,126.423025
460.860973,126.423025
460.98800200000005,126.423025
461.11503100000004,126.423025
461.24206000000004,126.423025
461.36908900000003,126.423025
461.496118,125.309237
461.623147,125.309237
461.750176,124.966533
461.877205,124.966533
462.004234,124.966533
462.131263,124.966533
462.258292,124.966533
462.385321,124.966533
462.51234999999997,125.309237
462.639379,125.309237
462.766407,125.823293
462.893436,125.823293
463.020465,125.994645
463.14749400000005,125.994645
463.27452300000004,125.994645
463.40155200000004,125.994645
463.52858100000003,125.994645
463.65561,125.994645
463.782639,125.994645
463.909668,125.994645
464.036697,125.994645
464.163726,125.994645
464.290755,125.994645
464.417784,125.994645
464.544813,126.76573
464.671841,126.76573
464.79887,127.022758
464.925899,127.022758
465.052928,127.022758
465.179957,127.022758
465.30698600000005,127.022758
465.43401500000004,127.022758
465.56104400000004,127.022758
465.68807300000003,127.022758
465.815102,126.937082
465.942131,126.937082
466.06916,125.908969
466.196189,125.908969
466.323218,125.737617
466.450247,125.737617
466.577275,128.779116
466.704304,128.821954
466.831333,128.821954
466.958362,128.821954
467.085391,128.821954
467.21242,128.821954
467.339449,128.821954
467.46647800000005,128.821954
467.59350700000005,128.821954
467.72053600000004,128.821954
467.84756500000003,128.821954
467.974594,128.821954
468.101623,127.708166
468.228652,127.708166
468.355681,127.536814
468.482709,127.536814
468.609738,127.579652
468.736767,127.62249
468.863796,128.47925
468.990825,128.47925
469.117854,128.47925
469.244883,128.47925
469.371912,128.47925
469.498941,128.47925
469.62597000000005,128.522088
469.75299900000005,128.564926
469.88002800000004,128.993307
470.00705700000003,128.993307
470.134086,128.993307
470.261115,128.993307
470.388144,128.993307
470.515172,128.993307
470.642201,128.993307
470.76923,128.993307
472.16654900000003,129.378849
472.293578,129.378849
472.420606,129.378849
472.547635,129.378849
472.674664,129.378849
472.801693,129.378849
472.928722,129.378849
473.055751,129.378849
473.18278,128.736278
473.309809,128.736278
473.436838,128.736278
473.563867,128.736278
473.690896,128.736278
473.817925,128.69344
473.94495400000005,125.095047
479.407198,121.196787
479.534227,128.993307
479.661256,137.004016
479.788285,137.004016
479.915314,137.004016
480.042343,137.004016
480.169371,137.004016
480.2964,137.004016
480.423429,137.004016
480.55045800000005,137.004016
480.67748700000004,132.291834
481.185603,137.261044
481.312632,137.261044
481.439661,137.7751
481.56669,137.7751
481.693719,137.7751
481.820748,137.7751
481.947777,137.7751
482.07480499999997,137.7751
482.201834,137.7751
482.328863,137.7751
482.70995000000005,137.175368
482.83697900000004,137.175368
482.96400800000004,137.175368
483.09103700000003,137.175368
483.218066,137.175368
483.345095,137.175368
483.472124,137.175368
483.599153,137.175368
487.918136,141.544846
488.045165,141.544846
488.172194,141.88755
488.299223,141.88755
488.42625200000003,141.88755
488.553281,141.88755
488.68031,141.88755
488.807339,141.88755
488.934368,141.88755
489.061397,141.88755
489.188426,141.88755
489.315455,141.88755
489.44248400000004,137.089692
489.56951300000003,137.089692
489.696542,137.089692
489.82357,137.089692
489.950599,137.089692
498.461538,140.902276
498.588567,141.630522
498.715596,141.630522
498.842625,141.630522
498.969654,141.630522
499.096683,141.630522
499.22371200000003,141.630522
499.350741,141.630522
499.477769,141.630522
500.62103,142.829987
500.748059,142.829987
500.875088,144.286479
501.002117,144.286479
501.129146,144.286479
501.256175,144.286479
501.38320300000004,144.286479
501.51023200000003,144.286479
501.637261,144.286479
501.76429,144.286479
501.891319,144.286479
502.018348,144.286479
502.145377,144.286479
502.272406,144.286479
502.39943500000004,144.286479
502.52646400000003,144.286479
502.653493,143.515395
502.780522,143.515395
502.907551,143.429719
503.03458,143.429719
503.161609,143.429719
503.288638,143.429719
503.415666,143.429719
503.54269500000004,143.429719
503.66972400000003,143.429719
503.796753,143.429719
505.194072,146.514056
505.3211,146.514056
505.448129,146.514056
505.575158,146.514056
505.70218700000004,146.514056
505.82921600000003,146.514056
505.956245,146.514056
506.083274,146.514056
506.210303,146.514056
506.337332,146.514056
506.464361,146.771084
506.59139,146.771084
506.71841900000004,147.028112
506.84544800000003,147.028112
506.972477,147.499331
507.099506,147.542169
507.226534,147.542169
507.353563,147.542169
507.480592,147.542169
507.607621,147.542169
507.73465,147.542169
507.86167900000004,147.542169
507.98870800000003,147.542169
508.115737,147.542169
508.242766,147.028112
508.369795,147.028112
509.00494000000003,143.429719
509.13196800000003,143.429719
509.258997,143.429719
509.386026,143.429719
509.513055,143.429719
509.640084,143.429719
509.767113,143.429719
509.894142,143.386881
510.02117100000004,142.230254
510.14820000000003,142.230254
510.275229,142.230254
510.402258,142.230254
510.529287,142.230254
510.656316,142.230254
510.783345,142.230254
510.910374,142.187416
511.037403,142.058902
511.16443100000004,142.016064
511.29146000000003,141.973226
511.418489,141.930388
511.545518,141.930388
511.672547,141.930388
511.799576,141.930388
511.926605,141.930388
512.053634,141.930388
512.1806630000001,141.930388
512.3076920000001,141.930388
512.4347210000001,141.930388
512.5617500000001,141.930388
512.6887790000001,141.930388
512.8158080000001,138.331995
512.942837,138.331995
513.0698649999999,138.331995
513.1968939999999,138.331995
513.323923,138.331995
513.450952,134.262383
513.577981,134.262383
513.70501,134.262383
513.832039,134.262383
513.959068,134.262383
514.086097,134.262383
514.213126,134.262383
514.3401550000001,134.262383
514.4671840000001,128.393574
514.5942130000001,128.393574
514.7212420000001,128.393574
514.8482710000001,128.736278
514.975299,128.736278
515.1023279999999,129.250335
515.2293569999999,129.250335
515.3563859999999,129.250335
515.483415,129.250335
515.610444,129.250335
515.737473,129.250335
515.864502,129.378849
515.991531,129.378849
516.11856,129.378849
516.245589,129.378849
516.372618,129.378849
516.4996470000001,133.02008
516.6266760000001,133.062918
516.7537050000001,134.048193
516.880733,134.091031
517.007762,134.133869
517.134791,134.133869
517.26182,134.133869
517.3888489999999,134.133869
517.5158779999999,134.133869
517.642907,134.133869
517.769936,134.133869
517.896965,134.133869
518.023994,134.048193
518.151023,134.048193
518.278052,133.02008
518.405081,133.02008
518.53211,133.02008
518.6591390000001,133.02008
518.7861680000001,133.02008
518.913196,133.02008
519.040225,132.934404
519.167254,132.934404
519.294283,132.077644
519.421312,132.077644
519.5483409999999,129.378849
519.6753699999999,129.378849
519.802399,129.378849
519.929428,129.378849
520.056457,129.378849
520.183486,131.006693
520.310515,131.006693
520.437544,131.006693
520.564573,131.006693
520.691602,131.606426
520.81863,133.02008
520.945659,133.062918
521.072688,133.105756
521.199717,133.105756
521.326746,133.105756
521.453775,133.105756
521.580804,133.105756
521.7078329999999,133.105756
521.8348619999999,133.105756
521.961891,133.105756
522.08892,133.105756
522.215949,133.105756
522.342978,133.105756
522.470007,133.105756
524.121383,134.048193
524.248412,134.048193
524.375441,134.048193
524.50247,134.048193
524.629498,134.048193
524.756527,134.048193
524.883556,134.048193
525.010585,134.048193
525.137614,132.763052
525.264643,132.763052
525.391672,132.763052
525.518701,132.763052
525.64573,132.763052
525.772759,132.763052
525.899788,129.378849
526.0268169999999,129.378849
526.1538459999999,129.378849
526.280875,129.378849
526.407904,129.378849
526.534933,126.423025
526.661961,126.423025
526.78899,126.423025
526.916019,126.423025
527.043048,126.423025
527.170077,126.423025
527.297106,123.467202
527.424135,123.467202
527.551164,122.139224
527.678193,122.139224
527.805222,122.65328
527.932251,122.696118
528.05928,122.696118
528.1863089999999,122.696118
528.3133379999999,122.696118
528.440367,122.696118
528.567395,125.052209
528.694424,125.052209
528.821453,125.223561
528.948482,125.223561
529.075511,125.223561
529.20254,125.223561
529.329569,125.223561
529.456598,125.223561
529.583627,125.223561
529.710656,125.223561
529.837685,125.223561
529.964714,125.223561
530.091743,125.223561
530.218772,125.223561
530.3458009999999,125.223561
530.472829,125.223561
530.599858,125.137885
530.726887,125.137885
530.853916,125.566265
530.980945,125.566265
531.107974,125.566265
531.235003,125.566265
531.362032,125.566265
531.489061,125.566265
531.61609,127.108434
531.743119,127.108434
531.870148,127.19411
531.997177,127.19411
532.124206,127.19411
532.251235,127.19411
532.3782630000001,127.19411
532.505292,127.19411
532.632321,127.19411
532.75935,127.19411
532.886379,125.052209
533.013408,125.052209
533.140437,125.052209
533.267466,125.052209
533.394495,125.052209
533.521524,125.052209
534.156669,124.966533
534.2836970000001,124.966533
534.4107260000001,124.966533
534.5377550000001,124.966533
534.664784,124.966533
534.791813,124.966533
534.918842,126.165997
535.045871,126.165997
535.1729,126.165997
535.299929,126.165997
535.426958,126.165997
535.553987,126.165997
535.681016,128.222222
535.808045,128.222222
535.935074,128.222222
536.062103,128.222222
536.189132,128.222222
536.3161600000001,128.222222
536.4431890000001,128.222222
536.5702180000001,128.222222
536.6972470000001,131.049531
536.824276,131.049531
536.951305,131.049531
537.078334,131.049531
537.205363,131.049531
537.332392,131.049531
537.459421,131.906292
537.58645,131.906292
537.713479,131.906292
537.840508,131.906292
537.967537,131.906292
538.094566,131.906292
538.2215940000001,131.906292
538.3486230000001,131.649264
538.4756520000001,132.034806
538.6026810000001,132.034806
538.7297100000001,132.034806
538.8567390000001,132.034806
538.983768,132.034806
539.110797,132.034806
539.237826,132.034806
539.364855,127.62249
539.491884,127.62249
539.618913,127.62249
539.745942,127.62249
539.872971,127.62249
540.0,127.62249
540.127028,127.62249
540.254057,124.623829
540.3810860000001,124.623829
540.5081150000001,124.623829
540.6351440000001,124.623829
540.7621730000001,124.623829
540.8892020000001,124.623829
541.0162310000001,124.623829
541.14326,124.623829
541.270289,122.396252
541.397318,122.396252
541.524347,122.2249
541.651376,122.182062
541.778405,122.139224
541.905434,122.139224
542.032462,122.139224
542.159491,122.567604
542.28652,122.567604
542.413549,122.567604
542.5405780000001,129.378849
542.6676070000001,129.378849
542.7946360000001,129.378849
542.9216650000001,129.378849
543.0486940000001,129.378849
543.1757230000001,129.378849
543.302752,129.378849
543.429781,129.378849
543.55681,129.378849
543.683839,129.378849
543.810868,129.378849
543.937897,129.378849
544.064925,125.994645
544.191954,125.994645
544.318983,124.966533
544.446012,124.966533
544.573041,124.966533
544.7000700000001,124.966533
544.8270990000001,124.966533
544.9541280000001,124.966533
545.0811570000001,125.052209
545.2081860000001,125.052209
545.3352150000001,125.052209
545.462244,125.052209
545.589273,125.052209
545.716302,125.052209
545.843331,125.052209
545.970359,125.052209
546.097388,131.006693
546.224417,131.049531
546.351446,131.049531
546.478475,131.049531
546.605504,131.049531
546.732533,131.049531
546.8595620000001,131.049531
546.9865910000001,131.049531
547.1136200000001,129.378849
547.2406490000001,129.378849
547.3676780000001,129.378849
547.4947070000001,129.378849
547.621736,129.378849
547.748765,129.378849
547.8757929999999,126.937082
548.002822,126.937082
548.129851,123.852744
548.25688,123.809906
548.383909,123.681392
548.510938,123.681392
548.637967,123.681392
548.764996,123.638554
552.956951,123.681392
553.08398,123.681392
553.211009,123.681392
553.3380380000001,123.681392
553.4650670000001,123.681392
553.5920960000001,123.681392
553.719124,123.681392
553.846153,123.681392
553.973182,123.681392
554.100211,123.681392
554.2272399999999,123.595716
554.3542689999999,123.552878
554.481298,123.253012
554.608327,123.253012
554.735356,123.253012
554.862385,123.253012
554.989414,123.253012
555.116443,123.253012
555.243472,123.253012
555.370501,123.253012
555.49753,123.253012
555.624558,123.253012
555.751587,123.253012
555.878616,123.253012
556.005645,123.253012
556.132674,123.210174
556.259703,122.481928
556.3867319999999,121.539491
556.5137609999999,121.539491
556.64079,121.539491
556.767819,121.967871
556.894848,121.967871
557.021877,121.967871
557.148906,122.43909
557.275935,122.43909
557.402964,122.43909
557.529992,122.43909
557.657021,122.43909
557.78405,122.43909
557.911079,122.43909
558.038108,122.43909
558.292166,122.953146
558.419195,122.953146
558.5462239999999,122.953146
558.6732529999999,125.052209
558.800282,125.266399
558.927311,125.309237
559.05434,125.437751
559.181369,125.437751
559.308398,125.437751
559.435427,125.480589
559.562455,127.151272
559.689484,127.151272
559.816513,127.322624
559.943542,127.322624
560.070571,128.779116
560.1976,128.779116
560.324629,128.779116
560.451658,128.779116
560.578687,128.779116
560.7057159999999,128.779116
560.8327449999999,129.378849
560.959774,129.378849
561.086803,129.378849
561.213832,129.378849
561.340861,129.378849
561.467889,129.378849
561.594918,129.378849
561.721947,129.378849
561.848976,129.378849
561.976005,129.378849
562.103034,129.378849
562.230063,129.378849
562.357092,128.779116
562.484121,128.779116
563.75441,125.052209
563.881439,125.780455
564.008468,125.780455
564.135497,125.780455
564.262526,125.780455
564.389555,125.780455
564.516584,125.780455
564.643613,125.780455
564.770642,125.780455
564.897671,122.524766
565.0246999999999,122.053548
565.1517289999999,122.053548
565.278757,122.053548
565.405786,122.053548
565.532815,122.053548
565.659844,122.01071
566.803105,121.925033
566.930134,123.552878
567.057163,123.595716
567.1841919999999,123.595716
567.31122,123.595716
567.438249,123.595716
567.565278,123.595716
567.692307,125.180723
567.819336,125.180723
567.946365,125.180723
568.073394,125.180723
568.200423,125.180723
568.327452,125.180723
568.454481,125.180723
568.58151,125.180723
568.708539,125.180723
568.835568,125.180723
568.962597,125.180723
569.089626,125.180723
569.2166540000001,125.180723
569.343683,125.180723
569.470712,132.420348
569.597741,134.262383
569.72477,134.262383
569.851799,134.262383
569.978828,134.262383
570.105857,134.262383
570.232886,134.262383
570.359915,134.262383
570.486944,134.262383
570.613973,134.262383
570.741002,134.262383
570.868031,132.720214
570.99506,132.720214
572.011291,129.378849
572.13832,129.378849
572.265349,129.378849
572.392378,129.378849
572.519407,129.378849
572.646436,129.378849
572.773465,129.378849
572.900494,129.378849
573.0275220000001,127.751004
573.1545510000001,127.751004
573.2815800000001,127.751004
573.4086090000001,127.751004
573.5356380000001,132.463186
573.662667,134.262383
573.789696,134.262383
573.916725,134.262383
574.043754,134.262383
574.170783,134.262383
574.297812,134.262383
574.424841,134.262383
574.55187,134.262383
574.678899,134.262383
574.805928,134.262383
574.932956,134.262383
575.0599850000001,134.262383
575.1870140000001,133.576975
575.3140430000001,133.576975
576.457304,137.004016
576.584333,137.004016
576.711362,137.004016
576.838391,137.004016
576.965419,137.004016
577.092448,137.004016
577.219477,137.004016
577.3465060000001,137.004016
577.4735350000001,129.121821
577.6005640000001,129.036145
577.7275930000001,129.036145
585.095271,142.358768
585.2223,142.487282
585.349329,142.487282
585.476358,142.487282
585.603387,142.487282
585.730416,142.487282
585.857445,142.487282
585.9844740000001,142.487282
586.1115030000001,142.444444
586.3655610000001,138.460509
586.4925900000001,138.460509
586.619618,138.460509
586.7466469999999,138.460509
586.8736759999999,138.460509
587.000705,138.460509
587.127734,138.717537
587.254763,138.717537
587.381792,138.717537
587.508821,138.717537
587.63585,138.717537
587.762879,138.717537
587.889908,138.717537
588.016937,138.717537
588.1439660000001,138.717537
588.2709950000001,138.717537
588.3980240000001,138.631861
588.525052,138.631861
588.652081,138.032129
588.77911,138.032129
588.9061389999999,138.032129
589.0331679999999,138.032129
589.160197,138.032129
589.287226,138.032129
589.922371,133.576975
590.0494,134.176707
590.176429,134.176707
590.3034580000001,134.176707
590.430486,134.176707
590.557515,134.176707
590.684544,134.176707
590.811573,134.176707
590.938602,131.006693
591.0656309999999,131.049531
591.1926599999999,131.092369
591.319689,132.763052
591.446718,132.763052
591.573747,132.763052
591.700776,132.763052
591.827805,132.763052
591.954834,133.319946
592.081863,133.319946
592.208892,133.319946
592.335921,133.319946
592.462949,133.319946
592.589978,133.319946
592.717007,133.319946
592.844036,133.319946
592.971065,133.319946
593.098094,133.319946
593.2251229999999,133.319946
593.3521519999999,133.277108
593.479181,131.52075
593.60621,131.52075
593.733239,131.52075
593.860268,131.52075
593.987297,131.52075
594.368383,127.151272
594.495412,127.151272
594.622441,127.151272
594.74947,127.151272
594.876499,127.151272
595.003528,127.151272
595.130557,127.151272
595.257586,127.151272
595.3846149999999,126.123159
595.5116439999999,126.123159
595.638673,125.009371
595.765702,125.009371
595.892731,125.009371
596.01976,125.009371
596.146789,122.86747
596.273817,122.267738
596.400846,122.267738
596.527875,118.75502
596.654904,118.75502
596.781933,118.75502
596.908962,118.75502
597.035991,118.75502
597.16302,118.75502
597.290049,117.641232
597.417078,117.641232
597.5441069999999,117.641232
597.6711359999999,117.641232
597.798165,117.641232
597.925194,117.641232
598.052223,114.085676
598.179251,114.085676
598.30628,114.085676
598.433309,114.085676
598.560338,114.085676
598.687367,114.085676
598.814396,114.085676
598.941425,114.085676
599.068454,116.356091
599.195483,116.356091
599.322512,116.356091
599.449541,116.356091
599.57657,116.356091
599.7035989999999,116.356091
599.8306279999999,116.356091
599.9576569999999,116.356091
600.338743,119.097724
600.465772,119.097724
600.592801,119.097724
600.71983,119.097724
600.846859,119.097724
600.973888,119.097724
601.100917,119.097724
601.227946,119.097724
601.354975,119.097724
601.482004,119.097724
601.609033,119.097724
601.736062,119.097724
601.8630909999999,117.68407
601.9901199999999,117.68407
602.117148,117.68407
602.244177,117.68407
602.371206,117.68407
602.498235,117.68407
602.625264,117.598394
602.752293,117.598394
602.879322,118.198126
603.006351,118.198126
603.13338,118.198126
603.260409,118.198126
603.387438,118.198126
603.514467,118.198126
603.641496,118.626506
603.768525,118.626506
603.895554,119.097724
604.022582,119.097724
604.149611,119.097724
604.27664,119.097724
604.403669,119.097724
604.530698,119.097724
604.657727,119.097724
604.784756,119.097724
604.911785,119.097724
605.038814,119.097724
605.165843,119.097724
605.292872,119.097724
605.419901,119.097724
605.54693,119.097724
611.009174,121.196787
611.136203,121.196787
611.263232,121.196787
611.390261,121.196787
611.51729,123.29585
611.644319,123.338688
611.771347,123.381526
611.898376,124.966533
612.0254050000001,124.966533
612.1524340000001,124.966533
612.2794630000001,124.966533
612.4064920000001,124.966533
612.5335210000001,124.966533
612.6605500000001,124.966533
612.787579,124.966533
612.914608,124.966533
613.041637,124.966533
613.168666,124.966533
613.295695,124.966533
613.422724,124.966533
613.549753,124.966533
613.676781,124.966533
613.80381,124.966533
614.8200420000001,120.768407
614.947071,120.768407
615.0741,120.768407
615.201129,120.768407
615.328158,120.768407
615.455187,120.768407
615.582215,120.768407
615.709244,120.768407
621.1714890000001,122.2249
621.2985180000001,122.2249
621.4255459999999,122.2249
621.5525749999999,122.2249
621.6796039999999,122.2249
621.806633,122.2249
621.933662,122.2249
622.060691,122.2249
622.18772,121.025435
622.314749,125.137885
622.441778,125.137885
622.568807,125.137885
622.695836,125.137885
622.8228650000001,125.137885
622.9498940000001,125.137885
623.0769230000001,125.137885
623.2039520000001,125.137885
623.33098,120.939759
630.0635139999999,121.710843
630.1905429999999,121.710843
630.3175719999999,121.796519
630.444601,121.796519
630.57163,121.796519
630.698659,121.796519
630.825688,121.796519
630.952717,121.796519
631.079745,121.796519
631.206774,121.796519
631.333803,121.796519
631.460832,121.796519
631.587861,121.796519
631.71489,121.796519
631.841919,121.539491
631.968948,121.539491
632.604093,119.097724
632.731122,119.097724
632.858151,119.097724
632.98518,125.223561
633.112208,125.223561
633.239237,125.223561
633.366266,125.223561
633.493295,125.223561
633.620324,125.223561
633.747353,128.05087
633.874382,128.05087
634.001411,128.05087
634.12844,128.05087
634.255469,128.05087
634.3824979999999,128.05087
634.5095269999999,128.05087
634.6365559999999,128.05087
634.763585,128.136546
634.890614,128.136546
635.017642,128.136546
635.144671,128.136546
635.2717,128.136546
635.398729,128.136546
635.525758,128.136546
635.652787,128.136546
635.779816,127.62249
635.906845,127.62249
636.033874,133.148594
636.160903,133.191432
636.287932,133.319946
636.414961,133.362784
636.5419899999999,133.362784
636.6690189999999,133.362784
636.7960479999999,133.362784
636.923076,133.362784
637.050105,133.362784
637.177134,133.362784
637.304163,133.362784
637.431192,133.362784
637.558221,133.319946
637.68525,133.191432
637.812279,128.736278
637.939308,128.736278
638.066337,128.736278
638.193366,128.736278
638.320395,125.052209
638.447424,125.052209
638.574453,125.052209
638.7014819999999,125.052209
638.82851,125.052209
638.955539,125.052209
639.082568,125.052209
639.209597,125.052209
639.336626,125.052209
639.463655,125.052209
639.590684,122.65328
639.717713,122.65328
639.844742,122.65328
639.971771,122.65328
640.0988,122.65328
640.225829,121.282463
640.352858,121.282463
640.479887,121.282463
640.606916,121.282463
640.733945,121.282463
640.8609730000001,121.282463
640.988002,121.282463
641.115031,121.282463
642.7664070000001,122.696118
642.8934360000001,122.738956
643.0204650000001,123.681392
643.147494,123.681392
643.274523,123.681392
643.401552,123.681392
643.528581,123.681392
643.65561,123.681392
643.782639,123.681392
645.434015,128.350736
645.561044,128.350736
645.688073,128.522088
645.815102,128.522088
645.942131,128.522088
646.06916,128.522088
646.196189,128.522088
646.323218,128.522088
646.450247,128.522088
646.577275,128.522088
646.7043040000001,131.178046
646.8313330000001,131.178046
646.9583620000001,131.30656
647.0853910000001,131.30656
647.2124200000001,131.30656
647.3394490000001,131.30656
647.466478,131.30656
647.593507,131.30656
647.720536,131.30656
647.847565,131.263722
647.974594,131.349398
648.101623,131.349398
648.228652,131.52075
648.355681,131.52075
648.482709,131.52075
648.609738,131.52075
648.736767,131.52075
648.8637960000001,131.52075
648.9908250000001,131.52075
649.1178540000001,131.52075
649.2448830000001,131.52075
649.3719120000001,131.52075
649.4989410000001,131.477912
649.62597,131.435074
649.752999,131.30656
649.880028,131.263722
650.007057,131.263722
650.134086,131.263722
650.261115,131.263722
650.388144,131.263722
650.515172,131.263722
650.642201,131.263722
651.785462,133.319946
651.912491,133.319946
652.03952,133.534137
652.166549,136.832664
652.293578,136.832664
652.420606,136.832664
652.547635,136.832664
652.674664,136.832664
652.801693,136.832664
652.928722,136.832664
653.055751,136.832664
653.1827800000001,136.832664
653.3098090000001,136.832664
653.5638670000001,133.405622
653.6908960000001,133.405622
653.8179250000001,133.405622
653.944954,133.405622
654.071983,133.405622
654.199012,133.405622
654.32604,133.405622
654.453069,133.405622
654.580098,133.405622
654.707127,133.405622
654.834156,133.405622
654.961185,133.405622
655.088214,133.405622
655.215243,133.405622
655.3422720000001,127.665328
655.4693010000001,127.665328
655.5963300000001,127.665328
655.7233590000001,127.665328
655.8503880000001,127.665328
655.9774170000001,127.665328
656.104446,127.83668
656.2314739999999,127.83668
656.3585029999999,128.864793
656.485532,128.864793
656.612561,128.950469
656.73959,128.950469
656.866619,128.950469
656.993648,128.950469
657.120677,128.950469
657.247706,128.950469
657.374735,128.950469
657.5017640000001,128.950469
657.6287930000001,128.950469
657.7558220000001,128.950469
657.8828510000001,128.779116
658.0098800000001,128.779116
658.1369090000001,128.522088
658.2639369999999,128.522088
658.3909659999999,128.522088
658.5179949999999,128.522088
658.645024,128.522088
658.772053,128.522088
658.899082,128.436412
659.026111,128.436412
660.4234289999999,125.437751
660.5504579999999,125.437751
660.6774869999999,125.437751
660.804516,125.437751
660.931545,125.437751
661.058574,125.437751
661.185603,126.894244
661.312632,126.894244
661.439661,126.894244
661.56669,126.894244
661.693719,126.894244
661.8207480000001,126.894244
661.9477770000001,126.894244
662.074805,126.894244
662.201834,126.037483
662.328863,126.037483
662.455892,123.895582
662.5829209999999,123.895582
662.7099499999999,123.895582
662.8369789999999,123.895582
662.964008,122.86747
663.091037,122.86747
663.218066,122.86747
663.345095,120.811245
663.472124,120.811245
663.599153,120.811245
663.726182,120.811245
663.853211,120.725569
663.980239,120.725569
664.107268,120.725569
664.234297,120.725569
664.361326,120.725569
664.488355,120.725569
664.615384,117.89826
664.7424129999999,117.89826
664.8694419999999,117.89826
664.9964709999999,117.89826
665.1235,117.89826
665.250529,117.89826
665.377558,117.89826
665.504587,117.89826
665.631616,116.955823
665.758645,116.955823
665.885674,116.955823
666.012702,116.955823
666.139731,116.955823
666.26676,116.955823
666.393789,116.870147
666.520818,116.870147
667.0289339999999,114.085676
667.1559629999999,114.085676
667.282992,114.085676
667.410021,114.085676
667.53705,114.085676
667.664079,118.669344
667.791108,118.669344
667.918136,118.669344
668.045165,118.669344
668.172194,118.669344
668.299223,118.669344
668.426252,118.669344
668.553281,118.669344
679.4777690000001,147.884873
679.6047980000001,147.884873
679.7318270000001,147.884873
679.8588560000001,147.884873
679.985885,147.884873
680.112914,147.884873
680.239943,147.884873
680.366972,147.884873
691.418489,147.413655
691.545518,147.413655
691.672547,147.413655
691.799576,147.413655
691.926605,147.413655
692.053634,147.413655
692.1806630000001,147.413655
692.3076920000001,147.413655
692.4347210000001,147.242303
692.5617500000001,147.242303
692.6887790000001,148.270415
692.8158080000001,148.270415
692.942837,148.270415
693.0698649999999,148.270415
693.1968939999999,148.270415
693.323923,148.270415
693.450952,148.270415
693.577981,148.270415
693.70501,148.270415
693.832039,148.270415
693.959068,148.099063
694.086097,148.099063
694.213126,147.927711
694.3401550000001,147.927711
695.2293569999999,149.212851
695.3563859999999,149.212851
695.483415,149.212851
695.610444,149.212851
695.737473,149.212851
695.864502,149.212851
695.991531,149.212851
696.11856,149.212851
696.245589,152.511379
696.372618,152.511379
696.4996470000001,152.511379
696.6266760000001,152.511379
696.7537050000001,152.511379
696.880733,152.511379
697.007762,152.511379
697.134791,152.468541
697.3888489999999,152.040161
697.5158779999999,152.040161
697.642907,152.040161
698.023994,149.384203
698.151023,149.384203
698.278052,149.384203
698.405081,149.384203
698.53211,149.384203
698.6591390000001,149.384203
698.7861680000001,149.384203
698.913196,149.384203
699.040225,146.385542
699.167254,146.385542
699.294283,146.385542
699.421312,146.385542
699.5483409999999,146.385542
699.6753699999999,146.385542
699.802399,142.187416
699.929428,139.103079
700.056457,139.103079
700.183486,139.103079
700.310515,139.103079
700.437544,139.103079
700.564573,139.103079
700.691602,139.103079
700.81863,139.103079
700.945659,139.103079
701.072688,139.103079
701.199717,139.103079
701.326746,139.103079
701.453775,139.103079
701.580804,139.103079
701.7078329999999,134.048193
701.8348619999999,134.048193
701.961891,134.048193
702.08892,134.048193
702.597036,127.708166
702.724064,127.708166
702.851093,127.708166
702.978122,127.708166
703.105151,127.708166
703.23218,127.708166
703.359209,127.708166
703.486238,127.708166
703.613267,124.323963
703.740296,124.323963
703.8673249999999,124.323963
703.9943539999999,124.323963
704.121383,122.738956
704.248412,122.738956
704.375441,122.738956
708.05928,121.282463
708.1863089999999,121.282463
708.3133379999999,121.453815
708.440367,121.453815
708.567395,121.453815
708.694424,121.453815
708.821453,121.453815
708.948482,121.453815
709.075511,121.453815
709.20254,121.453815
709.329569,121.368139
709.456598,121.368139
711.107974,117.598394
711.235003,117.598394
711.362032,117.855422
711.489061,117.855422
711.61609,117.855422
711.743119,117.855422
711.870148,117.855422
711.997177,117.855422
712.124206,117.855422
712.251235,117.855422
712.3782630000001,117.68407
712.505292,117.68407
712.632321,117.68407
712.75935,117.68407
712.886379,117.598394
713.013408,117.598394
713.521524,112.886212
713.648553,112.886212
713.775582,112.886212
713.902611,112.886212
714.02964,112.886212
714.156669,112.886212
714.2836970000001,112.886212
714.4107260000001,112.886212
714.5377550000001,112.886212
714.664784,112.886212
715.681016,121.196787
715.808045,121.196787
715.935074,121.196787
716.062103,121.196787
716.189132,121.196787
716.3161600000001,121.196787
716.4431890000001,121.196787
716.5702180000001,121.196787
717.713479,123.338688
717.840508,123.338688
717.967537,123.338688
718.094566,123.338688
718.2215940000001,123.338688
718.3486230000001,123.338688
718.4756520000001,123.338688
718.6026810000001,123.338688
718.7297100000001,123.338688
718.8567390000001,123.338688
719.364855,125.052209
719.491884,125.052209
719.618913,125.223561
719.745942,125.223561
719.872971,125.223561
720.0,125.223561
720.127028,126.165997
720.254057,126.165997
720.3810860000001,126.165997
720.5081150000001,126.165997
720.6351440000001,126.165997
720.7621730000001,126.165997
720.8892020000001,126.680054
721.0162310000001,126.680054
721.14326,126.76573
721.270289,126.76573
721.397318,126.76573
721.524347,126.76573
721.651376,126.76573
721.778405,198.862115
721.905434,210.0
722.032462,210.0
722.159491,210.0
722.28652,210.0
722.413549,210.0
722.5405780000001,210.0
722.6676070000001,210.0
722.7946360000001,210.0
722.9216650000001,176.586345
723.0486940000001,164.334672
723.1757230000001,124.880857
723.302752,124.880857
723.429781,124.880857
723.55681,124.880857
723.683839,124.880857
723.810868,124.880857
723.937897,124.880857
724.064925,124.880857
726.8595620000001,124.966533
726.9865910000001,125.309237
727.1136200000001,125.309237
727.2406490000001,125.309237
727.3676780000001,125.309237
727.4947070000001,125.309237
727.621736,125.309237
727.748765,125.309237
727.8757929999999,125.309237
728.002822,124.109772
728.129851,122.738956
728.25688,122.738956
728.383909,122.738956
728.510938,122.738956
729.9082559999999,121.839357
730.0352849999999,121.839357
730.162314,121.839357
730.289343,121.839357
730.416372,121.839357
730.543401,121.839357
730.67043,122.781794
730.797459,122.781794
730.924488,122.781794
731.051517,122.781794
731.1785460000001,122.781794
731.3055750000001,124.923695
731.4326040000001,124.966533
731.5596330000001,125.437751
731.6866620000001,125.437751
731.81369,125.437751
731.940719,125.437751
732.0677479999999,125.437751
732.1947769999999,125.437751
732.321806,125.437751
732.448835,125.437751
732.575864,125.437751
732.702893,125.437751
732.829922,125.266399
732.956951,125.266399
733.08398,125.009371
733.211009,125.009371
733.3380380000001,123.638554
733.4650670000001,123.638554
733.5920960000001,123.638554
733.719124,123.638554
733.846153,123.638554
733.973182,123.638554
734.100211,123.638554
734.2272399999999,123.638554
734.3542689999999,123.638554
734.481298,124.538153
734.608327,124.538153
734.735356,124.538153
734.862385,124.538153
734.989414,124.538153
735.116443,125.180723
735.243472,125.180723
735.370501,125.180723
735.49753,125.180723
735.624558,125.180723
735.751587,126.76573
735.878616,128.69344
736.005645,128.69344
736.132674,128.69344
736.259703,128.69344
736.3867319999999,128.69344
736.5137609999999,128.69344
736.64079,128.69344
736.767819,128.69344
736.894848,128.69344
737.021877,128.69344
737.148906,128.69344
737.275935,128.69344
737.402964,128.69344
737.529992,128.69344
737.657021,128.69344
737.78405,128.69344
741.213832,132.206158
741.340861,132.206158
741.467889,132.206158
741.594918,132.206158
741.721947,132.206158
741.848976,132.206158
741.976005,132.206158
742.103034,132.206158
742.230063,132.206158
742.357092,132.206158
742.484121,129.378849
742.6111500000001,129.378849
742.7381790000001,129.378849
742.865208,129.378849
742.992237,129.378849
743.119266,129.378849
743.246295,129.378849
743.373323,129.378849
743.500352,129.378849
743.627381,129.378849
743.75441,129.378849
743.881439,129.378849
744.008468,129.378849
744.135497,129.378849
744.262526,127.922356
744.389555,127.922356
744.516584,127.922356
744.643613,127.922356
744.7706420000001,127.922356
744.8976710000001,127.922356
745.0247,127.83668
745.151729,127.83668
745.278757,128.69344
745.405786,128.69344
745.532815,128.69344
745.659844,128.69344
745.786873,128.69344
745.913902,128.69344
746.040931,128.69344
746.16796,128.69344
746.803105,125.095047
746.9301340000001,125.095047
747.0571630000001,125.180723
747.184192,125.180723
747.31122,125.180723
747.438249,125.180723
747.565278,125.180723
747.692307,125.180723
747.819336,125.180723
747.946365,125.180723
748.073394,125.180723
748.200423,125.180723
748.327452,125.609103
748.454481,125.609103
748.58151,125.609103
748.708539,125.609103
748.835568,125.609103
748.962597,125.609103
749.0896260000001,125.609103
749.2166540000001,125.609103
749.597741,129.293173
749.72477,129.293173
749.851799,129.293173
749.978828,129.293173
750.105857,129.293173
750.232886,129.293173
750.359915,129.293173
750.486944,129.293173
751.884262,128.008032
752.011291,128.008032
752.13832,128.008032
752.265349,128.008032
752.392378,128.008032
752.519407,128.008032
752.646436,128.008032
752.773465,128.008032
752.900494,124.666667
753.027522,124.666667
753.154551,123.210174
753.28158,123.210174
753.408609,123.210174
753.5356380000001,123.210174
753.662667,123.210174
755.568101,121.582329
755.6951300000001,121.582329
755.822159,121.668005
755.949188,121.668005
756.076217,121.668005
756.203246,121.668005
756.330275,121.668005
756.457304,121.668005
756.584333,121.668005
756.711362,121.668005
756.838391,121.753681
756.965419,121.753681
757.092448,124.923695
757.219477,124.923695
757.346506,124.923695
757.473535,124.923695
757.600564,124.923695
757.727593,124.923695
757.8546220000001,124.923695
757.981651,124.580991
758.10868,124.580991
758.235709,124.580991
758.362738,124.580991
758.489767,124.580991
758.616796,122.696118
758.743825,122.696118
761.284403,127.665328
761.411432,127.665328
761.538461,127.665328
761.66549,127.665328
761.792519,127.665328
761.919548,127.665328
762.046577,127.665328
762.1736060000001,127.665328
763.952011,127.751004
764.07904,127.751004
764.206069,127.751004
764.3330980000001,128.69344
764.460127,128.69344
764.587156,128.69344
764.714184,128.69344
764.841213,128.69344
764.968242,128.69344
765.095271,128.69344
765.2223,128.69344
765.349329,128.69344
765.476358,128.69344
765.603387,128.607764
765.730416,128.607764
765.857445,123.809906
765.984474,123.809906
766.111503,123.809906
766.238532,123.809906
766.365561,123.809906
766.746647,123.681392
766.873676,123.72423
767.000705,123.72423
767.127734,123.72423
767.254763,123.72423
767.381792,123.72423
767.508821,123.72423
767.63585,123.72423
767.762879,123.72423
768.525052,124.452477
768.6520810000001,124.495315
768.7791100000001,124.495315
768.906139,124.495315
769.033168,124.495315
769.160197,124.495315
769.287226,124.495315
769.414255,124.495315
769.541284,124.923695
769.668313,124.923695
769.795342,124.923695
769.922371,124.923695
770.0494,124.923695
770.176429,124.923695
770.303458,124.923695
770.430486,125.180723
770.557515,125.180723
770.684544,125.180723
770.8115730000001,125.180723
770.9386020000001,125.180723
771.065631,125.180723
771.19266,125.180723
771.319689,125.180723
771.446718,127.62249
771.573747,127.62249
771.700776,127.62249
771.827805,127.62249
771.954834,127.62249
772.081863,127.62249
772.208892,127.62249
772.335921,127.62249
772.462949,124.452477
772.589978,124.452477
772.717007,124.452477
772.844036,124.452477
772.9710650000001,124.452477
773.0980940000001,124.452477
773.225123,124.452477
773.352152,124.452477
773.479181,124.452477
773.60621,124.452477
773.733239,127.108434
773.860268,127.151272
773.987297,127.365462
774.114326,127.4083
774.241355,127.4083
774.368383,127.4083
774.495412,127.4083
774.622441,127.4083
774.74947,127.4083
774.876499,127.4083
775.511644,134.176707
775.638673,134.176707
775.765702,134.176707
775.892731,134.176707
776.01976,134.176707
776.146789,137.13253
776.273817,137.175368
776.400846,138.931727
776.527875,138.931727
776.654904,138.931727
776.781933,138.931727
776.908962,138.931727
777.035991,138.931727
777.16302,138.931727
777.2900490000001,138.931727
778.30628,138.160643
778.433309,202.931727
778.560338,209.014726
778.687367,209.014726
778.814396,209.014726
778.941425,209.014726
779.068454,209.014726
779.195483,209.014726
779.322512,209.014726
779.4495410000001,209.014726
779.5765700000001,174.572959
779.830628,134.005355
779.957657,133.962517
780.846859,128.564926
780.973888,128.564926
781.100917,128.564926
781.227946,128.564926
781.354975,128.564926
781.482004,128.564926
781.6090330000001,128.564926
781.7360620000001,128.564926
781.863091,127.19411
781.99012,127.19411
782.117148,127.19411
782.244177,127.19411
782.371206,129.164659
782.498235,129.164659
782.625264,129.250335
782.752293,129.250335
782.879322,129.250335
783.006351,129.250335
783.13338,129.250335
783.260409,129.250335
783.387438,129.250335
783.514467,129.250335
783.641496,129.164659
783.7685250000001,129.164659
783.8955540000001,128.736278
784.022582,128.736278
784.149611,128.736278
784.27664,128.736278
784.403669,128.736278
784.530698,128.736278
784.657727,128.736278
784.784756,128.736278
784.911785,127.365462
785.038814,127.365462
785.165843,127.365462
785.292872,127.365462
785.419901,127.365462
785.54693,127.365462
785.673959,125.223561
785.800988,125.266399
785.928016,125.266399
786.0550450000001,125.266399
786.1820740000001,125.266399
786.309103,125.266399
786.436132,131.135207
786.563161,131.135207
786.69019,131.135207
786.817219,131.135207
786.944248,131.135207
787.071277,131.135207
787.198306,131.135207
787.325335,131.135207
787.706422,134.262383
787.83345,134.262383
788.087508,136.532798
788.2145370000001,136.532798
788.3415660000001,136.875502
788.468595,136.875502
788.595624,136.875502
788.722653,136.875502
788.849682,136.875502
788.976711,136.875502
789.10374,136.875502
789.230769,136.875502
789.357798,136.875502
789.484827,136.875502
789.611856,136.70415
789.738885,136.70415
789.865913,140.730924
789.992942,140.730924
790.119971,140.902276
790.247,140.902276
790.3740290000001,140.902276
790.5010580000001,140.902276
790.628087,140.902276
790.755116,140.902276
790.882145,140.902276
791.009174,140.902276
791.136203,140.902276
791.263232,140.902276
791.390261,136.018742
791.51729,136.018742
791.644319,136.018742
791.771347,136.018742
791.898376,128.47925
792.025405,128.47925
792.152434,128.47925
792.279463,128.47925
792.406492,128.47925
792.5335210000001,128.47925
792.6605500000001,128.47925
792.787579,128.47925
792.914608,128.47925
793.041637,128.47925
793.168666,128.47925
793.295695,128.393574
793.422724,128.393574
793.80381,126.423025
793.930839,126.423025
794.057868,126.423025
794.184897,126.423025
794.311926,126.423025
794.438955,126.423025
794.565984,126.423025
794.6930130000001,126.423025
794.8200420000001,126.423025
794.947071,126.423025
795.0741,126.423025
795.201129,126.423025
795.328158,128.05087
795.455187,128.05087
795.582215,128.05087
795.709244,128.05087
795.836273,128.05087
795.963302,128.05087
796.090331,128.05087
796.21736,128.05087
796.598447,131.049531
796.725476,131.049531
796.8525050000001,131.049531
796.9795340000001,131.049531
797.106563,131.049531
797.233592,131.049531
797.360621,131.049531
797.48765,131.049531
797.614678,128.650602
797.741707,128.650602
797.868736,128.650602
797.995765,128.650602
798.122794,126.851406
798.249823,126.851406
798.376852,126.851406
798.503881,126.851406
798.63091,126.851406
798.757939,126.851406
798.884968,127.279786
799.0119970000001,127.279786
799.1390260000001,127.536814
799.266055,127.536814
799.393084,128.136546
799.520112,128.136546
799.647141,128.136546
799.77417,128.136546
799.901199,129.336011
800.028228,129.336011
800.155257,129.336011
800.282286,129.336011
800.409315,129.336011
800.536344,129.336011
800.663373,131.135207
800.790402,131.135207
800.917431,131.30656
801.04446,131.30656
801.1714890000001,131.563588
801.2985180000001,131.563588
801.425546,131.563588
801.552575,131.563588
801.679604,131.563588
801.806633,131.563588
801.933662,131.563588
802.060691,131.563588
802.18772,131.563588
802.314749,131.563588
802.441778,131.563588
802.568807,131.563588
802.695836,131.563588
802.822865,131.563588
802.949894,131.563588
803.076923,131.563588
803.203952,131.563588
803.3309800000001,131.563588
808.539167,149.212851
808.666196,149.212851
808.793225,149.298527
808.920254,149.298527
809.047283,149.384203
809.174311,149.384203
809.30134,149.384203
809.428369,149.384203
809.555398,149.384203
809.682427,149.384203
809.8094560000001,149.384203
809.9364850000001,149.384203
815.144671,153.796519
815.2717,153.796519
815.398729,153.796519
815.525758,153.796519
815.652787,153.796519
815.779816,153.796519
815.906845,153.796519
816.033874,153.796519
816.4149610000001,152.725569
816.54199,152.725569
816.669019,152.725569
816.796048,152.725569
816.923076,152.725569
817.050105,152.725569
817.177134,152.725569
817.304163,152.682731
819.082568,164.334672
819.209597,164.506024
819.336626,164.506024
819.463655,164.506024
819.590684,164.548862
819.717713,169.303882
819.844742,169.303882
819.971771,169.646586
820.0988,169.646586
820.225829,169.646586
820.352858,169.646586
820.479887,169.646586
820.606916,169.646586
820.7339450000001,169.646586
820.8609730000001,169.646586
820.988002,167.161981
821.115031,167.161981
821.24206,166.733601
821.369089,166.733601
821.496118,166.733601
821.623147,166.733601
821.750176,166.733601
821.877205,166.733601
822.004234,164.248996
822.131263,164.248996
822.258292,164.248996
822.385321,161.078983
822.51235,161.078983
822.8934360000001,164.248996
823.0204650000001,164.248996
823.147494,164.248996
823.274523,164.248996
823.401552,164.334672
823.528581,169.13253
823.65561,169.13253
823.782639,169.13253
823.909668,169.13253
824.036697,169.13253
824.163726,169.13253
824.290755,169.13253
824.417784,169.13253
824.544813,169.13253
824.671841,169.13253
824.79887,168.618474
824.925899,168.618474
828.101623,168.875502
828.228652,168.875502
828.355681,168.875502
828.482709,168.875502
828.609738,168.875502
828.736767,168.875502
828.863796,168.875502
828.990825,168.875502
854.142554,143.172691
854.269583,143.172691
854.396612,143.172691
854.523641,143.172691
854.65067,143.172691
854.777699,143.172691
854.904728,143.172691
855.031757,143.172691
855.158786,138.032129
855.285815,138.032129
855.4128440000001,138.032129
855.5398730000001,138.032129
855.666901,138.032129
855.79393,138.032129
855.920959,133.319946
856.047988,133.319946
856.175017,133.319946
856.302046,133.319946
856.429075,133.277108
856.556104,131.94913
856.683133,131.906292
856.810162,131.863454
856.937191,131.820616
857.06422,126.465863
857.191249,126.465863
857.318278,126.465863
857.445307,126.465863
857.5723350000001,123.381526
857.6993640000001,123.381526
857.826393,123.338688
858.334509,117.983936
858.461538,117.983936
858.588567,117.983936
858.715596,117.983936
858.842625,117.983936
858.969654,117.983936
859.096683,117.983936
859.477769,118.026774
859.604798,118.069612
859.7318270000001,118.069612
859.8588560000001,118.069612
859.985885,118.069612
860.112914,118.069612
860.239943,118.069612
860.366972,118.069612
862.780522,125.137885
862.907551,125.137885
863.03458,125.137885
863.161609,125.137885
863.288638,125.137885
863.415666,125.137885
863.542695,126.722892
863.669724,128.650602
863.796753,128.650602
863.923782,128.736278
864.0508110000001,128.736278
864.1778400000001,128.736278
864.304869,128.736278
864.431898,128.736278
864.558927,128.736278
864.685956,128.736278
864.812985,128.736278
864.940014,125.908969
865.067043,125.908969
865.194072,125.908969
865.3211,125.908969
865.448129,125.908969
865.575158,125.908969
865.702187,123.210174
865.829216,123.210174
866.59139,124.666667
866.718419,124.666667
866.845448,124.666667
866.972477,124.666667
867.099506,125.137885
867.226534,125.309237
867.353563,125.352075
867.480592,125.651941
867.607621,125.694779
867.73465,125.694779
867.861679,125.694779
867.988708,125.694779
868.115737,125.694779
868.242766,125.694779
868.3697950000001,125.694779
868.4968240000001,125.651941
868.623853,125.651941
868.750882,125.180723
868.877911,125.180723
869.00494,125.180723
869.131968,125.180723
869.258997,125.052209
869.386026,125.052209
869.513055,125.052209
869.640084,125.951807
869.767113,125.951807
869.894142,125.951807
870.021171,125.951807
870.1482,125.951807
870.275229,125.951807
870.402258,125.951807
870.5292870000001,127.279786
870.6563160000001,127.279786
870.783345,127.279786
870.910374,127.279786
871.037403,127.279786
871.164431,127.279786
871.29146,127.279786
871.418489,127.279786
871.545518,127.19411
871.672547,127.19411
871.799576,126.937082
871.926605,126.937082
872.053634,126.851406
872.180663,126.851406
872.307692,126.76573
872.434721,126.76573
872.56175,129.078983
872.6887790000001,129.078983
872.8158080000001,129.078983
872.942837,129.078983
873.069865,129.078983
873.196894,129.078983
873.323923,129.078983
873.450952,129.078983
873.577981,129.078983
873.70501,129.078983
873.832039,129.078983
873.959068,129.078983
874.086097,129.078983
874.213126,129.078983
874.340155,122.995984
874.467184,125.352075
874.594213,125.352075
874.721242,125.352075
874.8482710000001,125.352075
874.9752990000001,125.352075
875.102328,125.352075
875.229357,125.352075
876.626676,131.820616
876.753705,131.820616
876.880733,131.820616
877.007762,131.820616
877.1347910000001,131.820616
877.2618200000001,131.820616
877.388849,131.820616
877.515878,131.820616
877.642907,126.680054
877.769936,126.680054
878.913196,114.085676
879.040225,114.085676
879.167254,114.085676
879.2942830000001,118.883534
879.4213120000001,118.883534
879.548341,123.852744
879.67537,123.852744
879.802399,123.852744
879.929428,123.852744
880.056457,123.852744
880.183486,123.852744
880.310515,123.852744
880.437544,123.852744
880.564573,124.281124
880.691602,124.281124
880.81863,124.281124
880.945659,124.281124
881.072688,124.281124
881.199717,124.281124
881.326746,124.281124
881.4537750000001,124.281124
882.342978,124.195448
882.470007,124.195448
882.597036,125.180723
882.724064,128.821954
882.851093,128.821954
882.978122,128.821954
883.105151,128.821954
883.23218,128.821954
883.359209,128.821954
883.486238,128.821954
883.6132670000001,128.821954
885.010585,133.105756
885.137614,133.105756
885.264643,133.105756
885.391672,133.105756
885.518701,133.105756
885.64573,133.105756
885.7727590000001,133.105756
885.8997880000001,133.105756
886.026817,133.105756
886.153846,133.105756
886.280875,133.02008
886.407904,133.02008
886.534933,132.848728
886.661961,132.848728
886.78899,132.848728
886.916019,132.848728
887.043048,132.848728
887.170077,132.848728
887.297106,132.848728
887.424135,132.848728
887.551164,132.763052
887.678193,132.763052
887.805222,131.991968
887.9322510000001,131.991968
888.0592800000001,131.991968
888.186309,131.991968
888.313338,131.991968
888.440367,131.991968
890.853916,128.993307
890.980945,128.993307
891.107974,128.993307
891.235003,128.993307
891.362032,128.993307
891.489061,128.993307
891.61609,128.993307
891.743119,128.993307
891.870148,127.536814
891.997177,127.536814
892.124206,127.536814
892.2512350000001,127.536814
892.3782630000001,173.502008
892.505292,199.975904
892.632321,199.975904
892.75935,199.975904
892.886379,199.975904
893.013408,199.975904
893.140437,199.975904
893.267466,199.975904
893.394495,199.975904
893.521524,187.72423
894.156669,128.47925
894.283697,128.47925
894.4107260000001,128.47925
894.5377550000001,128.47925
894.664784,128.47925
894.791813,128.47925
894.918842,128.47925
895.045871,128.47925
895.1729,128.47925
895.299929,128.47925
895.426958,128.47925
895.553987,128.47925
895.681016,128.05087
895.808045,128.008032
895.935074,126.937082
896.062103,126.937082
896.189132,127.022758
896.31616,127.022758
896.443189,128.393574
896.5702180000001,128.393574
896.6972470000001,128.650602
896.824276,128.650602
896.951305,128.650602
897.078334,128.650602
897.205363,128.650602
897.332392,128.650602
897.459421,128.650602
897.58645,128.650602
897.713479,128.47925
897.840508,128.436412
897.967537,127.536814
898.094566,127.536814
898.221594,127.536814
898.348623,127.536814
898.475652,129.336011
898.602681,129.336011
898.7297100000001,129.336011
898.8567390000001,129.336011
898.983768,129.336011
899.110797,129.336011
899.237826,129.336011
899.364855,129.336011
899.491884,129.336011
899.618913,129.293173
899.745942,129.207497
899.872971,129.207497
900.0,128.69344
900.127028,128.69344
900.254057,128.69344
900.381086,128.69344
900.508115,128.69344
900.635144,128.69344
900.762173,128.69344
900.8892020000001,128.736278
901.0162310000001,128.779116
901.14326,128.779116
901.270289,128.779116
901.397318,128.779116
901.524347,128.779116
901.651376,128.779116
901.778405,128.779116
901.905434,128.821954
902.032462,128.950469
902.159491,128.993307
902.28652,128.993307
902.413549,128.993307
902.540578,128.993307
902.667607,128.993307
902.794636,128.993307
902.921665,128.993307
903.048694,128.607764
903.1757230000001,128.607764
903.302752,128.522088
903.429781,128.522088
903.55681,128.522088
903.683839,128.522088
903.810868,128.522088
903.937897,128.522088
904.064925,128.522088
904.191954,128.522088
904.318983,129.378849
904.446012,129.378849
904.573041,129.378849
904.70007,129.378849
904.827099,129.378849
904.954128,129.378849
905.081157,129.378849
905.208186,129.378849
905.3352150000001,129.378849
905.462244,129.378849
905.589273,129.378849
905.716302,129.378849
906.478475,123.681392
906.605504,123.681392
906.732533,123.681392
906.859562,123.681392
906.986591,123.681392
907.11362,123.681392
907.240649,123.681392
907.367678,123.638554
907.4947070000001,123.253012
907.621736,123.210174
907.748765,123.167336
907.875793,123.124498
908.002822,123.124498
908.129851,123.124498
908.25688,123.210174
908.383909,123.210174
908.510938,123.467202
908.637967,123.467202
908.764996,123.467202
908.892025,123.467202
909.019054,123.467202
909.146083,123.467202
909.273112,123.467202
909.400141,123.467202
909.52717,123.424364
909.6541990000001,123.381526
909.7812270000001,123.638554
909.908256,123.638554
910.035285,123.638554
910.162314,123.638554
910.289343,123.638554
910.416372,123.638554
910.543401,123.638554
910.67043,123.638554
910.797459,123.638554
910.924488,123.638554
911.051517,123.424364
911.178546,123.381526
911.305575,124.580991
911.432604,124.580991
911.559633,124.923695
911.686662,124.923695
911.8136900000001,124.923695
911.9407190000001,124.923695
912.067748,124.923695
912.194777,124.923695
912.321806,125.009371
912.448835,125.009371
912.575864,125.009371
912.702893,125.009371
912.829922,125.009371
912.956951,125.009371
913.08398,125.009371
913.211009,124.923695
913.338038,118.32664
913.465067,118.32664
913.592096,118.32664
913.719124,118.32664
913.846153,118.32664
913.9731820000001,118.32664
914.1002110000001,118.32664
914.22724,118.32664
914.354269,118.840696
914.481298,118.840696
914.608327,119.097724
914.735356,119.097724
914.862385,119.097724
914.989414,119.097724
915.116443,119.097724
915.243472,119.097724
915.370501,119.097724
915.49753,119.097724
918.4191950000001,121.410977
918.546224,121.410977
918.673253,121.496653
918.800282,121.496653
918.927311,121.496653
919.05434,121.496653
919.181369,121.496653
919.308398,121.496653
919.435427,122.096386
919.562455,122.096386
919.689484,122.182062
919.816513,122.182062
919.943542,122.182062
920.070571,122.182062
920.1976,122.182062
920.324629,122.182062
920.4516580000001,122.182062
920.5786870000001,122.182062
920.705716,122.182062
920.832745,122.182062
920.959774,122.01071
921.086803,122.01071
922.230063,125.266399
922.357092,125.951807
922.484121,125.951807
922.6111500000001,125.951807
922.7381790000001,125.951807
922.865208,125.951807
922.992237,125.951807
923.119266,125.951807
923.246295,125.951807
923.373323,125.951807
923.500352,125.951807
923.627381,125.951807
923.75441,125.951807
923.881439,125.009371
924.008468,125.009371
924.135497,125.009371
924.262526,125.009371
924.389555,124.409639
924.516584,122.610442
924.643613,122.610442
924.7706420000001,118.32664
924.8976710000001,118.32664
925.0247,118.32664
925.151729,118.32664
925.278757,118.32664
925.405786,118.32664
925.532815,118.32664
925.659844,118.32664
927.565278,116.099063
927.692307,116.099063
927.819336,116.184739
927.946365,116.184739
928.073394,116.184739
928.200423,116.184739
928.327452,116.184739
928.454481,116.184739
928.58151,116.184739
928.708539,116.184739
928.835568,118.32664
928.962597,118.32664
929.0896260000001,118.583668
929.2166540000001,118.583668
929.343683,118.583668
929.470712,118.583668
929.597741,118.583668
929.72477,118.583668
929.851799,118.583668
929.978828,118.583668
930.359915,119.097724
930.486944,119.097724
930.613973,120.982597
930.741002,120.982597
930.868031,120.982597
930.99506,120.982597
931.122088,120.982597
931.249117,120.982597
931.3761460000001,120.982597
931.503175,120.982597
931.630204,120.982597
931.757233,120.982597
931.884262,121.668005
932.011291,121.668005
932.13832,121.668005
932.265349,121.668005
932.392378,121.668005
932.519407,121.668005
932.646436,121.668005
932.773465,121.668005
932.900494,121.668005
933.027522,121.668005
933.154551,118.926372
933.28158,118.926372
933.408609,118.412316
933.5356380000001,118.412316
934.678899,118.926372
934.805928,118.926372
934.932956,119.097724
935.059985,119.097724
935.187014,120.725569
935.314043,120.725569
935.441072,120.725569
935.568101,120.725569
935.6951300000001,120.725569
935.822159,120.725569
935.949188,120.725569
936.076217,120.725569
936.203246,119.097724
936.330275,119.097724
936.457304,119.097724
936.584333,119.097724
936.711362,119.097724
936.838391,119.097724
937.219477,120.725569
937.346506,120.725569
937.473535,120.725569
937.600564,120.725569
937.727593,120.725569
937.8546220000001,120.725569
937.981651,120.725569
938.10868,120.725569
944.3330980000001,120.939759
944.460127,120.939759
944.587156,120.939759
944.714184,120.939759
944.841213,121.196787
944.968242,121.196787
945.095271,121.796519
945.2223,121.796519
945.349329,121.882195
945.476358,121.882195
945.603387,121.882195
945.730416,121.882195
945.857445,121.882195
945.984474,121.882195
946.111503,121.882195
946.238532,121.882195
946.365561,121.239625
946.4925900000001,118.11245
946.6196180000001,118.11245
946.746647,118.11245
946.873676,118.11245
947.000705,118.11245
947.127734,118.11245
947.254763,118.155288
947.381792,119.097724
947.508821,119.097724
947.63585,119.097724
947.762879,119.097724
947.889908,119.097724
948.016937,119.097724
948.143966,119.097724
948.270995,119.097724
948.398024,119.097724
948.525052,119.097724
948.6520810000001,119.097724
948.7791100000001,119.097724
948.906139,121.710843
949.033168,121.710843
949.160197,121.710843
949.287226,121.710843
949.414255,121.710843
949.541284,121.710843
949.668313,121.710843
949.795342,121.710843
950.176429,122.139224
950.303458,122.139224
950.430486,122.139224
950.557515,122.139224
950.684544,122.139224
950.8115730000001,122.139224
950.9386020000001,122.139224
951.065631,122.139224
951.19266,122.139224
951.319689,122.139224
951.446718,122.139224
951.573747,122.139224
951.700776,122.139224
951.827805,122.139224
953.479181,123.681392
953.60621,123.681392
953.733239,123.681392
953.987297,125.137885
954.114326,125.223561
954.241355,125.223561
954.368383,125.223561
954.495412,125.223561
954.622441,125.223561
954.74947,125.223561
954.876499,125.223561
955.003528,125.266399
955.1305570000001,125.266399
955.2575860000001,125.266399
955.384615,125.266399
955.511644,125.266399
955.638673,125.266399
955.765702,125.266399
955.892731,126.937082
956.01976,126.937082
956.146789,126.937082
956.273817,126.937082
956.400846,126.937082
956.527875,126.937082
956.654904,129.378849
956.781933,129.378849
956.908962,129.378849
957.035991,129.378849
957.16302,129.378849
957.2900490000001,129.378849
957.4170780000001,129.378849
957.544107,129.378849
957.671136,129.378849
957.798165,129.378849
957.925194,129.378849
958.052223,129.378849
958.179251,129.378849
958.30628,129.378849
958.433309,129.378849
958.560338,129.378849
958.687367,128.821954
958.814396,128.821954
958.941425,128.47925
959.068454,128.47925
959.195483,128.47925
959.322512,128.47925
959.4495410000001,128.47925
959.5765700000001,128.47925
959.703599,128.47925
959.830628,128.47925
959.957657,128.47925
960.084686,128.47925
960.465772,128.564926
960.592801,128.564926
960.71983,128.564926
960.846859,128.564926
960.973888,128.564926
961.100917,128.564926
961.227946,128.564926
961.354975,128.564926
962.498235,129.164659
962.625264,129.164659
962.752293,129.164659
962.879322,129.164659
963.006351,129.164659
963.13338,129.164659
963.260409,129.164659
963.387438,129.164659
963.514467,128.821954
963.641496,128.821954
963.7685250000001,128.821954
963.8955540000001,128.821954
964.022582,126.165997
964.149611,126.165997
964.27664,126.165997
964.403669,126.165997
964.530698,126.165997
964.657727,126.165997
964.784756,121.539491
964.911785,121.539491
965.038814,121.539491
965.165843,121.539491
965.292872,121.539491
965.419901,118.96921
965.54693,118.96921
965.673959,119.054886
965.800988,119.054886
965.928016,119.054886
966.0550450000001,119.054886
966.1820740000001,119.054886
966.309103,119.054886
966.436132,119.054886
966.563161,119.054886
967.452364,125.095047
967.579393,125.095047
967.706422,125.095047
967.83345,125.095047
967.960479,125.095047
968.087508,125.095047
968.2145370000001,125.095047
968.3415660000001,124.966533
968.976711,125.095047
969.10374,126.251673
969.230769,126.251673
969.357798,126.251673
969.484827,126.251673
969.611856,126.251673
969.738885,126.251673
969.865913,126.251673
969.992942,126.251673
970.628087,126.423025
970.755116,126.423025
970.882145,126.508701
971.009174,126.508701
971.136203,126.508701
971.263232,126.508701
971.390261,126.937082
971.51729,126.937082
971.644319,126.937082
971.771347,126.937082
971.898376,126.937082
972.025405,126.937082
972.152434,126.937082
972.279463,126.937082
972.406492,125.480589
972.5335210000001,125.480589
972.6605500000001,125.480589
972.787579,125.480589
977.741707,131.820616
977.868736,131.820616
977.995765,131.820616
978.122794,131.820616
978.249823,131.820616
978.376852,131.820616
978.503881,131.820616
978.63091,131.820616
978.757939,132.763052
978.884968,132.763052
979.0119970000001,132.763052
979.1390260000001,132.763052
979.266055,132.763052
979.393084,132.763052
979.520112,132.763052
979.647141,132.763052
979.77417,132.763052
979.901199,132.763052
980.028228,132.420348
980.155257,132.420348
980.790402,127.022758
980.917431,127.022758
981.04446,127.022758
981.1714890000001,127.022758
981.2985180000001,127.022758
981.425546,127.022758
981.552575,127.022758
981.679604,127.022758
981.806633,125.394913
981.933662,125.394913
982.060691,125.394913
982.18772,125.394913
982.314749,125.394913
982.441778,125.352075
982.695836,118.455154
982.822865,118.455154
982.949894,118.455154
983.076923,118.455154
983.203952,118.455154
983.3309800000001,118.455154
983.4580090000001,118.455154
983.585038,118.455154
983.712067,118.455154
983.839096,118.455154
983.966125,118.455154
984.093154,118.455154
984.220183,125.052209
984.347212,125.137885
984.474241,125.137885
984.60127,125.137885
984.728299,125.137885
984.855328,125.137885
984.982357,125.137885
985.109386,125.137885
985.236415,125.095047
985.363443,125.052209
985.4904720000001,125.052209
985.6175010000001,131.006693
985.74453,131.006693
985.871559,131.006693
985.998588,131.006693
986.125617,131.006693
986.252646,131.006693
986.379675,131.006693
986.506704,131.006693
986.633733,129.378849
986.760762,129.378849
986.887791,129.378849
987.01482,129.378849
987.141849,129.378849
987.268877,129.378849
988.666196,131.777778
988.793225,131.777778
988.920254,133.576975
989.047283,136.06158
989.174311,136.06158
989.30134,136.06158
989.428369,136.06158
989.555398,136.06158
989.682427,136.06158
989.8094560000001,136.06158
989.9364850000001,136.06158
990.063514,136.06158
990.190543,136.06158
990.317572,135.975904
990.444601,135.975904
990.57163,134.262383
990.698659,134.262383
990.825688,134.262383
990.952717,134.262383
991.079745,134.262383
991.206774,134.262383
991.333803,134.262383
992.98518,133.919679
993.112208,133.919679
993.239237,133.919679
993.366266,133.919679
993.493295,133.919679
993.620324,133.919679
993.747353,133.919679
993.874382,133.919679
994.001411,127.493976
994.12844,127.493976
994.2554690000001,128.26506
994.382498,128.26506
994.509527,128.26506
994.636556,128.26506
994.763585,128.26506
994.890614,128.26506
995.017642,128.522088
995.144671,128.522088
995.2717,128.522088
995.398729,128.522088
995.525758,128.522088
995.652787,128.522088
995.779816,128.522088
995.906845,128.522088
996.54199,128.522088
996.669019,128.522088
996.796048,128.522088
996.923076,128.522088
997.050105,128.522088
997.177134,128.522088
997.304163,128.522088
997.431192,128.522088
999.082568,131.349398
999.209597,131.349398
999.336626,131.349398
999.463655,131.349398
999.590684,131.349398
999.717713,131.349398
999.844742,131.349398
999.971771,131.349398
1000.0988,126.380187
1000.225829,126.380187
1000.352858,126.380187
1000.479887,126.380187
1000.606916,126.380187
1000.7339450000001,126.380187
1000.8609730000001,126.380187
1000.988002,126.380187
1001.115031,126.208835
1001.24206,126.208835
1001.369089,126.722892
1001.496118,126.722892
1001.623147,126.722892
1001.750176,126.722892
1001.877205,126.722892
1002.004234,126.722892
1002.131263,126.722892
1002.258292,126.722892
1002.385321,125.780455
1002.51235,125.780455
1002.639379,125.780455
1002.766407,125.780455
1002.8934360000001,125.780455
1003.0204650000001,125.780455
1003.147494,126.97992
1003.274523,126.97992
1003.401552,126.97992
1003.528581,126.97992
1003.65561,126.97992
1003.782639,126.97992
1003.909668,126.97992
1004.036697,126.97992
1004.163726,126.97992
1004.290755,126.97992
1004.417784,128.779116
1004.544813,128.779116
1004.671841,128.779116
1004.79887,128.779116
1004.925899,128.779116
1005.0529280000001,128.779116
1005.1799570000001,128.779116
1005.306986,128.779116
1005.434015,128.779116
1005.561044,128.779116
1005.688073,128.779116
1005.815102,128.779116
1005.942131,128.522088
1006.06916,128.522088
1006.196189,128.008032
1006.323218,128.008032
1006.450247,128.008032
1006.577275,128.008032
1006.704304,127.665328
1006.831333,127.665328
1006.958362,127.665328
1007.085391,127.665328
1007.2124200000001,127.665328
1007.3394490000001,127.665328
1007.466478,127.493976
1007.593507,127.493976
1007.720536,127.065596
1007.847565,127.065596
1007.974594,127.065596
1008.101623,127.065596
1008.228652,127.065596
1008.355681,127.065596
1008.736767,126.97992
1008.990825,127.4083
1009.117854,127.4083
1009.244883,127.493976
1009.3719120000001,127.493976
1009.4989410000001,127.493976
1009.62597,127.493976
1009.752999,127.493976
1009.880028,127.493976
1010.007057,127.493976
1010.134086,127.493976
1010.261115,126.97992
1010.388144,126.97992
1010.76923,128.093708
1010.896259,128.093708
1011.023288,128.093708
1011.150317,128.093708
1011.277346,128.093708
1011.404375,128.093708
1011.5314040000001,128.093708
1011.6584330000001,128.093708
1011.785462,128.008032
1011.912491,128.008032
1012.03952,128.008032
1012.166549,128.008032
1012.293578,128.008032
1012.420606,128.008032
1012.547635,128.779116
1012.674664,128.779116
1012.801693,128.779116
1012.928722,128.779116
1013.055751,128.779116
1013.18278,128.779116
1013.309809,128.779116
1013.436838,128.779116
1013.563867,128.779116
1013.6908960000001,128.779116
1013.8179250000001,126.465863
1013.944954,126.465863
1014.071983,126.637216
1014.199012,126.637216
1014.32604,126.637216
1014.453069,126.637216
1014.580098,126.637216
1014.707127,126.637216
1014.834156,126.97992
1014.961185,126.97992
1015.088214,126.97992
1015.215243,126.97992
1015.342272,126.97992
1015.469301,126.97992
1015.59633,126.97992
1015.723359,126.97992
1015.8503880000001,126.97992
1015.9774170000001,126.97992
1016.104446,125.694779
1016.231474,125.694779
1016.358503,125.694779
1016.485532,125.694779
1016.612561,128.522088
1016.73959,128.522088
1016.866619,128.522088
1016.993648,128.522088
1017.120677,128.522088
1017.247706,128.522088
1017.374735,128.522088
1017.501764,128.522088
1017.628793,128.522088
1017.755822,128.522088
1017.882851,126.808568
1018.0098800000001,126.808568
1018.1369090000001,126.808568
1018.263937,126.808568
1018.390966,126.380187
1018.517995,126.337349
1018.645024,126.294511
1018.772053,126.251673
1018.899082,126.208835
1019.026111,126.208835
1019.407198,127.065596
1019.534227,127.065596
1019.661256,127.065596
1019.788285,127.065596
1019.915314,127.065596
1020.042343,127.065596
1020.169371,127.065596
1020.2964000000001,127.065596
1020.423429,131.863454
1020.550458,131.863454
1020.677487,131.863454
1020.804516,131.863454
1020.931545,131.863454
1021.058574,131.863454
1021.185603,131.863454
1021.312632,131.863454
1021.439661,129.378849
1021.56669,129.378849
1021.693719,129.378849
1021.820748,129.378849
1021.947777,129.378849
1022.074805,129.378849
1022.201834,129.293173
1022.328863,129.293173
1023.472124,129.036145
1023.599153,129.036145
1023.726182,129.036145
1023.853211,129.036145
1023.980239,129.036145
1024.107268,129.036145
1024.234297,129.036145
1024.361326,129.036145
1025.758645,129.378849
1025.885674,129.378849
1026.012702,129.378849
1026.139731,129.378849
1026.26676,129.378849
1026.393789,129.378849
1026.520818,129.378849
1026.647847,129.378849
1026.774876,129.378849
1026.9019050000002,129.378849
1027.028934,128.864793
1027.1559630000002,128.864793
1027.282992,128.864793
1027.4100210000001,128.864793
1027.53705,128.864793
1027.6640790000001,128.821954
1027.791108,128.607764
1027.918136,128.607764
1028.045165,128.607764
1028.172194,128.607764
1028.299223,128.564926
1028.426252,128.564926
1028.553281,128.564926
1028.68031,128.607764
1028.807339,128.736278
1028.9343680000002,128.779116
1029.061397,128.779116
1029.1884260000002,128.779116
1029.315455,128.779116
1029.4424840000001,128.779116
1029.569513,128.779116
1029.6965420000001,128.779116
1029.82357,128.564926
1029.950599,128.564926
1030.077628,128.564926
1030.204657,128.564926
1030.331686,128.564926
1030.458715,128.564926
1030.585744,128.47925
1030.712773,128.47925
1030.839802,128.307898
1030.966831,128.307898
1031.09386,126.423025
1031.2208890000002,126.423025
1031.347918,126.423025
1031.4749470000002,126.423025
1031.601976,126.423025
1031.729004,126.465863
1031.856033,126.508701
1031.983062,126.508701
1032.110091,126.508701
1032.23712,126.551539
1032.364149,126.680054
1032.491178,126.722892
1032.618207,127.793842
1032.745236,127.793842
1032.872265,127.793842
1032.999294,127.83668
1033.126323,129.378849
1033.2533520000002,129.378849
1033.380381,129.378849
1033.5074100000002,129.378849
1033.634439,129.378849
1033.761467,129.378849
1033.888496,129.378849
1034.015525,129.378849
1034.142554,126.851406
1034.269583,126.851406
1034.396612,126.851406
1034.523641,126.851406
1034.65067,126.851406
1034.777699,126.851406
1034.904728,125.480589
1035.031757,125.480589
1035.158786,122.182062
1035.285815,122.182062
1035.412844,122.182062
1035.5398730000002,122.182062
1035.666901,122.139224
1035.79393,118.026774
1035.920959,118.026774
1036.047988,118.026774
1036.175017,118.026774
1036.302046,118.026774
1036.429075,118.026774
1036.556104,118.026774
1036.683133,118.026774
1036.810162,115.884873
1036.937191,115.884873
1037.06422,115.884873
1037.191249,115.884873
1037.318278,115.799197
1037.445307,115.799197
1037.953422,116.013387
1038.080451,116.013387
1038.20748,116.013387
1038.334509,116.013387
1038.461538,116.013387
1038.588567,116.013387
1038.715596,116.013387
1038.842625,118.369478
1038.969654,118.369478
1039.096683,118.369478
1039.223712,118.369478
1039.350741,118.369478
1039.477769,118.369478
1039.6047979999998,118.369478
1039.731827,118.369478
1041.3832029999999,121.625167
1041.510232,121.625167
1041.6372609999999,122.139224
1041.76429,122.139224
1041.891319,122.139224
1042.018348,122.139224
1042.145377,122.824632
1042.272406,122.824632
1042.399435,122.910308
1042.526464,122.910308
1042.653493,122.995984
1042.780522,122.995984
1042.907551,122.995984
1043.03458,122.995984
1043.161609,122.995984
1043.288638,122.995984
1043.4156659999999,122.995984
1043.542695,122.995984
1043.6697239999999,122.995984
1043.796753,122.995984
1043.9237819999998,123.767068
1044.050811,123.767068
1044.17784,124.024096
1044.304869,124.024096
1044.431898,124.024096
1044.558927,124.024096
1044.685956,124.024096
1044.812985,124.024096
1044.940014,124.024096
1045.067043,124.024096
1045.194072,123.981258
1045.3211000000001,123.93842
1045.4481289999999,122.139224
1045.575158,122.139224
1045.7021869999999,122.139224
1045.829216,122.139224
1045.9562449999999,122.139224
1046.083274,122.139224
1047.7346499999999,122.2249
1047.861679,122.2249
1047.9887079999999,122.2249
1048.115737,122.2249
1048.2427659999998,122.2249
1048.369795,122.2249
1048.496824,123.51004
1048.623853,123.51004
1048.750882,124.666667
1048.877911,125.052209
1049.00494,125.052209
1049.1319680000001,125.052209
1049.258997,125.052209
1049.3860260000001,125.052209
1049.513055,125.052209
1049.6400840000001,125.052209
1049.7671129999999,125.052209
1049.894142,125.052209
1050.0211709999999,125.052209
1050.1482,123.51004
1055.610444,119.097724
1055.7374730000001,119.097724
1055.864502,119.097724
1055.9915310000001,119.097724
1056.11856,119.097724
1056.245589,119.097724
1056.3726179999999,119.097724
1056.499647,119.097724
1056.6266759999999,119.097724
1056.753705,119.097724
1056.880733,119.097724
1057.007762,119.097724
1057.134791,122.995984
1057.2618200000002,122.995984
1057.388849,125.052209
1057.5158780000002,125.223561
1057.642907,125.223561
1057.7699360000001,125.223561
1057.896965,125.223561
1058.0239940000001,125.223561
1058.151023,125.223561
1058.2780520000001,125.223561
1058.4050809999999,125.223561
1058.53211,125.137885
1058.6591389999999,125.095047
1058.786168,127.451138
1058.913196,127.451138
1059.040225,127.451138
1059.167254,127.451138
1059.2942830000002,127.451138
1059.421312,127.451138
1059.5483410000002,127.451138
1059.67537,127.451138
1060.6916019999999,125.052209
1060.81863,126.76573
1060.945659,126.76573
1061.072688,126.76573
1061.199717,126.76573
1061.326746,126.76573
1061.453775,126.76573
1061.5808040000002,126.76573
1061.707833,126.76573
1061.8348620000002,126.337349
1061.961891,126.294511
1062.0889200000001,126.251673
1062.215949,126.208835
1062.3429780000001,125.223561
1062.470007,125.223561
1062.5970360000001,125.223561
1062.724064,125.180723
1062.851093,122.824632
1062.978122,122.824632
1063.105151,122.824632
1063.23218,122.824632
1063.359209,122.824632
1063.486238,122.738956
1063.6132670000002,122.738956
1063.740296,122.738956
1063.8673250000002,122.738956
1063.994354,122.738956
1064.1213830000002,122.738956
1064.248412,123.72423
1064.3754410000001,123.767068
1064.50247,204.002677
1064.629498,209.100402
1064.756527,209.100402
1064.883556,209.100402
1065.010585,209.100402
1065.137614,209.100402
1065.264643,209.100402
1065.391672,209.100402
1065.518701,209.100402
1065.64573,198.904953
1065.772759,166.476573
1065.8997880000002,125.052209
1066.026817,125.052209
1066.1538460000002,125.052209
1066.280875,125.052209
1066.4079040000001,125.052209
1066.534933,125.052209
1066.661961,124.538153
1066.78899,124.538153
1069.075511,122.567604
1069.20254,122.567604
1069.329569,122.567604
1069.456598,122.567604
1069.583627,122.567604
1069.710656,122.567604
1069.837685,122.567604
1069.964714,123.167336
1070.091743,123.167336
1070.2187720000002,123.167336
1070.345801,123.167336
1070.472829,123.167336
1070.599858,123.167336
1070.726887,123.167336
1071.107974,123.08166
1071.235003,123.08166
1071.362032,123.08166
1071.489061,123.08166
1071.61609,123.08166
1071.743119,123.08166
1071.870148,123.08166
1071.997177,123.038822
1072.124206,123.038822
1072.2512350000002,123.038822
1072.378263,123.038822
1072.505292,123.038822
1074.2836969999998,125.352075
1074.410726,125.394913
1074.537755,125.394913
1074.664784,125.394913
1074.791813,125.394913
1074.918842,125.394913
1075.045871,125.394913
1075.1729,125.394913
1076.062103,128.26506
1076.189132,128.26506
1076.3161599999999,128.26506
1076.443189,128.26506
1076.570218,128.26506
1076.697247,128.26506
1076.824276,128.26506
1076.951305,128.26506
1079.237826,124.238286
1079.364855,124.238286
1079.491884,124.238286
1079.618913,124.238286
1079.745942,124.238286
1079.872971,124.238286
1080.0,124.238286
1080.508115,123.72423
1080.6351439999999,123.72423
1080.762173,123.72423
1080.889202,123.72423
1081.016231,123.72423
1081.14326,123.72423
1081.270289,123.72423
1081.397318,124.923695
1081.524347,124.966533
1081.651376,124.966533
1081.778405,125.052209
1081.905434,125.095047
1082.0324620000001,125.137885
1082.159491,125.437751
1082.28652,125.480589
1082.4135489999999,125.480589
1082.540578,125.566265
1082.6676069999999,126.97992
1082.794636,126.97992
1082.9216649999998,126.97992
1083.048694,126.97992
1083.175723,126.97992
1083.302752,126.97992
1083.429781,126.97992
1083.55681,126.97992
1083.683839,126.97992
1083.810868,126.97992
1083.937897,126.97992
1084.0649250000001,126.97992
1084.191954,126.97992
1084.3189830000001,126.97992
1084.4460119999999,128.008032
1084.573041,128.008032
1084.7000699999999,128.093708
1084.827099,128.093708
1084.9541279999999,128.093708
1085.081157,128.093708
1085.2081859999998,128.093708
1085.335215,128.093708
1085.462244,128.093708
1085.589273,128.093708
1085.716302,127.922356
1085.843331,127.922356
1085.970359,126.722892
1086.0973880000001,126.722892
1086.224417,126.722892
1086.3514460000001,126.722892
1086.478475,127.236948
1086.605504,127.236948
1086.7325329999999,128.69344
1086.859562,128.69344
1086.9865909999999,128.69344
1087.11362,128.69344
1087.2406489999998,129.378849
1087.367678,129.378849
1087.494707,129.378849
1087.621736,129.378849
1087.748765,129.378849
1087.8757930000002,129.378849
1088.002822,129.378849
1088.1298510000001,129.378849
1089.0190539999999,131.52075
1089.146083,131.52075
1089.2731119999999,131.777778
1089.400141,131.777778
1089.5271699999998,131.777778
1089.654199,131.777778
1089.781227,131.863454
1089.9082560000002,131.863454
1090.035285,134.262383
1090.1623140000002,134.262383
1090.289343,134.262383
1090.4163720000001,134.262383
1090.543401,134.262383
1090.6704300000001,134.262383
1090.797459,134.262383
1090.924488,134.262383
1091.0515169999999,134.262383
1091.178546,133.405622
1091.3055749999999,132.291834
1091.432604,132.291834
1091.5596329999998,132.37751
1091.686662,132.37751
1091.81369,133.062918
1091.9407190000002,133.062918
1092.067748,133.148594
1092.1947770000002,133.148594
1092.321806,133.148594
1092.4488350000001,133.148594
1092.575864,133.148594
1092.7028930000001,133.148594
1092.829922,133.148594
1092.9569510000001,133.148594
1093.0839799999999,133.062918
1093.211009,133.062918
1093.3380379999999,128.950469
1093.465067,128.950469
1093.5920959999999,128.950469
1093.719124,128.950469
1093.846153,128.864793
1093.9731820000002,128.864793
1095.624558,126.97992
1095.751587,126.97992
1095.878616,126.97992
1096.005645,126.97992
1096.132674,126.97992
1096.2597030000002,126.97992
1096.386732,126.97992
1096.5137610000002,126.97992
1096.64079,125.009371
1096.7678190000001,125.009371
1096.894848,125.009371
1097.0218770000001,125.009371
1097.148906,124.409639
1097.2759350000001,124.366801
1104.135497,123.338688
1104.262526,123.381526
1104.389555,123.381526
1104.516584,123.381526
1104.643613,123.381526
1104.770642,123.381526
1104.8976710000002,124.195448
1105.0247,124.323963
1105.1517290000002,124.323963
1105.278757,124.323963
1105.405786,124.323963
1105.532815,124.323963
1105.659844,124.323963
1105.786873,124.323963
1105.913902,124.281124
1106.294989,126.465863
1106.422018,126.465863
1106.549047,126.465863
1106.676076,126.465863
1106.803105,126.465863
1106.9301340000002,126.465863
1107.057163,126.465863
1107.1841920000002,126.465863
1107.31122,125.523427
1107.438249,125.523427
1107.565278,125.523427
1107.692307,125.523427
1107.819336,125.523427
1107.946365,125.480589
1108.073394,124.495315
1112.646436,123.72423
1112.773465,123.72423
1112.900494,123.809906
1113.0275219999999,123.809906
1113.154551,123.809906
1113.2815799999998,124.109772
1113.408609,124.409639
1113.535638,124.409639
1113.662667,124.452477
1113.789696,124.452477
1113.916725,124.452477
1114.043754,124.452477
1114.170783,124.452477
1114.297812,124.452477
1114.424841,124.452477
1114.55187,124.452477
1114.678899,124.366801
1114.805928,124.366801
1118.743825,120.768407
1118.870853,120.768407
1118.9978820000001,120.768407
1119.1249109999999,120.768407
1119.25194,120.768407
1119.3789689999999,120.768407
1119.505998,120.768407
1119.6330269999999,120.768407
1119.760056,120.768407
1120.141143,121.196787
1120.268172,121.196787
1120.395201,121.196787
1120.52223,121.196787
1120.649259,121.196787
1120.7762870000001,121.196787
1120.903316,121.196787
1121.0303450000001,121.196787
1121.157374,121.710843
1121.284403,121.710843
1121.4114319999999,121.710843
1121.538461,121.710843
1121.6654899999999,203.959839
1121.792519,209.014726
1121.9195479999998,209.014726
1122.046577,209.014726
1122.173606,209.014726
1122.300635,209.014726
1122.427664,209.014726
1122.554693,209.014726
1122.681721,209.014726
1122.8087500000001,194.878179
1122.935779,164.463186
1122.935779,79.445486
1123.062808,79.445486
1123.189837,79.445486
1123.316866,79.445486
1123.4438949999999,79.445486
1123.5709239999999,79.445486
1123.6979529999999,79.445486
1123.8249819999999,79.488347
1123.95201,79.531208
1124.079039,79.531208
1124.206068,79.531208
1124.333097,79.531208
1124.460126,79.531208
1124.587155,79.531208
1124.714184,123.978034
1124.841213,123.978034
1124.968242,123.978034
1125.095271,123.978034
1125.2223,123.978034
1125.349329,123.978034
1125.476358,123.978034
1125.6033869999999,123.978034
1126.238531,121.663541
1126.36556,121.663541
1126.492589,121.663541
1126.619618,121.663541
1126.746647,121.663541
1126.873676,121.663541
1127.000705,121.663541
1127.127734,121.663541
1127.254763,120.977766
1127.381792,120.977766
1127.508821,120.977766
1127.63585,120.977766
1127.7628789999999,120.977766
1127.889907,120.977766
1128.016936,120.977766
1128.143965,120.977766
1128.270994,120.977766
1128.398023,120.977766
1128.525052,79.402625
1128.652081,79.402625
1128.77911,79.402625
1128.906139,79.402625
1129.033168,79.402625
1129.160197,79.359764
1132.589978,122.94937
1132.717007,122.94937
1132.844036,122.94937
1132.971065,122.94937
1133.098094,123.978034
1133.225123,123.978034
1133.352152,123.978034
1133.479181,123.978034
1133.6062089999998,123.978034
1133.7332379999998,123.978034
1133.860267,123.978034
1133.987296,123.978034
1134.114325,79.488347
1134.241354,79.488347
1134.368383,79.488347
1134.495412,79.445486
1134.622441,79.402625
1134.74947,79.402625
1134.876499,79.402625
1135.003528,79.402625
1135.130557,79.402625
1135.257586,79.402625
1135.384615,79.402625
1135.511644,79.488347
1135.6386719999998,79.488347
1135.7657009999998,79.488347
1135.8927299999998,79.488347
1136.019759,79.488347
1136.146788,79.488347
1136.273817,79.488347
1136.400846,79.488347
1136.527875,79.488347
1136.654904,79.488347
1136.781933,79.488347
1136.908962,121.920707
1137.035991,121.920707
1137.16302,121.920707
1137.290049,121.920707
1137.417078,121.920707
1137.5441059999998,121.920707
1137.6711349999998,121.920707
1137.7981639999998,121.920707
1137.9251929999998,117.63461
1138.0522219999998,117.63461
1138.179251,117.63461
1138.30628,117.63461
1138.433309,117.63461
1138.560338,115.920171
1138.687367,115.920171
1138.814396,115.920171
1138.941425,115.920171
1139.068454,115.920171
1139.195483,115.920171
1139.322512,79.488347
1139.4495399999998,79.488347
1139.5765689999998,79.488347
1139.7035979999998,79.488347
1139.8306269999998,79.488347
1139.9576559999998,79.488347
1140.0846849999998,79.488347
1140.2117139999998,79.488347
1140.338743,79.488347
1140.465772,79.488347
1140.592801,79.488347
1140.71983,79.488347
1140.846859,79.488347
1140.973888,79.488347
1141.100917,79.488347
1141.227946,79.488347
1141.3549739999999,79.488347
1141.4820029999998,79.488347
1144.4036689999998,79.402625
1144.5306979999998,79.402625
1144.657727,79.402625
1144.784756,79.402625
1144.911785,79.402625
1145.038814,79.402625
1145.165843,79.402625
1145.2928709999999,79.402625
1145.4198999999999,79.488347
1145.5469289999999,79.488347
1145.6739579999999,79.488347
1145.8009869999999,79.488347
1145.9280159999998,79.488347
1146.0550449999998,79.488347
1146.1820739999998,79.488347
1146.3091029999998,79.488347
1146.4361319999998,149.266006
1146.5631609999998,149.266006
1146.6901899999998,149.266006
1146.817219,149.266006
1146.944248,149.266006
1147.071277,149.266006
1147.198305,149.266006
1147.3253339999999,149.266006
1147.4523629999999,148.151621
1147.5793919999999,148.151621
1147.7064209999999,148.151621
1147.8334499999999,148.151621
1147.9604789999999,148.151621
1148.0875079999998,148.151621
1148.2145369999998,148.151621
1148.3415659999998,148.151621
1148.4685949999998,148.151621
1148.5956239999998,148.151621
1149.4848259999999,148.323065
1149.6118549999999,148.323065
1149.7388839999999,148.323065
1149.8659129999999,148.323065
1149.9929419999999,148.323065
1150.1199709999999,148.323065
1150.2469999999998,148.323065
1150.3740289999998,148.280204
1150.5010579999998,143.094026
1150.6280869999998,143.094026
1150.7551159999998,143.094026
1150.8821449999998,143.094026
1151.009173,143.094026
1151.136202,143.479775
1151.263231,143.522636
1151.39026,143.522636
1151.517289,143.522636
1151.6443179999999,143.522636
1151.7713469999999,143.522636
1151.8983759999999,143.522636
1152.0254049999999,143.522636
1152.1524339999999,143.522636
1152.2794629999999,143.522636
1152.4064919999998,137.09349
1152.5335209999998,137.09349
1152.6605499999998,137.09349
1152.7875789999998,137.09349
1152.9146079999998,137.09349
1153.041636,137.09349
1153.168665,133.750335
1153.295694,128.092687
1153.422723,128.092687
1153.549752,128.092687
1153.676781,128.092687
1153.8038099999999,128.092687
1153.9308389999999,128.049826
1154.0578679999999,127.578355
1154.1848969999999,127.578355
1154.3119259999999,127.578355
1154.4389549999999,127.578355
1154.5659839999998,127.578355
1154.6930129999998,127.578355
1154.8200419999998,127.578355
1154.94707,126.03536
1155.074099,126.03536
1155.201128,126.292526
1155.328157,126.292526
1155.455186,126.292526
1155.582215,126.292526
1155.709244,126.421109
1155.836273,126.46397
1155.9633019999999,127.535494
1156.0903309999999,127.578355
1156.2173599999999,127.578355
1156.3443889999999,127.578355
1156.4714179999999,127.578355
1156.5984469999999,127.578355
1156.7254759999998,127.578355
1156.852504,127.578355
1156.979533,127.578355
1157.106562,127.578355
1157.233591,127.578355
1157.36062,127.578355
1157.487649,127.578355
1157.614678,127.578355
1157.741707,127.492633
1158.5038809999999,122.006429
1158.6309099999999,122.006429
1158.757938,122.006429
1158.884967,122.006429
1159.011996,122.006429
1159.139025,122.006429
1159.266054,122.006429
1159.393083,121.963568
1159.901199,119.091883
1160.028228,119.091883
1160.155257,119.091883
1160.2822859999999,119.091883
1160.4093149999999,119.091883
1160.5363439999999,119.091883
1160.6633729999999,119.091883
1160.790401,79.488347
1160.91743,79.488347
1161.044459,79.488347
1161.171488,79.488347
1161.298517,79.488347
1161.425546,79.488347
1161.552575,79.488347
1161.679604,119.134744
1161.806633,119.134744
1161.933662,119.134744
1162.060691,121.277793
1162.18772,121.320654
1162.314749,121.320654
1162.4417779999999,121.320654
1162.5688069999999,121.320654
1162.695835,121.320654
1162.822864,126.506831
1162.949893,126.506831
1163.076922,126.506831
1163.203951,126.506831
1163.33098,126.506831
1163.458009,126.506831
1163.585038,126.506831
1163.712067,126.506831
1163.839096,126.506831
1163.966125,126.506831
1164.093154,126.506831
1164.220183,126.506831
1164.347212,126.506831
1164.474241,126.506831
1164.601269,126.506831
1164.728298,126.506831
1164.855327,126.46397
1164.982356,126.421109
1165.109385,124.020895
1165.236414,124.020895
1165.363443,124.020895
1165.490472,124.020895
1165.617501,124.020895
1165.74453,124.020895
1165.871559,124.020895
1165.998588,124.020895
1166.125617,124.020895
1166.252646,124.020895
1166.379675,123.849451
1166.506703,123.849451
1166.633732,123.849451
1166.760761,123.849451
1166.88779,123.849451
1167.014819,123.849451
1167.141848,123.849451
1167.268877,123.849451
1167.395906,123.763729
1167.522935,123.763729
1167.649964,122.392178
1167.776993,122.392178
1167.904022,126.249665
1168.031051,126.249665
1168.15808,126.249665
1168.285109,126.249665
1168.412138,126.249665
1168.539166,126.249665
1168.666195,126.249665
1168.793224,126.249665
1168.920253,126.249665
1169.047282,126.249665
1169.174311,79.445486
1169.30134,79.445486
1169.428369,79.445486
1169.555398,79.445486
1169.682427,79.445486
1169.809456,79.445486
1169.936485,79.445486
1170.063514,79.402625
1170.190543,79.359764
1170.317572,79.359764
1170.4445999999998,79.359764
1170.5716289999998,79.445486
1170.6986579999998,79.445486
1170.825687,79.445486
1170.952716,79.445486
1171.079745,79.445486
1171.206774,79.445486
1171.333803,79.445486
1171.460832,79.445486
1171.587861,79.402625
1171.71489,79.359764
1172.4770629999998,121.792124
1172.6040919999998,121.792124
1172.7311209999998,122.306456
1172.85815,122.306456
1172.985179,122.306456
1173.112208,122.306456
1173.239237,122.992231
1173.366266,122.992231
1173.493295,201.984999
1173.620324,210.0
1173.747353,210.0
1173.874382,210.0
1174.001411,210.0
1174.12844,210.0
1174.2554679999998,210.0
1174.3824969999998,210.0
1174.5095259999998,210.0
1174.6365549999998,177.682829
1174.7635839999998,123.420841
1174.8906129999998,123.420841
1175.0176419999998,123.420841
1175.144671,123.420841
1175.2717,122.992231
1175.398729,122.992231
1175.525758,122.992231
1175.652787,122.992231
1175.779816,122.992231
1175.906845,122.992231
1176.033874,120.763461
1176.160903,120.763461
1176.2879309999998,120.763461
1176.4149599999998,120.763461
1176.5419889999998,120.763461
1176.6690179999998,120.763461
1176.7960469999998,120.763461
1176.9230759999998,120.763461
1177.431192,118.9633
1177.558221,118.9633
1177.68525,118.9633
1177.812279,118.9633
1177.939308,119.134744
1178.066337,119.134744
1178.1933649999999,119.134744
1178.3203939999999,119.134744
1178.4474229999998,119.134744
1178.5744519999998,119.134744
1178.7014809999998,119.134744
1178.8285099999998,119.134744
1178.9555389999998,119.134744
1179.0825679999998,119.134744
1179.2095969999998,119.134744
1179.3366259999998,119.134744
1179.463655,119.134744
1179.590684,119.134744
1179.717713,119.134744
1179.844742,119.134744
1179.971771,119.134744
1180.0987989999999,119.134744
1180.2258279999999,119.134744
1180.3528569999999,119.134744
1180.4798859999999,79.445486
1180.6069149999998,79.445486
1180.7339439999998,79.445486
1180.8609729999998,79.445486
1180.9880019999998,79.445486
1181.1150309999998,79.445486
1181.2420599999998,79.445486
1181.3690889999998,122.220734
1181.496118,122.220734
1181.623147,122.220734
1181.750176,122.220734
1181.877205,122.220734
1182.0042329999999,122.220734
1182.1312619999999,122.220734
1182.2582909999999,122.220734
1182.3853199999999,122.135012
1182.5123489999999,122.135012
1182.6393779999999,122.04929
1182.7664069999998,122.04929
1182.8934359999998,121.706402
1183.0204649999998,121.706402
1183.1474939999998,121.706402
1183.2745229999998,121.706402
1183.4015519999998,121.706402
1183.5285809999998,121.706402
1183.6556099999998,79.531208
1183.782639,79.531208
1183.909667,79.531208
1184.036696,79.531208
1184.1637249999999,79.531208
1184.2907539999999,79.445486
1184.4177829999999,79.445486
1184.5448119999999,79.445486
1184.6718409999999,79.445486
1184.7988699999999,79.445486
1184.9258989999998,79.445486
1185.0529279999998,79.445486
1185.1799569999998,79.445486
1185.3069859999998,79.445486
1185.4340149999998,79.445486
1185.5610439999998,79.445486
1185.6880729999998,79.445486
1185.815102,79.445486
1185.94213,79.445486
1186.069159,79.445486
1186.196188,123.077953
1186.3232169999999,123.077953
1186.4502459999999,124.020895
1186.5772749999999,124.020895
1186.7043039999999,124.020895
1186.8313329999999,124.020895
1186.9583619999999,125.735334
1187.0853909999998,125.735334
1187.2124199999998,125.821055
1187.3394489999998,125.821055
1187.4664779999998,125.821055
1187.5935069999998,125.821055
1187.7205359999998,125.821055
1187.847564,125.821055
1187.974593,125.821055
1188.101622,125.821055
1188.228651,125.821055
1188.35568,125.821055
1188.4827089999999,125.821055
1188.6097379999999,125.821055
1188.7367669999999,123.763729
1188.8637959999999,123.763729
1188.9908249999999,126.678275
1189.1178539999999,126.678275
1189.2448829999998,126.849719
1189.3719119999998,126.849719
1189.4989409999998,126.849719
1189.6259699999998,126.849719
1189.752998,126.849719
1189.880027,126.849719
1190.007056,126.849719
1190.134085,126.849719
1190.261114,126.763997
1190.388143,126.763997
1190.515172,124.063756
1190.642201,124.063756
1190.7692299999999,124.063756
1190.8962589999999,124.063756
1191.0232879999999,124.063756
1191.1503169999999,124.063756
1191.2773459999999,124.063756
1191.4043749999998,124.063756
1191.5314039999998,124.063756
1191.658432,124.063756
1191.785461,79.445486
1191.91249,79.445486
1192.039519,79.445486
1192.166548,79.445486
1192.293577,79.445486
1192.420606,79.445486
1192.547635,79.445486
1192.674664,79.445486
1192.801693,79.445486
1192.9287219999999,79.445486
1193.0557509999999,128.949906
1193.1827799999999,129.249933
1193.3098089999999,129.249933
1193.4368379999999,129.249933
1193.5638669999998,129.249933
1193.690895,129.249933
1193.817924,129.249933
1193.944953,129.249933
1194.071982,129.249933
1194.199011,79.445486
1194.32604,79.445486
1194.453069,79.445486
1194.580098,79.445486
1194.707127,79.445486
1194.834156,79.445486
1194.961185,79.445486
1195.0882139999999,79.445486
1195.2152429999999,79.445486
1195.3422719999999,79.445486
1195.4693009999999,79.445486
1195.596329,79.445486
1195.723358,79.445486
1195.850387,129.164211
1195.977416,129.164211
1196.104445,129.164211
1196.231474,129.164211
1196.358503,129.164211
1196.485532,129.164211
1196.612561,129.164211
1196.73959,128.22127
1196.866619,127.964104
1196.993648,127.964104
1197.120677,127.964104
1197.2477059999999,127.964104
1197.3747349999999,126.849719
1197.501763,126.849719
1197.628792,126.849719
1198.390966,126.078221
1198.517995,126.078221
1198.645024,126.078221
1198.772053,126.078221
1198.899082,126.078221
1199.026111,126.078221
1199.15314,126.078221
1199.280169,126.078221
1199.407197,79.445486
1199.534226,79.445486
1199.661255,79.445486
1199.788284,79.445486
1199.915313,79.445486
1200.042342,79.445486
1200.169371,79.445486
1200.2964,79.445486
1200.423429,79.445486
1200.550458,79.445486
1200.677487,79.445486
1200.804516,79.445486
1200.931545,79.445486
1201.058574,79.445486
1201.185603,79.445486
1201.312632,79.445486
1201.43966,79.445486
1201.566689,79.445486
1201.693718,79.445486
1201.820747,79.531208
1201.947776,79.531208
1202.074805,79.531208
1202.201834,79.531208
1202.328863,79.531208
1202.455892,79.531208
1202.582921,79.531208
1202.70995,79.531208
1202.836979,79.531208
1202.964008,79.531208
1203.091037,79.531208
1203.218066,122.520761
1203.345094,122.520761
1203.472123,122.520761
1203.599152,122.520761
1203.726181,122.520761
1203.85321,122.520761
1203.980239,122.520761
1204.107268,122.520761
1204.234297,122.520761
1204.361326,122.520761
1204.488355,122.520761
1204.615384,122.520761
1204.996471,122.006429
1205.1235,122.006429
1205.250528,122.006429
1205.3775569999998,122.006429
1205.504586,122.006429
1205.631615,122.006429
1205.758644,122.006429
1205.885673,122.006429
1206.012702,79.531208
1206.139731,79.531208
1206.26676,79.531208
1206.393789,79.531208
1206.520818,79.531208
1206.647847,79.531208
1206.774876,79.531208
1206.901905,79.531208
1207.028934,79.531208
1207.1559619999998,79.445486
1207.2829909999998,79.445486
1207.4100199999998,79.488347
1207.537049,122.863649
1207.664078,122.90651
1207.791107,123.206536
1207.918136,123.206536
1208.045165,123.206536
1208.172194,123.206536
1208.299223,123.206536
1208.426252,123.206536
1208.553281,123.206536
1208.68031,123.206536
1208.807339,123.035092
1208.934368,123.035092
1209.061397,123.035092
1209.1884249999998,123.035092
1209.3154539999998,122.306456
1209.4424829999998,122.306456
1209.569512,119.134744
1209.6965409999998,119.134744
1209.82357,119.134744
1209.950599,119.134744
1210.077628,119.134744
1210.204657,117.763193
1210.331686,117.720332
1210.458715,117.720332
1210.585744,117.720332
1210.712773,112.577016
1210.839802,112.577016
1210.966831,112.577016
1211.0938589999998,112.577016
1211.2208879999998,112.577016
1211.3479169999998,112.577016
1211.856033,110.905438
1211.9830619999998,110.905438
1212.110091,110.905438
1212.23712,112.577016
1212.364149,112.619877
1212.491178,112.619877
1212.618207,112.619877
1212.745236,112.619877
1212.872265,112.619877
1212.9992929999999,112.619877
1213.1263219999998,112.619877
1213.7614669999998,116.263059
1213.888496,116.263059
1214.0155249999998,116.263059
1214.142554,116.263059
1214.269583,116.263059
1214.396612,116.263059
1214.523641,117.206001
1214.65067,117.206001
1214.777699,117.206001
1214.9047269999999,117.206001
1215.0317559999999,117.63461
1215.1587849999999,117.63461
1215.2858139999998,117.63461
1215.4128429999998,117.63461
1215.5398719999998,117.63461
1215.6669009999998,117.63461
1215.7939299999998,117.63461
1215.9209589999998,117.63461
1216.0479879999998,119.091883
1216.175017,119.091883
1216.3020459999998,119.091883
1216.429075,121.663541
1216.556104,121.663541
1216.683133,121.663541
1216.8101609999999,121.663541
1216.9371899999999,121.663541
1217.0642189999999,121.663541
1217.1912479999999,121.663541
1217.3182769999999,121.663541
1217.4453059999998,79.488347
1217.5723349999998,79.488347
1217.6993639999998,79.488347
1217.8263929999998,79.488347
1217.9534219999998,79.488347
1218.0804509999998,79.488347
1218.2074799999998,79.488347
1218.3345089999998,79.488347
1218.461538,79.488347
1218.588567,79.488347
1218.715596,79.488347
1218.842624,79.488347
1218.9696529999999,79.488347
1219.0966819999999,79.488347
1219.2237109999999,79.488347
1219.3507399999999,79.488347
1219.4777689999999,79.488347
1219.6047979999998,79.488347
1219.7318269999998,79.488347
1219.8588559999998,79.488347
1219.9858849999998,79.488347
1220.1129139999998,79.488347
1220.2399429999998,121.234932
1220.3669719999998,121.234932
1220.494001,121.234932
1220.6210299999998,121.234932
1220.748058,121.234932
1220.875087,121.234932
1221.002116,121.234932
1221.1291449999999,121.234932
1221.2561739999999,118.406108
1221.3832029999999,118.406108
1221.5102319999999,118.406108
1221.6372609999999,118.406108
1221.7642899999998,118.406108
1221.8913189999998,79.488347
1222.0183479999998,79.488347
1222.1453769999998,79.488347
1222.2724059999998,79.488347
1222.3994349999998,79.488347
1222.5264639999998,79.488347
1222.653492,79.488347
1222.780521,121.234932
1222.90755,121.234932
1223.034579,122.006429
1223.161608,122.006429
1223.2886369999999,122.092151
1223.4156659999999,122.092151
1223.5426949999999,122.177873
1223.6697239999999,122.177873
1223.7967529999999,122.177873
1223.9237819999998,122.177873
1224.0508109999998,122.177873
1224.1778399999998,122.177873
1224.3048689999998,124.063756
1224.4318979999998,124.063756
1224.558926,124.063756
1224.685955,124.063756
1224.812984,124.063756
1224.940013,124.063756
1225.067042,124.063756
1225.194071,124.063756
1225.3211,79.488347
1225.4481289999999,79.488347
1225.5751579999999,79.488347
1225.7021869999999,79.488347
1225.8292159999999,79.488347
1225.9562449999999,79.488347
1226.0832739999998,79.488347
1226.2103029999998,79.488347
1226.3373319999998,79.488347
1226.4643609999998,79.488347
1226.591389,79.488347
1226.718418,79.488347
1226.845447,79.488347
1226.972476,79.488347
1227.099505,79.488347
1227.226534,79.488347
1227.353563,124.063756
1227.480592,124.063756
1227.6076209999999,124.063756
1227.7346499999999,124.063756
1227.8616789999999,124.063756
1227.9887079999999,124.063756
1228.1157369999999,124.063756
1228.2427659999998,124.063756
1228.87791,122.006429
1229.004939,122.006429
1229.131968,122.006429
1229.258997,122.006429
1229.386026,122.006429
1229.513055,122.006429
1229.640084,122.006429
1229.7671129999999,122.006429
1229.8941419999999,123.892312
1230.0211709999999,123.892312
1230.1481999999999,124.063756
1230.2752289999999,124.063756
1230.402257,124.063756
1230.529286,124.063756
1230.656315,124.063756
1230.783344,124.063756
1230.910373,124.063756
1231.037402,124.063756
1231.164431,124.063756
1231.29146,139.236539
1231.418489,139.236539
1231.545518,139.236539
1231.672547,139.236539
1231.799576,139.236539
1231.9266049999999,139.236539
1232.0536339999999,139.236539
1232.307691,79.402625
1232.43472,79.402625
1232.561749,79.402625
1232.688778,79.402625
1232.815807,79.402625
1232.942836,79.402625
1233.069865,79.402625
1233.196894,79.402625
1233.450952,127.492633
1233.577981,127.492633
1233.70501,127.492633
1233.832039,127.492633
1233.959068,127.492633
1234.0860969999999,127.492633
1234.2131259999999,128.821323
1234.340154,128.864184
1234.467183,128.864184
1234.594212,128.864184
1234.721241,128.864184
1234.84827,128.864184
1234.975299,128.864184
1235.102328,128.864184
1235.229357,127.664077
1235.356386,127.664077
1235.483415,127.664077
1235.610444,127.664077
1235.737473,79.574069
1235.864502,79.574069
1235.991531,79.574069
1236.11856,79.574069
1236.245588,79.574069
1236.372617,79.574069
1236.499646,79.574069
1236.626675,79.574069
1236.753704,79.574069
1236.880733,79.574069
1237.007762,79.574069
1237.134791,79.574069
1237.26182,79.574069
1237.388849,79.574069
1237.515878,79.574069
1237.642907,79.574069
1237.769936,79.574069
1237.896965,79.574069
1238.023994,79.574069
1238.151022,79.574069
1238.278051,122.006429
1238.40508,122.006429
1238.532109,122.006429
1238.659138,122.006429
1238.786167,122.006429
1238.913196,122.006429
1239.040225,122.006429
1239.167254,122.006429
1239.929428,118.834717
1240.0564559999998,118.834717
1240.183485,118.834717
1240.310514,118.834717
1240.437543,118.834717
1240.564572,118.834717
1240.691601,118.834717
1240.81863,118.834717
1241.199717,115.748728
1241.326746,115.748728
1241.453775,115.748728
1241.580804,115.748728
1241.707833,116.348781
1241.834862,116.348781
1241.961891,116.348781
1242.0889189999998,116.348781
1242.215948,116.348781
1242.3429769999998,116.348781
1242.470006,116.348781
1242.597035,116.348781
1242.851093,111.548353
1242.978122,113.948567
1243.105151,113.948567
1243.23218,113.948567
1243.359209,113.948567
1243.486238,113.948567
1243.613267,113.948567
1243.740296,113.948567
1243.867325,113.948567
1243.9943529999998,109.148138
1244.1213819999998,109.23386
1244.2484109999998,111.462631
1244.3754399999998,111.462631
1244.502469,111.462631
1244.629498,111.462631
1244.756527,118.06322
1244.883556,118.06322
1245.010585,118.06322
1245.137614,118.06322
1245.264643,118.06322
1245.391672,118.06322
1245.518701,118.06322
1245.64573,113.905706
1245.772759,79.574069
1245.8997869999998,79.574069
1246.0268159999998,79.574069
1246.1538449999998,79.574069
1246.2808739999998,79.574069
1246.4079029999998,79.574069
1246.534932,79.574069
1246.6619609999998,79.574069
1246.78899,79.574069
1246.916019,79.574069
1247.043048,79.574069
1247.170077,79.574069
1247.297106,79.574069
1247.424135,79.574069
1247.551164,119.134744
1247.678193,119.134744
1247.8052209999998,119.134744
1247.9322499999998,119.134744
1248.0592789999998,119.134744
1248.1863079999998,119.134744
1248.3133369999998,119.134744
1248.4403659999998,119.134744
1248.5673949999998,119.134744
1248.6944239999998,119.134744
1248.821453,79.531208
1248.948482,79.531208
1249.075511,79.531208
1249.20254,79.531208
1249.329569,79.531208
1249.456598,79.531208
1249.583627,79.531208
1249.7106549999999,79.531208
1249.8376839999999,79.531208
1249.9647129999998,79.531208
1250.0917419999998,79.531208
1250.2187709999998,79.531208
1250.3457999999998,79.531208
1250.4728289999998,79.531208
1250.5998579999998,79.359764
1250.7268869999998,79.359764
1250.853916,79.445486
1250.9809449999998,79.445486
1251.107974,79.445486
1251.235003,79.445486
1251.362032,79.531208
1251.489061,79.531208
1251.61609,79.531208
1251.7431179999999,79.531208
1251.8701469999999,79.531208
1251.9971759999999,79.531208
1252.1242049999998,79.531208
1252.2512339999998,79.531208
1252.3782629999998,79.531208
1252.5052919999998,79.531208
1252.6323209999998,79.531208
1252.7593499999998,79.531208
1252.886379,79.531208
1253.0134079999998,79.531208
1253.140437,79.531208
1253.2674659999998,121.792124
1253.394495,121.792124
1253.521524,121.792124
1253.6485519999999,121.792124
1253.7755809999999,121.792124
1253.9026099999999,121.792124
1254.0296389999999,121.792124
1254.1566679999999,121.792124
1254.7918129999998,123.249397
1254.9188419999998,123.249397
1255.0458709999998,123.249397
1255.1729,123.249397
1255.2999289999998,123.249397
1255.426958,123.249397
1255.553986,123.249397
1255.681015,123.249397
1255.8080439999999,123.077953
1255.9350729999999,123.077953
1256.0621019999999,123.077953
1256.1891309999999,123.077953
1256.3161599999999,122.992231
1256.4431889999998,122.992231
1256.5702179999998,121.449237
1256.6972469999998,121.449237
1256.8242759999998,121.449237
1256.9513049999998,121.449237
1257.0783339999998,119.134744
1257.205363,119.134744
1257.3323919999998,119.134744
1257.9675359999999,113.64854
1258.0945649999999,113.64854
1258.2215939999999,113.64854
1258.3486229999999,113.64854
1258.4756519999999,113.64854
1258.6026809999998,113.64854
1258.7297099999998,113.64854
1258.8567389999998,113.64854
1259.2378259999998,79.445486
1259.3648549999998,79.445486
1259.491883,79.445486
1259.618912,79.445486
1259.745941,79.445486
1259.87297,79.445486
1259.999999,79.445486
1260.1270279999999,79.445486
1260.2540569999999,79.445486
1260.3810859999999,79.445486
1260.5081149999999,79.445486
1260.6351439999999,79.445486
1260.7621729999998,118.877578
1260.8892019999998,118.877578
1261.0162309999998,118.877578
1261.1432599999998,118.877578
1261.2702889999998,118.877578
1261.397317,118.877578
1261.524346,118.877578
1261.651375,118.877578
1261.778404,79.531208
1261.905433,79.531208
1262.032462,79.531208
1262.159491,79.531208
1262.2865199999999,79.531208
1262.4135489999999,79.531208
1262.5405779999999,79.531208
1262.6676069999999,79.531208
1262.7946359999999,79.445486
1262.9216649999998,79.445486
1263.0486939999998,79.445486
1263.1757229999998,79.445486
1263.302751,121.492098
1263.42978,121.534958
1263.556809,121.534958
1263.683838,121.534958
1263.810867,121.534958
1263.937896,121.534958
1264.064925,121.534958
1264.191954,121.534958
1264.318983,121.534958
1264.5730409999999,121.020627
1264.7000699999999,121.020627
1264.8270989999999,121.106349
1264.9541279999999,121.106349
1265.0811569999998,121.363515
1265.208185,121.363515
1265.335214,121.363515
1265.462243,121.363515
1265.589272,121.363515
1265.716301,121.363515
1265.84333,121.363515
1265.970359,121.363515
1266.097388,119.134744
1266.224417,119.134744
1266.351446,119.134744
1266.478475,119.134744
1266.6055039999999,119.134744
1266.7325329999999,119.134744
1266.8595619999999,119.134744
1266.9865909999999,119.134744
1267.1136199999999,117.420305
1267.240648,117.420305
1267.367677,117.420305
1267.494706,117.420305
1267.621735,116.648808
1267.748764,116.648808
1267.875793,116.648808
1268.002822,116.648808
1268.129851,116.648808
1268.25688,116.648808
1268.383909,79.531208
1268.510938,79.531208
1268.637967,79.531208
1268.7649959999999,79.531208
1268.8920249999999,79.531208
1269.0190539999999,79.531208
1269.146082,117.077418
1269.273111,117.077418
1269.40014,117.077418
1269.527169,117.077418
1269.654198,117.077418
1269.781227,117.077418
1269.908256,117.077418
1270.035285,117.077418
1270.162314,118.706134
1270.289343,118.706134
1270.416372,118.706134
1270.543401,118.706134
1270.67043,118.706134
1270.797459,118.706134
1270.9244879999999,118.706134
1271.051516,118.706134
1271.305574,120.763461
1271.432603,120.763461
1271.559632,120.763461
1271.686661,121.063488
1271.81369,121.106349
1271.940719,121.106349
1272.067748,121.106349
1272.194777,121.534958
1272.321806,121.706402
1272.448835,121.706402
1272.575864,121.877846
1272.702893,121.877846
1272.829922,122.392178
1272.95695,122.392178
1273.083979,122.392178
1273.211008,122.392178
1273.338037,122.392178
1273.465066,122.392178
1273.592095,122.392178
1273.719124,122.392178
1273.846153,122.392178
1273.973182,122.349317
1274.100211,121.577819
1274.22724,121.577819
1274.354269,121.534958
1274.481298,121.577819
1274.608327,121.577819
1274.735356,121.577819
1274.862385,121.577819
1274.9894129999998,121.577819
1275.116442,121.577819
1275.243471,121.577819
1275.3705,79.531208
1275.497529,79.531208
1275.624558,79.531208
1275.751587,79.531208
1275.878616,79.531208
1276.005645,79.531208
1276.132674,79.531208
1276.259703,79.531208
1276.386732,79.531208
1276.513761,79.531208
1276.64079,79.531208
1276.767819,79.531208
1276.894847,79.531208
1277.0218759999998,79.531208
1277.148905,79.531208
1277.275934,79.531208
1277.402963,79.531208
1277.529992,79.531208
1277.657021,79.531208
1277.78405,79.531208
1277.911079,79.531208
1278.038108,79.531208
1278.165137,79.531208
1278.292166,79.531208
1278.419195,79.531208
1278.546224,79.531208
1278.673253,79.531208
1278.8002809999998,79.531208
1278.92731,79.531208
1279.0543389999998,79.531208
1279.181368,79.531208
1279.3083969999998,79.531208
1279.435426,79.531208
1279.562455,79.531208
1279.689484,120.763461
1279.816513,120.763461
1279.943542,120.763461
1280.070571,120.763461
1280.1976,120.763461
1280.324629,120.763461
1280.451658,120.763461
1280.578687,121.706402
1280.7057149999998,121.963568
1280.8327439999998,121.963568
1280.9597729999998,121.963568
1281.0868019999998,121.963568
1281.213831,121.963568
1281.3408599999998,121.963568
1281.467889,121.963568
1281.594918,121.963568
1281.721947,123.077953
1281.848976,123.077953
1281.976005,123.077953
1282.103034,123.077953
1282.230063,123.077953
1282.357092,123.077953
1282.484121,123.077953
1282.61115,123.077953
1282.7381779999998,122.992231
1282.8652069999998,122.94937
1282.9922359999998,122.90651
1283.1192649999998,122.863649
1283.246294,122.820788
1283.3733229999998,122.777927
1284.135497,121.449237
1284.262526,121.449237
1284.389555,121.449237
1284.516584,121.449237
1284.6436119999998,121.449237
1284.7706409999998,121.449237
1284.8976699999998,121.449237
1285.0246989999998,121.449237
1285.1517279999998,121.363515
1285.2787569999998,121.363515
1285.4057859999998,121.363515
1285.532815,121.363515
1285.6598439999998,121.363515
1285.786873,121.320654
1285.913902,120.934905
1286.040931,120.806322
1286.16796,120.806322
1286.294989,120.806322
1286.422018,120.892044
1286.5490459999999,120.892044
1286.6760749999999,120.892044
1286.8031039999998,120.892044
1286.9301329999998,120.892044
1287.0571619999998,120.892044
1287.1841909999998,120.892044
1287.3112199999998,120.892044
1287.4382489999998,121.749263
1287.565278,121.749263
1287.6923069999998,121.834985
1287.819336,121.834985
1287.9463649999998,121.834985
1288.073394,121.834985
1288.200423,121.877846
1288.327452,122.006429
1288.4544799999999,122.006429
1288.5815089999999,122.006429
1288.7085379999999,122.006429
1288.8355669999999,122.006429
1288.9625959999998,122.04929
1289.0896249999998,122.04929
1289.2166539999998,122.04929
1289.3436829999998,124.063756
1289.4707119999998,124.063756
1289.5977409999998,124.063756
1289.7247699999998,124.063756
1289.851799,124.063756
1289.9788279999998,124.063756
1290.105857,124.063756
1290.232886,124.063756
1290.359914,79.574069
1290.4869429999999,79.574069
1290.6139719999999,124.063756
1290.7410009999999,124.063756
1290.8680299999999,124.063756
1290.9950589999999,124.063756
1291.1220879999998,124.063756
1291.2491169999998,124.063756
1291.3761459999998,124.063756
1291.5031749999998,124.063756
1291.884262,122.863649
1292.0112909999998,122.90651
1292.13832,123.035092
1292.2653489999998,123.035092
1292.392377,123.035092
1292.519406,123.035092
1292.6464349999999,123.035092
1292.7734639999999,123.035092
1292.9004929999999,123.035092
1293.0275219999999,123.035092
1293.1545509999999,123.035092
1293.2815799999998,123.035092
1293.4086089999998,122.777927
1293.5356379999998,122.777927
1293.6626669999998,79.488347
1293.7896959999998,79.488347
1293.9167249999998,79.488347
1294.0437539999998,79.488347
1294.170783,79.488347
1294.297811,79.488347
1294.42484,79.488347
1294.551869,79.488347
1294.678898,79.488347
1294.8059269999999,79.488347
1294.9329559999999,79.488347
1295.0599849999999,79.488347
1295.1870139999999,79.488347
1295.3140429999999,119.006161
1295.4410719999998,119.006161
1295.5681009999998,119.006161
1295.6951299999998,119.006161
1295.8221589999998,119.006161
1295.9491879999998,119.006161
1296.0762169999998,119.006161
1296.203245,119.006161
1296.330274,119.006161
1296.457303,119.006161
1296.584332,119.006161
1296.711361,119.006161
1296.83839,119.006161
1296.9654189999999,119.006161
1297.0924479999999,119.006161
1297.2194769999999,119.006161
1299.6330269999999,79.574069
1299.7600559999998,79.574069
1299.8870849999998,79.574069
1300.0141139999998,79.574069
1300.141142,79.574069
1300.268171,79.574069
1300.3952,79.574069
1300.522229,79.574069
1300.649258,79.574069
1300.776287,79.574069
1300.903316,79.574069
1301.030345,79.574069
1301.157374,79.574069
1301.2844029999999,79.574069
1301.4114319999999,79.574069
1301.5384609999999,79.574069
1301.6654899999999,79.574069
1301.7925189999999,79.574069
1301.9195479999998,79.574069
1302.046576,79.574069
1302.173605,79.488347
1302.300634,79.488347
1302.427663,121.834985
1302.554692,121.834985
1302.681721,122.092151
1302.80875,122.092151
1302.935779,122.135012
1303.062808,122.135012
1303.189837,122.135012
1303.316866,122.135012
1303.4438949999999,122.135012
1303.5709239999999,122.135012
1303.6979529999999,122.135012
1303.8249819999999,122.006429
1303.95201,121.792124
1304.079039,121.749263
1304.206068,121.62068
1304.333097,121.577819
1304.968242,121.663541
1305.095271,121.663541
1305.2223,121.920707
1305.349329,121.920707
1305.476358,121.920707
1305.6033869999999,121.920707
1305.7304159999999,121.920707
1305.857444,121.920707
1305.984473,121.920707
1306.111502,121.920707
1306.238531,121.920707
1306.36556,121.920707
1306.492589,121.920707
1306.619618,121.920707
1306.746647,122.220734
1306.873676,122.349317
1307.000705,122.349317
1307.127734,123.120814
1307.254763,123.120814
1307.381792,123.206536
1307.508821,123.206536
1307.63585,123.635146
1307.7628789999999,123.635146
1307.889907,123.635146
1308.016936,123.635146
1308.143965,123.635146
1308.270994,123.635146
1308.398023,123.635146
1308.525052,123.635146
1308.652081,123.292258
1308.77911,123.292258
1308.906139,122.135012
1309.033168,122.135012
1309.160197,122.006429
1309.287226,79.574069
1309.414255,79.574069
1309.541284,79.574069
1309.668313,79.574069
1309.795341,79.574069
1309.92237,79.574069
1310.049399,79.574069
1310.176428,79.574069
1310.303457,79.574069
1310.430486,79.574069
1310.557515,121.063488
1310.684544,121.063488
1310.811573,121.877846
1310.938602,121.920707
1311.065631,121.920707
1311.19266,121.920707
1311.319689,121.920707
1311.446718,121.920707
1311.573747,121.920707
1311.7007749999998,121.920707
1311.827804,121.920707
1311.954833,121.920707
1312.081862,121.749263
1312.208891,121.749263
1312.33592,119.134744
1312.462949,119.134744
1312.589978,119.134744
1312.717007,119.134744
1312.844036,119.134744
1312.971065,119.134744
1313.098094,119.134744
1313.225123,119.134744
1313.352152,119.006161
1313.479181,119.006161
1314.114325,117.548888
1314.241354,117.548888
1314.368383,117.548888
1314.495412,117.548888
1314.622441,117.548888
1314.74947,117.548888
1314.876499,117.548888
1315.003528,117.548888
1315.384615,116.605947
1315.511644,116.605947
1315.6386719999998,116.605947
1315.7657009999998,116.605947
1315.89273,116.605947
1316.0197589999998,116.605947
1316.146788,119.134744
1316.273817,119.134744
1316.400846,119.134744
1316.527875,119.134744
1316.654904,119.134744
1316.781933,119.134744
1316.908962,119.134744
1317.035991,119.134744
1317.16302,121.020627
1317.290049,121.063488
1317.417078,121.106349
1317.5441059999998,121.14921
1317.6711349999998,121.14921
1317.7981639999998,121.14921
1317.925193,121.14921
1318.0522219999998,121.14921
1318.179251,121.14921
1318.3062799999998,121.14921
1318.433309,121.063488
1318.560338,121.063488
1318.687367,120.977766
1318.814396,120.977766
1318.941425,120.892044
1319.068454,120.892044
1319.195483,120.806322
1319.322512,120.806322
1319.4495399999998,119.134744
1319.5765689999998,119.134744
1319.7035979999998,119.134744
1319.8306269999998,119.134744
1319.9576559999998,119.134744
1320.0846849999998,119.134744
1320.211714,121.792124
1320.3387429999998,121.834985
1320.465772,122.4779
1320.592801,123.120814
1320.71983,123.120814
1320.846859,123.120814
1320.973888,123.120814
1321.100917,123.120814
1321.227946,123.120814
1321.3549739999999,123.37798
1321.4820029999998,123.37798
1321.6090319999998,123.37798
1321.7360609999998,123.37798
1321.8630899999998,123.37798
1321.9901189999998,123.37798
1322.1171479999998,123.37798
1322.244177,123.335119
1322.3712059999998,121.920707
1322.498235,121.834985
1322.6252639999998,121.834985
1322.752293,121.834985
1323.006351,122.392178
1323.13338,122.435039
1323.2604079999999,122.435039
1323.3874369999999,122.863649
1323.5144659999999,122.863649
1323.6414949999998,122.863649
1323.7685239999998,122.863649
1323.8955529999998,122.94937
1324.0225819999998,122.94937
1324.1496109999998,122.94937
1324.2766399999998,122.94937
1324.4036689999998,122.94937
1324.530698,122.94937
1324.6577269999998,122.94937
1324.784756,122.94937
1324.911785,122.94937
1325.038814,122.94937
1325.165843,122.94937
1325.2928709999999,122.94937
1325.9280159999998,123.37798
1326.0550449999998,123.37798
1326.1820739999998,123.37798
1326.3091029999998,123.37798
1326.4361319999998,123.37798
1326.563161,123.37798
1326.6901899999998,123.37798
1326.817219,123.37798
1327.3253339999999,123.463702
1327.4523629999999,123.463702
1327.5793919999999,123.463702
1327.7064209999999,123.463702
1327.8334499999999,123.463702
1327.9604789999999,123.463702
1328.0875079999998,123.463702
1328.2145369999998,122.735066
1328.3415659999998,123.978034
1328.4685949999998,123.978034
1328.5956239999998,123.978034
1328.7226529999998,123.978034
1328.849682,123.978034
1328.9767109999998,123.978034
1329.103739,123.978034
1329.4848259999999,124.063756
1329.6118549999999,124.063756
1329.7388839999999,124.063756
1329.8659129999999,124.063756
1329.9929419999999,124.063756
1330.1199709999999,124.063756
1330.2469999999998,124.063756
1330.3740289999998,124.063756
1330.5010579999998,124.063756
1330.6280869999998,124.063756
1330.7551159999998,124.063756
1330.882145,124.063756
1331.009173,124.063756
1331.136202,124.063756
1331.263231,124.063756
1331.7713469999999,123.935173
1331.8983759999999,123.935173
1332.0254049999999,123.935173
1332.1524339999999,123.935173
1332.2794629999999,123.935173
1332.4064919999998,123.935173
1332.5335209999998,123.935173
1332.6605499999998,123.935173
1332.7875789999998,123.935173
1332.9146079999998,123.935173
1333.041636,123.849451
1333.168665,123.849451
1333.295694,123.849451
1333.422723,123.849451
1333.549752,123.849451
1333.676781,123.849451
1333.8038099999999,123.849451
1333.9308389999999,123.892312
1334.0578679999999,124.063756
1334.1848969999999,124.063756
1334.3119259999999,124.063756
1334.4389549999999,124.063756
1334.5659839999998,124.063756
1334.6930129999998,124.063756
1334.8200419999998,124.063756
1334.94707,124.063756
1335.074099,124.063756
1335.201128,124.063756
1335.328157,124.063756
1335.455186,124.063756
1335.582215,123.849451
1335.709244,123.849451
1335.836273,123.849451
1335.9633019999999,123.892312
1336.0903309999999,123.892312
1336.2173599999999,123.892312
1336.3443889999999,123.892312
1336.4714179999999,123.892312
1336.5984469999999,123.892312
1336.7254759999998,123.892312
1336.852504,126.335387
1336.979533,126.335387
1337.106562,127.621216
1337.233591,127.621216
1337.36062,128.049826
1337.487649,128.049826
1337.614678,128.049826
1337.741707,128.049826
1337.868736,128.049826
1337.995765,128.049826
1338.1227939999999,128.049826
1338.2498229999999,128.049826
1338.3768519999999,128.049826
1338.5038809999999,128.049826
1338.6309099999999,128.049826
1338.757938,128.049826
1338.884967,128.049826
1339.011996,128.049826
1339.139025,129.292794
1339.266054,129.292794
1339.393083,129.292794
1339.520112,129.292794
1339.647141,129.292794
1339.77417,129.292794
1339.901199,129.292794
1340.028228,129.292794
1340.155257,129.292794
1340.2822859999999,129.292794
1340.4093149999999,129.292794
1340.5363439999999,129.292794
1340.6633729999999,129.164211
1340.790401,129.164211
1340.91743,127.449772
1341.044459,127.449772
1341.171488,127.449772
1341.298517,127.449772
1341.425546,126.678275
1341.552575,126.678275
1341.679604,126.678275
1341.806633,126.678275
1341.933662,123.506563
1342.060691,123.506563
1342.18772,123.506563
1342.314749,123.506563
1342.4417779999999,123.506563
1342.5688069999999,123.506563
1342.695835,119.134744
1342.822864,119.134744
1342.949893,119.134744
1343.076922,119.134744
1343.203951,119.134744
1343.33098,119.134744
1343.458009,119.134744
1343.585038,119.134744
1343.712067,119.134744
1343.839096,119.134744
1343.966125,119.134744
1344.347212,121.62068
1344.474241,121.62068
1344.601269,121.792124
1344.728298,121.792124
1344.855327,122.90651
1344.982356,122.90651
1345.109385,122.94937
1345.236414,122.94937
1345.363443,122.94937
1345.490472,124.063756
1345.617501,124.063756
1345.74453,125.821055
1345.871559,125.821055
1345.998588,125.992499
1346.125617,125.992499
1346.252646,126.335387
1346.379675,126.335387
1346.506703,182.911867
1346.633732,198.08465
1346.760761,205.15671
1346.88779,209.185642
1347.014819,209.185642
1347.141848,209.185642
1347.268877,209.185642
1347.395906,209.185642
1347.522935,209.185642
1347.649964,209.185642
1347.776993,209.185642
1347.904022,127.021163
1348.031051,126.421109
1348.15808,126.421109
1348.285109,126.421109
1348.412138,126.421109
1348.539166,123.077953
1348.6661949999998,123.077953
1348.793224,123.077953
1348.920253,123.077953
1349.047282,123.077953
1349.174311,123.077953
1349.30134,123.077953
1349.428369,123.077953
1349.555398,118.706134
1349.682427,118.706134
1349.809456,118.706134
1349.936485,118.706134
1350.063514,118.706134
1350.190543,118.706134
1350.317572,118.706134
1350.4445999999998,116.648808
1350.571629,116.648808
1350.6986579999998,79.61693
1350.825687,79.61693
1350.952716,79.61693
1351.079745,79.61693
1351.206774,79.61693
1351.333803,79.61693
1351.460832,79.61693
1351.587861,79.61693
1351.71489,79.531208
1351.841919,79.531208
1351.968948,117.248862
1352.095977,117.248862
1352.223006,117.248862
1352.3500339999998,117.248862
1352.4770629999998,117.248862
1352.604092,117.248862
1352.7311209999998,117.248862
1352.85815,117.248862
1352.9851789999998,118.363247
1353.112208,118.363247
1353.239237,118.534691
1353.366266,118.534691
1353.493295,118.534691
1353.620324,118.534691
1353.747353,118.534691
1353.874382,118.534691
1354.001411,118.534691
1354.12844,118.534691
1354.2554679999998,118.534691
1354.3824969999998,118.534691
1354.5095259999998,118.363247
1354.6365549999998,118.363247
1354.7635839999998,118.534691
1354.890613,118.534691
1355.0176419999998,118.877578
1355.144671,118.877578
1355.2717,118.877578
1355.398729,118.877578
1355.525758,118.877578
1355.652787,118.877578
1355.779816,118.877578
1355.906845,118.877578
1356.033874,119.134744
1356.160903,119.134744
1356.2879309999998,119.134744
1356.4149599999998,119.134744
1356.5419889999998,119.134744
1356.6690179999998,119.134744
1356.7960469999998,119.134744
1356.923076,119.134744
1357.0501049999998,119.134744
1357.177134,119.134744
1357.3041629999998,119.134744
1357.431192,119.134744
1357.558221,119.134744
1357.68525,119.134744
1357.812279,122.520761
1357.939308,122.563622
1358.066337,122.563622
1358.1933649999999,122.563622
1358.3203939999999,122.563622
1358.4474229999998,122.563622
1358.5744519999998,122.563622
1358.7014809999998,122.563622
1358.8285099999998,122.563622
1358.9555389999998,122.563622
1359.0825679999998,122.563622
1359.209597,122.563622
1359.590684,123.206536
1359.717713,124.063756
1359.844742,124.063756
1359.971771,124.063756
1360.0987989999999,124.063756
1360.2258279999999,124.063756
1360.3528569999999,124.063756
1360.4798859999999,124.063756
1360.6069149999998,124.063756
1361.1150309999998,79.531208
1361.24206,79.531208
1361.3690889999998,79.531208
1361.496118,79.531208
1361.6231469999998,79.531208
1361.750176,79.531208
1361.877205,79.531208
1362.0042329999999,79.531208
1362.1312619999999,79.531208
1362.2582909999999,79.531208
1362.3853199999999,79.531208
1362.5123489999999,79.531208
1362.6393779999999,79.531208
1362.7664069999998,79.531208
1362.8934359999998,79.61693
1363.0204649999998,79.61693
1363.1474939999998,79.61693
1363.2745229999998,79.61693
1363.4015519999998,79.61693
1363.528581,79.61693
1363.6556099999998,79.61693
1363.782639,79.61693
1363.909667,79.531208
1364.036696,79.531208
1364.1637249999999,123.249397
1364.2907539999999,124.020895
1364.4177829999999,124.020895
1364.5448119999999,124.020895
1364.6718409999999,124.020895
1364.7988699999999,124.020895
1364.9258989999998,124.020895
1365.0529279999998,125.821055
1365.1799569999998,125.821055
1365.3069859999998,125.821055
1365.4340149999998,125.821055
1365.561044,125.821055
1365.6880729999998,125.821055
1365.815102,127.535494
1365.94213,127.535494
1366.069159,127.535494
1366.196188,127.535494
1366.3232169999999,127.535494
1366.4502459999999,127.535494
1366.5772749999999,127.535494
1366.7043039999999,127.535494
1366.8313329999999,132.20734
1366.9583619999999,142.236807
1367.0853909999998,142.493973
1367.2124199999998,142.493973
1367.3394489999998,142.493973
1367.4664779999998,142.493973
1367.5935069999998,142.493973
1367.7205359999998,142.493973
1367.847564,142.493973
1367.974593,142.493973
1368.101622,142.493973
1368.228651,142.493973
1368.35568,142.493973
1368.4827089999999,142.493973
1368.6097379999999,139.236539
1368.7367669999999,139.236539
1368.8637959999999,139.236539
1368.9908249999999,139.236539
1369.1178539999999,139.236539
1369.2448829999998,139.236539
1369.3719119999998,139.236539
1369.4989409999998,139.236539
1369.6259699999998,139.236539
1369.752998,139.236539
1369.880027,139.236539
1370.007056,142.322529
1370.134085,142.493973
1370.261114,142.536834
1370.388143,142.536834
1370.515172,142.536834
1370.642201,142.536834
1370.7692299999999,142.536834
1370.8962589999999,142.536834
1371.0232879999999,142.536834
1371.4043749999998,146.78007
1371.5314039999998,146.78007
1371.658432,146.78007
1371.785461,146.78007
1371.91249,146.78007
1372.039519,146.78007
1372.166548,146.78007
1372.293577,146.78007
1372.9287219999999,148.923118
1373.0557509999999,148.923118
1373.1827799999999,148.923118
1373.3098089999999,148.923118
1373.4368379999999,148.923118
1373.5638669999998,148.923118
1373.690895,148.923118
1373.817924,148.923118
1373.944953,148.323065
1374.071982,148.323065
1374.199011,142.408251
1374.32604,142.451112
1374.453069,142.451112
1374.580098,142.451112
1374.707127,142.451112
1374.834156,142.451112
1374.961185,142.451112
1375.0882139999999,142.451112
1375.2152429999999,137.264934
1375.3422719999999,137.264934
1375.4693009999999,137.264934
1375.596329,137.264934
1375.723358,137.264934
1376.104445,138.465042
1376.231474,138.465042
1376.358503,138.465042
1376.485532,138.465042
1376.612561,138.465042
1376.73959,138.465042
1376.866619,138.465042
1376.993648,138.465042
1377.120677,138.465042
1377.2477059999999,138.465042
1377.3747349999999,138.465042
1377.501763,138.465042
1377.628792,137.5221
1377.755821,137.5221
1377.88285,137.436378
1378.009879,137.436378
1378.136908,133.407447
1378.263937,133.407447
1378.390966,133.407447
1378.517995,133.407447
1378.645024,133.407447
1378.772053,133.407447
1378.899082,123.506563
1379.026111,123.506563
1379.15314,123.506563
1379.280169,123.506563
1379.407197,123.506563
1379.534226,123.506563
1379.661255,123.506563
1379.788284,123.206536
1379.915313,118.748995
1380.042342,118.748995
1380.169371,118.748995
1380.2964,118.748995
1380.423429,118.748995
1380.550458,118.748995
1380.804516,114.120011
1380.931545,114.120011
1381.058574,114.120011
1381.185603,114.120011
1381.312632,114.120011
1381.43966,114.120011
1381.5666889999998,114.120011
1381.693718,111.462631
1381.820747,111.462631
1381.947776,111.462631
1382.074805,112.74846
1382.201834,112.74846
1382.328863,112.74846
1382.455892,112.74846
1382.582921,114.07715
1382.70995,118.406108
1382.836979,118.406108
1382.964008,118.406108
1383.091037,118.406108
1383.218066,119.134744
1383.3450939999998,119.134744
1383.472123,119.134744
1383.5991519999998,119.134744
1383.726181,119.134744
1383.85321,119.134744
1383.980239,119.134744
1384.107268,119.134744
1384.234297,79.488347
1384.361326,79.488347
1384.488355,79.488347
1384.615384,79.488347
1384.742413,79.488347
1384.869442,79.488347
1384.996471,118.748995
1385.1235,118.748995
1385.250528,118.748995
1385.3775569999998,118.748995
1385.504586,118.748995
1385.6316149999998,118.748995
1385.758644,118.748995
1385.8856729999998,118.748995
1386.012702,117.806054
1386.139731,117.806054
1386.26676,117.806054
1386.393789,117.806054
1386.520818,117.720332
1386.647847,117.720332
1386.774876,79.488347
1386.901905,79.488347
1387.028934,79.488347
1387.1559619999998,79.488347
1387.282991,79.488347
1387.4100199999998,79.488347
1387.537049,118.663274
1387.6640779999998,118.663274
1387.791107,118.663274
1387.9181359999998,118.663274
1388.045165,118.663274
1388.172194,118.663274
1388.299223,118.663274
1388.426252,118.663274
1389.061397,119.134744
1389.1884249999998,119.134744
1389.315454,119.134744
1389.4424829999998,119.134744
1389.569512,119.134744
1389.6965409999998,119.134744
1389.82357,119.134744
1389.9505989999998,119.134744
1390.077628,119.134744
1390.2046569999998,119.134744
1390.331686,119.134744
1390.458715,119.134744
1390.585744,119.134744
1390.712773,119.134744
1390.839802,117.977498
1390.966831,117.977498
1391.0938589999998,118.49183
1391.2208879999998,118.49183
1391.347917,118.49183
1391.4749459999998,118.49183
1391.601975,118.49183
1391.7290039999998,118.49183
1391.856033,118.49183
1391.9830619999998,118.49183
1392.110091,118.49183
1392.2371199999998,118.49183
1392.364149,118.49183
1392.491178,118.49183
1392.618207,79.488347
1392.745236,79.488347
1392.872265,79.488347
1392.9992929999999,79.488347
1393.1263219999998,79.574069
1393.2533509999998,79.574069
1393.3803799999998,79.574069
1393.5074089999998,79.574069
1393.634438,79.574069
1393.7614669999998,79.574069
1393.888496,79.574069
1394.0155249999998,79.574069
1394.142554,79.574069
1394.2695829999998,79.574069
1394.396612,79.574069
1394.5236409999998,79.574069
1394.65067,79.574069
1394.777699,79.574069
1394.9047269999999,79.488347
1395.0317559999999,79.488347
1395.1587849999999,79.488347
1395.2858139999998,79.488347
1395.4128429999998,79.488347
1395.5398719999998,79.488347
1395.666901,79.488347
1395.7939299999998,79.488347
1395.920959,79.488347
1396.0479879999998,79.488347
1396.175017,79.488347
1396.3020459999998,79.488347
1396.429075,79.488347
1396.5561039999998,79.488347
1396.683133,79.488347
1396.8101609999999,79.488347
1396.9371899999999,79.488347
1397.0642189999999,79.488347
1397.1912479999999,79.488347
1397.3182769999999,79.488347
1397.4453059999998,118.748995
1397.5723349999998,118.748995
1397.6993639999998,119.134744
1397.8263929999998,119.134744
1397.953422,119.134744
1398.0804509999998,119.134744
1398.20748,119.134744
1398.3345089999998,119.134744
1398.461538,119.134744
1398.5885669999998,119.134744
1398.715596,119.134744
1398.842624,119.134744
1398.9696529999999,119.134744
1399.0966819999999,119.134744
1399.7318269999998,119.091883
1399.8588559999998,119.091883
1399.985885,119.091883
1400.1129139999998,119.091883
1400.239943,119.091883
1400.3669719999998,119.091883
1400.494001,119.091883
1400.6210299999998,119.091883
1400.748058,79.574069
1400.875087,79.574069
1401.002116,79.488347
1401.1291449999999,79.488347
1401.2561739999999,79.574069
1401.3832029999999,79.574069
1401.5102319999999,79.574069
1401.6372609999999,79.574069
1401.7642899999998,79.574069
1401.8913189999998,79.574069
1402.0183479999998,79.574069
1402.1453769999998,79.574069
1402.272406,79.574069
1402.3994349999998,79.574069
1402.526464,79.488347
1402.653492,79.488347
1402.780521,79.488347
1402.90755,79.488347
1403.034579,79.488347
1403.161608,79.488347
1403.2886369999999,79.488347
1403.4156659999999,79.488347
1403.5426949999999,79.488347
1403.6697239999999,79.488347
1403.7967529999999,123.420841
1403.9237819999998,123.463702
1404.0508109999998,123.892312
1404.1778399999998,124.063756
1404.304869,124.063756
1404.4318979999998,124.063756
1404.558926,124.063756
1404.685955,124.063756
1404.812984,124.063756
1404.940013,124.063756
1405.067042,124.063756
1405.194071,124.063756
1405.3211,124.063756
1405.4481289999999,79.488347
1405.5751579999999,79.488347
1405.7021869999999,79.488347
1406.591389,118.49183
1406.718418,118.49183
1406.845447,118.49183
1406.972476,118.49183
1407.099505,118.49183
1407.226534,118.49183
1407.353563,118.49183
1407.480592,118.49183
1407.6076209999999,116.348781
1407.7346499999999,116.348781
1407.8616789999999,116.348781
1407.9887079999999,116.30592
1408.1157369999999,113.434235
1408.2427659999998,113.434235
1408.3697949999998,113.434235
1408.496823,113.434235
1408.623852,113.434235
1408.750881,113.434235
1408.87791,113.434235
1409.004939,113.434235
1409.131968,113.434235
1409.258997,79.488347
1409.386026,79.488347
1409.513055,79.488347
1409.640084,79.488347
1409.7671129999999,79.488347
1409.8941419999999,79.488347
1410.0211709999999,79.488347
1410.1481999999999,79.488347
1410.2752289999999,79.488347
1410.402257,116.348781
1410.529286,116.348781
1410.656315,116.348781
1410.783344,116.348781
1410.910373,116.348781
1411.037402,116.348781
1411.164431,116.348781
1411.29146,116.348781
1411.418489,79.488347
1411.545518,79.488347
1411.672547,79.488347
1411.799576,79.488347
1411.9266049999999,79.488347
1412.0536339999999,79.488347
1412.1806629999999,120.806322
1412.307691,120.806322
1412.43472,120.806322
1412.561749,120.806322
1412.688778,123.763729
1412.815807,123.763729
1412.942836,124.063756
1413.069865,124.063756
1413.196894,124.063756
1413.323923,124.063756
1413.450952,124.063756
1413.577981,125.735334
1413.70501,125.735334
1413.832039,125.735334
1413.959068,125.735334
1414.0860969999999,125.735334
1414.2131259999999,125.735334
1414.340154,125.735334
1414.467183,125.735334
1414.594212,124.063756
1414.721241,124.063756
1414.84827,124.063756
1414.975299,124.063756
1415.102328,124.063756
1415.229357,124.063756
1415.356386,123.420841
1415.483415,123.420841
1415.610444,123.420841
1415.737473,123.420841
1415.864502,123.420841
1415.991531,123.37798
1416.11856,123.335119
1416.2455879999998,79.445486
1416.372617,79.445486
1416.499646,79.445486
1416.626675,79.445486
1416.753704,79.445486
1416.880733,79.445486
1417.007762,125.949638
1417.134791,128.564158
1417.26182,128.564158
1417.388849,128.564158
1417.515878,128.564158
1417.642907,131.392982
1417.769936,131.392982
1417.896965,131.392982
1418.023994,131.392982
1418.151022,131.392982
1418.2780509999998,131.392982
1418.40508,131.392982
1418.532109,131.392982
1418.786167,134.221806
1418.913196,134.264666
1419.040225,134.264666
1419.167254,134.264666
1419.294283,138.422181
1419.421312,138.422181
1419.548341,138.422181
1419.67537,138.422181
1419.802399,138.422181
1419.929428,138.422181
1420.0564559999998,138.422181
1420.183485,138.422181
1420.3105139999998,138.422181
1420.437543,138.422181
1420.81863,137.650683
1420.945659,137.650683
1421.072688,137.650683
1421.199717,137.650683
1421.326746,137.650683
1421.453775,137.650683
1421.580804,137.650683
1421.707833,137.650683
1421.961891,133.707474
1422.0889189999998,133.707474
1422.215948,133.707474
1422.3429769999998,133.707474
1422.470006,133.707474
1422.5970349999998,133.707474
1422.724064,133.707474
1422.851093,132.850254
1422.978122,132.850254
1423.105151,132.850254
1423.23218,132.850254
1423.359209,132.850254
1423.486238,132.850254
1423.613267,132.850254
1423.740296,132.850254
1423.867325,137.564961
1423.994353,137.564961
1424.1213819999998,137.564961
1424.248411,137.564961
1424.3754399999998,137.564961
1424.502469,137.564961
1424.6294979999998,137.564961
1424.756527,137.564961
1424.8835559999998,137.564961
1425.010585,137.564961
1425.137614,139.022234
1425.264643,139.022234
1425.391672,139.022234
1425.518701,139.022234
1425.64573,139.022234
1425.772759,139.022234
1425.8997869999998,139.022234
1426.0268159999998,139.022234
1426.1538449999998,79.445486
1426.280874,79.445486
1426.9160189999998,79.445486
1427.043048,79.445486
1427.170077,79.445486
1427.297106,79.445486
1427.424135,79.445486
1427.551164,79.445486
1427.678193,79.445486
1427.8052209999998,79.445486
1428.9484819999998,79.445486
1429.075511,79.445486
1429.2025399999998,79.445486
1429.329569,79.445486
1429.456598,138.936512
1429.583627,138.936512
1429.7106549999999,138.936512
1429.8376839999999,138.936512
1429.9647129999998,138.936512
1430.0917419999998,138.936512
1430.2187709999998,138.936512
1430.3457999999998,138.936512
1431.107974,133.836057
1431.2350029999998,134.43611
1431.362032,134.43611
1431.489061,134.43611
1431.61609,134.43611
1431.7431179999999,134.43611
1431.8701469999999,134.43611
1431.9971759999999,134.43611
1432.1242049999998,134.43611
1432.2512339999998,131.650147
1432.3782629999998,131.650147
1432.5052919999998,131.650147
1432.632321,131.650147
1432.7593499999998,131.650147
1432.886379,131.650147
1433.0134079999998,131.650147
1433.394495,133.193142
1433.5215239999998,133.193142
1433.6485519999999,133.193142
1433.7755809999999,133.193142
1433.9026099999999,133.193142
1434.0296389999999,133.193142
1434.1566679999999,133.193142
1434.2836969999998,133.193142
1434.4107259999998,133.193142
1434.5377549999998,133.193142
1434.6647839999998,133.193142
1434.7918129999998,133.193142
1434.918842,131.135816
1435.0458709999998,131.135816
1435.1729,131.135816
1435.2999289999998,131.135816
1435.426958,131.135816
1435.553986,131.135816
1435.681015,129.292794
1435.8080439999999,129.292794
1435.9350729999999,128.049826
1436.0621019999999,128.049826
1436.1891309999999,128.049826
1436.3161599999999,128.049826
1436.4431889999998,129.164211
1436.5702179999998,129.164211
1436.6972469999998,131.050094
1436.8242759999998,131.050094
1436.951305,131.050094
1437.0783339999998,131.050094
1437.205363,131.050094
1437.3323919999998,131.050094
1437.45942,131.050094
1437.586449,131.050094
1437.713478,131.050094
1437.840507,131.050094
1437.9675359999999,130.964372
1438.0945649999999,130.964372
1438.2215939999999,129.292794
1438.3486229999999,129.292794
1438.4756519999999,129.292794
1438.6026809999998,129.292794
1438.7297099999998,129.292794
1438.8567389999998,129.292794
1438.9837679999998,129.292794
1439.1107969999998,129.292794
1439.237826,127.021163
1439.3648549999998,127.021163
1439.491883,126.163943
1439.618912,126.163943
1439.745941,126.163943
1439.87297,126.163943
1439.999999,79.531208
1440.1270279999999,79.531208
1440.2540569999999,79.531208
1440.3810859999999,79.531208
1440.5081149999999,79.531208
1440.6351439999999,79.531208
1440.7621729999998,79.531208
1440.8892019999998,79.531208
1441.0162309999998,79.531208
1441.1432599999998,79.531208
1441.270289,79.531208
1441.397317,79.531208
1441.524346,79.531208
1441.651375,79.531208
1441.778404,79.531208
1441.905433,79.531208
1442.032462,79.531208
1442.159491,79.531208
1442.2865199999999,79.531208
1442.4135489999999,79.531208
1442.5405779999999,79.531208
1442.6676069999999,79.531208
1442.7946359999999,79.531208
1442.9216649999998,79.531208
1443.0486939999998,79.531208
1443.1757229999998,79.531208
1443.302751,79.531208
1443.42978,79.531208
1443.556809,79.531208
1443.683838,79.531208
1443.810867,79.531208
1443.937896,79.531208
1444.064925,79.531208
1444.191954,79.531208
1444.318983,79.531208
1444.4460119999999,79.531208
1444.5730409999999,79.531208
1444.7000699999999,79.531208
1444.8270989999999,79.531208
1444.9541279999999,79.531208
1445.0811569999998,79.531208
1445.208185,79.531208
1445.335214,79.531208
1445.462243,79.531208
1445.589272,79.531208
1445.716301,143.822663
1445.84333,143.822663
1445.970359,143.822663
1446.097388,143.822663
1446.224417,143.822663
1446.351446,143.822663
1446.478475,143.822663
1446.6055039999999,141.336726
1446.7325329999999,141.336726
1446.8595619999999,141.336726
1446.9865909999999,141.336726
1447.1136199999999,141.336726
1447.240648,141.808197
1447.367677,141.851058
1447.494706,141.851058
1447.621735,141.851058
1447.748764,141.851058
1447.875793,141.851058
1448.002822,141.851058
1448.129851,141.851058
1448.25688,141.679614
1448.383909,141.636753
1448.510938,139.236539
1448.637967,139.236539
1448.7649959999999,139.236539
1448.8920249999999,139.236539
1449.0190539999999,139.236539
1449.146082,139.236539
1449.273111,139.236539
1449.40014,139.236539
1449.527169,79.531208
1449.654198,79.531208
1449.781227,79.531208
1449.908256,79.531208
1450.035285,79.531208
1450.162314,79.531208
1450.289343,79.531208
1450.416372,133.53603
1450.543401,133.53603
1450.67043,133.53603
1450.797459,133.53603
1450.9244879999999,133.53603
1451.051516,133.53603
1451.178545,133.53603
1451.305574,133.493169
1451.432603,133.193142
1451.559632,133.150281
1451.686661,133.193142
1451.81369,133.193142
1451.940719,133.193142
1452.067748,133.193142
1452.194777,133.193142
1452.321806,133.193142
1452.448835,133.193142
1452.575864,133.150281
1452.702893,79.531208
1452.829922,79.531208
1452.9569499999998,79.531208
1453.083979,79.531208
1453.211008,79.488347
1453.338037,79.488347
1453.465066,79.488347
1453.592095,79.488347
1453.719124,79.488347
1453.846153,79.488347
1453.973182,79.488347
1454.100211,79.488347
1454.22724,79.488347
1454.354269,123.077953
1454.481298,123.077953
1454.608327,123.077953
1454.735356,123.077953
1454.862385,123.077953
1454.9894129999998,123.077953
1455.116442,123.077953
1455.2434709999998,122.692205
1455.3705,122.649344
1455.497529,79.488347
1455.624558,79.488347
1455.751587,79.488347
1455.878616,79.488347
1456.005645,79.488347
1456.132674,79.488347
1456.259703,79.488347
1456.386732,79.488347
1456.513761,79.488347
1456.64079,79.488347
1456.767819,79.531208
1456.894847,118.406108
1457.0218759999998,118.406108
1457.148905,118.406108
1457.2759339999998,118.406108
1457.402963,118.406108
1457.529992,118.406108
1457.657021,118.406108
1457.78405,118.406108
1457.911079,114.120011
1458.038108,114.120011
1458.165137,117.291722
1458.292166,117.291722
1458.419195,117.291722
1458.546224,117.291722
1458.673253,119.134744
1458.8002809999998,119.134744
1458.92731,119.134744
1459.0543389999998,119.134744
1459.181368,119.134744
1459.3083969999998,119.134744
1459.435426,119.134744
1459.5624549999998,119.134744
1459.943542,122.006429
1460.070571,122.006429
1460.1976,122.092151
1460.324629,122.092151
1460.451658,122.092151
1460.578687,122.092151
1460.7057149999998,200.013394
1460.8327439999998,200.013394
1460.959773,200.013394
1461.0868019999998,200.013394
1461.213831,200.013394
1461.3408599999998,200.013394
1461.467889,200.013394
1461.5949179999998,199.070453
1461.721947,182.869006
1461.848976,121.749263
1461.976005,121.749263
1462.103034,121.749263
1462.230063,121.749263
1462.357092,121.749263
1462.484121,120.977766
1462.61115,120.977766
1462.7381779999998,118.834717
1462.8652069999998,118.834717
1462.992236,118.834717
1463.1192649999998,118.834717
1463.246294,118.834717
1463.3733229999998,118.834717
1463.500352,118.834717
1463.6273809999998,118.834717
1464.262526,118.748995
1464.389555,118.748995
1464.516584,118.748995
1464.6436119999998,118.748995
1464.7706409999998,118.748995
1464.8976699999998,118.748995
1465.0246989999998,118.748995
1465.1517279999998,118.748995
1465.278757,79.488347
1465.4057859999998,79.488347
1465.532815,79.488347
1465.6598439999998,79.488347
1465.786873,79.488347
1465.9139019999998,79.488347
1466.040931,118.320386
1466.16796,118.320386
1466.294989,118.320386
1466.422018,118.320386
1466.5490459999999,118.320386
1466.6760749999999,118.320386
1466.8031039999998,118.320386
1466.9301329999998,118.320386
1467.0571619999998,118.06322
1467.1841909999998,118.06322
1467.31122,118.834717
1467.4382489999998,118.834717
1467.565278,118.834717
1467.6923069999998,118.834717
1467.819336,118.834717
1467.9463649999998,118.834717
1468.073394,118.834717
1468.2004229999998,118.834717
1468.327452,118.663274
1468.4544799999999,118.663274
1468.5815089999999,118.663274
1468.7085379999999,118.663274
1468.8355669999999,118.663274
1468.9625959999998,118.663274
1469.0896249999998,118.663274
1469.2166539999998,118.663274
1469.851799,117.206001
1469.9788279999998,117.206001
1470.105857,117.206001
1470.2328859999998,117.206001
1470.359914,117.206001
1470.4869429999999,117.206001
1470.6139719999999,117.206001
1470.7410009999999,117.206001
1470.8680299999999,79.488347
1470.9950589999999,79.488347
1471.3761459999998,79.488347
1471.5031749999998,79.488347
1471.630204,79.488347
1471.7572329999998,79.488347
1471.884262,79.488347
1472.0112909999998,79.488347
1472.13832,79.488347
1472.2653489999998,79.488347
1473.1545509999999,79.402625
1473.2815799999998,79.402625
1473.4086089999998,79.402625
1473.5356379999998,79.402625
1473.6626669999998,79.402625
1473.7896959999998,79.402625
1473.916725,79.402625
1474.0437539999998,79.402625
1475.5681009999998,113.519957
1475.6951299999998,113.519957
1475.8221589999998,113.519957
1475.949188,113.519957
1476.0762169999998,113.519957
1476.203245,113.519957
1476.330274,113.519957
1476.457303,113.519957
1476.584332,113.519957
1476.711361,113.519957
1476.83839,113.519957
1476.9654189999999,113.519957
1477.0924479999999,113.519957
1477.2194769999999,113.519957
1477.3465059999999,79.488347
1477.4735349999999,79.488347
1477.6005639999998,79.488347
1477.7275929999998,79.488347
1477.8546219999998,79.488347
1477.9816509999998,79.488347
1478.108679,79.488347
1478.235708,79.488347
1478.362737,79.488347
1478.489766,79.488347
1478.616795,79.488347
1478.743824,79.488347
1478.870853,79.488347
1478.997882,79.488347
1479.1249109999999,79.488347
1479.2519399999999,79.488347
1479.3789689999999,79.488347
1479.5059979999999,79.488347
1479.6330269999999,79.488347
1479.7600559999998,79.488347
1479.8870849999998,79.488347
1480.0141139999998,79.488347
1480.141142,79.488347
1480.268171,79.488347
1480.3952,79.488347
1480.522229,79.488347
1480.649258,79.488347
1480.776287,79.488347
1480.903316,113.262791
1481.030345,113.262791
1481.157374,113.262791
1481.2844029999999,113.262791
1481.4114319999999,113.262791
1481.5384609999999,113.262791
1481.6654899999999,113.262791
1481.7925189999999,113.262791
1481.9195479999998,79.574069
1482.046576,79.488347
1482.173605,79.488347
1482.300634,79.488347
1482.427663,79.488347
1482.554692,79.488347
1482.681721,79.488347
1482.80875,117.977498
1482.935779,117.977498
1483.062808,117.977498
1483.189837,117.977498
1483.316866,117.977498
1483.4438949999999,117.977498
1483.5709239999999,117.977498
1483.6979529999999,117.977498
1483.8249819999999,79.488347
1483.95201,79.488347
1484.079039,79.488347
1484.206068,79.488347
1484.333097,79.488347
1484.460126,79.488347
1484.587155,118.920439
1484.714184,118.920439
1484.841213,118.920439
1484.968242,118.920439
1485.095271,118.920439
1485.2223,118.920439
1485.349329,118.920439
1485.476358,118.920439
1485.6033869999999,117.806054
1485.7304159999999,117.806054
1485.857444,117.806054
1485.984473,117.806054
1486.111502,116.005893
1486.238531,116.005893
1486.36556,116.005893
1486.492589,116.005893
1486.619618,116.005893
1486.746647,115.963032
1486.873676,113.005626
1487.000705,113.005626
1487.127734,113.005626
1487.254763,113.005626
1487.381792,113.005626
1487.508821,113.905706
1487.63585,113.948567
1487.7628789999999,113.948567
1487.889907,113.948567
1488.016936,113.948567
1488.143965,113.948567
1488.270994,113.948567
1488.398023,117.891776
1488.525052,117.891776
1488.652081,117.891776
1488.77911,117.891776
1488.906139,117.891776
1489.033168,117.891776
1489.160197,117.891776
1489.287226,117.891776
1489.9223699999998,121.063488
1490.049399,121.063488
1490.176428,121.063488
1490.303457,121.063488
1490.430486,121.063488
1490.557515,121.063488
1490.684544,122.992231
1490.811573,123.035092
1490.938602,123.035092
1491.065631,123.035092
1491.19266,123.035092
1491.319689,123.463702
1491.446718,123.592285
1491.573747,123.635146
1491.7007749999998,123.635146
1491.827804,123.635146
1491.9548329999998,123.635146
1492.081862,123.635146
1492.208891,123.635146
1492.33592,123.635146
1492.462949,123.635146
1492.589978,123.592285
1492.717007,123.592285
1492.844036,123.592285
1493.479181,123.720868
1493.606209,123.720868
1493.7332379999998,123.720868
1493.860267,123.720868
1493.9872959999998,123.720868
1494.114325,123.720868
1494.2413539999998,123.720868
1494.876499,126.335387
1495.003528,126.378248
1495.130557,126.378248
1495.384615,128.392714
1495.511644,128.435575
1495.638672,128.907045
1495.7657009999998,128.907045
1495.89273,128.907045
1496.0197589999998,128.907045
1496.146788,128.907045
1496.2738169999998,128.907045
1496.400846,128.907045
1496.527875,128.907045
1496.654904,128.907045
1496.781933,128.907045
1496.908962,128.907045
1497.035991,128.907045
1497.16302,131.735869
1497.290049,131.735869
1497.417078,131.735869
1497.5441059999998,131.735869
1497.671135,131.735869
1497.7981639999998,131.735869
1497.925193,131.735869
1498.0522219999998,131.735869
1498.179251,131.735869
1498.3062799999998,131.735869
1498.433309,131.735869
1498.5603379999998,131.735869
1498.687367,129.292794
1498.814396,129.292794
1498.941425,129.292794
1499.068454,129.292794
1499.195483,129.292794
1499.322512,129.292794
1499.4495399999998,79.488347
1499.5765689999998,79.531208
1499.7035979999998,79.531208
1499.8306269999998,79.531208
1499.957656,79.531208
1500.0846849999998,79.531208
1500.211714,79.531208
1500.3387429999998,124.063756
1500.465772,129.292794
1500.5928009999998,129.292794
1500.71983,129.292794
1500.846859,129.292794
1500.973888,129.292794
1501.100917,129.292794
1501.227946,134.43611
1501.3549739999999,139.236539
1501.4820029999998,139.236539
1501.6090319999998,139.236539
1501.7360609999998,139.236539
1501.8630899999998,139.236539
1501.990119,139.236539
1502.1171479999998,139.236539
1502.244177,139.236539
1502.3712059999998,134.43611
1502.498235,134.43611
1502.6252639999998,134.43611
1502.752293,134.43611
1502.8793219999998,134.43611
1503.006351,134.43611
1503.13338,134.43611
1503.2604079999999,133.664613
1503.3874369999999,133.621752
1503.7685239999998,134.178945
1503.8955529999998,136.364854
1504.0225819999998,136.364854
1504.1496109999998,136.364854
1504.27664,136.364854
1504.4036689999998,139.236539
1504.530698,139.236539
1504.6577269999998,139.236539
1504.784756,139.236539
1504.9117849999998,139.236539
1505.038814,139.236539
1505.165843,139.236539
1505.2928709999999,139.236539
1505.4198999999999,139.236539
1505.5469289999999,139.236539
1505.6739579999999,136.450576
1505.8009869999999,136.450576
1505.9280159999998,122.220734
1506.0550449999998,122.220734
1506.1820739999998,122.220734
1506.309103,122.220734
1506.4361319999998,79.531208
1506.563161,79.531208
1506.6901899999998,79.531208
1506.817219,79.531208
1506.9442479999998,79.531208
1507.071277,79.531208
1507.198305,79.445486
1507.3253339999999,79.445486
1507.4523629999999,79.445486
1507.5793919999999,79.445486
1507.7064209999999,79.531208
1507.8334499999999,79.531208
1507.9604789999999,79.531208
1508.0875079999998,79.531208
1508.2145369999998,79.531208
1508.3415659999998,79.531208
1508.4685949999998,79.531208
1508.595624,79.531208
1508.7226529999998,79.531208
1508.849682,79.531208
1508.9767109999998,79.445486
1509.103739,79.445486
1509.230768,79.445486
1509.357797,79.445486
1509.4848259999999,79.531208
1509.6118549999999,79.531208
1509.7388839999999,79.531208
1509.8659129999999,79.531208
1509.9929419999999,79.531208
1510.1199709999999,79.531208
1510.2469999999998,79.531208
1510.3740289999998,79.531208
1510.5010579999998,79.531208
1510.628087,79.531208
1510.7551159999998,79.61693
1510.882145,79.61693
1511.009173,79.61693
1511.136202,79.61693
1511.263231,79.61693
1511.39026,79.61693
1511.517289,79.61693
1511.6443179999999,79.61693
1511.7713469999999,124.063756
1511.8983759999999,124.063756
1512.0254049999999,124.063756
1512.1524339999999,124.063756
1512.2794629999999,124.063756
1512.4064919999998,124.063756
1512.5335209999998,124.063756
1512.6605499999998,124.063756
1512.7875789999998,123.249397
1512.914608,123.249397
1513.041636,79.531208
1513.168665,79.531208
1513.295694,142.879721
1513.422723,151.537637
1513.549752,151.537637
1513.676781,151.709081
1513.8038099999999,151.709081
1513.9308389999999,151.794803
1514.0578679999999,151.794803
1514.1848969999999,151.794803
1514.3119259999999,151.794803
1514.4389549999999,151.794803
1514.5659839999998,151.794803
1514.6930129999998,151.794803
1514.8200419999998,151.794803
1514.94707,151.794803
1515.074099,151.794803
1515.201128,148.965979
1515.328157,148.965979
1515.455186,148.965979
1515.582215,148.965979
1515.709244,148.965979
1515.836273,148.965979
1515.9633019999999,139.236539
1516.0903309999999,139.236539
1516.2173599999999,139.236539
1516.3443889999999,139.236539
1516.4714179999999,139.236539
1516.5984469999999,139.236539
1516.7254759999998,139.236539
1516.852504,139.236539
1516.979533,139.236539
1517.106562,139.236539
1517.233591,139.236539
1517.36062,139.236539
1517.487649,139.236539
1517.614678,132.164479
1517.741707,131.221538
1517.868736,131.221538
1517.995765,131.221538
1518.1227939999999,131.221538
1518.2498229999999,131.221538
1518.3768519999999,131.221538
1518.5038809999999,131.135816
1518.6309099999999,131.135816
1518.757938,128.564158
1518.884967,128.564158
1519.011996,128.564158
1519.139025,128.564158
1519.266054,128.564158
1519.393083,128.564158
1519.520112,128.564158
1519.647141,128.564158
1519.77417,128.392714
1519.901199,128.392714
1520.028228,126.849719
1520.155257,126.849719
1520.2822859999999,126.849719
1520.4093149999999,126.849719
1520.5363439999999,126.849719
1520.6633729999999,126.849719
1520.790401,125.821055
1520.91743,125.821055
1521.044459,125.821055
1521.171488,125.821055
1521.298517,126.163943
1521.425546,126.163943
1521.552575,126.163943
1521.679604,126.163943
1521.806633,126.163943
1521.933662,126.163943
1522.060691,126.163943
1522.18772,126.121082
1522.314749,126.078221
1522.4417779999999,126.03536
1522.695835,123.506563
1522.822864,123.506563
1522.949893,123.506563
1523.076922,123.506563
1523.203951,123.506563
1523.33098,123.506563
1523.458009,123.506563
1523.585038,123.506563
1523.712067,121.449237
1523.839096,121.449237
1523.966125,121.449237
1524.093154,121.449237
1524.220183,121.449237
1524.347212,121.449237
1524.855327,113.64854
1524.982356,113.64854
1525.109385,113.64854
1525.236414,113.64854
1525.363443,113.64854
1525.490472,113.64854
1525.617501,113.64854
1525.74453,113.64854
1525.871559,112.962765
1525.998588,112.962765
1526.125617,112.962765
1526.252646,112.962765
1526.379675,112.962765
1526.506703,112.962765
1526.6337319999998,79.61693
1526.760761,79.61693
1526.88779,79.61693
1527.014819,79.61693
1527.141848,79.61693
1527.268877,79.61693
1527.395906,79.61693
1527.522935,116.048754
1527.649964,116.048754
1527.776993,116.820252
1527.904022,116.820252
1528.031051,116.820252
1528.15808,116.820252
1528.285109,118.791856
1528.412138,118.791856
1528.539166,118.791856
1528.6661949999998,118.791856
1528.793224,118.791856
1528.9202529999998,118.791856
1529.047282,118.791856
1529.174311,118.791856
1529.30134,79.61693
1529.428369,79.61693
1529.555398,79.61693
1529.682427,79.61693
1529.809456,79.61693
1529.936485,79.61693
1530.063514,119.134744
1530.190543,119.134744
1530.317572,119.134744
1530.4445999999998,119.134744
1530.571629,119.134744
1530.6986579999998,119.134744
1530.825687,119.134744
1530.9527159999998,119.134744
1531.079745,79.531208
1531.206774,79.531208
1531.333803,79.531208
1531.460832,79.531208
1531.587861,79.531208
1531.71489,79.531208
1531.841919,79.531208
1531.968948,79.531208
1532.095977,79.531208
1532.223006,79.531208
1532.350034,79.531208
1532.4770629999998,79.488347
1532.9851789999998,79.445486
1533.112208,79.445486
1533.2392369999998,79.445486
1533.366266,79.445486
1533.493295,79.445486
1533.620324,79.445486
1533.747353,79.445486
1533.874382,79.531208
1534.001411,79.531208
1534.12844,79.531208
1534.2554679999998,115.748728
1534.3824969999998,115.791589
1534.5095259999998,115.791589
1534.636555,115.920171
1534.7635839999998,115.920171
1534.890613,115.920171
1535.0176419999998,115.920171
1535.144671,117.720332
1535.2716999999998,117.763193
1535.398729,117.806054
1535.525758,117.806054
1535.652787,117.806054
1535.779816,117.806054
1535.906845,117.806054
1536.033874,117.806054
1536.160903,117.806054
1536.2879309999998,117.806054
1536.4149599999998,117.806054
1536.5419889999998,117.848915
1536.669018,119.091883
1536.7960469999998,119.134744
1536.923076,119.134744
1537.0501049999998,119.134744
1537.177134,119.134744
1537.3041629999998,119.134744
1537.431192,119.134744
1537.5582209999998,119.134744
1537.68525,119.134744
1537.812279,119.134744
1537.939308,119.134744
1538.066337,119.134744
1538.1933649999999,119.134744
1538.3203939999999,119.134744
1538.4474229999998,119.134744
1538.5744519999998,119.134744
1538.7014809999998,120.806322
1538.8285099999998,120.806322
1538.955539,120.806322
1539.0825679999998,120.806322
1539.209597,120.806322
1539.3366259999998,120.806322
1539.463655,120.806322
1539.5906839999998,120.806322
1539.717713,79.488347
1539.844742,79.488347
1539.971771,79.488347
1540.0987989999999,79.531208
1540.2258279999999,79.531208
1540.3528569999999,79.531208
1540.4798859999999,79.531208
1540.6069149999998,79.531208
1540.7339439999998,79.531208
1540.8609729999998,79.531208
1540.988002,79.488347
1541.1150309999998,79.531208
1541.24206,79.574069
1541.3690889999998,79.574069
1541.496118,119.134744
1541.6231469999998,119.134744
1541.750176,119.134744
1541.8772049999998,119.134744
1542.0042329999999,119.134744
1542.1312619999999,119.134744
1542.2582909999999,119.134744
1542.3853199999999,119.134744
1542.5123489999999,118.406108
1542.6393779999999,118.406108
1542.7664069999998,118.49183
1542.8934359999998,118.49183
1543.0204649999998,118.49183
1543.1474939999998,118.49183
1543.274523,118.577552
1543.4015519999998,118.577552
1543.528581,118.748995
1543.6556099999998,118.748995
1543.782639,119.134744
1543.909667,119.134744
1544.036696,119.134744
1544.1637249999999,119.134744
1544.2907539999999,119.134744
1544.4177829999999,119.134744
1544.5448119999999,119.134744
1544.6718409999999,119.134744
1544.7988699999999,119.134744
1544.9258989999998,119.134744
1545.0529279999998,119.134744
1545.1799569999998,119.134744
1545.306986,117.977498
1545.4340149999998,117.977498
1545.561044,117.977498
1545.6880729999998,117.977498
1545.815102,118.748995
1545.94213,118.748995
1546.069159,118.834717
1546.196188,118.834717
1546.3232169999999,118.834717
1546.4502459999999,118.834717
1546.5772749999999,118.834717
1546.7043039999999,118.834717
1546.8313329999999,118.834717
1546.9583619999999,118.834717
1547.0853909999998,118.834717
1547.2124199999998,118.834717
1547.3394489999998,118.834717
1547.4664779999998,118.834717
1547.593507,118.663274
1547.7205359999998,118.663274
1548.101622,119.134744
1548.228651,119.134744
1548.35568,119.134744
1548.4827089999999,119.134744
1548.6097379999999,119.134744
1548.7367669999999,119.134744
1548.8637959999999,119.134744
1548.9908249999999,119.134744
1549.1178539999999,79.574069
1549.2448829999998,79.574069
1549.3719119999998,79.574069
1549.4989409999998,79.574069
1549.62597,79.574069
1549.752998,79.574069
1549.880027,79.574069
1550.007056,79.574069
1550.134085,79.488347
1550.261114,79.488347
1550.388143,79.574069
1550.515172,79.574069
1550.642201,79.574069
1550.7692299999999,79.574069
1550.8962589999999,79.574069
1551.0232879999999,79.574069
1551.1503169999999,79.574069
1551.2773459999999,79.574069
1551.4043749999998,79.574069
1551.5314039999998,79.574069
1551.658432,79.488347
1551.785461,79.488347
1551.91249,79.488347
1552.039519,79.488347
1552.166548,79.488347
1552.293577,79.488347
1552.420606,79.574069
1552.547635,79.574069
1552.674664,79.574069
1552.801693,79.574069
1552.9287219999999,79.574069
1553.0557509999999,79.574069
1553.1827799999999,118.663274
1553.3098089999999,118.663274
1553.4368379999999,118.748995
1553.5638669999998,118.748995
1553.690895,118.748995
1553.817924,118.748995
1553.944953,118.748995
1554.071982,118.748995
1554.199011,118.748995
1554.32604,118.748995
1554.453069,118.748995
1554.580098,118.748995
1554.707127,79.574069
1554.834156,79.574069
1554.961185,79.574069
1555.0882139999999,79.574069
1555.2152429999999,79.574069
1555.3422719999999,79.574069
1555.4693009999999,79.574069
1555.596329,79.574069
1555.723358,79.574069
1555.850387,79.574069
1555.977416,122.349317
1556.104445,122.349317
1556.231474,122.94937
1556.358503,122.94937
1556.485532,122.94937
1556.612561,122.94937
1556.73959,124.063756
1556.866619,124.063756
1556.993648,124.063756
1557.120677,124.063756
1557.2477059999999,124.063756
1557.3747349999999,124.063756
1557.501763,124.063756
1557.628792,124.063756
1557.755821,79.488347
1557.88285,79.488347
1558.009879,79.488347
1558.136908,79.488347
1558.263937,79.488347
1558.390966,79.488347
1558.517995,79.488347
1558.645024,79.488347
1558.772053,79.488347
1558.899082,79.488347
1559.026111,123.120814
1559.15314,123.120814
1559.280169,123.120814
1559.407197,123.120814
1559.534226,123.120814
1559.661255,123.120814
1559.788284,123.120814
1559.915313,123.120814
1560.042342,123.120814
1560.169371,123.120814
1560.2964,123.120814
1560.423429,123.120814
1560.550458,123.120814
1560.677487,123.120814
1560.804516,123.120814
1560.931545,123.120814
1561.058574,123.120814
1561.185603,123.120814
1561.312632,122.863649
1561.43966,122.863649
1561.5666889999998,122.863649
1561.693718,122.863649
1561.820747,122.863649
1561.947776,122.863649
1562.074805,122.863649
1562.201834,122.863649
1562.328863,122.863649
1562.455892,122.863649
1562.582921,122.692205
1562.70995,122.692205
1563.091037,122.606483
1563.218066,122.606483
1563.3450939999998,122.606483
1563.472123,122.606483
1563.5991519999998,123.292258
1563.726181,123.292258
1563.85321,123.292258
1563.980239,123.292258
1564.107268,123.292258
1564.234297,123.292258
1564.361326,123.292258
1564.488355,123.292258
1564.615384,79.574069
1564.742413,79.574069
1564.869442,79.574069
1564.996471,79.574069
1565.1235,79.574069
1565.250528,79.574069
1565.3775569999998,127.406911
1565.504586,127.921243
1565.6316149999998,127.921243
1565.758644,127.921243
1565.8856729999998,127.921243
1566.012702,127.921243
1566.139731,127.921243
1566.26676,127.921243
1566.393789,127.921243
1566.520818,127.921243
1566.647847,127.921243
1566.774876,126.46397
1566.901905,126.421109
1567.028934,126.121082
1567.1559619999998,126.078221
1567.282991,124.063756
1567.4100199999998,124.063756
1567.537049,124.063756
1567.6640779999998,124.063756
1567.791107,124.063756
1567.9181359999998,123.80659
1568.045165,123.80659
1568.172194,123.80659
1568.299223,123.80659
1568.426252,79.574069
1568.553281,79.574069
1568.68031,79.574069
1568.807339,79.574069
1568.934368,79.574069
1569.061397,79.574069
1569.1884249999998,119.091883
1569.315454,119.091883
1569.4424829999998,119.134744
1569.569512,119.134744
1569.6965409999998,119.134744
1569.82357,119.134744
1569.9505989999998,119.134744
1570.077628,119.134744
1570.2046569999998,119.134744
1570.331686,119.134744
1570.458715,119.134744
1570.585744,119.134744
1570.712773,119.134744
1570.839802,119.134744
1570.966831,119.134744
1571.0938589999998,119.134744
1571.2208879999998,119.134744
1571.347917,119.134744
1571.4749459999998,119.134744
1571.601975,119.134744
1571.7290039999998,122.263595
1571.856033,122.263595
1571.9830619999998,122.263595
1572.110091,122.263595
1572.2371199999998,122.263595
1572.364149,122.263595
1572.491178,122.263595
1572.745236,125.692473
1572.872265,129.12135
1572.9992929999999,129.12135
1573.1263219999998,129.12135
1573.2533509999998,129.12135
1573.3803799999998,130.921511
1573.5074089999998,130.921511
1573.634438,130.921511
1573.7614669999998,130.921511
1573.888496,169.624967
1574.0155249999998,203.142245
1574.142554,209.142781
1574.2695829999998,209.142781
1574.396612,209.142781
1574.5236409999998,209.142781
1574.65067,209.142781
1574.777699,209.142781
1574.9047269999999,209.142781
1575.0317559999999,209.142781
1575.1587849999999,130.921511
1575.2858139999998,130.921511
1575.4128429999998,131.993035
1575.5398719999998,131.993035
1575.666901,131.993035
1575.7939299999998,131.993035
1575.920959,131.993035
1576.0479879999998,131.993035
1576.175017,131.993035
1576.3020459999998,131.993035
1576.429075,131.993035
1576.5561039999998,131.993035
1576.683133,131.993035
1576.8101609999999,131.993035
1576.9371899999999,131.993035
1577.0642189999999,131.993035
1577.1912479999999,131.77873
1577.3182769999999,131.735869
1577.4453059999998,131.735869
1577.5723349999998,131.735869
1577.6993639999998,131.735869
1577.8263929999998,131.735869
1577.953422,131.693008
1578.0804509999998,131.650147
1578.20748,128.649879
1578.3345089999998,128.649879
1578.461538,128.649879
1578.5885669999998,128.649879
1578.715596,128.649879
1578.842624,128.649879
1578.9696529999999,128.649879
1579.0966819999999,128.649879
1579.2237109999999,128.649879
1579.3507399999999,128.649879
1579.4777689999999,79.531208
1579.6047979999998,79.531208
1579.7318269999998,79.531208
1579.8588559999998,79.531208
1579.985885,79.531208
1580.1129139999998,79.531208
1580.239943,79.531208
1580.3669719999998,79.531208
1580.494001,132.164479
1580.6210299999998,132.164479
1580.748058,132.164479
1580.875087,132.164479
1581.002116,132.164479
1581.1291449999999,132.164479
1581.2561739999999,132.164479
1581.3832029999999,132.164479
1581.5102319999999,132.164479
1581.6372609999999,132.164479
1581.7642899999998,133.10742
1581.8913189999998,133.10742
1582.0183479999998,133.707474
1582.1453769999998,133.707474
1582.272406,133.707474
1582.3994349999998,133.707474
1582.526464,133.707474
1582.653492,133.707474
1582.780521,133.707474
1582.90755,133.707474
1583.034579,129.292794
1583.161608,129.292794
1583.4156659999999,125.735334
1583.5426949999999,125.735334
1583.6697239999999,125.735334
1583.7967529999999,125.735334
1583.9237819999998,125.735334
1584.0508109999998,125.735334
1584.1778399999998,125.735334
1584.304869,124.063756
1584.4318979999998,124.063756
1584.558926,124.063756
1584.685955,124.063756
1584.812984,124.063756
1584.940013,124.063756
1585.067042,124.063756
1585.194071,123.80659
1585.3211,123.763729
1585.4481289999999,124.063756
1585.5751579999999,124.063756
1585.7021869999999,124.063756
1585.8292159999999,124.063756
1585.9562449999999,124.063756
1586.0832739999998,124.063756
1586.2103029999998,124.063756
1586.3373319999998,124.063756
1586.4643609999998,124.063756
1586.591389,124.063756
1586.718418,124.063756
1586.845447,124.063756
1586.972476,123.163675
1587.099505,123.163675
1587.226534,123.163675
1587.353563,123.163675
1587.480592,123.163675
1587.6076209999999,123.163675
1587.7346499999999,123.163675
1587.8616789999999,123.163675
1587.9887079999999,122.820788
1588.1157369999999,122.820788
1588.2427659999998,122.90651
1588.3697949999998,122.90651
1588.496823,122.90651
1588.623852,122.90651
1588.750881,122.90651
1588.87791,122.90651
1589.004939,122.90651
1589.131968,122.90651
1589.258997,122.90651
1589.386026,122.90651
1589.513055,122.90651
1589.640084,122.90651
1589.7671129999999,123.335119
1589.8941419999999,123.335119
1590.0211709999999,123.335119
1590.1481999999999,123.335119
1590.2752289999999,123.335119
1590.402257,123.335119
1590.529286,125.735334
1590.656315,125.735334
1590.783344,125.778194
1590.910373,125.906777
1591.037402,125.906777
1591.164431,125.906777
1591.29146,125.906777
1591.418489,125.906777
1591.545518,125.906777
1591.672547,125.906777
1591.799576,125.906777
1591.9266049999999,125.906777
1592.0536339999999,125.906777
1592.1806629999999,79.531208
1592.307691,79.531208
1592.43472,79.531208
1593.832039,79.531208
1593.959068,79.531208
1594.0860969999999,123.335119
1594.2131259999999,123.335119
1594.340154,123.335119
1594.467183,123.335119
1594.594212,123.335119
1594.721241,123.335119
1594.84827,123.335119
1594.975299,123.335119
1595.102328,125.821055
1595.229357,125.821055
1595.356386,125.821055
1595.483415,125.821055
1595.610444,125.821055
1595.737473,125.821055
1595.864502,125.821055
1595.991531,125.821055
1596.11856,125.821055
1596.2455879999998,125.735334
1596.499646,124.063756
1596.626675,124.063756
1596.753704,124.063756
1596.880733,125.821055
1597.007762,127.535494
1597.134791,127.535494
1597.26182,127.621216
1597.388849,127.621216
1597.515878,127.706938
1597.642907,127.706938
1597.769936,127.706938
1597.896965,127.706938
1598.023994,127.706938
1598.151022,127.706938
1598.2780509999998,127.706938
1598.40508,127.706938
1598.532109,127.621216
1598.659138,127.621216
1598.786167,79.531208
1598.913196,79.531208
1599.040225,79.531208
1599.167254,79.531208
1599.294283,79.531208
1599.421312,79.531208
1599.548341,79.531208
1599.67537,79.531208
1599.802399,79.531208
1599.929428,79.531208
1600.0564559999998,79.531208
1600.183485,79.531208
1600.3105139999998,79.531208
1600.437543,125.863916
1600.5645719999998,125.863916
1600.691601,125.863916
1600.81863,125.863916
1600.945659,126.592553
1601.072688,127.36405
1601.199717,127.36405
1601.326746,127.36405
1601.453775,127.36405
1601.580804,127.36405
1601.707833,127.36405
1601.834862,127.36405
1601.961891,127.36405
1602.0889189999998,127.36405
1602.215948,127.36405
1602.3429769999998,127.36405
1602.470006,127.36405
1602.5970349999998,127.36405
1602.724064,127.36405
1602.851093,127.36405
1602.978122,127.36405
1603.105151,127.192606
1603.23218,127.192606
1603.359209,127.106885
1603.486238,127.106885
1603.613267,127.106885
1603.740296,127.106885
1603.867325,124.063756
1603.994353,124.063756
1604.1213819999998,124.063756
1604.248411,124.063756
1604.3754399999998,124.063756
1604.502469,121.363515
1604.6294979999998,121.363515
1604.756527,121.363515
1604.8835559999998,121.363515
1605.010585,121.363515
1605.137614,121.363515
1605.518701,116.991696
1605.64573,116.991696
1605.772759,117.077418
1605.8997869999998,117.077418
1606.0268159999998,117.077418
1606.1538449999998,117.077418
1606.280874,117.077418
1606.4079029999998,117.077418
1606.534932,117.077418
1606.6619609999998,117.034557
1606.78899,116.991696
1606.9160189999998,116.991696
1607.043048,119.134744
1607.170077,119.134744
1607.297106,119.134744
1607.424135,119.134744
1607.551164,119.134744
1607.678193,119.134744
1607.8052209999998,119.134744
1607.9322499999998,119.134744
1608.0592789999998,121.106349
1608.1863079999998,121.106349
1608.313337,121.363515
1608.4403659999998,121.363515
1608.567395,121.363515
1608.6944239999998,121.363515
1608.821453,121.363515
1608.9484819999998,121.363515
1609.075511,121.363515
1609.2025399999998,121.363515
1609.329569,121.792124
1609.456598,121.792124
1609.583627,121.792124
1609.7106549999999,121.792124
1609.8376839999999,122.649344
1609.9647129999998,122.649344
1610.0917419999998,122.649344
1610.2187709999998,122.649344
1610.3457999999998,122.649344
1610.4728289999998,122.649344
1610.599858,122.649344
1610.7268869999998,122.649344
1610.853916,79.531208
1610.9809449999998,79.531208
1611.107974,79.531208
1611.2350029999998,79.531208
1611.362032,79.531208
1611.489061,79.531208
1611.61609,79.531208
1611.7431179999999,79.531208
1611.8701469999999,79.531208
1611.9971759999999,79.531208
1612.1242049999998,79.531208
1612.2512339999998,127.621216
1612.3782629999998,127.621216
1612.5052919999998,127.621216
1612.632321,127.621216
1612.7593499999998,127.621216
1612.886379,127.621216
1613.0134079999998,133.664613
1613.140437,133.707474
1613.2674659999998,133.707474
1613.394495,133.707474
1613.5215239999998,133.707474
1613.6485519999999,133.707474
1613.7755809999999,133.707474
1613.9026099999999,133.707474
1614.0296389999999,133.707474
1614.1566679999999,133.707474
1614.2836969999998,133.707474
1614.4107259999998,133.707474
1614.5377549999998,133.750335
1614.6647839999998,133.793196
1614.7918129999998,134.43611
1614.918842,134.43611
1615.0458709999998,134.43611
1615.1729,134.43611
1615.2999289999998,134.43611
1615.426958,134.43611
1615.553986,134.43611
1615.681015,137.179212
1615.8080439999999,137.179212
1615.9350729999999,137.179212
1616.0621019999999,137.179212
1616.1891309999999,137.179212
1616.3161599999999,137.179212
1616.4431889999998,137.179212
1616.5702179999998,137.222073
1616.6972469999998,137.264934
1616.8242759999998,137.264934
1616.951305,137.264934
1617.0783339999998,137.307795
1617.205363,137.350656
1617.3323919999998,137.393517
1617.45942,137.393517
1617.586449,137.393517
1617.713478,137.393517
1617.840507,137.393517
1617.9675359999999,137.393517
1618.0945649999999,137.393517
1618.3486229999999,137.564961
1618.4756519999999,141.122422
1618.6026809999998,141.122422
1618.7297099999998,141.293866
1618.8567389999998,141.293866
1618.9837679999998,141.293866
1619.1107969999998,141.293866
1619.237826,141.293866
1619.3648549999998,141.293866
1619.491883,141.293866
1619.618912,141.293866
1619.745941,141.293866
1619.87297,141.293866
1619.999999,140.865256
1620.1270279999999,140.865256
1620.2540569999999,141.293866
1620.3810859999999,141.293866
1620.5081149999999,141.293866
1620.6351439999999,141.293866
1620.7621729999998,141.293866
1620.8892019999998,141.293866
1621.0162309999998,141.293866
1621.1432599999998,141.293866
1621.270289,139.236539
1621.397317,139.236539
1621.524346,139.236539
1621.651375,139.236539
1621.778404,139.236539
1621.905433,139.236539
1622.032462,138.336459
1622.159491,138.336459
1622.2865199999999,138.336459
1622.4135489999999,138.336459
1622.5405779999999,132.978837
1622.6676069999999,132.978837
1622.7946359999999,132.978837
1622.9216649999998,132.978837
1623.0486939999998,132.978837
1623.1757229999998,132.978837
1623.302751,132.978837
1623.42978,79.488347
1623.556809,79.488347
1623.683838,79.488347
1623.810867,79.488347
1623.937896,79.488347
1624.064925,79.488347
1624.191954,79.488347
1624.318983,79.488347
1624.4460119999999,131.950174
1624.5730409999999,131.950174
1624.7000699999999,132.121618
1624.8270989999999,132.121618
1624.9541279999999,132.121618
1625.0811569999998,132.121618
1625.208185,132.121618
1625.335214,132.121618
1625.462243,132.121618
1625.589272,132.121618
1625.716301,133.321725
1625.84333,133.321725
1625.970359,136.536298
1626.097388,137.5221
1626.224417,137.5221
1626.351446,137.5221
1626.478475,137.5221
1626.6055039999999,137.5221
1626.7325329999999,137.5221
1626.8595619999999,137.5221
1626.9865909999999,137.5221
1627.1136199999999,137.5221
1627.240648,137.5221
1627.367677,137.264934
1627.494706,137.264934
1627.621735,137.264934
1627.748764,137.264934
1627.875793,137.264934
1628.002822,137.264934
1628.129851,137.264934
1628.25688,137.264934
1628.383909,137.264934
1628.510938,137.264934
1628.637967,79.488347
1628.7649959999999,79.488347
1628.8920249999999,79.488347
1629.0190539999999,79.488347
1629.146082,79.488347
1629.273111,79.488347
1629.40014,79.488347
1629.527169,79.488347
1629.654198,79.488347
1629.781227,79.488347
1629.908256,79.488347
1630.035285,79.488347
1630.162314,79.488347
1630.289343,79.488347
1630.416372,141.0367
1630.543401,141.0367
1630.67043,141.0367
1630.797459,141.0367
1630.9244879999999,141.0367
1631.051516,141.0367
1631.178545,141.0367
1631.305574,141.0367
1631.432603,183.897669
1631.559632,193.969997
1631.686661,204.042325
1631.81369,210.0
1631.940719,210.0
1632.067748,210.0
1632.194777,210.0
1632.321806,210.0
1632.448835,210.0
1632.575864,210.0
1632.702893,210.0
1632.829922,79.574069
1632.9569499999998,79.574069
1633.083979,79.574069
1633.211008,79.488347
1633.338037,79.488347
1633.465066,79.574069
1633.592095,79.574069
1633.719124,79.574069
1633.846153,79.574069
1633.973182,79.574069
1634.100211,79.574069
1634.22724,79.574069
1634.354269,79.574069
1634.481298,79.574069
1634.608327,79.574069
1634.735356,79.574069
1634.862385,79.574069
1634.9894129999998,143.69408
1635.116442,143.69408
1635.2434709999998,143.69408
1635.3705,143.69408
1635.4975289999998,143.69408
1635.624558,143.69408
1635.7515869999997,143.69408
1635.878616,143.69408
1636.005645,143.608358
1636.132674,143.608358
1636.767819,137.264934
1636.894847,137.264934
1637.0218759999998,137.264934
1637.148905,137.264934
1637.2759339999998,137.264934
1637.402963,137.264934
1637.5299919999998,137.264934
1637.657021,137.264934
1637.7840499999998,137.264934
1637.911079,137.264934
1638.038108,137.693544
1638.165137,137.693544
1638.292166,137.779266
1638.419195,137.779266
1638.546224,137.779266
1638.673253,137.779266
1638.8002809999998,137.779266
1638.92731,137.779266
1639.0543389999998,137.779266
1639.181368,137.779266
1639.3083969999998,137.779266
1639.435426,137.779266
1639.5624549999998,144.508438
1639.689484,148.323065
1639.8165129999998,148.323065
1639.943542,148.323065
1640.0705709999997,148.323065
1640.1976,148.323065
1640.324629,148.323065
1640.451658,148.323065
1640.578687,148.323065
1640.705715,146.437182
1640.8327439999998,146.437182
1641.5949179999998,144.508438
1641.721947,144.508438
1641.8489759999998,144.508438
1641.976005,144.508438
1642.1030339999998,144.508438
1642.230063,144.508438
1642.357092,144.508438
1642.484121,144.508438
1642.61115,144.508438
1642.738178,144.508438
1642.8652069999998,144.508438
1642.992236,144.508438
1643.1192649999998,144.508438
1643.246294,144.508438
1643.500352,147.637289
1643.6273809999998,147.637289
1643.75441,147.894455
1643.8814389999998,147.894455
1644.008468,147.894455
1644.1354969999998,147.894455
1644.262526,147.894455
1644.3895549999997,147.894455
1644.516584,148.323065
1644.6436119999998,148.323065
1644.770641,148.323065
1644.8976699999998,148.323065
1645.024699,148.323065
1645.1517279999998,148.323065
1645.278757,148.323065
1645.4057859999998,148.323065
1645.532815,149.651755
1645.6598439999998,149.651755
1645.786873,149.651755
1645.9139019999998,149.651755
1646.040931,149.651755
1646.1679599999998,149.651755
1646.294989,149.651755
1646.4220179999998,149.651755
1646.5490459999999,149.651755
1646.6760749999999,149.651755
1646.803104,148.837396
1646.9301329999998,148.837396
1647.057162,148.837396
1647.1841909999998,148.837396
1647.31122,147.465845
1647.4382489999998,147.465845
1647.565278,144.508438
1647.6923069999998,144.508438
1647.819336,144.508438
1647.9463649999998,144.508438
1648.073394,144.508438
1648.2004229999998,79.488347
1648.327452,79.488347
1648.4544799999999,126.03536
1648.5815089999999,126.635414
1648.7085379999999,126.635414
1648.8355669999999,126.635414
1648.9625959999998,126.635414
1649.089625,126.635414
1649.2166539999998,126.635414
1649.343683,126.635414
1649.4707119999998,126.635414
1649.597741,121.492098
1649.7247699999998,121.492098
1649.851799,121.492098
1649.9788279999998,121.492098
1650.105857,121.492098
1650.2328859999998,116.30592
1650.359914,116.30592
1650.4869429999999,111.719796
1650.6139719999999,109.276721
1650.7410009999999,109.276721
1650.8680299999999,109.276721
1650.9950589999999,109.276721
1651.122088,109.276721
1651.2491169999998,109.276721
1651.376146,109.276721
1651.5031749999998,109.276721
1651.630204,79.574069
1651.7572329999998,79.574069
1651.884262,79.574069
1652.0112909999998,79.488347
1652.13832,79.488347
1652.6464349999999,79.574069
1652.7734639999999,79.574069
1652.9004929999999,111.719796
1653.0275219999999,111.719796
1653.1545509999999,111.719796
1653.2815799999998,111.719796
1653.408609,111.719796
1653.5356379999998,111.719796
1653.662667,111.719796
1653.7896959999998,111.719796
1653.916725,111.634074
1654.0437539999998,111.634074
1654.42484,114.120011
1654.551869,114.120011
1654.678898,114.120011
1654.8059269999999,114.120011
1654.9329559999999,114.120011
1655.0599849999999,114.120011
1655.1870139999999,114.120011
1655.441072,116.134476
1655.5681009999998,116.177337
1655.69513,116.177337
1655.8221589999998,116.177337
1655.949188,116.177337
1656.0762169999998,116.177337
1656.203245,116.177337
1656.330274,116.177337
1656.457303,116.177337
1656.584332,79.574069
1656.711361,79.574069
1656.83839,79.574069
1656.9654189999999,79.574069
1657.0924479999999,79.574069
1657.2194769999999,79.574069
1657.3465059999999,116.605947
1657.4735349999999,116.605947
1657.6005639999998,116.605947
1657.727593,116.605947
1657.8546219999998,116.605947
1657.981651,116.605947
1658.108679,116.605947
1658.235708,116.563086
1658.362737,116.348781
1658.489766,116.30592
1658.616795,116.220198
1658.743824,116.220198
1658.870853,116.991696
1658.997882,116.991696
1659.1249109999999,116.991696
1659.2519399999999,116.991696
1659.3789689999999,116.991696
1659.5059979999999,116.991696
1659.6330269999999,116.991696
1659.760056,116.991696
1659.8870849999998,116.991696
1660.014114,116.991696
1660.141142,116.991696
1660.268171,116.991696
1660.3952,116.991696
1660.522229,116.991696
1660.649258,116.991696
1660.776287,116.991696
1660.903316,116.563086
1661.030345,116.563086
1661.157374,79.531208
1661.2844029999999,79.531208
1661.4114319999999,79.531208
1661.5384609999999,79.531208
1661.6654899999999,79.531208
1661.7925189999999,79.531208
1661.9195479999998,79.531208
1662.046576,113.734262
1662.173605,113.734262
1662.300634,113.734262
1662.427663,113.734262
1662.554692,113.734262
1662.681721,113.734262
1662.80875,113.734262
1662.935779,113.734262
1663.062808,113.734262
1663.189837,113.734262
1663.316866,114.07715
1663.4438949999999,114.07715
1663.5709239999999,114.120011
1663.6979529999999,114.120011
1663.8249819999999,114.120011
1663.95201,114.120011
1664.079039,114.120011
1664.206068,114.120011
1664.333097,114.120011
1664.460126,114.120011
1664.587155,114.120011
1664.714184,114.120011
1664.841213,112.962765
1664.968242,112.962765
1665.095271,112.962765
1665.2223,112.962765
1665.349329,112.962765
1665.476358,112.962765
1665.6033869999999,111.591214
1665.7304159999999,111.591214
1665.8574439999998,111.591214
1665.984473,111.591214
1666.1115019999997,111.591214
1666.238531,111.591214
1666.36556,111.591214
1666.492589,111.591214
1666.619618,112.448433
1666.746647,112.448433
1666.873676,112.448433
1667.000705,112.448433
1667.127734,112.448433
1667.254763,112.448433
1667.381792,112.448433
1667.508821,112.448433
1668.652081,115.791589
1668.77911,115.791589
1668.906139,116.348781
1669.033168,116.348781
1669.160197,116.348781
1669.287226,117.206001
1669.414255,117.206001
1669.541284,117.206001
1669.668313,117.206001
1669.795341,117.206001
1669.9223699999998,117.206001
1670.049399,117.206001
1670.1764279999998,117.206001
1677.16302,117.206001
1677.290049,117.206001
1677.417078,117.206001
1677.5441059999998,117.206001
1677.671135,117.206001
1677.7981639999998,117.206001
1677.925193,117.206001
1678.0522219999998,117.206001
1678.179251,116.177337
1678.3062799999998,116.177337
1678.433309,115.791589
1678.5603379999998,115.791589
1678.687367,115.791589
1678.8143959999998,115.791589
1678.941425,115.791589
1679.0684539999997,115.791589
1679.195483,115.791589
1679.322512,115.791589
1679.44954,115.791589
1679.5765689999998,113.048486
1679.703598,113.048486
1679.8306269999998,113.048486
1679.957656,113.048486
1680.0846849999998,113.048486
1680.211714,113.048486
1680.3387429999998,113.048486
1680.465772,113.048486
1680.5928009999998,113.048486
1680.71983,113.048486
1680.8468589999998,113.048486
1680.973888,113.048486
1681.1009169999998,113.048486
1681.227946,113.048486
1682.8793219999998,113.734262
1683.006351,113.734262
1683.1333799999998,113.734262
1683.2604079999999,113.734262
1683.3874369999999,113.734262
1683.5144659999999,113.734262
1683.6414949999998,113.734262
1683.768524,113.734262
1683.8955529999998,113.734262
1684.022582,113.734262
1684.1496109999998,113.734262
1684.27664,113.734262
1684.4036689999998,115.791589
1684.530698,115.791589
1684.6577269999998,115.791589
1684.784756,115.791589
1684.9117849999998,115.791589
1685.038814,115.791589
1685.1658429999998,115.791589
1685.2928709999999,115.791589
1686.817219,79.531208
1686.9442479999998,79.531208
1687.071277,79.531208
1687.198305,79.531208
1687.3253339999999,79.531208
1687.4523629999999,79.531208
1687.5793919999999,79.531208
1687.7064209999999,79.531208
1687.8334499999999,79.531208
1687.9604789999999,79.531208
1688.087508,79.531208
1688.2145369999998,79.531208
1688.341566,79.531208
1688.4685949999998,79.531208
1688.595624,79.531208
1688.7226529999998,79.531208
1688.849682,79.531208
1688.9767109999998,79.531208
1689.103739,126.03536
1689.230768,126.03536
1689.357797,126.03536
1689.4848259999999,126.03536
1689.6118549999999,126.03536
1689.7388839999999,126.03536
1689.8659129999999,126.03536
1689.9929419999999,118.620413
1690.119971,118.620413
1690.2469999999998,118.620413
1690.374029,118.620413
1690.5010579999998,118.620413
1690.628087,118.620413
1690.7551159999998,118.620413
1690.882145,114.120011
1691.009173,114.120011
1691.136202,116.991696
1691.263231,116.991696
1691.39026,117.077418
1691.517289,117.077418
1691.6443179999999,117.077418
1691.7713469999999,117.077418
1691.8983759999999,117.077418
1692.0254049999999,117.077418
1692.1524339999999,117.077418
1692.2794629999999,117.034557
1692.406492,116.991696
1692.5335209999998,116.948835
1692.66055,115.791589
1692.7875789999998,115.791589
1692.914608,115.791589
1693.041636,115.791589
1693.168665,115.791589
1693.295694,115.791589
1693.422723,115.791589
1693.549752,114.120011
1693.676781,119.134744
1693.8038099999999,119.134744
1693.9308389999999,119.134744
1694.0578679999999,119.134744
1694.1848969999999,119.134744
1694.3119259999999,119.134744
1694.438955,119.134744
1694.5659839999998,119.134744
1694.693013,119.134744
1694.8200419999998,119.134744
1694.94707,117.077418
1695.074099,117.077418
1695.201128,117.077418
1695.328157,117.077418
1695.455186,117.077418
1695.582215,117.077418
1695.709244,116.820252
1695.836273,116.820252
1695.9633019999999,116.820252
1696.0903309999999,116.777391
1696.2173599999999,116.73453
1696.3443889999999,116.73453
1696.4714179999999,116.73453
1696.5984469999999,116.73453
1696.725476,116.73453
1696.852504,116.73453
1696.979533,116.177337
1697.106562,116.177337
1697.233591,116.048754
1697.36062,115.791589
1697.487649,115.791589
1697.614678,115.791589
1697.741707,115.791589
1697.868736,79.531208
1697.995765,79.531208
1698.1227939999999,79.531208
1698.2498229999999,79.531208
1698.3768519999999,79.531208
1698.5038809999999,79.488347
1698.6309099999999,79.488347
1698.757938,117.334583
1698.884967,117.334583
1699.011996,118.277525
1699.139025,118.277525
1699.266054,118.363247
1699.393083,118.363247
1699.520112,118.363247
1699.647141,118.363247
1699.77417,118.363247
1699.901199,118.363247
1700.028228,118.363247
1700.155257,118.363247
1700.2822859999999,118.363247
1700.4093149999999,118.363247
1700.91743,118.277525
1701.044459,118.49183
1701.171488,118.49183
1701.298517,118.49183
1701.425546,118.534691
1701.552575,118.663274
1701.679604,118.663274
1701.806633,118.663274
1701.933662,118.663274
1702.060691,118.663274
1702.18772,118.663274
1702.314749,118.663274
1702.4417779999999,118.663274
1702.5688069999999,79.488347
1702.695835,79.488347
1702.8228639999998,79.488347
1702.949893,79.488347
1703.076922,79.488347
1703.203951,79.488347
1703.33098,79.488347
1703.458009,79.488347
1703.585038,79.488347
1703.712067,79.488347
1703.839096,79.488347
1703.966125,79.488347
1704.093154,79.488347
1704.220183,79.488347
1704.347212,120.892044
1704.474241,120.892044
1704.6012689999998,120.977766
1704.728298,120.977766
1704.8553269999998,120.977766
1704.982356,120.977766
1705.1093849999997,120.977766
1705.236414,120.977766
1705.363443,120.977766
1705.490472,120.977766
1705.617501,79.488347
1705.74453,79.488347
1705.871559,79.488347
1705.998588,79.488347
1706.125617,79.488347
1706.252646,79.488347
1706.379675,79.488347
1706.506703,79.488347
1706.6337319999998,79.488347
1706.760761,79.488347
1706.8877899999998,119.134744
1707.014819,119.134744
1707.1418479999998,119.134744
1707.268877,119.134744
1707.395906,121.920707
1707.522935,121.920707
1707.649964,122.006429
1707.776993,122.006429
1707.904022,122.006429
1708.031051,122.006429
1708.15808,122.006429
1708.285109,122.006429
1708.412138,122.006429
1708.539166,122.006429
1708.6661949999998,121.834985
1708.793224,121.834985
1708.9202529999998,121.834985
1709.047282,121.834985
1709.1743109999998,121.834985
1709.30134,121.834985
1709.4283689999997,79.488347
1709.555398,79.488347
1709.682427,79.574069
1709.809456,79.574069
1709.936485,79.574069
1710.063514,79.574069
1710.190543,79.574069
1710.317572,79.574069
1710.4445999999998,79.574069
1710.571629,79.574069
1710.6986579999998,79.574069
1710.825687,79.574069
1710.9527159999998,79.574069
1711.079745,79.574069
1711.2067739999998,79.574069
1711.333803,79.574069
1711.4608319999998,79.488347
1711.587861,79.488347
1711.7148899999997,79.488347
1711.841919,79.488347
1711.968948,118.663274
1712.095977,118.663274
1712.223006,118.663274
1712.350034,118.663274
1712.4770629999998,118.663274
1712.604092,118.663274
1712.7311209999998,118.663274
1712.85815,118.663274
1712.9851789999998,117.120279
1713.112208,117.120279
1713.2392369999998,117.63461
1713.366266,117.63461
1713.4932949999998,117.63461
1713.620324,117.63461
1713.7473529999997,117.63461
1713.874382,117.63461
1714.001411,117.63461
1714.12844,117.63461
1714.2554679999998,79.488347
1714.382497,79.488347
1714.5095259999998,79.488347
1714.636555,79.488347
1714.7635839999998,79.488347
1714.890613,79.488347
1715.0176419999998,79.574069
1715.144671,79.574069
1715.2716999999998,79.574069
1715.398729,79.574069
1715.5257579999998,121.063488
1715.652787,121.063488
1715.7798159999998,121.063488
1715.906845,121.063488
1716.0338739999997,121.063488
1716.160903,121.063488
1716.2879309999998,121.063488
1716.41496,121.063488
1716.5419889999998,121.749263
1716.669018,121.749263
1716.7960469999998,121.834985
1716.923076,121.834985
1717.0501049999998,121.834985
1717.177134,121.834985
1717.3041629999998,121.834985
1717.431192,121.834985
1717.5582209999998,121.834985
1717.68525,121.834985
1717.8122789999998,121.749263
1717.939308,121.749263
1718.0663369999997,79.488347
1718.1933649999999,79.488347
1718.3203939999999,79.488347
1718.447423,79.488347
1718.5744519999998,79.488347
1718.701481,79.488347
1718.8285099999998,121.749263
1718.955539,121.749263
1719.0825679999998,122.606483
1719.209597,122.606483
1719.3366259999998,122.606483
1719.463655,122.606483
1719.5906839999998,122.606483
1719.717713,122.606483
1719.8447419999998,123.292258
1719.971771,123.292258
1720.0987989999999,124.063756
1720.2258279999999,124.063756
1720.3528569999999,124.063756
1720.479886,124.063756
1720.6069149999998,124.063756
1720.733944,124.063756
1720.8609729999998,124.063756
1720.988002,124.063756
1721.1150309999998,125.863916
1721.24206,128.092687
1721.3690889999998,128.092687
1721.496118,128.092687
1721.6231469999998,128.092687
1721.750176,128.778462
1721.8772049999998,128.778462
1722.0042329999999,129.292794
1722.1312619999999,129.292794
1722.2582909999999,129.292794
1722.3853199999999,129.292794
1722.5123489999999,129.292794
1722.6393779999999,129.292794
1722.766407,129.292794
1722.8934359999998,129.292794
1723.020465,129.292794
1723.1474939999998,129.292794
1723.274523,129.292794
1723.4015519999998,129.292794
1723.528581,129.292794
1723.6556099999998,129.292794
1724.036696,127.492633
1724.1637249999999,127.492633
1724.2907539999999,127.492633
1724.4177829999999,127.492633
1724.5448119999999,127.492633
1724.6718409999999,127.492633
1724.79887,127.492633
1724.9258989999998,127.492633
1725.052928,126.292526
1725.1799569999998,126.292526
1725.306986,126.292526
1725.4340149999998,126.292526
1725.561044,126.292526
1725.6880729999998,126.249665
1725.815102,126.206804
1725.94213,126.163943
1726.069159,126.121082
1726.196188,126.078221
1726.3232169999999,126.03536
1726.4502459999999,125.992499
1726.5772749999999,125.863916
1726.7043039999999,124.063756
1726.8313329999999,124.063756
1726.9583619999999,124.063756
1727.085391,124.063756
1727.2124199999998,124.063756
1727.339449,124.063756
1727.4664779999998,79.488347
1727.593507,79.488347
1727.7205359999998,79.488347
1727.847564,79.488347
1727.974593,79.488347
1728.101622,79.488347
1728.228651,79.488347
1728.35568,79.488347
1728.4827089999999,124.063756
1728.6097379999999,124.063756
1728.7367669999999,124.063756
1728.8637959999999,124.063756
1728.9908249999999,124.063756
1729.117854,124.063756
1729.2448829999998,124.063756
1729.371912,124.063756
1729.4989409999998,123.892312
1729.62597,123.892312
1729.752998,123.892312
1729.880027,123.892312
1730.007056,124.063756
1730.134085,124.063756
1730.261114,124.063756
1730.388143,124.063756
1730.515172,124.063756
1730.642201,124.063756
1730.7692299999999,124.063756
1730.8962589999999,124.063756
1731.0232879999999,124.063756
1731.1503169999999,124.063756
1731.2773459999999,124.063756
1731.404375,124.063756
1731.5314039999998,123.720868
1731.658432,123.720868
1731.785461,123.120814
1731.91249,123.120814
1732.293577,123.849451
1732.420606,123.892312
1732.547635,123.892312
1732.674664,123.892312
1732.801693,123.892312
1732.9287219999999,123.892312
1733.0557509999999,123.892312
1733.1827799999999,123.892312
1733.3098089999999,123.892312
1733.436838,123.892312
1733.5638669999998,123.720868
1733.690895,123.720868
1734.071982,124.063756
1734.199011,124.063756
1734.32604,124.063756
1734.453069,124.063756
1734.580098,124.063756
1734.707127,124.063756
1734.834156,124.063756
1734.961185,124.063756
1735.0882139999999,79.488347
1735.2152429999999,79.488347
1735.3422719999999,79.574069
1735.4693009999999,79.574069
1735.596329,79.574069
1735.723358,79.574069
1735.850387,125.992499
1735.977416,127.406911
1736.104445,127.406911
1736.231474,127.406911
1736.358503,127.406911
1736.485532,127.406911
1736.612561,127.406911
1736.73959,127.406911
1736.866619,127.406911
1736.993648,127.406911
1737.120677,127.406911
1737.2477059999999,127.406911
1737.3747349999999,127.406911
1737.5017629999998,79.574069
1737.628792,79.574069
1737.7558209999997,79.574069
1737.88285,79.574069
1738.009879,79.531208
1738.136908,79.488347
1738.263937,79.488347
1738.390966,79.531208
1738.517995,79.531208
1738.645024,79.531208
1738.772053,79.531208
1738.899082,79.531208
1739.026111,79.531208
1739.15314,79.531208
1739.280169,128.864184
1739.407197,128.864184
1739.5342259999998,128.864184
1739.661255,128.864184
1739.7882839999997,128.864184
1739.915313,128.864184
1740.042342,128.864184
1740.169371,128.821323
1740.2964,126.89258
1740.423429,126.89258
1740.550458,126.89258
1740.677487,126.89258
1740.804516,126.89258
1740.931545,126.89258
1741.058574,126.89258
1741.185603,126.849719
1741.693718,126.078221
1741.8207469999998,126.078221
1741.947776,126.078221
1742.0748049999997,126.078221
1742.201834,126.078221
1742.328863,126.078221
1742.455892,126.078221
1742.582921,124.063756
1742.70995,124.063756
1742.836979,124.063756
1742.964008,124.063756
1743.091037,124.063756
1743.218066,124.063756
1743.3450939999998,124.063756
1743.472123,124.063756
1743.5991519999998,124.063756
1743.726181,124.063756
1743.8532099999998,124.063756
1743.980239,124.063756
1744.1072679999997,124.063756
1744.234297,124.063756
1744.361326,124.063756
1744.488355,124.063756
1744.615384,124.063756
1744.742413,124.063756
1744.869442,124.063756
1745.504586,121.963568
1745.6316149999998,121.963568
1745.758644,121.963568
1745.8856729999998,121.963568
1746.012702,121.963568
1746.1397309999998,121.963568
1746.26676,121.963568
1746.3937889999997,121.963568
1746.520818,121.792124
1746.647847,121.792124
1746.774876,121.792124
1746.901905,153.42352
1747.028934,163.624431
1747.1559619999998,194.9558
1747.282991,204.170908
1747.4100199999998,204.170908
1747.537049,204.170908
1747.6640779999998,204.170908
1747.791107,204.170908
1747.9181359999998,204.170908
1748.045165,204.170908
1748.1721939999998,204.170908
1748.299223,119.134744
1748.4262519999997,119.134744
1748.553281,119.134744
1748.68031,119.134744
1748.807339,119.134744
1748.934368,119.134744
1749.061397,119.134744
1749.1884249999998,119.134744
1749.315454,118.020359
1749.4424829999998,118.020359
1749.569512,118.020359
1749.6965409999998,118.020359
1749.82357,118.020359
1749.9505989999998,118.06322
1750.077628,118.106081
1750.2046569999998,118.148942
1750.331686,118.148942
1750.4587149999998,118.148942
1750.585744,118.148942
1750.7127729999997,118.148942
1750.839802,118.148942
1750.966831,118.148942
1751.093859,121.192071
1751.2208879999998,121.192071
1751.347917,121.877846
1751.4749459999998,121.877846
1751.601975,122.649344
1751.7290039999998,122.649344
1751.856033,122.649344
1751.9830619999998,122.649344
1752.110091,122.649344
1752.2371199999998,122.649344
1752.364149,122.649344
1752.4911779999998,122.649344
1752.618207,122.563622
1752.7452359999997,122.563622
1752.872265,122.563622
1752.9992929999999,122.563622
1753.126322,122.563622
1753.2533509999998,122.563622
1753.38038,122.563622
1753.5074089999998,122.563622
1753.888496,125.949638
1754.0155249999998,126.249665
1754.142554,126.292526
1754.2695829999998,126.292526
1754.396612,126.292526
1754.5236409999998,126.292526
1754.65067,126.292526
1754.7776989999998,126.292526
1754.9047269999999,126.292526
1755.0317559999999,126.849719
1755.158785,126.89258
1755.2858139999998,132.078757
1755.412843,132.078757
1755.5398719999998,132.078757
1755.666901,132.078757
1755.7939299999998,132.078757
1755.920959,132.078757
1756.0479879999998,132.421645
1756.175017,132.421645
1756.3020459999998,134.221806
1756.429075,134.221806
1756.5561039999998,134.221806
1756.683133,134.221806
1756.8101609999999,134.221806
1756.9371899999999,134.221806
1757.0642189999999,134.221806
1757.1912479999999,134.221806
1757.3182769999999,134.136084
1757.445306,134.136084
1757.5723349999998,133.53603
1757.699364,133.53603
1757.8263929999998,133.10742
1757.953422,133.10742
1758.0804509999998,131.907313
1758.20748,131.907313
1758.3345089999998,131.907313
1758.461538,131.907313
1759.0966819999999,131.221538
1759.2237109999999,131.221538
1759.3507399999999,131.907313
1759.477769,131.907313
1759.6047979999998,131.907313
1759.731827,131.907313
1759.8588559999998,131.993035
1759.985885,131.993035
1760.1129139999998,132.421645
1760.239943,132.421645
1760.3669719999998,132.850254
1760.494001,132.850254
1760.6210299999998,132.935976
1760.748058,132.935976
1760.875087,132.935976
1761.002116,132.935976
1761.1291449999999,132.935976
1761.2561739999999,132.935976
1761.3832029999999,133.193142
1761.5102319999999,133.193142
1761.6372609999999,133.193142
1761.76429,133.193142
1761.8913189999998,133.193142
1762.018348,133.193142
1762.1453769999998,133.193142
1762.272406,133.193142
1762.3994349999998,132.764533
1762.526464,132.764533
1762.653492,132.678811
1762.780521,132.678811
1762.90755,132.678811
1763.034579,132.678811
1763.161608,131.135816
1763.2886369999999,131.135816
1763.4156659999999,128.735601
1763.5426949999999,128.735601
1763.6697239999999,128.735601
1763.796753,128.735601
1763.9237819999998,128.735601
1764.050811,128.735601
1764.1778399999998,127.79266
1764.304869,127.79266
1764.4318979999998,127.79266
1764.558926,127.79266
1764.685955,127.621216
1764.812984,127.621216
1764.940013,127.621216
1765.067042,127.621216
1765.194071,127.621216
1765.3211,127.621216
1765.4481289999999,126.849719
1765.5751579999999,126.849719
1765.7021869999999,126.506831
1765.8292159999999,126.506831
1765.9562449999999,126.506831
1766.083274,126.506831
1766.2103029999998,123.163675
1766.337332,123.163675
1766.4643609999998,123.163675
1766.591389,123.163675
1766.718418,123.163675
1766.845447,122.820788
1766.972476,122.820788
1767.099505,122.820788
1767.226534,122.820788
1767.353563,122.820788
1767.480592,122.820788
1767.8616789999999,117.848915
1767.9887079999999,117.848915
1768.115737,117.848915
1768.2427659999998,117.848915
1768.369795,117.848915
1768.496823,117.848915
1768.623852,118.106081
1768.750881,118.106081
1768.87791,118.106081
1769.004939,118.106081
1769.131968,118.106081
1769.258997,118.106081
1769.386026,118.106081
1769.513055,118.106081
1769.8941419999999,122.04929
1770.0211709999999,122.04929
1770.1481999999999,122.135012
1770.2752289999999,122.135012
1770.402257,122.135012
1770.529286,122.135012
1770.656315,122.306456
1770.783344,122.306456
1770.910373,122.392178
1771.037402,122.392178
1771.164431,122.392178
1771.29146,122.392178
1771.418489,122.4779
1771.545518,122.4779
1771.672547,122.563622
1771.799576,122.563622
1771.9266049999999,122.649344
1772.0536339999999,122.649344
1772.1806629999999,122.649344
1772.307691,122.649344
1772.4347199999997,124.063756
1772.561749,124.063756
1772.688778,124.063756
1772.815807,124.063756
1772.942836,124.063756
1773.069865,124.063756
1773.196894,124.063756
1773.323923,124.063756
1773.450952,123.678007
1773.577981,123.678007
1773.70501,119.134744
1773.832039,119.134744
1773.959068,125.778194
1774.0860969999999,127.36405
1774.2131259999999,127.36405
1774.340154,127.36405
1774.4671829999997,127.36405
1774.594212,129.292794
1774.721241,129.292794
1774.84827,129.292794
1774.975299,129.292794
1775.102328,129.292794
1775.229357,129.292794
1775.356386,129.292794
1775.483415,129.292794
1775.864502,131.564425
1775.991531,131.564425
1776.11856,131.564425
1776.2455879999998,131.564425
1776.372617,131.564425
1776.4996459999998,131.564425
1776.626675,131.564425
1776.7537039999997,131.564425
1776.880733,133.664613
1777.007762,133.707474
1777.134791,133.707474
1777.26182,133.707474
1777.388849,134.43611
1777.515878,134.43611
1777.642907,134.43611
1777.769936,134.43611
1777.896965,134.43611
1778.023994,134.43611
1778.151022,134.43611
1778.2780509999998,134.43611
1778.40508,79.531208
1778.5321089999998,79.531208
1778.659138,79.488347
1778.7861669999998,79.445486
1778.913196,79.445486
1779.040225,79.445486
1779.167254,79.445486
1779.294283,79.445486
1779.421312,79.445486
1779.548341,79.445486
1779.67537,79.445486
1779.802399,79.445486
1779.929428,79.402625
1780.0564559999998,139.236539
1780.183485,139.236539
1780.3105139999998,141.893919
1780.437543,141.93678
1780.5645719999998,142.322529
1780.691601,142.36539
1780.8186299999998,142.36539
1780.945659,142.36539
1781.0726879999997,142.36539
1781.199717,142.36539
1781.326746,142.36539
1781.453775,142.36539
1781.580804,144.508438
1781.707833,144.508438
1781.834862,144.508438
1781.961891,144.508438
1782.0889189999998,144.508438
1782.215948,144.508438
1782.3429769999998,144.508438
1782.470006,144.508438
1782.5970349999998,144.508438
1782.724064,144.508438
1782.8510929999998,144.508438
1782.978122,144.508438
1783.1051509999998,144.508438
1783.23218,144.508438
1783.359209,141.851058
1783.486238,141.808197
1783.613267,141.979641
1783.740296,141.979641
1783.867325,142.151085
1783.994353,142.151085
1784.1213819999998,142.408251
1784.248411,142.408251
1784.3754399999998,142.408251
1784.502469,142.408251
1784.6294979999998,142.408251
1784.756527,142.408251
1784.8835559999998,142.408251
1785.010585,142.408251
1785.1376139999998,142.36539
1785.264643,142.322529
1785.3916719999997,79.488347
1785.518701,79.488347
1785.64573,79.488347
1785.772759,79.488347
1785.8997869999998,79.488347
1786.026816,79.488347
1786.1538449999998,79.402625
1786.280874,79.402625
1786.4079029999998,79.402625
1786.534932,79.402625
1786.6619609999998,79.402625
1786.78899,79.402625
1786.9160189999998,136.236271
1787.043048,136.279132
1787.1700769999998,136.279132
1787.297106,136.793464
1787.4241349999998,136.836325
1787.551164,136.879186
1787.678193,137.5221
1787.805221,137.5221
1787.9322499999998,137.5221
1788.059279,137.5221
1788.1863079999998,137.5221
1788.313337,137.5221
1788.4403659999998,137.5221
1788.567395,137.5221
1788.6944239999998,137.436378
1788.821453,137.436378
1788.9484819999998,137.436378
1789.075511,137.479239
1789.2025399999998,138.636485
1789.329569,138.636485
1789.4565979999998,138.636485
1789.583627,138.636485
1789.7106549999999,138.636485
1789.837684,138.636485
1789.9647129999998,138.636485
1790.091742,138.636485
1790.7268869999998,138.465042
1790.853916,138.465042
1790.9809449999998,138.465042
1791.107974,138.465042
1791.2350029999998,138.465042
1791.362032,138.465042
1791.4890609999998,138.465042
1791.61609,138.465042
1791.7431179999999,79.488347
1791.8701469999999,79.488347
1791.9971759999999,79.488347
1792.124205,79.488347
1792.2512339999998,79.488347
1792.378263,79.488347
1792.5052919999998,79.488347
1792.632321,79.488347
1792.7593499999998,79.488347
1792.886379,79.488347
1793.0134079999998,79.488347
1793.140437,79.488347
1793.2674659999998,79.488347
1793.394495,79.488347
1793.5215239999998,79.488347
1793.6485519999999,79.488347
1793.7755809999999,79.488347
1793.9026099999999,79.488347
1794.0296389999999,79.488347
1794.156668,79.488347
1794.2836969999998,79.402625
1794.410726,79.402625
1794.5377549999998,79.402625
1794.664784,79.402625
1794.7918129999998,79.402625
1794.918842,79.402625
1795.0458709999998,79.402625
1795.1729,79.402625
1795.2999289999998,79.402625
1795.426958,79.402625
1795.553986,79.402625
1795.681015,79.402625
1795.8080439999999,79.402625
1795.9350729999999,79.402625
1796.0621019999999,79.402625
1796.1891309999999,79.402625
1796.3161599999999,79.402625
1796.443189,79.402625
1796.5702179999998,79.488347
1796.697247,79.488347
1796.8242759999998,79.488347
1796.951305,79.488347
1797.0783339999998,79.488347
1797.205363,79.488347
1797.3323919999998,79.488347
1797.45942,79.488347
1797.840507,79.488347
1797.9675359999999,79.488347
1798.0945649999999,79.488347
1798.2215939999999,79.488347
1798.3486229999999,79.488347
1798.4756519999999,79.488347
1798.6026809999998,79.488347
1798.72971,79.488347
1798.8567389999998,79.488347
1798.983768,79.488347
1799.1107969999998,79.488347
1799.237826,79.488347
1799.3648549999998,79.488347
1799.491883,79.488347
1799.618912,79.488347
1799.745941,79.488347
1799.87297,79.488347
1799.999999,79.488347
1800.1270279999999,79.488347
1800.2540569999999,79.488347
1800.3810859999999,79.488347
1800.5081149999999,79.488347
1800.6351439999999,79.488347
1800.762173,79.488347
1800.8892019999998,79.488347
1801.016231,79.488347
1801.1432599999998,79.488347
1801.270289,79.488347
1801.397317,79.402625
1801.524346,79.402625
1801.651375,79.402625
1801.778404,79.402625
1801.905433,79.402625
1802.032462,79.402625
1802.159491,79.402625
1802.2865199999999,79.402625
1802.4135489999999,79.402625
1802.5405779999999,79.402625
1802.6676069999999,79.488347
1802.7946359999999,79.488347
1802.9216649999998,79.488347
1803.048694,79.488347
1803.1757229999998,79.488347
1803.302751,79.488347
1803.42978,79.488347
1803.556809,79.488347
1803.683838,79.488347
1803.810867,79.488347
1803.937896,79.488347
1804.064925,79.488347
1804.191954,79.488347
1804.318983,79.488347
1804.4460119999999,79.488347
1804.5730409999999,154.666488
1804.7000699999999,154.666488
1804.8270989999999,154.666488
1804.9541279999999,154.666488
1805.081157,154.666488
1805.208185,154.666488
1805.335214,154.666488
1805.462243,154.666488
1805.589272,152.351996
1805.716301,152.351996
1805.84333,149.608894
1805.970359,149.608894
1806.224417,144.208411
1806.351446,144.208411
1806.478475,144.208411
1806.6055039999999,144.208411
1806.7325329999999,144.208411
1806.8595619999999,144.208411
1806.9865909999999,144.208411
1807.1136199999999,144.208411
1807.240648,144.208411
1807.367677,144.208411
1807.494706,144.208411
1807.621735,144.208411
1807.748764,144.208411
1807.875793,144.208411
1808.002822,144.208411
1808.129851,144.208411
1808.25688,79.402625
1808.383909,79.402625
1808.510938,79.402625
1808.637967,79.402625
1809.0190539999999,79.488347
1809.1460819999998,79.488347
1809.273111,79.488347
1809.40014,79.488347
1809.527169,79.488347
1809.654198,79.488347
1809.781227,79.488347
1809.908256,79.488347
1810.543401,79.488347
1810.67043,79.488347
1810.797459,79.488347
1810.9244879999999,79.488347
1811.051516,141.208144
1811.1785449999998,141.208144
1811.305574,141.208144
1811.4326029999997,141.208144
1811.559632,141.208144
1811.686661,141.208144
1811.81369,141.208144
1811.940719,141.208144
1812.067748,79.488347
1812.194777,79.488347
1812.321806,79.488347
1812.448835,79.488347
1812.575864,79.488347
1812.702893,79.488347
1812.829922,79.488347
1812.9569499999998,79.488347
1813.083979,79.488347
1813.2110079999998,79.488347
1813.338037,79.488347
1813.4650659999998,79.488347
1813.592095,79.488347
1813.719124,79.488347
1813.846153,79.488347
1813.973182,79.488347
1814.100211,79.488347
1814.22724,79.488347
1814.354269,79.488347
1814.481298,79.488347
1814.608327,79.488347
1814.735356,79.488347
1814.862385,79.488347
1814.9894129999998,79.488347
1815.116442,79.488347
1815.2434709999998,79.488347
1815.3705,79.488347
1815.4975289999998,79.488347
1815.624558,79.488347
1815.7515869999997,79.488347
1816.259703,79.402625
1816.386732,79.402625
1816.64079,122.263595
1816.767819,122.263595
1816.894847,122.263595
1817.0218759999998,122.263595
1817.148905,122.349317
1817.2759339999998,122.349317
1817.402963,122.94937
1817.5299919999998,122.94937
1817.657021,122.94937
1817.7840499999998,122.94937
1817.911079,122.94937
1818.038108,122.94937
1818.165137,122.94937
1818.292166,122.94937
1818.419195,122.94937
1818.546224,122.94937
1818.673253,122.435039
1818.8002809999998,122.435039
1818.92731,121.663541
1819.0543389999998,121.663541
1819.181368,121.663541
1819.3083969999998,121.663541
1819.435426,121.063488
1819.5624549999998,121.063488
1819.689484,121.063488
1819.8165129999998,121.063488
1819.943542,121.063488
1820.0705709999997,121.063488
1820.1976,118.406108
1820.324629,118.363247
1820.451658,115.920171
1820.578687,115.920171
1820.705715,115.920171
1820.8327439999998,115.920171
1821.213831,121.320654
1821.3408599999998,121.320654
1821.467889,121.706402
1821.5949179999998,121.749263
1821.721947,121.749263
1821.8489759999998,121.749263
1821.976005,121.749263
1822.1030339999998,121.749263
1822.230063,121.749263
1822.357092,121.749263
1822.484121,121.749263
1822.61115,121.749263
1822.738178,121.577819
1822.8652069999998,121.577819
1822.992236,120.977766
1823.1192649999998,120.977766
1823.246294,120.977766
1823.3733229999998,120.977766
1823.500352,122.735066
1823.6273809999998,123.549424
1823.75441,124.063756
1823.8814389999998,124.063756
1824.008468,124.063756
1824.1354969999998,124.063756
1824.262526,124.063756
1824.3895549999997,124.063756
1824.516584,124.063756
1824.6436119999998,124.063756
1824.770641,124.063756
1824.8976699999998,124.063756
1825.024699,124.063756
1825.1517279999998,124.063756
1825.4057859999998,125.735334
1825.532815,125.735334
1825.6598439999998,125.735334
1825.786873,125.735334
1825.9139019999998,125.735334
1826.040931,125.735334
1826.1679599999998,125.735334
1826.294989,125.735334
1826.4220179999998,125.735334
1826.5490459999999,125.735334
1826.6760749999999,123.978034
1826.803104,123.978034
1826.9301329999998,123.978034
1827.057162,123.978034
1827.1841909999998,123.978034
1827.31122,123.978034
1827.4382489999998,123.935173
1827.565278,79.445486
1827.6923069999998,79.445486
1827.819336,79.445486
1827.9463649999998,79.445486
1828.073394,79.445486
1828.2004229999998,79.445486
1828.327452,79.445486
1828.4544799999999,79.445486
1828.5815089999999,79.445486
1828.7085379999999,79.445486
1828.8355669999999,79.445486
1828.9625959999998,79.445486
1829.089625,79.445486
1829.2166539999998,79.445486
1829.343683,79.445486
1829.4707119999998,79.445486
1830.105857,79.445486
1830.2328859999998,79.445486
1830.359914,79.445486
1830.4869429999999,79.445486
1830.6139719999999,79.445486
1830.7410009999999,79.445486
1830.8680299999999,79.445486
1830.9950589999999,79.445486
1831.122088,79.445486
1831.2491169999998,79.445486
1831.376146,79.359764
1831.5031749999998,79.359764
1831.630204,79.445486
1831.7572329999998,79.445486
1831.884262,79.445486
1832.0112909999998,79.445486
1832.13832,116.648808
1832.2653489999998,116.648808
1832.392377,116.648808
1832.519406,116.648808
1832.6464349999999,116.648808
1832.7734639999999,116.648808
1832.9004929999999,116.648808
1833.0275219999999,116.648808
1833.1545509999999,116.563086
1833.2815799999998,116.563086
1833.408609,113.862845
1833.5356379999998,113.862845
1833.662667,113.819984
1833.7896959999998,114.034289
1833.916725,114.034289
1834.0437539999998,114.034289
1834.170783,114.034289
1834.297811,114.034289
1834.42484,114.034289
1834.551869,114.034289
1834.678898,112.105545
1834.8059269999999,112.105545
1834.9329559999999,112.105545
1835.0599849999999,111.848379
1835.1870139999999,111.848379
1835.69513,115.791589
1835.8221589999998,115.83445
1835.949188,115.963032
1836.0762169999998,115.963032
1836.203245,115.963032
1836.330274,115.963032
1836.457303,115.963032
1836.584332,115.963032
1836.711361,115.963032
1836.83839,115.963032
1836.9654189999999,114.07715
1837.0924479999999,114.07715
1837.2194769999999,114.07715
1837.3465059999999,114.07715
1837.4735349999999,114.07715
1837.6005639999998,114.07715
1837.727593,114.07715
1838.108679,114.120011
1838.235708,114.120011
1838.362737,114.120011
1838.489766,114.120011
1838.616795,114.120011
1838.743824,114.120011
1838.870853,114.120011
1838.997882,114.120011
1839.1249109999999,113.134208
1839.2519399999999,113.134208
1839.3789689999999,113.134208
1839.5059979999999,113.134208
1839.6330269999999,113.134208
1839.760056,113.134208
1839.8870849999998,113.134208
1840.014114,113.134208
1840.141142,113.134208
1840.268171,113.134208
1840.3952,79.445486
1840.522229,79.359764
1840.649258,79.359764
1840.776287,79.359764
1840.903316,79.359764
1841.030345,79.445486
1841.157374,79.445486
1841.2844029999999,79.445486
1841.4114319999999,79.445486
1841.5384609999999,79.445486
1841.6654899999999,79.445486
1841.7925189999999,79.445486
1841.9195479999998,79.445486
1842.046576,79.359764
1842.173605,79.359764
1842.300634,115.791589
1842.427663,115.791589
1842.554692,115.791589
1842.681721,115.791589
1842.80875,115.791589
1842.935779,115.791589
1843.062808,115.791589
1843.189837,115.791589
1843.316866,115.791589
1843.4438949999999,115.791589
1843.5709239999999,79.445486
1843.6979529999999,79.445486
1843.8249819999999,79.445486
1843.95201,79.445486
1844.079039,79.445486
1844.206068,79.445486
1844.333097,79.445486
1844.460126,79.445486
1844.587155,79.359764
1844.714184,79.359764
1844.841213,79.445486
1844.968242,79.445486
1845.095271,79.445486
1845.2223,79.445486
1845.349329,79.445486
1845.476358,79.445486
1845.6033869999999,79.445486
1845.7304159999999,114.07715
1845.8574439999998,114.07715
1845.984473,114.07715
1846.1115019999997,114.07715
1846.238531,114.07715
1846.36556,114.07715
1846.492589,114.07715
1846.619618,114.07715
1846.746647,114.07715
1846.873676,114.07715
1847.000705,114.07715
1847.127734,114.07715
1847.254763,114.07715
1847.381792,114.07715
1847.508821,114.07715
1847.63585,114.07715
1847.7628789999999,114.07715
1847.8899069999998,114.07715
1848.016936,79.359764
1848.1439649999998,79.359764
1848.270994,79.359764
1848.398023,79.359764
1848.525052,79.359764
1848.652081,79.359764
1848.77911,79.359764
1848.906139,79.359764
1849.033168,79.359764
1849.160197,79.359764
1849.287226,79.359764
1849.414255,79.445486
1849.541284,79.445486
1849.668313,79.445486
1849.795341,79.445486
1849.9223699999998,79.445486
1850.049399,79.445486
1850.1764279999998,79.445486
1850.303457,79.445486
1850.4304859999997,79.359764
1850.557515,79.359764
1850.684544,79.445486
1850.811573,113.21993
1850.938602,113.21993
1851.065631,113.21993
1851.19266,113.21993
1851.319689,113.21993
1851.446718,113.21993
1851.573747,113.562818
1851.7007749999998,113.562818
1851.827804,113.562818
1851.9548329999998,113.562818
1852.081862,113.562818
1852.2088909999998,113.562818
1852.33592,113.562818
1852.4629489999998,113.562818
1852.589978,113.562818
1852.717007,113.562818
1852.844036,113.562818
1852.971065,113.562818
1853.098094,79.359764
1853.7332379999998,115.963032
1853.860267,115.963032
1853.9872959999998,115.963032
1854.114325,115.963032
1854.2413539999998,115.963032
1854.368383,115.963032
1854.4954119999998,116.134476
1854.622441,116.134476
1854.7494699999997,116.134476
1854.876499,116.134476
1855.003528,116.134476
1855.130557,116.134476
1855.257586,116.134476
1855.384615,116.134476
1855.511644,116.134476
1855.638672,116.134476
1855.7657009999998,116.134476
1855.89273,116.134476
1856.0197589999998,116.134476
1856.146788,116.134476
1856.2738169999998,116.648808
1856.400846,116.648808
1856.5278749999998,116.648808
1856.654904,116.648808
1856.7819329999998,116.648808
1856.908962,116.648808
1857.035991,116.648808
1857.16302,116.648808
1857.290049,116.648808
1857.417078,116.648808
1857.5441059999998,116.648808
1857.671135,116.648808
1857.7981639999998,79.445486
1857.925193,79.445486
1858.0522219999998,79.445486
1858.179251,79.445486
1858.3062799999998,79.445486
1858.433309,79.445486
1858.5603379999998,79.445486
1858.687367,79.445486
1858.8143959999998,79.445486
1858.941425,79.445486
1859.0684539999997,79.445486
1859.195483,79.445486
1859.322512,79.445486
1859.44954,79.445486
1859.5765689999998,116.134476
1859.703598,116.134476
1859.8306269999998,116.134476
1859.957656,116.134476
1860.0846849999998,116.134476
1860.211714,116.134476
1860.3387429999998,116.134476
1860.465772,116.134476
1860.5928009999998,79.445486
1860.71983,79.445486
1860.8468589999998,79.445486
1860.973888,79.445486
1861.1009169999998,79.445486
1861.227946,79.445486
1861.3549739999999,79.445486
1861.482003,79.445486
1861.6090319999998,79.402625
1861.736061,79.402625
1861.8630899999998,79.402625
1861.990119,114.120011
1862.1171479999998,114.120011
1862.244177,114.120011
1862.3712059999998,114.120011
1862.498235,114.120011
1862.6252639999998,114.120011
1862.752293,114.120011
1862.8793219999998,114.120011
1863.006351,114.120011
1863.1333799999998,114.120011
1863.2604079999999,114.120011
1863.3874369999999,114.120011
1863.5144659999999,114.120011
1863.6414949999998,116.134476
1863.768524,116.134476
1863.8955529999998,116.134476
1864.022582,116.134476
1864.1496109999998,116.134476
1864.27664,116.134476
1864.4036689999998,116.134476
1864.530698,116.134476
1864.6577269999998,116.134476
1864.784756,116.091615
1864.9117849999998,113.305652
1865.038814,113.305652
1865.1658429999998,113.305652
1865.2928709999999,113.305652
1865.4198999999999,113.305652
1865.5469289999999,79.316903
1865.6739579999999,79.316903
1865.800987,79.316903
1865.9280159999998,79.316903
1866.055045,79.316903
1866.1820739999998,79.316903
1866.309103,79.316903
1866.4361319999998,79.316903
1866.563161,79.316903
1866.6901899999998,79.316903
1866.817219,79.316903
1866.9442479999998,79.316903
1867.071277,79.316903
1867.198305,79.316903
1867.3253339999999,79.316903
1867.4523629999999,79.402625
1867.5793919999999,79.402625
1867.7064209999999,79.402625
1867.8334499999999,79.402625
1867.9604789999999,117.63461
1868.087508,117.63461
1868.2145369999998,117.63461
1868.341566,117.63461
1868.4685949999998,118.577552
1868.595624,118.577552
1868.7226529999998,118.577552
1868.849682,118.577552
1868.9767109999998,118.577552
1869.103739,118.577552
1869.230768,118.577552
1869.357797,118.577552
1869.4848259999999,118.320386
1869.6118549999999,118.320386
1870.7551159999998,116.177337
1870.882145,116.177337
1871.009173,116.177337
1871.136202,116.177337
1871.263231,116.177337
1871.39026,116.177337
1871.517289,116.177337
1871.6443179999999,116.177337
1871.7713469999999,79.316903
1871.8983759999999,79.316903
1872.0254049999999,79.316903
1872.1524339999999,79.316903
1872.2794629999999,79.402625
1872.406492,79.402625
1872.5335209999998,79.402625
1872.66055,79.402625
1872.7875789999998,79.402625
1872.914608,79.402625
1873.041636,79.402625
1873.168665,113.262791
1873.295694,113.262791
1873.422723,113.262791
1873.549752,113.262791
1873.676781,113.262791
1873.8038099999999,113.262791
1873.9308389999999,113.262791
1874.0578679999999,113.262791
1874.1848969999999,79.402625
1874.3119259999999,79.402625
1874.438955,79.402625
1874.438955,124.004283
1874.565984,124.004283
1874.693013,124.004283
1874.820042,124.004283
1875.4551860000001,126.14561
1875.5822150000001,126.14561
1875.7092440000001,126.14561
1875.8362730000001,126.14561
1875.963302,126.14561
1876.090331,126.14561
1876.21736,126.14561
1876.344389,126.14561
1876.471418,124.004283
1876.598447,124.004283
1876.725476,124.004283
1876.852505,124.004283
1876.979534,124.004283
1877.106563,124.004283
1877.233592,79.464668
1877.3606200000002,79.464668
1877.4876490000001,79.464668
1877.6146780000001,79.464668
1877.7417070000001,79.464668
1877.8687360000001,79.464668
1877.9957650000001,79.464668
1878.122794,79.464668
1878.249823,126.445396
1878.376852,126.488223
1878.503881,126.488223
1878.63091,126.488223
1878.757939,126.488223
1878.884968,126.488223
1879.011997,126.488223
1879.139026,126.488223
1879.266055,79.464668
1879.3930830000002,79.464668
1879.5201120000002,79.464668
1879.6471410000001,79.464668
1879.7741700000001,79.464668
1879.9011990000001,79.464668
1880.0282280000001,79.421842
1880.1552570000001,79.379015
1880.282286,79.379015
1880.409315,79.379015
1880.536344,79.379015
1880.663373,79.379015
1880.790402,79.379015
1880.917431,79.379015
1881.04446,79.379015
1881.171489,79.379015
1881.5525750000002,79.379015
1881.6796040000002,79.379015
1881.8066330000001,79.464668
1881.9336620000001,79.464668
1882.0606910000001,79.464668
1882.1877200000001,79.464668
1882.3147490000001,79.464668
1882.441778,79.464668
1882.568807,79.464668
1882.695836,79.464668
1882.822865,79.464668
1882.949894,79.464668
1883.076923,79.464668
1883.2039510000002,79.464668
1883.3309800000002,79.464668
1883.4580090000002,79.464668
1883.5850380000002,79.464668
1883.7120670000002,79.464668
1883.8390960000002,79.464668
1883.9661250000001,79.464668
1884.0931540000001,79.464668
1884.2201830000001,131.070664
1884.3472120000001,131.070664
1884.4742410000001,131.070664
1884.60127,131.11349
1884.728299,131.584582
1884.855328,131.627409
1884.982357,131.670236
1885.109385,131.670236
1885.236414,131.670236
1885.3634430000002,131.670236
1885.4904720000002,131.670236
1885.6175010000002,131.670236
1885.7445300000002,131.670236
1885.8715590000002,131.670236
1885.9985880000002,131.584582
1886.1256170000001,131.584582
1886.2526460000001,131.24197
1886.3796750000001,131.284797
1886.5067040000001,131.327623
1886.6337330000001,131.327623
1886.760762,131.327623
1886.887791,131.37045
1887.01482,131.413276
1887.141848,131.456103
1887.268877,131.755889
1887.395906,131.755889
1887.5229350000002,131.755889
1887.6499640000002,131.798715
1887.7769930000002,131.798715
1887.9040220000002,131.798715
1888.0310510000002,131.798715
1888.1580800000002,131.798715
1888.2851090000001,131.798715
1888.4121380000001,131.798715
1888.5391670000001,79.464668
1888.6661960000001,79.464668
1888.7932250000001,79.464668
1888.920254,79.464668
1889.047282,79.464668
1889.174311,79.464668
1889.30134,79.464668
1889.428369,132.912206
1889.555398,133.811563
1889.6824270000002,133.811563
1889.8094560000002,133.811563
1889.9364850000002,133.811563
1890.0635140000002,133.811563
1890.1905430000002,133.811563
1890.3175720000002,133.811563
1890.4446010000001,133.811563
1890.5716300000001,133.811563
1890.6986590000001,133.811563
1890.8256880000001,133.640257
1890.952716,133.640257
1891.079745,132.012848
1891.206774,132.012848
1891.333803,132.012848
1891.460832,132.012848
1891.587861,132.012848
1891.71489,132.012848
1891.8419190000002,132.012848
1891.9689480000002,132.012848
1892.0959770000002,129.271949
1892.2230060000002,129.271949
1892.3500350000002,129.271949
1892.4770640000002,129.229122
1892.6040930000001,129.186296
1892.7311220000001,129.057816
1892.85815,129.014989
1892.985179,128.972163
1893.112208,128.929336
1893.239237,127.987152
1893.366266,127.987152
1893.493295,127.987152
1893.620324,127.987152
1893.747353,127.987152
1893.874382,127.987152
1894.0014110000002,127.987152
1894.1284400000002,127.987152
1894.2554690000002,127.987152
1894.3824980000002,127.987152
1894.5095270000002,79.464668
1894.6365560000002,79.464668
1894.763584,79.464668
1894.890613,79.464668
1895.017642,79.464668
1895.144671,79.464668
1895.2717,79.464668
1895.398729,79.464668
1895.525758,79.464668
1895.652787,79.464668
1895.779816,79.464668
1895.906845,79.464668
1896.033874,79.464668
1896.1609030000002,79.464668
1896.2879320000002,79.464668
1896.4149610000002,79.464668
1896.5419900000002,79.464668
1896.6690190000002,79.464668
1896.796047,79.464668
1896.923076,79.464668
1897.050105,79.464668
1897.177134,79.464668
1897.304163,79.464668
1897.431192,79.464668
1897.558221,79.464668
1897.68525,79.464668
1897.812279,79.464668
1897.939308,79.464668
1898.066337,79.464668
1898.193366,79.464668
1898.3203950000002,79.464668
1898.4474240000002,79.464668
1898.5744530000002,131.627409
1898.701481,131.755889
1898.82851,131.755889
1898.955539,131.755889
1899.082568,131.755889
1899.209597,131.755889
1899.336626,131.755889
1899.463655,131.755889
1899.590684,131.755889
1899.717713,79.464668
1899.844742,79.464668
1899.971771,79.464668
1900.0988,79.464668
1900.225829,79.464668
1900.352858,79.464668
1900.4798870000002,79.464668
1900.606915,79.464668
1900.733944,79.464668
1900.860973,79.464668
1900.988002,79.464668
1901.115031,79.464668
1901.24206,133.554604
1901.369089,133.554604
1901.496118,133.554604
1901.623147,133.554604
1901.750176,133.554604
1901.877205,133.554604
1902.004234,133.554604
1902.131263,133.554604
1902.258292,133.554604
1902.385321,133.554604
1902.512349,79.464668
1902.639378,79.464668
1902.766407,79.464668
1902.893436,79.464668
1903.020465,79.464668
1903.147494,79.464668
1903.274523,134.068522
1903.401552,134.068522
1903.528581,134.068522
1903.65561,134.068522
1903.782639,134.154176
1903.909668,134.154176
1904.036697,134.239829
1904.163726,134.239829
1904.290755,134.239829
1904.417784,134.239829
1904.544812,134.239829
1904.671841,134.239829
1904.79887,134.239829
1904.925899,134.239829
1905.052928,134.239829
1905.179957,134.239829
1905.306986,136.20985
1905.434015,136.20985
1905.561044,136.20985
1905.688073,136.20985
1905.815102,136.20985
1905.942131,136.20985
1906.06916,136.20985
1906.196189,136.20985
1906.323218,79.464668
1906.450246,79.464668
1906.577275,79.464668
1906.704304,79.464668
1906.831333,79.464668
1906.958362,79.464668
1907.085391,79.464668
1907.21242,79.464668
1907.339449,79.464668
1907.466478,79.464668
1907.593507,79.464668
1907.720536,79.464668
1907.847565,79.464668
1907.974594,79.464668
1908.101623,79.464668
1908.228652,79.464668
1908.3556800000001,137.32334
1908.482709,137.32334
1908.609738,137.32334
1908.736767,137.32334
1908.863796,137.32334
1908.990825,137.32334
1909.117854,137.32334
1909.244883,137.32334
1909.371912,136.124197
1909.498941,136.124197
1909.62597,136.124197
1909.752999,136.124197
1909.880028,136.124197
1910.007057,136.124197
1910.134086,136.124197
1910.2611140000001,136.124197
1910.3881430000001,136.038544
1910.5151720000001,136.038544
1910.6422010000001,136.124197
1910.76923,136.124197
1910.896259,136.124197
1911.023288,136.124197
1911.150317,136.124197
1911.277346,136.124197
1911.404375,136.124197
1911.531404,136.124197
1911.658433,136.124197
1911.785462,136.124197
1911.912491,136.124197
1912.03952,136.124197
1912.166549,136.124197
1912.2935770000001,136.124197
1912.6746640000001,138.351178
1912.8016930000001,138.351178
1912.928722,138.351178
1913.055751,138.351178
1913.18278,138.351178
1913.309809,138.351178
1913.436838,138.351178
1913.563867,138.351178
1913.690896,138.351178
1913.817925,138.351178
1913.944954,138.351178
1914.071983,138.351178
1914.1990110000002,138.351178
1914.3260400000001,138.351178
1914.4530690000001,138.351178
1914.5800980000001,138.351178
1914.7071270000001,131.841542
1914.8341560000001,131.841542
1914.9611850000001,131.841542
1915.088214,131.841542
1915.215243,131.841542
1915.342272,131.841542
1915.469301,131.841542
1915.59633,131.841542
1915.723359,131.027837
1915.850388,131.027837
1915.977417,129.014989
1916.1044450000002,129.014989
1916.2314740000002,129.014989
1916.3585030000002,129.014989
1916.4855320000001,129.014989
1916.6125610000001,129.014989
1916.7395900000001,129.014989
1916.8666190000001,129.014989
1916.9936480000001,129.014989
1917.1206770000001,129.014989
1917.247706,129.014989
1917.374735,79.421842
1917.501764,79.421842
1917.628793,79.421842
1917.755822,79.421842
1917.882851,79.421842
1918.0098790000002,79.421842
1918.1369080000002,79.421842
1918.2639370000002,79.421842
1918.3909660000002,79.507495
1918.5179950000002,79.507495
1918.6450240000001,79.507495
1918.7720530000001,79.507495
1918.8990820000001,79.507495
1919.0261110000001,79.507495
1919.1531400000001,79.507495
1919.2801690000001,79.507495
1919.407198,79.507495
1919.534227,79.507495
1919.661256,79.507495
1919.788285,79.507495
1919.915314,79.507495
1920.0423420000002,79.507495
1920.1693710000002,130.942184
1920.2964000000002,132.012848
1920.4234290000002,132.012848
1920.5504580000002,132.012848
1920.6774870000002,132.012848
1920.8045160000001,132.012848
1920.9315450000001,132.012848
1921.0585740000001,132.012848
1921.1856030000001,132.012848
1921.3126320000001,131.755889
1921.4396610000001,131.755889
1921.56669,131.755889
1921.693719,131.755889
1921.820748,131.755889
1921.947776,131.755889
1922.074805,131.755889
1922.201834,131.713062
1923.0910370000001,132.269807
1923.2180660000001,132.269807
1923.3450950000001,132.269807
1923.4721240000001,132.269807
1923.5991530000001,132.269807
1923.726182,132.269807
1923.85321,132.269807
1923.980239,132.269807
1924.3613260000002,132.869379
1924.4883550000002,132.869379
1924.6153840000002,132.869379
1924.7424130000002,132.869379
1924.8694420000002,132.869379
1924.9964710000002,132.869379
1925.1235000000001,132.869379
1925.2505290000001,132.869379
1925.885673,134.239829
1926.012702,134.239829
1926.139731,134.239829
1926.26676,134.239829
1926.393789,134.239829
1926.520818,134.239829
1926.6478470000002,134.239829
1926.7748760000002,134.239829
1926.9019050000002,134.239829
1927.0289340000002,134.239829
1927.1559630000002,133.211991
1927.2829920000001,133.211991
1927.4100210000001,133.211991
1927.5370500000001,133.211991
1927.6640790000001,133.211991
1927.791107,133.169165
1928.045165,132.869379
1928.172194,132.869379
1928.299223,132.869379
1932.364149,131.070664
1932.491178,131.070664
1932.618207,131.070664
1932.745236,131.070664
1932.872265,131.070664
1932.9992940000002,131.070664
1933.1263230000002,131.070664
1933.2533520000002,133.040685
1933.3803810000002,133.040685
1933.507409,133.297645
1933.634438,133.297645
1933.761467,133.297645
1933.888496,133.297645
1934.015525,133.297645
1934.142554,133.297645
1934.269583,133.297645
1934.396612,133.297645
1934.523641,133.169165
1934.65067,133.169165
1934.777699,128.158458
1934.904728,128.072805
1935.031757,128.072805
1935.158786,128.072805
1935.2858150000002,128.072805
1935.412843,127.558887
1935.539872,127.558887
1935.666901,127.558887
1935.79393,127.558887
1935.920959,127.38758
1936.047988,127.344754
1936.175017,126.488223
1936.302046,126.488223
1936.429075,126.488223
1936.556104,126.488223
1936.683133,123.79015
1936.810162,123.79015
1936.937191,123.79015
1937.06422,123.79015
1937.191249,118.907923
1937.3182780000002,118.907923
1937.445306,118.907923
1937.572335,118.907923
1937.699364,118.907923
1937.826393,117.109208
1937.953422,117.109208
1938.20748,127.51606
1938.334509,127.51606
1938.461538,127.51606
1938.588567,127.51606
1938.715596,127.51606
1938.842625,127.51606
1938.969654,127.51606
1939.096683,127.51606
1939.223712,127.51606
1939.35074,127.51606
1939.477769,127.51606
1939.604798,127.51606
1939.731827,127.301927
1939.858856,127.259101
1939.985885,129.271949
1940.112914,129.271949
1940.239943,129.271949
1940.366972,129.271949
1940.494001,129.271949
1940.62103,129.271949
1940.748059,131.199143
1940.875088,131.199143
1941.002117,131.199143
1941.129146,131.199143
1941.256174,131.199143
1941.383203,131.199143
1941.510232,131.199143
1941.637261,79.507495
1941.76429,79.421842
1941.891319,79.421842
1942.018348,79.421842
1942.145377,79.421842
1942.272406,79.421842
1942.399435,79.421842
1942.526464,131.199143
1942.653493,131.199143
1942.780522,131.199143
1942.907551,131.199143
1943.03458,131.199143
1943.1616080000001,131.199143
1943.288637,131.199143
1943.415666,79.421842
1943.542695,79.421842
1943.669724,79.421842
1943.796753,79.421842
1943.923782,79.421842
1944.050811,79.421842
1944.17784,79.421842
1944.304869,79.421842
1944.431898,79.421842
1944.558927,79.421842
1944.685956,79.421842
1944.812985,79.421842
1944.940014,79.421842
1945.067043,79.421842
1945.1940710000001,79.421842
1945.3211000000001,79.421842
1945.448129,79.421842
1945.575158,79.421842
1945.702187,79.421842
1945.829216,79.421842
1945.956245,79.421842
1946.083274,79.421842
1946.210303,79.421842
1946.337332,79.421842
1946.464361,79.421842
1946.59139,131.24197
1946.718419,132.312634
1946.845448,132.312634
1946.972477,132.312634
1947.0995050000001,132.35546
1947.2265340000001,132.740899
1947.3535630000001,132.740899
1947.4805920000001,132.740899
1947.607621,132.740899
1947.73465,132.740899
1947.861679,132.740899
1947.988708,132.740899
1948.115737,132.740899
1948.242766,132.226981
1948.369795,132.226981
1948.496824,131.541756
1948.623853,131.541756
1948.750882,131.541756
1948.877911,131.541756
1949.0049390000001,131.541756
1949.1319680000001,131.584582
1949.2589970000001,131.584582
1949.3860260000001,131.584582
1949.5130550000001,131.584582
1949.6400840000001,131.584582
1949.767113,131.584582
1949.894142,131.584582
1950.021171,131.284797
1950.1482,131.284797
1950.275229,79.421842
1950.402258,79.421842
1950.529287,79.421842
1950.656316,79.421842
1950.783345,79.421842
1950.9103730000002,79.421842
1951.0374020000002,79.421842
1951.1644310000001,79.421842
1951.2914600000001,79.421842
1951.4184890000001,79.421842
1951.5455180000001,79.421842
1951.6725470000001,79.421842
1951.7995760000001,79.421842
1951.926605,129.271949
1952.053634,129.271949
1952.180663,129.271949
1952.307692,129.271949
1952.434721,129.271949
1952.56175,129.271949
1952.688779,129.271949
1952.815808,129.271949
1952.9428360000002,127.259101
1953.0698650000002,127.259101
1953.1968940000002,127.259101
1953.3239230000001,127.259101
1953.4509520000001,127.259101
1953.5779810000001,127.259101
1953.7050100000001,127.259101
1953.8320390000001,127.259101
1953.9590680000001,127.259101
1954.086097,127.259101
1954.213126,127.259101
1954.340155,127.259101
1954.467184,127.259101
1954.594213,127.259101
1954.721242,127.002141
1954.8482700000002,127.002141
1954.9752990000002,126.745182
1955.1023280000002,126.745182
1955.2293570000002,126.745182
1955.3563860000002,126.745182
1955.4834150000002,126.745182
1955.6104440000001,126.745182
1955.7374730000001,126.745182
1955.8645020000001,126.745182
1955.9915310000001,126.745182
1956.1185600000001,126.745182
1956.245589,79.421842
1956.372618,79.421842
1956.499647,79.421842
1956.626676,79.421842
1956.7537040000002,79.507495
1956.880733,79.507495
1957.0077620000002,79.507495
1957.1347910000002,79.507495
1957.2618200000002,79.507495
1957.3888490000002,79.507495
1957.5158780000002,79.507495
1957.6429070000002,79.507495
1957.7699360000001,128.715203
1957.8969650000001,128.715203
1958.0239940000001,128.715203
1958.1510230000001,128.715203
1958.2780520000001,128.715203
1958.405081,128.715203
1958.53211,128.715203
1958.659138,128.715203
1958.786167,128.88651
1958.913196,128.88651
1959.0402250000002,128.88651
1959.1672540000002,128.88651
1959.2942830000002,128.88651
1959.4213120000002,128.88651
1959.5483410000002,131.37045
1959.6753700000002,131.713062
1959.8023990000002,131.713062
1959.9294280000001,131.798715
1960.0564570000001,131.798715
1960.1834860000001,131.798715
1960.3105150000001,131.798715
1960.4375440000001,131.798715
1960.564573,131.798715
1960.691601,131.798715
1960.81863,131.798715
1960.945659,131.798715
1961.0726880000002,131.798715
1961.199717,131.713062
1961.3267460000002,131.713062
1961.8348620000002,128.286938
1961.9618910000002,128.286938
1962.0889200000001,128.286938
1962.2159490000001,128.286938
1962.3429780000001,128.286938
1962.4700070000001,128.286938
1962.597035,128.286938
1962.724064,128.286938
1962.851093,127.773019
1962.978122,127.773019
1963.105151,127.773019
1963.23218,127.773019
1963.3592090000002,127.773019
1963.486238,127.773019
1963.6132670000002,127.687366
1963.7402960000002,127.687366
1963.8673250000002,127.773019
1963.9943540000002,127.773019
1964.1213830000002,127.773019
1964.2484120000001,127.773019
1964.3754410000001,127.773019
1964.502469,127.773019
1964.629498,127.773019
1964.756527,127.773019
1964.883556,79.507495
1965.010585,79.507495
1965.137614,79.507495
1965.264643,79.507495
1965.3916720000002,79.507495
1965.518701,79.507495
1965.6457300000002,79.421842
1965.7727590000002,79.421842
1965.8997880000002,79.421842
1966.0268170000002,79.421842
1966.1538460000002,79.421842
1966.2808750000002,79.421842
1966.407903,124.089936
1966.534932,124.089936
1966.661961,124.089936
1966.78899,124.089936
1966.916019,124.089936
1967.043048,124.089936
1967.170077,124.089936
1967.297106,124.089936
1967.424135,123.91863
1967.551164,123.91863
1967.6781930000002,124.004283
1967.805222,124.004283
1967.9322510000002,124.004283
1968.0592800000002,124.004283
1968.1863090000002,124.004283
1968.313337,124.004283
1968.440366,124.089936
1968.567395,124.089936
1968.694424,124.089936
1968.821453,124.089936
1968.948482,126.830835
1969.075511,126.830835
1969.20254,129.271949
1969.329569,129.271949
1969.456598,129.271949
1969.583627,129.271949
1969.710656,129.271949
1969.837685,129.271949
1969.9647140000002,129.271949
1970.0917430000002,129.271949
1970.2187720000002,127.601713
1970.3458,127.601713
1970.472829,123.233405
1970.599858,123.233405
1970.726887,123.233405
1970.853916,123.233405
1970.980945,122.805139
1971.107974,122.805139
1971.235003,79.379015
1971.362032,79.379015
1971.489061,79.379015
1971.61609,79.379015
1971.743119,79.379015
1971.870148,79.379015
1971.9971770000002,79.379015
1972.124206,79.379015
1972.251234,79.379015
1972.378263,79.379015
1972.505292,79.379015
1972.632321,79.379015
1972.75935,79.379015
1972.886379,79.379015
1973.013408,79.379015
1973.140437,79.379015
1973.267466,79.379015
1973.394495,79.379015
1973.521524,79.379015
1973.648553,79.379015
1973.775582,79.379015
1973.902611,79.379015
1974.02964,79.379015
1974.156668,79.379015
1974.283697,79.379015
1974.410726,79.379015
1974.537755,79.379015
1974.664784,79.379015
1974.791813,79.379015
1974.918842,79.379015
1975.045871,79.464668
1975.1729,79.464668
1975.299929,79.464668
1975.426958,79.464668
1975.553987,79.464668
1975.681016,79.464668
1975.808045,128.286938
1975.935074,128.286938
1976.062102,129.271949
1976.189131,129.271949
1976.31616,129.271949
1976.443189,129.271949
1976.570218,129.271949
1976.697247,129.271949
1976.824276,129.271949
1976.951305,129.271949
1977.078334,128.286938
1977.205363,128.286938
1977.58645,127.51606
1977.713479,127.51606
1977.840508,127.51606
1977.967537,127.51606
1978.094565,127.51606
1978.221594,127.51606
1978.348623,127.51606
1978.475652,127.51606
1978.602681,127.51606
1978.72971,127.51606
1978.856739,127.51606
1978.983768,127.51606
1979.364855,123.747323
1979.491884,123.747323
1979.618913,123.747323
1979.745942,123.747323
1979.872971,123.747323
1979.9999990000001,123.747323
1980.127028,123.747323
1980.254057,123.747323
1980.381086,121.17773
1980.508115,121.134904
1980.635144,118.865096
1980.762173,118.865096
1980.889202,118.865096
1981.016231,118.865096
1981.14326,118.865096
1981.270289,118.865096
1981.397318,118.865096
1981.524347,118.608137
1981.651376,118.608137
1981.778405,118.608137
1981.9054330000001,118.608137
1982.0324620000001,118.608137
1982.1594910000001,118.608137
1982.28652,118.608137
1982.413549,118.608137
1982.667607,123.404711
1982.794636,123.404711
1982.921665,123.490364
1983.048694,123.490364
1983.175723,123.490364
1983.302752,123.490364
1983.429781,123.490364
1983.55681,123.490364
1983.683839,123.490364
1983.8108670000001,123.490364
1983.9378960000001,122.719486
1984.0649250000001,122.719486
1984.1919540000001,122.719486
1984.3189830000001,122.719486
1984.446012,122.719486
1984.573041,122.719486
1984.70007,122.719486
1984.827099,122.719486
1984.954128,122.719486
1985.081157,122.719486
1985.208186,122.719486
1985.335215,122.719486
1985.462244,122.719486
1989.52717,79.464668
1989.6541980000002,79.464668
1989.7812270000002,79.464668
1989.9082560000002,79.464668
1990.0352850000002,79.464668
1990.1623140000002,79.464668
1990.2893430000001,79.464668
1990.4163720000001,79.464668
1990.5434010000001,79.464668
1990.6704300000001,79.464668
1990.7974590000001,79.464668
1990.924488,79.464668
1991.051517,79.464668
1991.178546,79.464668
1991.305575,79.464668
1991.432604,79.464668
1991.559632,79.464668
1991.6866610000002,79.464668
1991.8136900000002,79.464668
1991.9407190000002,79.464668
1992.0677480000002,79.464668
1992.1947770000002,79.464668
1992.3218060000002,79.464668
1992.4488350000001,79.464668
1992.5758640000001,79.464668
1992.7028930000001,79.464668
1992.8299220000001,125.888651
1992.9569510000001,125.888651
1993.08398,125.888651
1993.211009,125.888651
1993.338038,125.888651
1993.465067,125.888651
1993.592095,127.130621
1993.7191240000002,127.130621
1993.846153,127.130621
1993.9731820000002,127.130621
1994.1002110000002,127.130621
1994.2272400000002,127.130621
1994.3542690000002,128.201285
1994.4812980000002,128.201285
1994.6083270000001,129.271949
1994.7353560000001,129.271949
1994.8623850000001,129.271949
1994.9894140000001,129.271949
1995.1164430000001,129.271949
1995.243472,129.271949
1995.370501,129.271949
1995.497529,129.271949
1995.624558,79.464668
1995.751587,79.464668
1995.878616,79.464668
1996.1326740000002,129.271949
1996.2597030000002,129.271949
1996.3867320000002,129.271949
1996.5137610000002,132.012848
1996.6407900000002,132.055675
1996.7678190000001,132.098501
1996.8948480000001,132.098501
1997.0218770000001,132.098501
1997.1489060000001,132.098501
1997.2759350000001,132.098501
1997.402963,132.098501
1997.529992,132.098501
1997.657021,132.098501
1997.78405,132.012848
1997.911079,132.012848
1998.0381080000002,126.959315
1998.165137,125.760171
1998.2921660000002,125.760171
1998.4191950000002,125.760171
1998.5462240000002,125.760171
1998.6732530000002,124.089936
1998.8002820000002,124.089936
1998.9273110000001,79.464668
1999.0543400000001,79.464668
1999.1813690000001,79.464668
1999.308397,79.464668
1999.435426,79.464668
1999.562455,79.464668
1999.689484,79.464668
1999.816513,79.464668
1999.943542,126.959315
2000.070571,126.959315
2000.1976,127.044968
2000.3246290000002,127.044968
2000.4516580000002,127.044968
2000.5786870000002,127.044968
2000.7057160000002,127.044968
2000.8327450000002,127.044968
2000.9597740000002,127.044968
2001.0868030000001,127.044968
2001.213831,126.959315
2001.34086,126.959315
2001.467889,127.044968
2001.594918,127.044968
2001.721947,127.044968
2001.848976,127.044968
2001.976005,127.216274
2002.103034,127.216274
2002.230063,127.216274
2002.3570920000002,127.216274
2002.484121,127.216274
2002.6111500000002,127.216274
2002.7381790000002,127.216274
2002.8652080000002,127.216274
2002.9922370000002,127.216274
2003.1192660000002,127.216274
2003.246294,127.216274
2003.373323,127.216274
2004.008468,126.531049
2004.135497,126.531049
2004.262526,126.531049
2004.3895550000002,126.531049
2004.516584,126.531049
2004.6436130000002,126.531049
2004.770642,126.531049
2004.8976710000002,126.531049
2005.0247000000002,126.445396
2005.151728,126.445396
2005.278757,126.017131
2005.405786,126.017131
2005.532815,126.017131
2005.659844,126.017131
2005.786873,126.017131
2005.913902,126.017131
2006.040931,126.017131
2006.16796,126.017131
2006.294989,126.017131
2006.422018,126.017131
2006.549047,126.531049
2006.6760760000002,126.531049
2006.803105,126.531049
2006.9301340000002,126.531049
2007.057162,126.531049
2007.184191,126.531049
2007.31122,126.531049
2007.438249,126.531049
2007.565278,126.531049
2007.692307,126.531049
2007.819336,126.616702
2007.946365,126.616702
2008.073394,126.873662
2008.200423,126.873662
2008.327452,126.873662
2008.454481,126.873662
2008.58151,126.873662
2008.7085390000002,126.873662
2008.835568,126.873662
2008.962596,126.873662
2009.089625,79.550321
2009.216654,79.550321
2009.343683,79.550321
2009.470712,79.550321
2009.597741,79.550321
2009.72477,79.550321
2009.851799,79.550321
2009.978828,79.550321
2010.105857,128.75803
2010.232886,128.75803
2010.359915,128.75803
2010.486944,128.75803
2010.613973,128.75803
2010.741002,128.75803
2010.868031,128.75803
2010.995059,128.75803
2011.122088,79.550321
2011.249117,79.550321
2011.376146,79.550321
2011.503175,79.550321
2011.630204,79.550321
2011.757233,79.550321
2011.884262,79.550321
2012.011291,79.550321
2012.13832,79.550321
2012.265349,79.550321
2012.392378,127.473233
2012.519407,127.473233
2012.646436,127.473233
2012.773465,127.473233
2012.900493,127.473233
2013.027522,127.473233
2013.154551,127.473233
2013.28158,127.473233
2013.408609,127.473233
2013.535638,127.473233
2013.662667,126.531049
2013.789696,126.531049
2013.916725,126.531049
2014.043754,126.531049
2014.170783,126.531049
2014.297812,126.531049
2014.424841,126.531049
2014.55187,126.531049
2014.678899,126.531049
2014.805927,126.531049
2014.932956,126.616702
2015.059985,126.616702
2015.187014,126.616702
2015.314043,126.616702
2015.441072,126.616702
2015.568101,126.616702
2015.69513,128.415418
2015.822159,128.415418
2015.949188,128.415418
2016.076217,128.415418
2016.203246,128.415418
2016.330275,128.415418
2016.457304,128.415418
2016.584333,128.415418
2016.7113610000001,129.271949
2016.8383900000001,129.271949
2016.965419,129.271949
2017.092448,129.271949
2017.219477,129.271949
2017.346506,129.271949
2017.473535,129.271949
2017.600564,129.271949
2017.727593,129.271949
2017.854622,129.271949
2017.981651,129.271949
2018.10868,129.271949
2018.235709,129.271949
2018.362738,129.271949
2018.489767,129.271949
2018.616796,129.271949
2018.7438240000001,128.843683
2018.8708530000001,128.843683
2018.9978820000001,126.102784
2019.124911,126.102784
2019.25194,123.875803
2019.378969,123.875803
2019.505998,123.875803
2019.633027,123.875803
2019.760056,79.550321
2019.887085,79.550321
2020.014114,79.550321
2020.141143,79.550321
2020.268172,79.550321
2020.395201,79.550321
2020.52223,79.550321
2020.6492580000001,79.550321
2020.7762870000001,79.550321
2020.9033160000001,79.550321
2021.0303450000001,79.550321
2021.1573740000001,79.550321
2021.284403,79.550321
2021.411432,79.550321
2021.538461,120.535332
2021.66549,120.535332
2021.792519,120.535332
2021.919548,120.535332
2022.046577,120.535332
2022.173606,120.535332
2022.300635,120.535332
2022.427664,120.535332
2022.5546920000002,122.4197
2022.6817210000002,122.4197
2022.8087500000001,123.276231
2022.9357790000001,123.276231
2023.0628080000001,123.276231
2023.1898370000001,123.276231
2023.3168660000001,123.276231
2023.443895,123.276231
2023.570924,123.276231
2023.697953,123.276231
2023.824982,79.507495
2023.952011,79.507495
2024.07904,79.507495
2024.206069,79.507495
2024.333098,79.507495
2024.4601260000002,79.507495
2024.5871550000002,79.421842
2024.7141840000002,79.421842
2024.8412130000002,79.421842
2024.9682420000001,79.421842
2025.0952710000001,79.507495
2025.2223000000001,79.507495
2025.3493290000001,79.507495
2025.4763580000001,79.507495
2025.603387,126.702355
2025.730416,126.702355
2025.857445,126.788009
2025.984474,126.788009
2026.111503,126.788009
2026.238532,126.788009
2026.365561,126.788009
2026.492589,126.788009
2026.6196180000002,128.244111
2026.7466470000002,128.244111
2026.8736760000002,128.244111
2027.0007050000002,128.244111
2027.1277340000001,128.244111
2027.2547630000001,128.244111
2027.3817920000001,128.244111
2027.5088210000001,128.244111
2027.6358500000001,129.271949
2027.762879,129.271949
2027.889908,129.271949
2028.016937,129.271949
2028.143966,129.271949
2028.270995,129.271949
2028.3980230000002,129.271949
2028.525052,129.271949
2028.6520810000002,79.421842
2028.7791100000002,79.421842
2028.9061390000002,79.421842
2029.0331680000002,79.421842
2029.1601970000002,79.507495
2029.2872260000001,79.507495
2029.4142550000001,129.100642
2029.5412840000001,129.100642
2029.6683130000001,129.100642
2029.7953420000001,129.100642
2029.922371,129.100642
2030.0494,129.100642
2030.176429,129.100642
2030.303457,129.100642
2030.6845440000002,127.558887
2030.811573,127.558887
2030.9386020000002,127.558887
2031.0656310000002,127.558887
2031.1926600000002,127.558887
2031.3196890000002,127.558887
2031.4467180000001,127.558887
2031.5737470000001,127.558887
2031.7007760000001,79.507495
2031.8278050000001,79.507495
2031.9548340000001,79.507495
2032.081863,79.507495
2032.208891,79.421842
2032.33592,79.421842
2032.462949,79.507495
2032.589978,79.507495
2032.7170070000002,79.507495
2032.844036,79.507495
2032.9710650000002,126.873662
2033.0980940000002,126.873662
2033.2251230000002,127.044968
2033.3521520000002,127.044968
2033.4791810000002,127.044968
2033.6062100000001,127.044968
2033.7332390000001,127.044968
2033.8602680000001,127.044968
2033.9872970000001,127.044968
2034.1143260000001,127.044968
2034.241354,79.507495
2034.368383,79.507495
2034.495412,79.507495
2034.622441,79.507495
2034.7494700000002,79.507495
2034.876499,79.507495
2035.0035280000002,129.271949
2035.130557,129.271949
2035.2575860000002,129.271949
2035.3846150000002,129.271949
2035.5116440000002,129.271949
2035.6386730000002,129.271949
2035.7657020000001,129.271949
2035.8927310000001,79.507495
2036.0197600000001,128.158458
2036.146788,128.158458
2036.273817,129.271949
2036.400846,129.271949
2036.527875,129.271949
2036.654904,129.271949
2036.781933,129.271949
2036.908962,129.271949
2037.0359910000002,129.271949
2037.16302,129.271949
2037.2900490000002,131.413276
2037.4170780000002,131.841542
2037.5441070000002,131.841542
2037.6711360000002,131.841542
2037.7981650000002,131.841542
2037.9251940000001,131.841542
2038.052222,131.841542
2038.179251,131.841542
2038.30628,131.841542
2038.433309,79.507495
2038.560338,79.507495
2038.687367,79.507495
2038.814396,79.507495
2038.941425,79.507495
2039.0684540000002,79.507495
2039.195483,132.783726
2039.3225120000002,132.783726
2039.449541,132.783726
2039.5765700000002,132.783726
2039.7035990000002,134.239829
2039.8306280000002,134.239829
2039.957656,134.239829
2040.084685,134.239829
2040.211714,136.038544
2040.338743,136.038544
2040.465772,136.895075
2040.592801,136.895075
2040.71983,136.980728
2040.846859,136.980728
2040.973888,136.980728
2041.100917,136.980728
2041.227946,136.980728
2041.3549750000002,136.980728
2041.482004,138.865096
2041.6090330000002,138.865096
2041.7360620000002,138.865096
2041.86309,138.865096
2041.990119,138.865096
2042.117148,138.865096
2042.244177,139.207709
2042.371206,139.207709
2042.498235,139.207709
2042.625264,139.207709
2042.752293,139.207709
2042.879322,139.207709
2043.006351,139.207709
2043.13338,139.207709
2043.260409,139.207709
2043.3874380000002,139.207709
2043.514467,139.207709
2043.6414960000002,139.207709
2043.768525,79.507495
2043.895553,79.507495
2044.022582,79.507495
2044.149611,79.421842
2044.27664,79.421842
2044.403669,79.421842
2044.530698,79.421842
2048.595624,79.421842
2048.7226530000003,79.421842
2048.849682,79.421842
2048.9767110000003,79.507495
2049.10374,79.507495
2049.2307690000002,79.507495
2049.357798,79.507495
2049.484827,79.507495
2049.611855,79.507495
2049.738884,79.507495
2049.865913,79.507495
2049.992942,79.507495
2050.119971,79.507495
2050.2470000000003,79.507495
2050.374029,79.507495
2050.5010580000003,79.507495
2050.628087,79.507495
2050.7551160000003,79.507495
2050.882145,79.507495
2051.0091740000003,79.507495
2051.136203,79.507495
2051.2632320000002,79.507495
2051.390261,79.507495
2051.5172900000002,79.507495
2051.644318,79.507495
2051.771347,79.507495
2051.898376,79.507495
2052.0254050000003,79.507495
2052.152434,79.507495
2052.279463,79.507495
2052.406492,79.507495
2052.5335210000003,79.507495
2052.66055,79.507495
2052.7875790000003,79.507495
2052.914608,158.094218
2053.0416370000003,158.094218
2053.168666,158.094218
2053.2956950000003,158.094218
2053.422724,158.094218
2053.549752,158.094218
2053.676781,158.094218
2053.80381,158.094218
2053.930839,153.897216
2054.057868,153.897216
2054.184897,153.897216
2054.3119260000003,153.897216
2054.438955,153.897216
2054.565984,153.897216
2054.693013,149.528908
2054.8200420000003,148.75803
2054.947071,148.75803
2055.0741000000003,144.432548
2055.201129,144.432548
2055.3281580000003,144.432548
2055.455186,144.432548
2055.582215,144.432548
2055.709244,144.432548
2055.836273,144.432548
2055.963302,144.432548
2056.090331,142.505353
2056.21736,142.505353
2056.344389,138.82227
2056.471418,138.137045
2056.5984470000003,138.137045
2056.725476,131.284797
2056.852505,131.284797
2056.979534,131.284797
2057.1065630000003,131.284797
2057.233592,131.284797
2057.36062,131.284797
2057.487649,127.687366
2057.614678,79.507495
2057.741707,79.507495
2057.868736,79.507495
2057.995765,79.507495
2058.122794,79.507495
2058.249823,79.507495
2058.376852,79.507495
2058.503881,79.507495
2058.63091,79.507495
2058.757939,79.507495
2058.8849680000003,79.507495
2059.011997,79.507495
2059.1390260000003,79.507495
2059.266055,79.507495
2059.393083,79.507495
2059.520112,79.507495
2059.647141,79.507495
2059.77417,79.507495
2059.901199,123.832976
2060.028228,123.832976
2060.155257,123.832976
2060.282286,123.832976
2060.409315,123.832976
2060.536344,123.832976
2060.663373,123.832976
2060.790402,123.832976
2060.917431,123.832976
2061.04446,123.832976
2061.1714890000003,123.832976
2061.298517,123.832976
2061.425546,127.51606
2061.552575,127.51606
2061.679604,127.51606
2061.806633,127.51606
2061.933662,127.601713
2062.060691,127.601713
2062.18772,128.029979
2062.314749,128.029979
2062.441778,128.029979
2062.568807,128.029979
2062.695836,128.029979
2062.822865,128.029979
2062.9498940000003,128.029979
2063.076923,128.029979
2063.203951,127.51606
2063.33098,127.51606
2063.458009,123.147752
2063.585038,123.147752
2063.712067,123.147752
2063.839096,123.147752
2063.966125,123.147752
2064.093154,123.147752
2064.220183,123.147752
2064.347212,123.147752
2064.474241,115.952891
2064.60127,115.952891
2064.728299,115.952891
2064.855328,115.952891
2064.982357,115.952891
2065.109385,115.952891
2065.236414,115.952891
2065.617501,112.783726
2065.74453,112.783726
2065.871559,112.783726
2065.998588,112.783726
2066.125617,112.783726
2066.252646,112.783726
2066.379675,112.783726
2066.506704,112.783726
2066.633733,112.35546
2066.760762,112.35546
2066.887791,112.955032
2067.01482,112.955032
2067.141848,112.955032
2067.268877,112.955032
2067.395906,116.638116
2067.522935,116.638116
2067.649964,116.638116
2067.776993,116.638116
2067.904022,118.394004
2068.031051,118.394004
2068.15808,118.394004
2068.285109,118.394004
2068.412138,118.394004
2068.539167,118.394004
2068.666196,118.394004
2068.793225,120.749465
2068.920254,120.792291
2069.047282,120.792291
2069.174311,120.792291
2069.30134,121.691649
2069.428369,121.691649
2069.555398,121.691649
2069.682427,121.691649
2069.809456,121.691649
2069.936485,121.691649
2070.063514,124.089936
2070.190543,124.089936
2070.317572,124.089936
2070.444601,124.089936
2070.57163,124.089936
2070.698659,124.089936
2070.825688,124.089936
2070.9527160000002,124.089936
2071.079745,79.507495
2071.206774,79.507495
2071.333803,79.507495
2071.460832,79.507495
2071.587861,79.507495
2071.71489,79.507495
2071.841919,79.507495
2071.968948,79.507495
2072.095977,79.507495
2072.223006,79.507495
2072.350035,124.089936
2072.477064,124.089936
2072.604093,124.089936
2072.731122,124.089936
2072.85815,124.089936
2072.9851790000002,124.089936
2073.112208,124.089936
2073.2392370000002,124.089936
2073.366266,122.54818
2073.493295,122.54818
2073.620324,122.54818
2073.747353,122.54818
2073.874382,122.54818
2074.001411,122.54818
2074.12844,121.006424
2074.255469,121.006424
2074.382498,121.006424
2074.509527,121.006424
2074.636556,117.751606
2074.7635840000003,117.751606
2074.890613,117.751606
2075.0176420000003,117.751606
2075.144671,117.751606
2075.2717000000002,79.507495
2075.398729,79.507495
2075.525758,79.507495
2075.652787,79.507495
2075.779816,79.507495
2075.906845,79.507495
2076.033874,79.507495
2076.160903,79.507495
2076.287932,115.695931
2076.414961,115.695931
2076.54199,115.695931
2076.669019,115.695931
2076.7960470000003,115.695931
2076.923076,115.695931
2077.0501050000003,115.695931
2077.177134,115.695931
2077.3041630000002,115.695931
2077.431192,115.695931
2077.5582210000002,113.640257
2077.68525,113.640257
2077.812279,113.640257
2077.939308,113.640257
2078.066337,113.640257
2078.193366,113.640257
2078.320395,113.640257
2078.447424,113.640257
2078.574453,113.554604
2078.701481,113.554604
2079.3366260000003,116.638116
2079.463655,116.638116
2079.5906840000002,116.638116
2079.717713,116.638116
2079.844742,116.638116
2079.971771,116.638116
2080.0988,116.638116
2080.225829,116.638116
2080.352858,116.895075
2080.479887,116.895075
2080.6069150000003,116.895075
2080.733944,116.895075
2080.8609730000003,116.895075
2080.988002,116.895075
2081.1150310000003,116.895075
2081.24206,116.895075
2081.3690890000003,118.179872
2081.496118,118.179872
2081.6231470000002,118.865096
2081.750176,118.865096
2081.8772050000002,118.865096
2082.004234,118.865096
2082.131263,118.865096
2082.258292,118.865096
2082.385321,118.865096
2082.512349,118.865096
2082.639378,118.865096
2082.766407,118.865096
2082.8934360000003,116.638116
2083.020465,116.638116
2083.1474940000003,116.638116
2083.274523,116.638116
2083.4015520000003,79.379015
2083.528581,79.464668
2083.6556100000003,79.464668
2083.782639,79.464668
2083.9096680000002,79.464668
2084.036697,79.464668
2084.163726,112.783726
2084.290755,112.783726
2084.417784,112.783726
2084.544812,112.783726
2084.6718410000003,112.783726
2084.79887,112.783726
2084.925899,112.783726
2085.052928,112.783726
2085.1799570000003,112.869379
2085.306986,112.869379
2085.4340150000003,112.869379
2085.561044,112.869379
2085.6880730000003,113.040685
2085.815102,113.040685
2085.9421310000002,113.040685
2086.06916,113.040685
2086.1961890000002,113.040685
2086.323218,113.040685
2086.450246,113.040685
2086.577275,113.040685
2086.704304,79.464668
2086.831333,79.464668
2086.9583620000003,79.464668
2087.085391,79.464668
2087.21242,79.464668
2087.339449,79.464668
2087.4664780000003,79.464668
2087.593507,79.464668
2087.7205360000003,116.381156
2087.847565,116.381156
2087.9745940000003,116.895075
2088.101623,116.895075
2088.2286520000002,116.895075
2088.35568,116.895075
2088.482709,116.895075
2088.609738,116.895075
2088.736767,116.895075
2088.863796,116.895075
2088.990825,116.895075
2089.117854,116.895075
2089.2448830000003,116.723769
2089.371912,116.723769
2089.4989410000003,116.552463
2089.62597,116.552463
2089.7529990000003,116.466809
2089.880028,116.466809
2090.0070570000003,116.381156
2090.134086,116.381156
2090.261114,117.408994
2090.388143,117.408994
2090.515172,117.408994
2090.642201,117.408994
2090.76923,117.408994
2090.896259,117.408994
2091.023288,117.408994
2091.150317,117.408994
2091.277346,117.922912
2091.404375,117.922912
2091.5314040000003,117.922912
2091.658433,117.922912
2091.7854620000003,117.922912
2091.912491,117.922912
2092.0395200000003,117.922912
2092.166549,121.17773
2092.293577,121.17773
2092.420606,123.747323
2092.547635,123.747323
2092.674664,123.747323
2092.801693,123.747323
2092.928722,123.747323
2093.055751,123.747323
2093.18278,123.747323
2093.3098090000003,123.747323
2093.436838,126.488223
2093.563867,126.488223
2093.690896,126.573876
2093.8179250000003,126.573876
2093.944954,127.173448
2094.0719830000003,127.173448
2094.199011,127.173448
2094.32604,127.173448
2094.453069,127.173448
2094.580098,127.173448
2094.707127,127.173448
2094.834156,127.173448
2094.961185,126.830835
2095.088214,126.830835
2095.215243,123.576017
2095.342272,123.576017
2095.469301,123.576017
2095.5963300000003,123.576017
2095.723359,123.576017
2095.850388,123.576017
2095.977417,121.17773
2096.104445,121.134904
2096.358503,118.179872
2096.485532,118.179872
2096.612561,118.179872
2096.73959,118.179872
2096.866619,118.179872
2096.993648,118.179872
2097.120677,118.179872
2097.247706,118.179872
2097.374735,79.464668
2097.501764,79.464668
2097.628793,79.464668
2097.755822,79.464668
2097.8828510000003,79.464668
2098.009879,79.464668
2098.136908,79.464668
2098.263937,79.464668
2098.390966,79.464668
2098.517995,79.464668
2098.645024,79.464668
2098.772053,79.464668
2098.899082,79.464668
2099.026111,79.464668
2099.15314,79.464668
2100.042342,79.464668
2100.169371,117.880086
2100.2964,117.922912
2100.423429,117.922912
2100.550458,117.922912
2100.677487,117.922912
2100.804516,117.922912
2100.931545,117.922912
2101.058574,117.922912
2101.185603,79.464668
2101.312632,79.464668
2101.439661,79.464668
2101.56669,79.464668
2101.693719,79.464668
2101.820748,79.464668
2101.947776,79.464668
2102.074805,79.464668
2102.201834,79.464668
2102.328863,79.464668
2106.393789,116.124197
2106.520818,116.124197
2106.647847,116.124197
2106.774876,116.124197
2106.901905,116.124197
2107.028934,116.124197
2107.155963,116.124197
2107.282992,116.638116
2107.410021,117.922912
2107.53705,117.922912
2107.664079,117.922912
2107.791107,117.922912
2107.9181360000002,118.865096
2108.045165,118.865096
2108.172194,118.865096
2108.299223,118.865096
2108.426252,118.865096
2108.553281,118.865096
2108.68031,118.865096
2109.061397,118.907923
2109.188426,118.907923
2109.315455,118.907923
2109.442484,123.361884
2109.569513,123.404711
2109.6965410000003,127.987152
2109.82357,134.239829
2109.9505990000002,134.239829
2110.077628,134.239829
2110.204657,134.239829
2110.331686,134.239829
2110.458715,134.239829
2110.585744,134.239829
2110.712773,134.239829
2110.839802,134.239829
2110.966831,134.239829
2111.09386,133.640257
2111.220889,133.640257
2111.347918,127.987152
2111.474947,127.002141
2111.601975,126.959315
2111.7290040000003,122.633833
2111.856033,122.633833
2111.9830620000002,122.633833
2112.110091,122.633833
2112.2371200000002,116.852248
2112.364149,116.852248
2112.491178,116.852248
2112.618207,116.852248
2112.745236,116.852248
2112.872265,118.907923
2112.999294,118.907923
2113.126323,118.907923
2113.253352,118.907923
2113.380381,118.907923
2113.5074090000003,123.104925
2113.634438,123.104925
2113.7614670000003,123.104925
2113.888496,123.104925
2114.0155250000003,123.104925
2114.142554,123.104925
2114.2695830000002,123.104925
2114.396612,123.104925
2114.523641,123.104925
2114.65067,123.104925
2114.777699,123.104925
2114.904728,123.104925
2115.031757,121.391863
2115.158786,121.391863
2115.285815,121.391863
2115.412843,121.391863
2115.5398720000003,121.391863
2115.666901,121.391863
2115.7939300000003,121.391863
2115.920959,121.391863
2116.0479880000003,118.308351
2116.175017,118.308351
2116.3020460000002,118.308351
2116.429075,118.308351
2116.5561040000002,118.308351
2116.683133,118.308351
2116.810162,118.308351
2116.937191,118.308351
2117.06422,118.308351
2117.191249,118.308351
2117.318278,118.308351
2117.445306,118.265525
2117.8263930000003,122.67666
2117.953422,122.67666
2118.0804510000003,123.447537
2118.20748,123.447537
2118.3345090000003,123.447537
2118.461538,123.447537
2118.5885670000002,123.447537
2118.715596,123.447537
2118.842625,123.447537
2118.969654,123.447537
2119.096683,118.907923
2119.223712,118.907923
2119.35074,118.907923
2120.1129140000003,120.706638
2120.239943,120.706638
2120.3669720000003,120.706638
2120.494001,120.706638
2120.6210300000002,120.706638
2120.748059,120.706638
2120.8750880000002,120.706638
2121.002117,120.706638
2121.129146,120.706638
2121.256174,120.706638
2121.383203,79.379015
2121.510232,79.379015
2121.637261,79.379015
2121.76429,79.379015
2121.8913190000003,79.379015
2122.018348,79.379015
2122.1453770000003,79.379015
2122.272406,79.379015
2122.3994350000003,79.379015
2122.526464,79.379015
2122.6534930000003,79.379015
2122.780522,79.379015
2122.9075510000002,120.877944
2123.03458,120.920771
2123.161608,120.920771
2123.288637,120.920771
2123.415666,120.920771
2123.542695,121.006424
2123.6697240000003,121.648822
2123.796753,121.648822
2123.923782,121.648822
2124.050811,121.648822
2124.1778400000003,121.648822
2124.304869,121.648822
2124.4318980000003,121.648822
2124.558927,121.648822
2124.6859560000003,121.648822
2124.812985,121.648822
2124.9400140000002,121.905782
2125.067043,121.905782
2125.194071,121.905782
2125.3211,121.905782
2125.448129,121.905782
2125.575158,121.905782
2125.702187,121.905782
2125.829216,121.905782
2125.9562450000003,121.905782
2126.083274,121.905782
2126.210303,122.077088
2126.337332,122.077088
2126.4643610000003,122.077088
2126.59139,122.077088
2126.7184190000003,122.077088
2126.845448,122.077088
2126.9724770000003,122.077088
2127.099505,122.077088
2127.226534,123.704497
2127.353563,123.704497
2127.480592,123.704497
2127.607621,123.704497
2127.73465,123.704497
2127.861679,123.704497
2127.988708,123.704497
2128.115737,123.704497
2129.386026,79.379015
2129.513055,128.158458
2129.640084,128.158458
2129.767113,128.158458
2129.894142,128.158458
2130.021171,128.158458
2130.1482,128.158458
2130.275229,128.158458
2130.402258,128.158458
2130.5292870000003,79.379015
2130.656316,79.379015
2130.783345,79.379015
2130.910373,79.379015
2131.037402,79.379015
2131.164431,79.336188
2131.29146,79.293362
2131.418489,79.293362
2131.545518,79.336188
2131.672547,79.336188
2131.799576,79.336188
2131.926605,79.336188
2132.053634,79.336188
2132.180663,79.336188
2132.3076920000003,79.336188
2132.434721,79.336188
2132.56175,79.336188
2132.688779,79.336188
2132.8158080000003,79.336188
2132.942836,79.336188
2133.069865,79.336188
2133.196894,79.336188
2133.323923,79.336188
2133.450952,79.336188
2133.577981,79.336188
2133.70501,79.336188
2133.832039,79.336188
2133.959068,79.336188
2134.086097,79.336188
2134.213126,133.040685
2134.340155,133.040685
2134.467184,133.040685
2134.5942130000003,133.040685
2134.721242,133.040685
2134.84827,133.040685
2134.975299,133.040685
2135.102328,133.040685
2135.229357,133.040685
2135.356386,133.040685
2135.483415,132.698073
2135.610444,132.698073
2135.737473,132.698073
2135.864502,132.698073
2135.991531,132.783726
2136.11856,132.783726
2136.245589,132.783726
2136.3726180000003,132.783726
2136.499647,132.783726
2136.626676,132.783726
2136.753704,132.783726
2136.880733,132.783726
2137.007762,79.336188
2137.134791,79.336188
2137.26182,79.336188
2137.388849,79.336188
2137.515878,79.336188
2138.151023,142.54818
2138.278052,142.54818
2138.405081,142.719486
2138.53211,142.719486
2138.659138,142.719486
2138.786167,142.719486
2138.913196,142.719486
2139.040225,142.719486
2139.167254,142.719486
2139.294283,142.719486
2139.421312,142.719486
2139.548341,142.719486
2139.67537,142.633833
2139.802399,142.633833
2139.929428,136.381156
2140.056457,135.952891
2140.183486,135.952891
2140.81863,135.867238
2140.945659,135.867238
2141.072688,135.867238
2141.199717,135.867238
2141.326746,135.867238
2141.453775,135.867238
2141.580804,135.867238
2141.707833,135.867238
2141.834862,79.336188
2142.08892,135.867238
2142.215949,135.867238
2142.342978,135.952891
2142.470007,135.952891
2142.5970350000002,136.381156
2142.724064,136.381156
2142.851093,136.381156
2142.978122,136.381156
2143.105151,136.381156
2143.23218,136.381156
2143.359209,136.381156
2143.486238,136.381156
2143.613267,79.336188
2143.740296,79.336188
2143.867325,79.336188
2143.994354,79.336188
2144.121383,79.336188
2144.248412,79.336188
2144.375441,79.336188
2144.502469,79.336188
2144.6294980000002,79.336188
2144.756527,129.271949
2144.883556,129.271949
2145.010585,129.271949
2145.137614,133.811563
2145.264643,133.811563
2145.391672,134.068522
2145.518701,134.068522
2145.64573,134.068522
2145.772759,134.068522
2145.899788,134.068522
2146.026817,134.068522
2146.153846,134.068522
2146.280875,134.068522
2146.4079030000003,133.554604
2146.534932,133.554604
2146.6619610000002,126.873662
2146.78899,126.873662
2146.9160190000002,126.873662
2147.043048,127.558887
2147.170077,127.558887
2147.297106,129.271949
2147.424135,129.271949
2147.551164,129.271949
2147.678193,129.271949
2147.805222,129.271949
2147.932251,129.271949
2148.05928,129.271949
2148.186309,129.271949
2148.313337,129.271949
2148.4403660000003,129.271949
2148.567395,128.929336
2148.6944240000003,128.929336
2148.821453,128.929336
2148.9484820000002,128.929336
2149.075511,128.929336
2149.20254,128.929336
2149.329569,127.38758
2149.456598,127.38758
2149.583627,127.38758
2149.710656,127.38758
2149.837685,126.359743
2149.964714,126.359743
2150.091743,126.359743
2150.218772,126.359743
2150.3458,120.620985
2150.4728290000003,120.620985
2150.599858,120.620985
2150.7268870000003,120.620985
2150.853916,79.336188
2150.9809450000002,79.336188
2151.107974,79.336188
2151.2350030000002,79.336188
2151.362032,79.336188
2151.489061,79.336188
2151.61609,79.336188
2151.743119,79.336188
2151.870148,79.336188
2151.997177,79.336188
2152.124206,79.336188
2152.2512340000003,79.336188
2152.378263,79.336188
2152.505292,79.336188
2152.632321,79.336188
2152.7593500000003,79.336188
2152.886379,129.143469
2153.0134080000003,129.186296
2153.140437,129.186296
2153.2674660000002,129.186296
2153.394495,129.186296
2153.521524,129.186296
2153.648553,129.186296
2153.775582,129.186296
2156.951305,128.672377
2157.0783340000003,128.672377
2157.205363,128.672377
2157.3323920000003,128.672377
2157.459421,128.672377
2157.5864500000002,128.672377
2157.713479,128.672377
2157.840508,128.672377
2157.967537,128.672377
2158.0945650000003,128.672377
2158.221594,79.336188
2158.348623,79.336188
2158.475652,79.336188
2158.6026810000003,79.336188
2158.72971,79.336188
2158.856739,79.336188
2158.983768,79.336188
2159.1107970000003,79.336188
2159.237826,79.336188
2159.3648550000003,79.336188
2159.491884,79.336188
2159.6189130000002,79.336188
2159.745942,79.336188
2159.8729710000002,79.336188
2159.999999,79.336188
2160.127028,79.336188
2160.254057,79.336188
2160.3810860000003,79.336188
2160.508115,79.336188
2160.635144,79.336188
2160.8892020000003,203.961456
2161.016231,204.989293
2161.14326,204.989293
2161.270289,204.989293
2161.3973180000003,204.989293
2161.524347,204.989293
2161.6513760000003,204.989293
2161.778405,204.989293
2161.905433,204.989293
2162.032462,152.184154
2162.794636,123.704497
2162.921665,123.704497
2163.048694,123.704497
2163.1757230000003,123.704497
2163.302752,123.704497
2163.4297810000003,123.704497
2163.55681,123.704497
2163.6838390000003,123.704497
2164.318983,123.875803
2164.446012,123.875803
2164.573041,123.91863
2164.70007,123.91863
2164.827099,123.91863
2164.9541280000003,123.91863
2165.081157,123.91863
2165.208186,123.91863
2165.335215,123.91863
2165.4622440000003,123.91863
2165.589273,123.832976
2165.7163020000003,123.832976
2166.351446,123.66167
2166.478475,123.704497
2166.605504,123.747323
2166.7325330000003,123.747323
2166.859562,124.089936
2166.986591,124.089936
2167.11362,124.089936
2167.2406490000003,124.089936
2167.367678,124.089936
2167.494707,124.089936
2167.621736,124.089936
2167.748764,124.089936
2167.875793,124.089936
2168.002822,124.089936
2168.129851,124.089936
2168.25688,124.089936
2168.383909,124.089936
2168.510938,124.089936
2168.637967,79.336188
2168.764996,79.336188
2168.892025,79.336188
2169.0190540000003,79.336188
2169.146083,79.336188
2169.273112,79.336188
2169.400141,79.336188
2169.5271700000003,79.336188
2169.654198,79.336188
2169.781227,79.336188
2169.908256,79.336188
2170.035285,79.336188
2170.162314,79.336188
2170.289343,79.336188
2170.416372,79.336188
2170.543401,79.336188
2170.67043,79.336188
2170.797459,79.336188
2170.924488,79.421842
2171.051517,79.421842
2171.178546,79.421842
2171.3055750000003,79.421842
2171.432604,79.421842
2171.559632,79.421842
2171.686661,79.421842
2171.81369,79.421842
2171.940719,79.336188
2172.067748,79.336188
2172.194777,79.336188
2172.321806,79.336188
2172.448835,126.702355
2172.575864,126.702355
2172.702893,126.702355
2172.829922,126.702355
2172.956951,126.702355
2173.08398,126.702355
2173.211009,126.702355
2173.338038,126.659529
2173.465067,126.27409
2173.592095,126.231263
2173.719124,79.421842
2173.846153,79.421842
2173.973182,79.421842
2174.100211,79.421842
2174.22724,79.421842
2174.354269,79.421842
2174.481298,79.421842
2174.608327,79.421842
2174.735356,79.421842
2174.862385,79.421842
2174.989414,79.336188
2175.116443,79.336188
2175.243472,79.336188
2175.3705010000003,79.336188
2175.497529,79.336188
2175.624558,79.336188
2175.751587,127.687366
2175.878616,127.687366
2176.005645,127.687366
2176.132674,127.687366
2176.259703,127.687366
2176.386732,127.687366
2176.513761,127.687366
2176.64079,127.687366
2177.021877,126.659529
2177.148906,126.659529
2177.275935,126.659529
2177.402963,126.659529
2177.529992,126.659529
2177.657021,126.659529
2177.78405,126.659529
2177.911079,126.659529
2178.546224,129.271949
2178.673253,139.207709
2178.800282,139.207709
2178.927311,139.207709
2179.05434,139.207709
2179.181369,139.207709
2179.3083970000002,139.207709
2179.435426,139.207709
2179.562455,139.164882
2179.689484,132.740899
2179.816513,132.740899
2179.943542,132.655246
2180.070571,132.655246
2180.1976,128.972163
2180.324629,129.057816
2180.451658,138.522484
2180.578687,138.522484
2180.705716,138.522484
2180.832745,138.522484
2180.959774,138.522484
2181.086803,138.522484
2181.213831,138.522484
2181.3408600000002,138.479657
2181.467889,79.421842
2181.5949180000002,79.421842
2181.721947,79.421842
2181.848976,79.421842
2181.976005,79.421842
2182.103034,79.421842
2182.230063,79.421842
2182.357092,79.421842
2182.484121,137.708779
2182.61115,137.708779
2182.738179,137.708779
2182.865208,137.708779
2182.992237,137.708779
2183.119266,137.708779
2183.246294,137.708779
2183.3733230000003,137.708779
2183.500352,122.633833
2183.6273810000002,122.633833
2183.75441,122.633833
2183.8814390000002,122.633833
2184.008468,122.633833
2184.135497,123.404711
2184.262526,123.404711
2184.389555,123.404711
2184.516584,123.404711
2184.643613,123.404711
2184.770642,123.404711
2184.897671,123.404711
2185.0247,123.404711
2185.1517280000003,123.404711
2185.278757,123.404711
2185.4057860000003,123.404711
2185.532815,123.404711
2185.6598440000002,122.54818
2185.786873,122.54818
2185.9139020000002,122.54818
2186.040931,122.54818
2186.16796,118.265525
2186.294989,118.265525
2186.422018,118.265525
2186.549047,118.137045
2186.676076,118.094218
2187.057162,118.82227
2187.1841910000003,118.82227
2187.31122,118.82227
2187.4382490000003,118.82227
2187.565278,118.82227
2187.6923070000003,123.319058
2187.819336,123.319058
2187.9463650000002,123.319058
2188.073394,123.319058
2188.2004230000002,123.319058
2188.327452,123.319058
2188.454481,123.319058
2188.58151,123.319058
2188.708539,122.462527
2188.835568,122.462527
2188.9625960000003,122.462527
2189.089625,122.462527
2189.216654,122.462527
2189.343683,122.462527
2189.4707120000003,122.462527
2189.597741,122.462527
2189.7247700000003,121.605996
2189.851799,121.605996
2189.9788280000002,121.605996
2190.105857,121.605996
2190.2328860000002,121.605996
2190.359915,121.605996
2190.486944,123.319058
2190.613973,123.319058
2190.741002,123.404711
2190.868031,123.404711
2190.995059,123.404711
2191.122088,123.404711
2191.2491170000003,123.404711
2191.376146,123.404711
2191.503175,123.404711
2191.630204,123.404711
2191.7572330000003,123.404711
2191.884262,123.404711
2192.0112910000003,123.404711
2192.13832,123.404711
2192.2653490000002,122.54818
2192.392378,122.54818
2192.5194070000002,122.462527
2192.646436,122.462527
2192.773465,123.747323
2192.900493,123.747323
2193.0275220000003,123.747323
2193.154551,123.747323
2193.28158,123.747323
2193.408609,123.747323
2193.5356380000003,125.974304
2193.662667,125.974304
2193.7896960000003,126.14561
2193.916725,126.14561
2194.0437540000003,126.14561
2194.170783,126.14561
2194.2978120000002,126.14561
2194.424841,126.14561
2194.5518700000002,126.14561
2194.678899,126.14561
2194.805927,79.379015
2194.932956,79.379015
2195.059985,79.379015
2195.187014,79.379015
2195.3140430000003,79.379015
2195.441072,79.379015
2195.568101,79.379015
2195.69513,79.379015
2195.8221590000003,79.379015
2195.949188,79.379015
2196.0762170000003,79.379015
2196.203246,79.379015
2196.3302750000003,79.379015
2196.457304,79.379015
2196.5843330000002,79.379015
2196.711361,79.379015
2196.83839,79.379015
2196.965419,79.379015
2197.0924480000003,126.830835
2197.219477,126.830835
2197.346506,126.830835
2197.473535,126.830835
2197.6005640000003,126.830835
2197.727593,126.830835
2197.854622,126.830835
2197.981651,126.830835
2198.1086800000003,79.379015
2198.235709,79.379015
2198.3627380000003,79.379015
2198.489767,79.379015
2198.6167960000002,79.379015
2198.743824,79.379015
2198.870853,127.259101
2198.997882,127.259101
2199.124911,127.259101
2199.25194,127.259101
2199.3789690000003,127.259101
2199.505998,127.259101
2199.633027,127.259101
2199.760056,127.259101
2199.8870850000003,127.259101
2200.014114,127.259101
2200.141143,127.259101
2200.268172,127.259101
2200.3952010000003,127.259101
2200.52223,127.259101
2200.649258,127.259101
2200.776287,127.259101
2200.903316,126.916488
2201.030345,126.916488
2201.157374,125.974304
2201.284403,125.974304
2201.411432,125.974304
2201.538461,125.974304
2201.6654900000003,125.974304
2201.792519,125.974304
2201.919548,127.430407
2202.046577,127.430407
2202.1736060000003,127.430407
2202.300635,127.430407
2202.427664,127.430407
2202.554692,127.430407
2202.681721,127.430407
2202.80875,127.430407
2202.935779,79.379015
2203.062808,79.379015
2203.189837,79.379015
2203.316866,79.379015
2203.443895,79.379015
2203.570924,79.379015
2203.697953,127.087794
2203.824982,127.087794
2203.9520110000003,127.087794
2204.07904,127.087794
2204.206069,127.087794
2204.333098,127.087794
2204.460126,127.087794
2204.587155,127.087794
2204.968242,128.415418
2205.095271,128.458244
2205.2223,128.715203
2205.349329,129.271949
2205.476358,129.271949
2205.603387,129.271949
2205.7304160000003,129.271949
2205.857445,129.271949
2205.984474,129.271949
2206.111503,129.271949
2206.2385320000003,129.271949
2206.365561,129.271949
2206.492589,129.271949
2206.619618,123.91863
2206.746647,123.91863
2206.873676,123.91863
2207.000705,123.91863
2207.127734,123.91863
2207.254763,122.976445
2207.381792,122.976445
2207.508821,122.976445
2207.63585,122.976445
2207.762879,122.976445
2207.889908,122.976445
2208.0169370000003,122.890792
2208.143966,122.890792
2208.270995,122.805139
2208.398023,122.805139
2209.033168,122.205567
2209.160197,122.205567
2209.287226,122.376874
2209.414255,122.376874
2209.541284,122.376874
2209.668313,122.376874
2209.795342,122.54818
2209.922371,122.54818
2210.0494,123.233405
2210.176429,123.233405
2210.303457,123.404711
2210.430486,123.404711
2210.557515,123.404711
2210.684544,123.404711
2210.811573,123.404711
2210.938602,123.404711
2211.065631,123.404711
2211.19266,123.404711
2211.319689,123.404711
2211.446718,123.404711
2211.573747,79.379015
2211.700776,79.379015
2211.827805,79.379015
2211.954834,79.379015
2212.081863,79.464668
2212.208891,79.464668
2212.33592,79.464668
2212.462949,79.464668
2212.589978,79.464668
2212.717007,79.464668
2212.844036,79.464668
2212.971065,79.464668
2213.098094,123.91863
2213.225123,123.91863
2213.352152,123.91863
2213.479181,123.91863
2213.60621,124.004283
2213.733239,124.004283
2213.860268,126.445396
2213.987297,126.488223
2214.114326,126.488223
2214.2413540000002,126.488223
2214.368383,126.488223
2214.495412,126.488223
2214.622441,126.488223
2214.74947,126.488223
2218.814396,123.91863
2218.941425,123.91863
2219.068454,123.91863
2219.195483,123.91863
2219.322512,123.91863
2219.449541,124.004283
2219.57657,124.004283
2219.703599,124.004283
2219.830628,124.004283
2219.957656,124.004283
2220.0846850000003,124.004283
2220.211714,124.004283
2220.3387430000002,124.004283
2220.465772,123.91863
2220.5928010000002,123.91863
2220.71983,123.747323
2220.846859,123.747323
2220.973888,123.747323
2221.100917,123.747323
2221.227946,123.233405
2221.354975,123.233405
2221.482004,123.233405
2221.609033,123.233405
2221.736062,123.233405
2221.86309,123.233405
2221.990119,122.591006
2222.1171480000003,122.591006
2222.244177,122.4197
2222.3712060000003,122.4197
2222.498235,122.4197
2222.6252640000002,122.4197
2222.752293,122.4197
2222.8793220000002,122.4197
2223.006351,122.4197
2223.13338,122.4197
2223.260409,122.4197
2223.387438,122.4197
2223.514467,121.905782
2223.641496,121.905782
2223.768525,121.905782
2223.8955530000003,121.905782
2224.022582,121.905782
2224.149611,121.905782
2224.27664,121.905782
2224.4036690000003,121.905782
2224.530698,121.905782
2224.6577270000002,121.905782
2224.784756,122.591006
2224.9117850000002,122.591006
2225.038814,122.591006
2225.165843,122.591006
2225.292872,122.762313
2225.419901,122.762313
2225.54693,123.447537
2225.673959,123.447537
2225.800987,123.447537
2225.928016,123.447537
2226.055045,123.447537
2226.1820740000003,123.447537
2226.309103,123.447537
2226.4361320000003,123.447537
2226.563161,123.361884
2226.6901900000003,123.361884
2226.817219,123.276231
2226.9442480000002,123.276231
2227.071277,123.190578
2227.1983060000002,123.190578
2227.325335,79.379015
2227.452364,79.379015
2227.579393,79.379015
2227.706421,79.379015
2227.83345,79.379015
2227.9604790000003,79.379015
2228.087508,79.379015
2228.214537,79.379015
2228.341566,79.379015
2228.4685950000003,79.379015
2228.595624,128.072805
2228.7226530000003,129.271949
2228.849682,129.271949
2228.9767110000003,129.271949
2229.10374,129.271949
2229.2307690000002,129.271949
2229.357798,129.271949
2229.484827,129.271949
2229.611855,129.271949
2229.7388840000003,129.271949
2229.865913,129.271949
2229.992942,124.089936
2230.374029,120.877944
2230.501058,120.877944
2230.628087,120.877944
2230.7551160000003,120.877944
2230.882145,120.877944
2231.0091740000003,120.877944
2231.136203,120.877944
2231.2632320000002,120.877944
2231.390261,121.30621
2231.5172900000002,121.30621
2231.644318,121.30621
2231.771347,121.30621
2231.898376,121.30621
2232.0254050000003,121.30621
2232.152434,123.875803
2232.279463,123.875803
2232.406492,124.089936
2232.5335210000003,124.089936
2232.66055,124.089936
2232.787579,124.089936
2232.914608,124.089936
2233.0416370000003,124.089936
2233.168666,124.089936
2233.2956950000003,124.089936
2233.422724,124.089936
2233.549752,124.089936
2233.676781,122.077088
2233.80381,122.077088
2233.930839,122.077088
2234.057868,122.077088
2234.184897,122.077088
2234.3119260000003,122.077088
2234.438955,121.905782
2234.565984,121.905782
2234.693013,121.734475
2234.8200420000003,121.734475
2234.947071,121.648822
2235.0741000000003,121.648822
2235.201129,121.648822
2235.3281580000003,121.648822
2235.455186,121.648822
2235.582215,121.648822
2235.709244,121.648822
2235.836273,121.648822
2235.963302,121.049251
2236.0903310000003,121.049251
2236.21736,120.706638
2236.344389,120.706638
2236.471418,120.706638
2236.5984470000003,120.706638
2236.725476,120.706638
2236.852505,120.706638
2236.979534,120.706638
2237.1065630000003,120.706638
2237.233592,79.464668
2237.36062,79.464668
2237.487649,79.464668
2237.614678,79.464668
2237.741707,79.464668
2237.868736,79.464668
2237.995765,79.464668
2238.122794,79.464668
2238.249823,120.877944
2238.3768520000003,120.877944
2238.503881,121.648822
2238.63091,121.648822
2238.757939,121.734475
2238.8849680000003,121.734475
2239.011997,121.734475
2239.139026,121.734475
2239.266055,121.734475
2239.393083,121.734475
2239.520112,121.734475
2239.647141,121.734475
2239.77417,121.734475
2239.901199,121.734475
2240.028228,122.334047
2240.155257,122.334047
2240.282286,122.4197
2240.409315,122.4197
2240.536344,122.4197
2240.6633730000003,122.4197
2240.790402,122.4197
2240.917431,122.4197
2241.04446,122.4197
2241.1714890000003,122.4197
2241.298517,122.248394
2241.425546,122.248394
2241.552575,121.391863
2241.679604,121.391863
2241.806633,121.391863
2241.933662,121.391863
2242.060691,121.391863
2242.18772,121.391863
2242.314749,121.220557
2242.441778,121.220557
2242.568807,121.220557
2242.695836,121.220557
2242.822865,121.220557
2242.9498940000003,121.220557
2243.076923,121.220557
2243.203951,121.220557
2243.33098,121.134904
2243.458009,121.134904
2243.585038,121.134904
2243.712067,121.134904
2243.839096,121.134904
2243.966125,121.134904
2244.093154,121.134904
2244.220183,121.134904
2244.347212,121.134904
2244.474241,121.134904
2244.60127,120.620985
2244.7282990000003,120.620985
2244.855328,120.620985
2244.982357,120.620985
2245.109385,120.620985
2245.236414,120.620985
2245.363443,120.620985
2245.490472,120.620985
2245.617501,120.620985
2245.74453,120.620985
2245.871559,120.535332
2245.998588,120.535332
2246.125617,79.421842
2246.252646,79.421842
2246.379675,79.421842
2246.506704,79.421842
2246.633733,79.421842
2246.760762,79.421842
2246.887791,79.421842
2247.0148200000003,79.421842
2247.141848,79.421842
2247.268877,79.421842
2247.395906,79.421842
2247.522935,79.421842
2247.649964,79.336188
2247.776993,79.336188
2247.904022,79.336188
2248.031051,79.336188
2248.15808,79.336188
2248.285109,79.336188
2248.412138,79.336188
2248.539167,79.379015
2248.666196,79.379015
2248.793225,79.379015
2248.920254,79.379015
2249.047282,79.379015
2249.174311,79.379015
2249.30134,79.379015
2249.428369,79.336188
2249.555398,79.336188
2249.682427,79.421842
2249.809456,79.421842
2249.936485,79.421842
2250.063514,79.421842
2250.190543,79.421842
2250.317572,79.421842
2250.444601,79.421842
2250.57163,79.421842
2250.698659,79.421842
2250.825688,79.421842
2250.9527160000002,79.421842
2251.079745,79.421842
2251.206774,79.421842
2251.333803,79.421842
2251.460832,79.421842
2251.587861,79.421842
2251.71489,79.421842
2251.841919,79.421842
2251.968948,79.421842
2252.095977,79.421842
2252.223006,120.877944
2252.350035,120.877944
2252.477064,120.877944
2252.604093,120.877944
2252.731122,120.877944
2252.85815,120.877944
2252.9851790000002,121.30621
2253.112208,121.30621
2253.2392370000002,121.30621
2253.366266,121.30621
2253.493295,122.591006
2253.620324,122.591006
2253.747353,122.67666
2253.874382,122.67666
2254.001411,122.67666
2254.12844,122.67666
2254.255469,122.67666
2254.382498,122.67666
2254.509527,122.67666
2254.636556,122.67666
2254.7635840000003,122.67666
2254.890613,122.67666
2255.0176420000003,122.4197
2255.144671,122.4197
2255.2717000000002,121.734475
2255.398729,121.734475
2255.525758,121.734475
2255.652787,121.734475
2255.779816,121.734475
2255.906845,121.734475
2256.033874,121.734475
2256.160903,121.734475
2256.54199,121.648822
2256.669019,121.648822
2256.7960470000003,121.905782
2256.923076,121.905782
2257.0501050000003,121.905782
2257.177134,121.905782
2257.3041630000002,121.905782
2257.431192,121.905782
2257.5582210000002,121.905782
2257.68525,121.905782
2257.812279,121.905782
2257.939308,121.905782
2258.066337,121.734475
2258.193366,121.734475
2258.320395,121.734475
2258.447424,121.734475
2258.574453,79.421842
2258.701481,79.421842
2258.8285100000003,79.421842
2258.955539,79.421842
2259.0825680000003,79.421842
2259.209597,79.421842
2259.3366260000003,79.336188
2259.463655,79.336188
2259.5906840000002,79.421842
2259.717713,79.421842
2259.844742,79.421842
2259.971771,79.421842
2260.0988,79.421842
2260.225829,79.421842
2260.352858,79.421842
2260.479887,79.421842
2260.6069150000003,122.4197
2260.733944,122.4197
2260.860973,122.4197
2260.988002,122.4197
2261.1150310000003,122.4197
2261.24206,122.4197
2261.3690890000003,122.4197
2261.496118,122.4197
2261.6231470000002,122.4197
2261.750176,122.4197
2261.8772050000002,122.4197
2262.004234,122.4197
2262.385321,123.447537
2262.512349,123.447537
2262.639378,123.447537
2262.766407,123.447537
2262.8934360000003,123.447537
2263.020465,123.447537
2263.147494,123.447537
2263.274523,123.447537
2263.4015520000003,123.618844
2263.528581,123.618844
2263.6556100000003,123.618844
2263.782639,123.618844
2263.9096680000002,123.618844
2264.036697,123.618844
2264.163726,123.618844
2264.290755,123.618844
2264.417784,123.618844
2264.544812,123.618844
2264.6718410000003,123.618844
2264.79887,123.618844
2264.925899,79.421842
2265.052928,79.421842
2265.1799570000003,79.421842
2265.306986,79.421842
2265.4340150000003,79.421842
2265.561044,79.421842
2265.6880730000003,122.933619
2265.815102,122.933619
2265.9421310000002,122.933619
2266.06916,122.933619
2266.1961890000002,122.933619
2266.323218,122.933619
2266.4502460000003,122.933619
2266.577275,122.933619
2266.704304,122.933619
2266.831333,122.933619
2266.9583620000003,79.421842
2267.085391,79.421842
2267.21242,79.421842
2267.339449,79.421842
2267.4664780000003,79.421842
2267.593507,79.421842
2267.7205360000003,79.421842
2267.847565,79.421842
2267.9745940000003,123.190578
2268.101623,123.190578
2268.2286520000002,123.190578
2268.35568,123.190578
2268.482709,123.190578
2268.609738,123.190578
2268.7367670000003,123.190578
2268.863796,123.190578
2269.498941,123.875803
2269.62597,123.875803
2269.7529990000003,123.875803
2269.880028,123.875803
2270.0070570000003,123.875803
2270.134086,123.875803
2270.261114,123.875803
2271.0232880000003,123.361884
2271.150317,123.361884
2271.277346,123.361884
2271.404375,123.361884
2271.5314040000003,123.361884
2271.658433,123.361884
2271.785462,123.361884
2271.912491,123.361884
2275.977417,122.162741
2276.104445,122.162741
2276.231474,122.162741
2276.358503,122.162741
2276.485532,122.162741
2276.612561,122.162741
2276.73959,122.162741
2276.866619,121.991435
2276.993648,121.991435
2277.120677,121.991435
2277.247706,121.991435
2277.3747350000003,121.905782
2277.501764,121.905782
2278.009879,121.991435
2278.136908,121.991435
2278.263937,121.991435
2278.390966,122.633833
2278.517995,122.67666
2278.645024,124.089936
2278.772053,124.089936
2278.899082,124.089936
2279.026111,124.089936
2279.15314,124.089936
2279.280169,124.089936
2279.407198,124.089936
2279.534227,124.089936
2279.6612560000003,124.089936
2279.788285,124.089936
2279.915314,124.089936
2280.042342,124.089936
2280.169371,124.089936
2280.2964,124.089936
2280.423429,124.089936
2280.550458,124.089936
2280.677487,123.618844
2280.804516,123.618844
2280.931545,123.618844
2281.058574,123.576017
2281.185603,123.019272
2281.312632,122.976445
2281.439661,122.933619
2281.56669,122.890792
2281.693719,122.890792
2281.820748,122.890792
2281.947776,122.890792
2282.074805,122.890792
2282.201834,122.077088
2282.328863,122.034261
2282.455892,118.907923
2282.582921,118.907923
2282.70995,118.907923
2282.836979,118.907923
2282.964008,118.522484
2283.091037,118.522484
2283.726182,118.907923
2283.85321,118.907923
2283.980239,118.907923
2284.107268,118.907923
2284.234297,118.907923
2284.361326,118.907923
2284.488355,120.578158
2284.615384,120.578158
2284.742413,120.749465
2284.869442,120.749465
2284.996471,121.43469
2285.1235,121.43469
2285.250529,121.43469
2285.377558,121.43469
2285.504587,121.43469
2285.631616,121.43469
2285.758644,121.43469
2285.885673,121.43469
2286.012702,121.43469
2286.139731,121.43469
2286.26676,121.43469
2286.393789,121.43469
2286.520818,121.43469
2286.647847,121.43469
2286.774876,121.43469
2286.901905,121.43469
2287.028934,121.43469
2287.155963,121.43469
2287.53705,118.907923
2287.664079,118.907923
2287.791107,118.907923
2287.9181360000002,118.907923
2288.045165,118.907923
2288.172194,118.907923
2288.299223,118.907923
2288.426252,118.907923
2288.553281,118.907923
2288.68031,118.907923
2288.807339,118.907923
2288.934368,118.907923
2289.569513,120.578158
2289.6965410000003,120.578158
2289.82357,120.578158
2289.9505990000002,120.578158
2290.077628,120.835118
2290.204657,120.835118
2290.331686,120.835118
2290.458715,120.835118
2290.585744,120.835118
2290.712773,120.835118
2290.839802,120.835118
2290.966831,120.835118
2291.09386,120.663812
2291.220889,120.663812
2291.474947,116.124197
2291.601975,118.008565
2291.7290040000003,118.008565
2291.856033,118.008565
2291.9830620000002,118.008565
2292.110091,118.008565
2292.2371200000002,118.008565
2292.364149,122.976445
2292.491178,122.976445
2292.618207,122.976445
2292.745236,122.976445
2292.872265,122.976445
2292.999294,122.976445
2293.126323,122.976445
2293.253352,122.976445
2293.380381,79.421842
2293.507409,115.867238
2293.634438,122.976445
2293.7614670000003,122.976445
2293.888496,122.976445
2294.0155250000003,122.976445
2294.142554,122.976445
2294.2695830000002,122.976445
2294.396612,122.976445
2294.523641,122.976445
2294.65067,79.379015
2294.777699,79.379015
2294.904728,79.379015
2295.031757,79.379015
2295.158786,79.379015
2295.285815,79.379015
2295.412843,79.379015
2295.5398720000003,79.379015
2295.666901,79.379015
2295.7939300000003,115.781585
2295.920959,120.663812
2296.0479880000003,120.663812
2296.175017,121.17773
2296.3020460000002,121.17773
2296.429075,121.17773
2296.5561040000002,121.17773
2296.683133,121.17773
2296.810162,121.17773
2296.937191,121.17773
2297.06422,121.17773
2297.191249,121.17773
2297.318278,121.17773
2297.445306,120.920771
2297.572335,120.920771
2297.699364,120.920771
2297.8263930000003,120.920771
2297.953422,120.835118
2298.0804510000003,120.835118
2298.20748,79.379015
2298.3345090000003,79.379015
2298.461538,79.379015
2298.5885670000002,79.379015
2298.715596,79.379015
2298.842625,79.379015
2298.969654,79.379015
2299.096683,79.379015
2299.223712,79.379015
2299.35074,79.379015
2299.477769,79.379015
2299.6047980000003,79.379015
2299.731827,79.293362
2299.858856,79.336188
2299.985885,79.379015
2300.1129140000003,79.379015
2300.239943,79.379015
2300.3669720000003,79.379015
2300.494001,79.379015
2300.6210300000002,79.379015
2300.748059,79.379015
2300.8750880000002,79.379015
2301.002117,79.379015
2301.129146,79.379015
2301.256174,79.379015
2301.3832030000003,79.379015
2301.510232,79.379015
2301.637261,79.379015
2301.76429,79.379015
2301.8913190000003,79.379015
2302.018348,79.379015
2302.145377,79.379015
2302.272406,79.379015
2302.3994350000003,79.379015
2302.526464,79.379015
2302.6534930000003,79.379015
2302.780522,79.379015
2302.9075510000002,115.781585
2303.03458,116.552463
2303.161608,116.552463
2303.288637,116.552463
2303.415666,116.552463
2303.542695,116.552463
2303.6697240000003,116.552463
2303.796753,117.152034
2303.923782,117.152034
2304.050811,117.152034
2304.1778400000003,117.152034
2304.304869,117.152034
2304.4318980000003,117.152034
2304.558927,117.152034
2304.6859560000003,117.152034
2304.812985,79.379015
2304.9400140000002,79.379015
2305.067043,79.379015
2305.194071,79.379015
2305.3211,79.379015
2305.448129,79.379015
2305.575158,118.008565
2305.702187,118.008565
2305.829216,118.094218
2305.9562450000003,118.094218
2306.083274,118.094218
2306.210303,118.094218
2306.337332,118.094218
2306.4643610000003,118.094218
2306.59139,118.094218
2306.7184190000003,118.094218
2306.845448,118.094218
2306.9724770000003,118.094218
2307.099505,118.094218
2307.226534,118.094218
2307.353563,117.066381
2307.480592,117.066381
2307.607621,117.066381
2307.7346500000003,117.066381
2307.861679,117.066381
2307.988708,117.066381
2308.115737,117.066381
2308.2427660000003,117.066381
2308.369795,117.066381
2308.496824,117.066381
2308.623853,116.809422
2308.7508820000003,116.809422
2308.877911,117.922912
2309.004939,117.922912
2309.131968,117.922912
2309.258997,117.922912
2309.386026,118.179872
2309.513055,118.179872
2309.640084,118.179872
2309.767113,118.179872
2309.894142,118.179872
2310.0211710000003,118.179872
2310.1482,118.179872
2310.275229,118.179872
2310.402258,117.32334
2310.5292870000003,117.32334
2310.656316,117.32334
2310.783345,117.32334
2310.910373,117.32334
2311.037402,117.32334
2311.164431,117.32334
2311.29146,117.32334
2311.418489,117.32334
2311.545518,117.32334
2311.926605,117.665953
2312.053634,117.665953
2312.180663,117.665953
2312.3076920000003,117.665953
2312.434721,117.665953
2312.56175,117.665953
2312.688779,117.751606
2312.8158080000003,117.751606
2312.942836,117.751606
2313.069865,117.751606
2313.196894,117.751606
2313.323923,117.751606
2313.450952,118.69379
2313.577981,118.69379
2313.70501,118.69379
2313.832039,118.69379
2313.959068,118.69379
2314.086097,118.69379
2314.213126,118.69379
2314.340155,118.69379
2314.467184,79.379015
2314.5942130000003,79.379015
2314.721242,79.379015
2314.84827,79.379015
2314.975299,79.379015
2315.102328,79.379015
2315.229357,79.379015
2315.356386,79.379015
2315.483415,79.379015
2315.610444,79.379015
2315.737473,116.809422
2315.864502,116.809422
2315.991531,117.408994
2316.11856,117.408994
2316.245589,117.408994
2316.3726180000003,117.408994
2316.499647,117.408994
2316.626676,117.408994
2316.753704,117.408994
2316.880733,117.408994
2317.007762,117.408994
2317.134791,117.408994
2317.26182,117.408994
2317.388849,117.408994
2317.515878,117.152034
2317.642907,117.152034
2317.769936,115.867238
2317.896965,115.867238
2318.023994,115.867238
2318.151023,115.867238
2318.278052,115.867238
2318.405081,115.867238
2318.53211,115.867238
2318.659138,115.867238
2318.786167,116.124197
2318.913196,116.124197
2319.040225,116.124197
2319.167254,116.124197
2319.294283,116.124197
2319.421312,116.124197
2319.548341,116.895075
2319.67537,116.895075
2319.802399,116.895075
2319.929428,116.895075
2320.056457,116.980728
2320.183486,116.980728
2320.310515,117.32334
2320.437544,117.32334
2320.564573,117.32334
2320.691601,117.32334
2320.81863,117.32334
2320.945659,117.32334
2321.072688,117.32334
2321.199717,117.32334
2321.326746,116.895075
2321.453775,116.895075
2321.580804,116.895075
2321.707833,116.895075
2321.834862,116.895075
2321.961891,116.895075
2322.08892,116.895075
2322.215949,116.895075
2322.342978,116.895075
2322.470007,116.895075
2322.5970350000002,116.895075
2322.724064,116.895075
2322.851093,113.383298
2322.978122,79.379015
2323.613267,79.379015
2324.121383,117.751606
2324.248412,117.751606
2324.375441,117.922912
2324.502469,117.922912
2324.6294980000002,117.922912
2324.756527,117.922912
2324.883556,117.922912
2325.010585,117.922912
2325.137614,117.922912
2325.264643,117.922912
2325.391672,117.922912
2325.518701,117.922912
2325.64573,118.907923
2325.772759,118.907923
2325.899788,118.907923
2326.026817,118.907923
2326.153846,118.907923
2326.280875,118.907923
2326.4079030000003,118.907923
2326.534932,118.907923
2326.6619610000002,118.907923
2326.78899,118.907923
2326.9160190000002,118.907923
2327.043048,118.907923
2327.170077,118.907923
2327.297106,118.907923
2327.424135,118.907923
2327.551164,118.907923
2327.678193,79.379015
2327.805222,79.379015
2327.932251,79.379015
2328.05928,79.379015
2328.186309,79.379015
2328.313337,79.379015
2328.4403660000003,79.379015
2328.567395,79.379015
2328.6944240000003,79.379015
2328.821453,79.379015
2328.9484820000002,79.379015
2329.075511,79.379015
2329.20254,79.379015
2329.329569,79.379015
2329.456598,79.379015
2329.583627,79.379015
2333.775582,79.464668
2333.902611,79.464668
2334.02964,79.464668
2334.156668,79.464668
2334.283697,79.464668
2334.410726,79.464668
2334.5377550000003,118.907923
2334.664784,118.907923
2334.7918130000003,118.907923
2334.918842,118.907923
2335.0458710000003,118.907923
2335.1729,118.907923
2335.2999290000002,118.907923
2335.426958,118.907923
2335.5539870000002,118.179872
2335.681016,118.179872
2335.808045,115.781585
2335.935074,115.781585
2336.062102,115.781585
2336.189131,115.781585
2336.3161600000003,115.781585
2336.443189,115.781585
2336.570218,79.464668
2336.697247,79.464668
2336.8242760000003,79.464668
2336.951305,79.464668
2337.0783340000003,79.464668
2337.205363,79.464668
2337.3323920000003,79.464668
2337.459421,79.464668
2337.5864500000002,79.464668
2337.713479,79.464668
2337.840508,79.464668
2337.967537,79.464668
2338.0945650000003,79.464668
2338.221594,79.464668
2338.348623,79.379015
2338.475652,79.379015
2338.6026810000003,79.379015
2338.72971,79.379015
2338.856739,79.379015
2338.983768,79.379015
2339.1107970000003,117.023555
2339.237826,117.066381
2339.3648550000003,117.066381
2339.491884,117.066381
2339.6189130000002,117.066381
2339.745942,117.066381
2339.8729710000002,117.066381
2339.999999,117.066381
2340.127028,116.167024
2340.254057,116.167024
2342.413549,116.595289
2342.540578,116.638116
2342.6676070000003,117.45182
2342.794636,117.45182
2342.921665,118.051392
2343.048694,118.051392
2343.1757230000003,118.051392
2343.302752,118.051392
2343.4297810000003,118.051392
2343.55681,118.051392
2343.6838390000003,118.051392
2343.810867,118.051392
2343.937896,115.567452
2344.064925,115.567452
2344.191954,115.567452
2344.318983,115.567452
2344.446012,115.567452
2344.573041,115.567452
2344.70007,115.567452
2344.827099,115.567452
2344.9541280000003,79.379015
2345.081157,79.379015
2345.208186,79.379015
2345.335215,79.379015
2345.4622440000003,79.464668
2345.589273,79.464668
2345.7163020000003,79.464668
2345.84333,79.464668
2345.970359,79.464668
2346.097388,79.464668
2346.224417,79.464668
2346.351446,79.464668
2346.478475,79.464668
2346.605504,79.464668
2346.7325330000003,79.379015
2346.859562,79.379015
2346.986591,79.379015
2347.11362,113.940043
2347.2406490000003,113.940043
2347.367678,113.940043
2347.494707,113.940043
2347.621736,113.940043
2347.748764,113.940043
2347.875793,113.940043
2348.002822,113.940043
2348.129851,113.940043
2348.25688,113.940043
2348.383909,113.554604
2348.510938,113.511777
2349.273112,79.336188
2349.400141,79.336188
2349.5271700000003,79.336188
2349.654198,79.336188
2349.781227,79.336188
2349.908256,79.336188
2350.035285,79.336188
2350.162314,79.336188
2350.289343,79.336188
2350.416372,79.336188
2350.924488,111.284797
2351.051517,111.284797
2351.178546,111.284797
2351.3055750000003,111.284797
2351.432604,111.284797
2351.559632,111.284797
2351.686661,111.284797
2351.81369,111.284797
2351.940719,109.100642
2352.067748,109.100642
2352.702893,108.972163
2352.829922,108.972163
2352.956951,108.972163
2353.08398,108.972163
2353.211009,108.972163
2353.338038,108.972163
2353.465067,108.972163
2353.592095,108.972163
2353.719124,107.002141
2353.846153,107.002141
2353.973182,107.002141
2354.100211,107.002141
2354.22724,107.002141
2354.354269,107.002141
2354.481298,107.002141
2354.608327,107.002141
2355.243472,107.173448
2355.3705010000003,107.173448
2355.497529,107.173448
2355.624558,107.173448
2355.751587,107.173448
2355.878616,107.173448
2356.005645,107.173448
2356.132674,107.173448
2356.513761,109.057816
2356.64079,109.057816
2356.767819,109.057816
2356.894848,109.057816
2357.021877,109.057816
2357.148906,109.057816
2357.275935,109.057816
2357.402963,109.057816
2357.529992,79.336188
2357.657021,79.421842
2357.78405,79.421842
2357.911079,79.421842
2358.038108,79.421842
2358.165137,79.421842
2358.292166,79.421842
2358.419195,79.421842
2358.546224,110.770878
2358.673253,110.770878
2358.800282,110.770878
2358.927311,110.770878
2359.05434,110.770878
2359.181369,110.770878
2359.3083970000002,110.770878
2359.435426,110.770878
2359.562455,79.336188
2359.689484,79.336188
2359.816513,79.336188
2359.943542,79.336188
2360.070571,79.336188
2360.1976,79.336188
2360.324629,79.336188
2360.451658,79.336188
2360.578687,79.336188
2361.213831,79.421842
2361.3408600000002,79.421842
2361.467889,79.421842
2361.5949180000002,79.421842
2361.721947,79.421842
2361.848976,79.421842
2361.976005,79.421842
2362.103034,79.421842
2362.230063,79.421842
2362.357092,79.421842
2362.484121,79.421842
2362.61115,79.421842
2362.738179,79.421842
2362.865208,79.421842
2362.992237,79.421842
2363.119266,79.421842
2363.246294,79.421842
2363.3733230000003,79.421842
2363.500352,79.421842
2363.6273810000002,79.421842
2363.75441,79.421842
2363.8814390000002,79.421842
2364.008468,79.421842
2364.135497,79.421842
2364.262526,79.421842
2364.389555,79.421842
2364.516584,79.421842
2364.643613,79.421842
2364.770642,79.421842
2364.897671,79.421842
2365.0247,79.421842
2365.1517280000003,79.421842
2365.278757,79.421842
2365.4057860000003,79.421842
2365.532815,79.421842
2365.6598440000002,79.421842
2365.786873,79.421842
2365.9139020000002,79.421842
2366.040931,79.336188
2366.16796,79.336188
2366.294989,79.421842
2366.422018,79.421842
2366.549047,79.421842
2366.676076,79.421842
2366.803105,79.421842
2366.930134,79.421842
2367.057162,79.421842
2367.1841910000003,79.421842
2367.31122,79.421842
2367.4382490000003,79.421842
2367.565278,79.421842
2367.6923070000003,79.421842
2367.819336,79.421842
2367.9463650000002,79.421842
2368.073394,79.421842
2368.2004230000002,79.421842
2368.327452,79.421842
2368.454481,79.421842
2368.58151,79.421842
2368.708539,79.421842
2368.835568,79.421842
2368.9625960000003,79.421842
2369.089625,79.421842
2369.216654,79.421842
2369.343683,79.421842
2369.4707120000003,79.421842
2369.597741,79.421842
2369.7247700000003,79.421842
2369.851799,79.421842
2369.9788280000002,79.421842
2370.613973,79.421842
2370.741002,79.421842
2370.868031,79.421842
2370.995059,79.421842
2371.122088,79.421842
2371.2491170000003,79.421842
2371.376146,79.421842
2371.503175,79.421842
2371.630204,79.421842
2371.7572330000003,79.421842
2371.884262,79.421842
2372.0112910000003,79.421842
2372.13832,79.421842
2372.2653490000002,79.421842
2372.392378,79.421842
2372.5194070000002,79.421842
2372.646436,79.421842
2372.773465,79.421842
2372.900493,79.421842
2373.0275220000003,79.421842
2373.154551,103.79015
2373.28158,103.832976
2373.408609,103.832976
2373.5356380000003,103.832976
2373.662667,103.832976
2373.7896960000003,103.832976
2373.916725,103.832976
2374.0437540000003,103.832976
2374.170783,103.79015
2374.2978120000002,79.421842
2374.424841,79.421842
2374.5518700000002,79.421842
2374.678899,79.421842
2374.805927,79.421842
2374.932956,79.421842
2375.059985,79.421842
2375.187014,79.421842
2375.3140430000003,113.040685
2375.441072,113.940043
2375.568101,113.940043
2375.69513,113.940043
2375.8221590000003,113.940043
2375.949188,113.940043
2376.0762170000003,113.940043
2376.203246,113.940043
2376.3302750000003,113.940043
2376.457304,113.940043
2376.5843330000002,113.940043
2376.711361,113.940043
2376.83839,113.940043
2377.6005640000003,111.541756
2377.727593,111.541756
2377.854622,111.541756
2377.981651,111.541756
2378.1086800000003,111.541756
2378.235709,111.541756
2378.3627380000003,111.541756
2378.489767,111.541756
2378.6167960000002,79.421842
2378.743824,79.421842
2378.870853,79.421842
2378.997882,79.421842
2379.124911,79.421842
2379.25194,79.421842
2379.3789690000003,111.11349
2379.505998,111.11349
2379.633027,111.11349
2379.760056,111.11349
2379.8870850000003,111.11349
2380.014114,111.11349
2380.141143,111.11349
2380.268172,111.11349
2380.649258,112.269807
2380.776287,112.312634
2380.903316,112.312634
2381.030345,112.312634
2381.157374,112.312634
2381.284403,112.312634
2381.411432,112.997859
2381.538461,113.59743
2381.6654900000003,113.59743
2381.792519,113.59743
2381.919548,113.59743
2382.046577,113.59743
2382.1736060000003,113.59743
2382.300635,113.59743
2382.427664,113.59743
2382.554692,79.421842
2382.681721,79.421842
2382.80875,79.421842
2382.935779,79.421842
2383.062808,79.421842
2383.189837,79.421842
2383.316866,79.421842
2383.443895,79.421842
2383.570924,79.421842
2383.697953,79.421842
2383.824982,79.421842
2383.9520110000003,79.421842
2384.07904,79.421842
2384.206069,79.421842
2384.333098,79.421842
2384.460126,79.421842
2384.587155,79.421842
2384.714184,79.421842
2384.841213,79.421842
2384.968242,79.421842
2385.095271,79.421842
2385.2223,79.421842
2385.349329,79.421842
2385.476358,113.169165
2385.603387,113.169165
2385.7304160000003,113.169165
2385.857445,113.169165
2385.984474,113.169165
2386.111503,113.340471
2386.2385320000003,113.340471
2386.365561,113.340471
2386.492589,113.340471
2386.619618,113.340471
2386.746647,113.340471
2386.873676,113.340471
2387.000705,113.340471
2387.127734,113.340471
2387.254763,113.340471
2387.381792,113.340471
2387.5088210000004,113.340471
2391.573747,79.421842
2391.700776,79.507495
2391.827805,79.507495
2391.954834,79.507495
2392.0818630000003,79.507495
2392.208891,79.507495
2392.33592,79.507495
2392.462949,79.507495
2392.589978,79.507495
2392.717007,115.867238
2392.844036,115.910064
2392.971065,115.952891
2393.098094,115.952891
2393.225123,115.952891
2393.352152,115.952891
2393.479181,115.952891
2393.60621,115.952891
2393.733239,115.952891
2393.8602680000004,115.952891
2393.987297,115.781585
2394.114326,115.781585
2394.495412,113.940043
2394.622441,113.940043
2394.74947,113.940043
2394.876499,113.940043
2395.003528,113.940043
2395.130557,113.940043
2395.257586,113.940043
2395.384615,113.940043
2395.511644,113.940043
2395.638673,113.940043
2395.765702,113.940043
2395.892731,113.940043
2396.01976,79.507495
2396.146788,79.507495
2396.2738170000002,79.507495
2396.400846,79.507495
2396.527875,79.507495
2396.654904,79.507495
2396.781933,118.779443
2396.908962,118.779443
2397.035991,118.779443
2397.16302,118.779443
2397.290049,118.779443
2397.417078,118.779443
2397.544107,118.779443
2397.671136,118.779443
2398.0522220000003,118.907923
2398.179251,118.907923
2398.3062800000002,118.907923
2398.433309,118.907923
2398.5603380000002,118.907923
2398.687367,118.907923
2398.814396,118.907923
2398.941425,118.907923
2399.068454,118.907923
2399.195483,118.907923
2399.322512,118.907923
2399.449541,118.907923
2399.57657,118.522484
2399.703599,118.522484
2400.3387430000002,113.554604
2400.465772,113.59743
2400.5928010000002,113.59743
2400.71983,113.59743
2400.846859,113.59743
2400.973888,113.59743
2401.100917,113.59743
2401.227946,113.59743
2401.354975,79.507495
2401.482004,79.507495
2401.609033,79.507495
2401.736062,79.507495
2401.86309,79.507495
2401.990119,79.507495
2402.1171480000003,102.762313
2402.244177,111.584582
2402.371206,111.584582
2402.498235,111.584582
2402.6252640000002,111.584582
2402.752293,112.184154
2402.8793220000002,112.184154
2403.006351,112.184154
2403.13338,112.184154
2403.260409,112.184154
2403.387438,116.552463
2403.514467,116.552463
2403.641496,116.638116
2403.768525,116.638116
2403.8955530000003,116.638116
2404.022582,116.638116
2404.149611,116.638116
2404.27664,116.638116
2404.4036690000003,116.638116
2404.530698,116.638116
2404.657727,116.552463
2404.784756,116.552463
2404.9117850000002,113.940043
2405.038814,113.940043
2405.165843,113.940043
2405.292872,113.940043
2405.419901,113.940043
2405.54693,113.940043
2405.673959,113.897216
2405.800987,113.897216
2405.928016,113.897216
2406.055045,113.897216
2406.1820740000003,113.897216
2406.309103,113.897216
2406.436132,113.897216
2406.563161,113.897216
2406.6901900000003,113.72591
2406.817219,113.72591
2407.452364,113.040685
2407.579393,113.083512
2407.706421,113.083512
2407.83345,113.083512
2407.9604790000003,113.083512
2408.087508,113.083512
2408.214537,113.083512
2408.341566,113.083512
2408.4685950000003,113.040685
2408.595624,113.040685
2409.357798,111.884368
2409.484827,111.884368
2409.611855,111.884368
2409.7388840000003,111.884368
2409.865913,111.884368
2409.992942,111.884368
2410.119971,111.884368
2410.374029,112.398287
2410.501058,113.940043
2410.628087,113.940043
2410.7551160000003,113.940043
2410.882145,113.940043
2411.009174,116.895075
2411.136203,116.895075
2411.2632320000002,116.895075
2411.390261,116.895075
2411.5172900000002,116.895075
2411.644318,116.895075
2411.771347,116.895075
2411.898376,116.895075
2412.0254050000003,116.895075
2412.152434,116.895075
2412.279463,116.895075
2412.406492,116.895075
2412.5335210000003,116.895075
2412.66055,116.895075
2412.787579,79.464668
2412.914608,79.464668
2413.0416370000003,79.464668
2413.168666,79.464668
2413.295695,79.464668
2413.422724,79.464668
2413.549752,79.464668
2413.676781,111.156317
2413.8038100000003,112.955032
2413.930839,112.955032
2414.057868,112.955032
2414.184897,112.955032
2414.3119260000003,112.955032
2414.438955,112.955032
2414.565984,112.955032
2414.693013,112.955032
2414.8200420000003,112.35546
2414.947071,112.35546
2415.0741,112.35546
2415.201129,112.35546
2415.3281580000003,112.35546
2415.455186,112.35546
2415.5822150000004,79.464668
2415.709244,79.464668
2415.836273,79.464668
2415.963302,79.464668
2416.0903310000003,79.464668
2416.21736,79.464668
2416.344389,79.464668
2416.471418,79.464668
2416.5984470000003,79.464668
2416.725476,79.464668
2416.852505,79.464668
2416.979534,79.464668
2417.1065630000003,79.464668
2417.233592,79.464668
2417.36062,79.464668
2417.487649,79.464668
2417.614678,79.464668
2417.741707,79.464668
2417.8687360000004,79.464668
2417.995765,79.464668
2418.122794,79.464668
2418.249823,79.464668
2418.3768520000003,79.464668
2418.503881,79.464668
2418.63091,79.464668
2418.757939,79.464668
2418.8849680000003,79.464668
2419.011997,79.464668
2419.139026,79.464668
2419.266055,79.464668
2419.393083,79.464668
2419.520112,79.464668
2419.647141,79.464668
2419.77417,79.464668
2419.901199,79.464668
2420.028228,79.464668
2420.1552570000003,79.464668
2420.282286,79.464668
2420.409315,79.464668
2420.536344,79.464668
2420.6633730000003,79.464668
2420.790402,79.464668
2420.917431,79.464668
2421.04446,79.464668
2421.1714890000003,79.464668
2421.298517,79.464668
2421.425546,79.464668
2421.552575,79.464668
2421.679604,79.464668
2421.806633,79.464668
2421.933662,79.464668
2422.060691,79.464668
2422.18772,79.464668
2422.314749,79.464668
2422.4417780000003,79.464668
2422.568807,79.464668
2422.695836,79.464668
2422.822865,79.464668
2422.9498940000003,79.464668
2423.076923,79.464668
2423.203951,79.464668
2423.33098,79.464668
2423.458009,79.464668
2423.585038,79.464668
2423.712067,79.464668
2423.839096,79.464668
2423.966125,79.464668
2424.093154,79.464668
2424.2201830000004,79.464668
2424.347212,79.464668
2424.474241,79.464668
2424.60127,79.464668
2424.7282990000003,79.464668
2424.855328,79.464668
2424.982357,79.464668
2425.109385,79.464668
2425.236414,79.379015
2425.363443,79.379015
2425.490472,79.379015
2425.617501,79.379015
2425.74453,79.379015
2425.871559,79.379015
2425.998588,79.379015
2426.125617,79.379015
2426.252646,79.379015
2426.379675,79.379015
2426.5067040000004,79.379015
2426.633733,79.379015
2426.760762,79.379015
2426.887791,79.379015
2427.0148200000003,79.379015
2427.141848,79.379015
2427.268877,79.464668
2427.395906,79.464668
2427.522935,79.464668
2427.649964,79.464668
2427.776993,79.464668
2427.904022,79.464668
2428.031051,79.464668
2428.15808,79.464668
2428.285109,113.940043
2428.412138,113.940043
2428.539167,113.940043
2428.666196,113.940043
2428.7932250000003,113.940043
2428.920254,113.940043
2429.047282,113.940043
2429.174311,113.940043
2429.30134,117.665953
2429.428369,117.665953
2429.555398,117.665953
2429.682427,117.665953
2429.809456,117.665953
2429.936485,117.665953
2430.063514,117.665953
2430.190543,117.665953
2430.317572,117.665953
2430.444601,117.665953
2430.57163,117.665953
2430.698659,117.665953
2430.825688,117.665953
2430.9527160000002,117.665953
2431.079745,117.665953
2431.206774,117.665953
2431.333803,117.665953
2431.460832,117.665953
2431.587861,117.665953
2431.71489,117.665953
2432.095977,118.69379
2432.223006,118.69379
2432.350035,118.69379
2432.477064,118.69379
2432.604093,118.69379
2432.731122,118.69379
2432.85815,118.69379
2432.9851790000002,118.69379
2433.112208,118.69379
2433.2392370000002,118.69379
2433.366266,118.608137
2433.493295,118.608137
2433.620324,115.695931
2433.747353,115.695931
2433.874382,115.695931
2434.001411,115.695931
2434.12844,115.695931
2434.255469,115.695931
2434.636556,113.72591
2434.7635840000003,113.72591
2434.890613,113.72591
2435.017642,113.72591
2435.144671,113.72591
2435.2717000000002,113.72591
2435.398729,113.72591
2435.525758,113.72591
2435.652787,108.75803
2435.779816,108.75803
2435.906845,108.75803
2436.033874,108.75803
2436.160903,108.75803
2436.287932,110.770878
2436.414961,113.554604
2436.54199,113.554604
2436.669019,115.781585
2436.796047,115.781585
2436.923076,115.781585
2437.0501050000003,115.781585
2437.177134,118.394004
2437.3041630000002,118.436831
2437.431192,118.436831
2437.5582210000002,118.436831
2437.68525,118.436831
2437.812279,118.436831
2437.939308,118.436831
2438.066337,118.436831
2438.193366,118.436831
2438.320395,118.436831
2438.447424,118.436831
2438.574453,118.436831
2438.701481,118.436831
2438.8285100000003,118.436831
2438.955539,117.494647
2439.082568,117.494647
2439.463655,117.623126
2439.5906840000002,117.665953
2439.717713,117.665953
2439.844742,117.665953
2439.971771,117.665953
2440.0988,117.665953
2440.225829,117.665953
2440.352858,117.665953
2440.479887,117.408994
2440.6069150000003,117.408994
2440.733944,118.137045
2440.860973,118.179872
2440.988002,118.179872
2441.1150310000003,118.179872
2441.24206,118.179872
2441.369089,118.179872
2441.496118,118.179872
2441.6231470000002,118.179872
2441.750176,112.61242
2441.8772050000002,113.040685
2442.004234,115.695931
2442.131263,115.695931
2442.258292,116.295503
2442.385321,116.295503
2442.512349,118.907923
2442.639378,118.907923
2442.766407,118.907923
2442.8934360000003,118.907923
2443.020465,118.907923
2443.147494,118.907923
2443.274523,118.907923
2443.4015520000003,118.907923
2443.528581,117.665953
2443.65561,117.665953
2443.782639,79.550321
2443.9096680000002,79.550321
2444.036697,79.550321
2444.163726,79.550321
2444.290755,79.550321
2444.417784,79.550321
2444.544812,79.464668
2444.6718410000003,79.464668
2448.7367670000003,79.379015
2448.863796,79.379015
2448.990825,79.379015
2449.117854,79.379015
2449.2448830000003,79.379015
2449.371912,79.379015
2449.498941,79.379015
2449.62597,79.379015
2449.7529990000003,79.379015
2449.880028,79.464668
2450.007057,79.464668
2450.134086,79.464668
2450.261114,79.464668
2450.388143,79.464668
2450.5151720000003,79.464668
2450.642201,79.464668
2450.76923,79.464668
2450.896259,79.464668
2451.0232880000003,79.464668
2451.150317,79.464668
2451.277346,79.464668
2451.404375,79.464668
2451.5314040000003,79.464668
2451.658433,79.464668
2451.785462,122.334047
2451.912491,122.376874
2452.0395200000003,122.67666
2452.166549,122.719486
2452.293577,122.719486
2452.420606,122.719486
2452.547635,122.719486
2452.674664,122.719486
2452.8016930000003,122.719486
2452.928722,122.719486
2453.055751,122.67666
2453.18278,122.67666
2453.3098090000003,121.391863
2453.436838,121.391863
2453.563867,117.194861
2453.690896,117.194861
2453.8179250000003,117.194861
2453.944954,117.194861
2454.071983,117.194861
2454.199011,116.980728
2454.32604,79.464668
2454.453069,79.464668
2454.5800980000004,79.464668
2454.707127,79.464668
2454.834156,79.464668
2454.961185,79.464668
2455.0882140000003,79.464668
2455.469301,118.394004
2455.5963300000003,118.394004
2455.723359,118.479657
2455.850388,118.479657
2455.977417,118.907923
2456.104445,120.535332
2456.231474,120.578158
2456.358503,120.578158
2456.485532,120.578158
2456.612561,122.67666
2456.73959,122.67666
2456.8666190000004,122.67666
2456.993648,122.67666
2457.120677,122.67666
2457.247706,122.67666
2457.3747350000003,122.67666
2457.501764,122.67666
2457.628793,122.67666
2457.755822,122.67666
2457.8828510000003,122.67666
2458.009879,122.67666
2458.136908,122.248394
2458.263937,122.248394
2458.772053,118.907923
2458.899082,118.907923
2459.026111,118.907923
2459.1531400000003,118.907923
2459.280169,118.907923
2459.407198,118.907923
2459.534227,118.907923
2459.6612560000003,118.907923
2459.788285,118.907923
2459.915314,118.907923
2460.042342,118.907923
2460.169371,118.907923
2460.2964,118.907923
2460.423429,118.907923
2460.550458,118.907923
2460.677487,79.507495
2460.804516,79.507495
2460.931545,79.507495
2461.058574,79.507495
2461.185603,79.507495
2461.312632,79.507495
2461.4396610000003,79.507495
2461.56669,79.507495
2461.693719,79.507495
2461.820748,79.507495
2461.947776,79.507495
2462.074805,79.507495
2462.201834,79.507495
2462.328863,79.507495
2462.455892,79.507495
2462.582921,79.507495
2462.70995,79.507495
2462.836979,79.507495
2462.964008,79.507495
2463.091037,79.507495
2463.218066,79.507495
2463.345095,118.736617
2463.472124,118.736617
2463.599153,118.736617
2463.7261820000003,118.736617
2463.85321,118.736617
2463.980239,118.736617
2464.107268,118.736617
2464.234297,79.507495
2464.361326,79.507495
2464.488355,79.507495
2464.615384,79.507495
2464.742413,79.507495
2464.869442,79.507495
2464.996471,79.507495
2465.1235,79.464668
2465.250529,79.421842
2465.377558,79.379015
2465.885673,79.421842
2466.012702,79.421842
2466.139731,79.421842
2466.26676,79.421842
2466.393789,79.421842
2466.520818,79.421842
2466.647847,79.421842
2466.774876,79.421842
2466.901905,79.421842
2467.028934,79.421842
2467.155963,79.421842
2467.282992,79.421842
2467.410021,79.421842
2467.53705,79.421842
2467.664079,79.421842
2467.791107,79.421842
2467.9181360000002,118.479657
2468.045165,118.907923
2468.172194,118.907923
2468.299223,118.907923
2468.426252,118.907923
2468.553281,118.907923
2468.68031,118.907923
2468.807339,118.907923
2468.934368,118.907923
2469.061397,108.929336
2469.442484,115.738758
2469.569513,115.738758
2469.6965410000003,115.738758
2469.82357,115.738758
2469.9505990000002,117.023555
2470.077628,117.023555
2470.204657,117.023555
2470.331686,117.023555
2470.458715,118.351178
2470.585744,118.907923
2470.712773,118.907923
2470.839802,118.907923
2470.966831,118.907923
2471.09386,118.907923
2471.220889,118.907923
2471.347918,118.907923
2471.474947,118.907923
2471.601975,79.421842
2471.729004,79.421842
2471.856033,79.421842
2471.9830620000002,79.421842
2472.110091,79.421842
2472.2371200000002,79.421842
2472.364149,79.421842
2472.491178,79.421842
2472.618207,79.421842
2472.745236,79.421842
2472.872265,79.421842
2472.999294,79.421842
2473.126323,79.421842
2473.253352,117.066381
2473.380381,117.066381
2473.507409,117.066381
2473.634438,117.066381
2473.7614670000003,117.066381
2473.888496,117.066381
2474.015525,117.066381
2474.142554,117.066381
2474.2695830000002,117.066381
2474.396612,117.066381
2474.523641,117.066381
2474.65067,117.066381
2474.777699,79.507495
2474.904728,79.507495
2475.031757,79.507495
2475.158786,79.507495
2475.285815,79.507495
2475.412843,79.507495
2475.5398720000003,79.421842
2475.666901,79.421842
2475.79393,79.421842
2475.920959,79.421842
2476.0479880000003,79.421842
2476.175017,79.421842
2476.3020460000002,79.421842
2476.429075,79.421842
2476.5561040000002,79.421842
2476.683133,79.421842
2476.810162,79.421842
2476.937191,79.421842
2477.06422,79.421842
2477.191249,79.421842
2477.318278,79.421842
2477.445306,79.421842
2477.572335,79.421842
2477.699364,79.421842
2477.8263930000003,79.421842
2477.953422,79.421842
2478.080451,79.421842
2478.20748,79.421842
2478.3345090000003,79.507495
2478.461538,79.507495
2478.5885670000002,79.507495
2478.715596,79.507495
2478.842625,79.507495
2478.969654,79.507495
2479.096683,79.507495
2479.223712,79.507495
2479.35074,79.507495
2479.477769,79.507495
2479.6047980000003,79.507495
2479.731827,79.507495
2479.858856,79.507495
2479.985885,79.507495
2480.1129140000003,79.421842
2480.239943,79.421842
2480.366972,79.421842
2480.494001,79.421842
2480.6210300000002,79.421842
2480.748059,79.421842
2482.526464,124.089936
2482.653493,124.089936
2482.780522,124.089936
2482.9075510000002,124.089936
2483.03458,124.089936
2483.1616080000003,124.089936
2483.288637,124.089936
2483.415666,124.089936
2483.542695,124.089936
2483.6697240000003,124.089936
2483.796753,124.089936
2483.923782,124.089936
2484.050811,124.089936
2484.1778400000003,124.089936
2484.9400140000002,127.130621
2485.067043,127.130621
2485.194071,127.216274
2485.3211,127.216274
2485.4481290000003,127.216274
2485.575158,127.216274
2485.702187,127.216274
2485.829216,127.216274
2485.9562450000003,127.216274
2486.083274,127.216274
2486.210303,126.873662
2486.337332,126.830835
2487.099505,126.616702
2487.2265340000004,126.959315
2487.353563,126.959315
2487.480592,126.959315
2487.607621,126.959315
2487.7346500000003,126.959315
2487.861679,126.959315
2487.988708,126.959315
2488.115737,126.916488
2489.640084,136.980728
2489.767113,136.980728
2489.894142,136.980728
2490.0211710000003,136.980728
2490.1482,136.980728
2490.275229,136.980728
2490.402258,136.980728
2490.5292870000003,136.980728
2490.910373,144.432548
2491.037402,146.488223
2491.164431,146.488223
2491.29146,146.488223
2491.418489,146.488223
2491.545518,146.488223
2491.672547,146.488223
2491.7995760000003,146.488223
2491.926605,146.488223
2492.053634,146.573876
2492.180663,146.573876
2492.3076920000003,149.528908
2492.434721,149.528908
2492.56175,149.528908
2492.688779,149.528908
2492.8158080000003,149.528908
2492.942836,149.528908
2493.069865,149.528908
2493.196894,149.528908
2493.450952,144.346895
2493.577981,144.346895
2493.70501,144.346895
2493.832039,144.346895
2493.959068,144.346895
2494.0860970000003,144.346895
2494.213126,144.346895
2494.721242,135.952891
2494.84827,135.952891
2494.975299,136.124197
2495.102328,136.124197
2495.229357,136.124197
2495.356386,136.124197
2495.483415,136.124197
2495.610444,136.124197
2495.737473,136.124197
2495.8645020000004,136.124197
2495.991531,136.124197
2496.11856,136.124197
2496.245589,137.066381
2496.3726180000003,137.066381
2496.499647,137.066381
2496.626676,137.066381
2496.753704,137.066381
2496.880733,137.066381
2497.007762,137.066381
2497.134791,137.066381
2501.072688,117.066381
2501.199717,117.066381
2501.326746,117.066381
2501.453775,117.066381
2501.580804,117.066381
2501.707833,117.066381
2501.834862,117.066381
2501.961891,117.066381
2502.08892,123.276231
2502.215949,123.276231
2502.342978,123.276231
2502.470007,123.276231
2502.5970350000002,123.276231
2502.724064,123.276231
2502.851093,123.276231
2502.978122,123.276231
2503.359209,123.361884
2503.486238,123.361884
2503.613267,123.361884
2503.740296,123.361884
2503.867325,123.361884
2503.994354,123.361884
2504.121383,123.361884
2504.248412,123.361884
2504.375441,121.477516
2504.502469,204.089936
2504.6294980000002,210.0
2504.756527,210.0
2504.883556,210.0
2505.010585,210.0
2512.886379,154.738956
2513.013408,154.738956
2513.140437,154.738956
2513.267466,154.738956
2513.394495,154.738956
2513.5215239999998,154.738956
2513.648553,154.738956
2513.775581,154.738956
2513.90261,151.911647
2514.029639,151.911647
2514.156668,152.939759
2514.283697,152.939759
2514.410726,152.939759
2514.537755,152.939759
2514.664784,152.939759
2514.791813,152.939759
2514.918842,153.111111
2515.045871,153.111111
2515.1729,153.196787
2515.299929,153.196787
2515.426958,154.01071
2515.553987,159.19411
2515.681015,159.19411
2515.808044,159.279786
2515.935073,159.279786
2516.062102,159.279786
2516.189131,159.279786
2516.31616,159.279786
2516.443189,159.279786
2516.570218,159.279786
2516.697247,159.279786
2516.824276,159.19411
2516.951305,159.151272
2517.078334,149.726908
2517.205363,149.726908
2517.332392,149.726908
2517.459421,149.726908
2517.58645,149.726908
2517.713478,143.087015
2518.602681,141.544846
2518.72971,141.544846
2518.856739,141.801874
2518.983768,141.801874
2519.110797,141.801874
2519.237826,141.801874
2519.364855,141.801874
2519.491884,141.801874
2519.618912,141.801874
2519.745941,141.801874
2519.87297,141.801874
2519.999999,141.801874
2520.127028,141.544846
2520.254057,141.544846
2520.381086,142.401606
2520.508115,142.401606
2520.635144,142.401606
2520.762173,142.401606
2520.889202,142.401606
2521.016231,142.401606
2521.14326,142.401606
2521.270289,142.401606
2531.686661,151.740295
2531.81369,151.740295
2531.940719,152.511379
2532.067748,152.511379
2532.194777,152.511379
2532.321806,152.511379
2532.448835,152.511379
2532.575864,152.511379
2532.702893,152.511379
2532.829922,152.511379
2532.956951,152.425703
2533.083979,152.425703
2533.211008,151.997323
2533.338037,151.997323
2533.465066,149.255689
2533.592095,149.255689
2533.719124,149.255689
2533.846153,149.255689
2533.973182,144.157965
2534.100211,144.157965
2534.22724,144.157965
2534.354269,144.157965
2534.481298,144.157965
2534.608327,144.157965
2534.735356,143.001339
2534.862385,143.001339
2534.989414,143.001339
2535.116442,143.001339
2535.2434709999998,143.001339
2535.3705,141.544846
2535.497529,141.544846
2535.624558,141.716198
2535.751587,141.716198
2535.878616,141.716198
2536.005645,141.716198
2536.132674,141.716198
2536.259703,141.716198
2536.386732,141.716198
2536.513761,141.716198
2536.64079,141.544846
2536.767819,141.544846
2536.894848,141.287818
2537.021876,141.287818
2537.148905,138.888889
2537.275934,138.888889
2537.402963,137.518072
2537.5299919999998,137.518072
2537.657021,137.518072
2537.78405,137.518072
2537.911079,137.518072
2538.038108,137.518072
2538.165137,137.518072
2538.292166,137.518072
2538.800282,132.120482
2538.92731,132.120482
2539.054339,132.120482
2539.181368,132.120482
2539.308397,132.120482
2539.435426,132.120482
2539.5624549999998,132.120482
2540.578687,128.436412
2540.705716,128.436412
2540.832744,129.464525
2540.959773,129.464525
2541.086802,129.464525
2541.213831,129.464525
2541.34086,129.464525
2541.467889,129.464525
2541.594918,129.464525
2541.721947,129.464525
2541.848976,129.464525
2541.976005,129.464525
2542.103034,128.522088
2542.230063,128.522088
2542.357092,128.093708
2542.484121,128.093708
2542.61115,128.093708
2542.738179,128.093708
2542.865207,128.093708
2542.992236,128.093708
2555.568101,167.590361
2555.69513,167.590361
2555.822159,167.590361
2555.949188,167.590361
2556.076217,167.590361
2556.203246,167.590361
2556.330274,167.590361
2562.046577,118.240964
2562.173605,118.240964
2562.300634,118.240964
2562.427663,118.240964
2562.554692,118.240964
2562.681721,118.240964
2562.80875,118.240964
2564.206068,121.410977
2564.333097,121.410977
2564.460126,121.410977
2564.587155,121.410977
2564.714184,121.410977
2564.841213,121.410977
2564.968242,121.410977
2565.095271,121.410977
2565.2223,121.410977
2565.349329,121.410977
2565.476358,121.410977
2565.603387,121.410977
2565.730416,122.353414
2565.857445,122.353414
2565.984473,122.353414
2566.111502,122.396252
2566.238531,122.781794
2566.36556,122.824632
2566.492589,122.824632
2566.619618,122.910308
2566.746647,123.038822
2566.873676,123.08166
2567.000705,123.08166
2567.127734,123.08166
2567.254763,123.08166
2567.381792,123.08166
2567.508821,123.08166
2567.63585,123.08166
2567.889908,123.167336
2568.016936,123.552878
2568.143965,123.552878
2568.270994,123.552878
2568.398023,123.552878
2568.525052,123.552878
2568.652081,123.552878
2568.77911,123.552878
2568.906139,123.552878
2569.033168,122.953146
2569.160197,122.953146
2569.287226,122.696118
2569.414255,122.696118
2569.541284,122.696118
2569.668313,122.696118
2569.795342,122.01071
2569.92237,122.01071
2570.049399,122.01071
2570.1764279999998,122.01071
2570.303457,121.239625
2570.430486,121.239625
2570.557515,121.239625
2570.684544,121.239625
2571.065631,118.75502
2571.19266,118.797858
2571.319689,119.097724
2571.446718,119.097724
2571.573747,119.097724
2571.700776,119.097724
2571.827804,119.097724
2571.954833,119.097724
2572.081862,119.097724
2572.208891,119.097724
2572.33592,119.097724
2572.462949,119.097724
2572.589978,119.097724
2572.717007,119.097724
2572.844036,118.75502
2572.971065,118.797858
2573.098094,118.797858
2573.225123,118.797858
2573.352152,121.625167
2573.479181,121.625167
2573.60621,122.139224
2573.733238,122.139224
2573.860267,122.139224
2573.987296,122.139224
2574.114325,122.65328
2574.241354,122.65328
2574.368383,122.65328
2574.495412,122.65328
2574.622441,122.65328
2574.74947,122.65328
2574.876499,122.65328
2575.003528,122.65328
2575.384615,123.338688
2575.511644,123.338688
2575.638673,123.338688
2575.765701,123.338688
2575.89273,123.338688
2576.019759,123.338688
2576.146788,123.338688
2576.273817,123.338688
2576.400846,123.338688
2576.5278749999998,123.338688
2577.925193,121.625167
2578.052222,121.625167
2578.179251,121.625167
2578.30628,121.625167
2578.433309,121.625167
2578.560338,121.625167
2578.687367,121.625167
2578.8143959999998,121.625167
2578.941425,121.625167
2579.068454,121.625167
2579.195483,121.453815
2579.322512,121.410977
2579.449541,121.368139
2579.576569,121.368139
2579.703598,121.368139
2579.830627,121.368139
2579.957656,121.625167
2580.084685,121.625167
2580.211714,121.625167
2580.338743,121.625167
2580.465772,121.625167
2580.592801,121.625167
2580.71983,121.625167
2580.846859,121.625167
2581.736061,122.910308
2581.86309,122.910308
2581.990119,122.910308
2582.117148,122.910308
2582.244177,122.910308
2582.371206,122.910308
2582.498235,122.910308
2582.625264,122.910308
2582.752293,122.910308
2582.879322,122.910308
2583.006351,122.738956
2583.13338,122.738956
2583.260409,122.053548
2583.387438,122.053548
2583.514466,122.053548
2583.641495,122.053548
2583.768524,122.053548
2583.895553,122.053548
2584.022582,122.053548
2584.149611,122.053548
2585.038814,118.54083
2585.1658429999998,118.54083
2585.292872,118.54083
2585.4199,118.54083
2585.546929,118.54083
2585.673958,118.54083
2585.800987,118.54083
2585.928016,118.497992
2586.055045,118.369478
2586.182074,118.369478
2586.309103,118.369478
2586.436132,118.369478
2586.563161,118.369478
2586.69019,118.369478
2586.817219,118.369478
2586.944248,118.369478
2587.071277,118.369478
2587.198306,118.369478
2587.325334,118.797858
2587.452363,118.797858
2587.579392,118.797858
2587.706421,118.797858
2587.83345,118.797858
2587.960479,118.797858
2588.087508,118.797858
2588.214537,118.797858
2588.341566,118.797858
2588.468595,118.75502
2588.595624,118.11245
2588.722653,118.11245
2588.849682,118.11245
2588.976711,118.11245
2589.10374,118.11245
2589.230768,118.11245
2589.357797,118.11245
2589.484826,118.11245
2589.611855,118.11245
2589.738884,118.11245
2591.39026,121.539491
2591.517289,121.539491
2591.644318,121.539491
2591.771347,121.539491
2591.898376,121.539491
2592.025405,121.539491
2592.152434,122.910308
2592.279463,122.910308
2592.406492,122.910308
2592.533521,122.910308
2592.66055,122.910308
2592.787579,122.910308
2592.914608,122.910308
2593.041637,122.910308
2593.422723,121.625167
2593.549752,121.625167
2593.676781,121.625167
2593.80381,121.625167
2593.930839,121.625167
2594.057868,121.625167
2594.184897,121.625167
2594.311926,121.625167
2594.947071,121.111111
2595.074099,121.111111
2595.201128,121.111111
2595.328157,121.111111
2595.455186,121.111111
2595.582215,121.111111
2595.709244,121.111111
2595.836273,121.111111
2595.963302,119.097724
2596.090331,119.097724
2596.21736,119.097724
2596.344389,119.097724
2596.471418,119.097724
2596.598447,119.097724
2596.725476,119.097724
2596.852505,119.097724
2596.979533,119.097724
2597.106562,119.097724
2597.233591,119.097724
2597.36062,119.097724
2599.011996,117.855422
2599.139025,117.855422
2599.266054,118.54083
2599.393083,118.54083
2599.520112,118.54083
2599.647141,118.54083
2599.77417,118.54083
2599.901199,118.54083
2600.028228,118.54083
2600.155257,118.54083
2600.282286,118.54083
2600.409315,118.54083
2600.536344,118.54083
2600.663373,118.54083
2601.679604,77.45917
2601.806633,77.45917
2601.933662,77.45917
2602.060691,77.45917
2602.18772,77.45917
2602.314749,119.097724
2602.441778,119.097724
2602.568807,119.097724
2602.695836,119.097724
2602.822864,119.097724
2602.949893,119.097724
2603.076922,119.097724
2603.203951,119.097724
2603.458009,114.299866
2603.585038,114.299866
2603.712067,114.299866
2603.839096,114.299866
2603.966125,114.299866
2604.093154,119.097724
2604.220183,119.097724
2604.347212,119.097724
2604.474241,119.097724
2604.60127,119.097724
2604.728298,119.097724
2604.855327,119.097724
2604.982356,119.097724
2605.109385,119.097724
2605.236414,119.097724
2605.363443,119.097724
2605.490472,119.097724
2605.617501,119.097724
2605.74453,119.097724
2605.871559,119.097724
2605.998588,119.097724
2606.125617,119.097724
2606.252646,119.097724
2606.633732,121.967871
2606.760761,121.967871
2606.8877899999998,121.967871
2607.014819,121.967871
2607.141848,121.967871
2607.268877,121.967871
2607.395906,121.967871
2607.522935,121.967871
2607.649964,121.967871
2607.776993,121.967871
2608.920253,121.111111
2609.047282,121.111111
2609.1743109999998,121.111111
2609.30134,121.111111
2609.428369,121.368139
2609.555398,121.368139
2609.682427,121.368139
2609.809456,121.368139
2609.936485,121.368139
2610.063514,121.368139
2610.190543,121.368139
2610.317572,121.368139
2610.698658,122.053548
2610.825687,122.053548
2610.952716,122.139224
2611.079745,122.139224
2611.206774,122.139224
2611.333803,122.139224
2611.460832,122.139224
2611.587861,122.139224
2611.71489,122.139224
2611.841919,122.139224
2614.890613,129.078983
2615.017642,129.078983
2615.144671,129.336011
2615.2717,129.336011
2615.398729,129.336011
2615.5257579999998,129.336011
2615.652787,129.336011
2615.779816,129.336011
2615.906845,129.336011
2616.033874,129.336011
2616.160903,127.108434
2619.717713,77.544846
2619.844742,116.912985
2619.971771,116.912985
2620.0988,116.912985
2620.225828,116.912985
2620.352857,116.912985
2620.479886,116.912985
2620.606915,116.912985
2620.733944,116.912985
2620.860973,77.544846
2621.24206,77.544846
2621.369089,77.544846
2621.496118,77.544846
2621.623147,77.544846
2621.750176,77.544846
2621.877205,121.539491
2622.004234,121.539491
2622.131262,121.710843
2622.258291,121.710843
2622.38532,121.796519
2622.512349,121.796519
2622.639378,121.967871
2622.766407,121.967871
2622.893436,121.967871
2623.020465,121.967871
2623.147494,121.967871
2623.274523,121.967871
2623.401552,121.967871
2623.528581,121.967871
2623.65561,121.882195
2623.782639,121.882195
2623.909668,119.097724
2624.036697,119.097724
2624.163725,119.097724
2624.290754,119.097724
2624.417783,123.253012
2624.544812,123.253012
2624.671841,123.253012
2624.79887,123.253012
2624.925899,123.253012
2625.052928,123.253012
2625.179957,123.253012
2625.306986,123.253012
2625.434015,128.136546
2625.561044,128.393574
2625.688073,128.393574
2625.815102,128.393574
2625.942131,128.393574
2626.069159,128.393574
2626.196188,128.393574
2626.323217,128.393574
2626.450246,128.393574
2627.21242,128.093708
2627.339449,129.164659
2627.466478,129.164659
2627.593507,129.164659
2627.720536,129.164659
2627.847565,129.164659
2627.974593,129.164659
2628.101622,129.164659
2628.228651,129.164659
2628.35568,127.19411
2628.482709,127.19411
2628.609738,127.19411
2628.736767,124.366801
2628.863796,124.366801
2628.990825,123.253012
2629.117854,123.253012
2629.244883,123.253012
2629.371912,123.253012
2629.498941,122.481928
2629.62597,122.481928
2629.752999,122.481928
2629.880027,122.481928
2630.007056,121.539491
2630.134085,121.539491
2630.261114,121.625167
2630.388143,121.625167
2630.515172,121.625167
2630.642201,121.625167
2630.76923,126.251673
2630.896259,126.251673
2631.023288,126.251673
2631.150317,126.251673
2631.277346,126.251673
2631.404375,126.251673
2631.531404,126.251673
2631.658433,126.251673
2631.785461,126.251673
2631.91249,126.251673
2632.039519,123.767068
2632.166548,123.767068
2632.293577,123.93842
2632.420606,123.93842
2632.547635,123.93842
2632.674664,123.93842
2632.801693,123.93842
2632.928722,123.93842
2633.055751,123.93842
2633.18278,123.93842
2633.309809,127.879518
2633.436838,128.222222
2633.563867,128.26506
2633.690896,128.26506
2633.817924,128.26506
2633.944953,128.26506
2634.071982,128.26506
2634.199011,128.26506
2634.32604,128.26506
2634.453069,129.464525
2634.580098,129.464525
2634.707127,129.464525
2634.834156,129.464525
2634.961185,129.464525
2635.088214,129.464525
2635.215243,129.464525
2635.342272,129.464525
2635.469301,129.464525
2635.59633,129.464525
2635.723358,129.464525
2635.850387,129.464525
2635.977416,129.464525
2636.104445,129.464525
2636.231474,128.736278
2636.358503,128.736278
2636.485532,121.967871
2636.612561,121.967871
2636.73959,121.967871
2636.866619,121.882195
2636.993648,121.882195
2637.120677,124.109772
2637.247706,124.109772
2637.374735,124.109772
2637.501764,124.109772
2637.628792,124.109772
2637.755821,124.109772
2637.88285,124.109772
2638.009879,124.109772
2640.042342,121.268058
2640.169371,121.268058
2640.2964,121.268058
2640.4234290000004,121.268058
2640.550458,121.268058
2640.6774870000004,121.268058
2640.804516,121.268058
2640.931544,121.268058
2641.0585730000003,121.952916
2641.185602,121.952916
2641.3126310000002,121.952916
2641.43966,121.952916
2641.566689,122.637774
2641.693718,122.637774
2641.820747,122.637774
2641.947776,122.637774
2642.074805,123.065811
2642.201834,123.065811
2642.328863,123.151418
2642.4558920000004,123.151418
2642.582921,123.151418
2642.7099500000004,123.151418
2642.836979,123.237025
2642.964007,123.237025
2643.0910360000003,124.050294
2643.218065,124.050294
2643.3450940000002,124.050294
2643.472123,124.050294
2643.5991520000002,124.050294
2643.726181,124.050294
2643.85321,124.050294
2643.980239,124.050294
2644.107268,124.050294
2644.234297,124.050294
2644.361326,122.594971
2644.488355,122.594971
2644.615384,122.509363
2644.7424130000004,122.509363
2644.8694410000003,121.482076
2644.99647,121.482076
2645.1234990000003,121.482076
2645.250528,121.482076
2645.3775570000003,121.482076
2645.504586,121.482076
2645.6316150000002,121.482076
2645.758644,121.482076
2645.885673,122.9374
2646.012702,122.9374
2646.139731,123.40824
2646.26676,123.451043
2646.393789,123.451043
2646.520818,123.451043
2646.647847,123.451043
2646.774875,123.451043
2646.9019040000003,123.451043
2647.028933,123.451043
2647.1559620000003,122.9374
2647.282991,122.9374
2647.6640780000002,123.87908
2647.791107,123.87908
2647.9181360000002,123.87908
2648.045165,123.87908
2648.172194,123.87908
2648.299223,123.87908
2648.426252,123.87908
2648.553281,123.87908
2648.9343670000003,126.147673
2649.061396,126.190476
2649.1884250000003,126.190476
2649.315454,126.190476
2649.4424830000003,126.190476
2649.569512,126.190476
2649.6965410000003,126.190476
2649.82357,126.190476
2649.9505990000002,126.190476
2650.077628,126.190476
2650.204657,126.789727
2650.331686,126.789727
2650.458715,126.875334
2650.585744,126.875334
2650.7127720000003,126.875334
2650.839801,126.875334
2650.9668300000003,126.875334
2651.093859,126.875334
2651.2208880000003,126.875334
2651.347917,126.875334
2651.4749460000003,126.875334
2651.601975,126.875334
2651.7290040000003,126.875334
2651.856033,126.875334
2652.491178,122.509363
2652.618206,122.509363
2652.7452350000003,122.509363
2652.872264,122.509363
2652.9992930000003,122.509363
2653.126322,122.509363
2653.2533510000003,122.509363
2653.38038,122.509363
2653.5074090000003,122.509363
2653.634438,122.509363
2654.0155250000003,122.338149
2654.142554,122.338149
2654.2695830000002,122.338149
2654.396612,122.338149
2654.5236400000003,122.338149
2654.650669,122.338149
2654.7776980000003,123.707865
2654.904727,123.707865
2655.0317560000003,123.707865
2655.158785,123.707865
2655.2858140000003,123.707865
2655.412843,123.707865
2655.5398720000003,123.707865
2655.666901,123.707865
2658.5885660000004,126.875334
2658.715595,126.875334
2658.8426240000003,126.960942
2658.969653,126.960942
2659.0966820000003,126.960942
2659.223711,126.960942
2659.3507400000003,126.960942
2659.477769,126.960942
2659.6047980000003,126.960942
2659.731827,126.960942
2659.8588560000003,126.960942
2659.985885,126.960942
2660.1129140000003,126.618513
2660.239943,126.618513
2660.3669710000004,126.019262
2660.494,126.019262
2660.6210290000004,125.933654
2660.748058,125.933654
2660.8750870000003,126.789727
2661.002116,126.789727
2661.1291450000003,126.875334
2661.256174,126.875334
2661.3832030000003,127.474585
2661.510232,127.474585
2661.6372610000003,127.474585
2661.76429,127.474585
2661.8913190000003,127.474585
2662.018348,127.474585
2662.1453770000003,127.474585
2662.272405,127.474585
2662.3994340000004,127.474585
2662.526463,127.474585
2662.6534920000004,127.474585
2662.780521,127.474585
2662.9075500000004,127.474585
2663.034579,127.474585
2663.1616080000003,127.474585
2663.288637,127.474585
2663.4156660000003,127.474585
2663.542695,127.474585
2663.6697240000003,128.501873
2663.796753,128.501873
2663.9237820000003,128.501873
2664.050811,128.501873
2664.1778390000004,128.501873
2664.304868,128.501873
2664.4318970000004,128.501873
2664.558926,128.501873
2664.6859550000004,128.330658
2664.812984,128.330658
2664.9400130000004,128.245051
2665.067042,128.245051
2665.1940710000003,128.073836
2665.3211,128.073836
2665.7021870000003,127.988229
2665.829216,127.988229
2665.9562450000003,127.988229
2666.083273,127.988229
2666.2103020000004,127.988229
2666.337331,127.988229
2666.4643600000004,127.988229
2666.591389,127.988229
2666.7184180000004,127.988229
2666.845447,127.988229
2666.9724760000004,127.988229
2667.099505,127.988229
2667.2265340000004,127.388978
2667.353563,127.388978
2667.4805920000003,127.217764
2667.607621,127.217764
2667.7346500000003,127.217764
2667.861679,127.217764
2667.9887080000003,126.70412
2668.115736,126.70412
2668.242765,126.70412
2668.369794,126.70412
2668.4968230000004,126.104869
2668.623852,126.104869
2668.7508810000004,126.104869
2668.87791,126.104869
2669.0049390000004,126.104869
2669.131968,126.104869
2670.02117,126.789727
2670.148199,126.789727
2670.275228,126.789727
2670.402257,126.789727
2670.529286,126.789727
2670.656315,126.789727
2670.7833440000004,126.789727
2670.910373,126.789727
2671.0374020000004,126.789727
2671.164431,126.789727
2671.2914600000004,126.789727
2671.418489,126.789727
2671.5455180000004,126.789727
2671.672547,126.789727
2671.7995760000003,126.789727
2671.926604,126.789727
2672.053633,126.789727
2672.180662,126.789727
2672.307691,126.960942
2672.43472,126.960942
2672.561749,126.960942
2672.688778,126.960942
2672.8158070000004,126.960942
2672.942836,126.960942
2673.0698650000004,126.960942
2673.196894,126.960942
2673.3239230000004,126.960942
2673.450952,126.960942
2673.5779810000004,126.447298
2673.70501,126.447298
2673.832038,126.447298
2673.9590670000002,126.447298
2674.086096,126.447298
2674.213125,126.447298
2674.340154,126.447298
2674.467183,126.447298
2675.3563860000004,126.190476
2675.483415,126.190476
2675.6104440000004,126.190476
2675.737473,126.190476
2675.864501,126.190476
2675.9915300000002,126.190476
2676.118559,126.190476
2676.245588,126.190476
2676.626675,126.70412
2676.753704,126.70412
2676.880733,126.70412
2677.007762,126.70412
2677.1347910000004,126.70412
2677.26182,126.70412
2677.3888490000004,126.70412
2677.515878,126.70412
2677.6429070000004,126.70412
2677.7699350000003,126.70412
2677.896964,126.618513
2678.0239930000002,126.618513
2679.675369,124.050294
2679.8023980000003,124.050294
2679.929427,124.050294
2680.0564560000003,124.050294
2680.183485,124.050294
2680.3105140000002,124.050294
2680.437543,124.050294
2680.564572,124.050294
2680.691601,124.050294
2680.81863,124.050294
2681.96189,123.451043
2682.0889190000003,123.451043
2682.215948,123.451043
2682.3429770000002,123.451043
2682.470006,123.451043
2682.5970350000002,123.451043
2682.724064,124.050294
2682.851093,124.050294
2682.978122,124.050294
2683.105151,124.050294
2683.23218,124.050294
2683.359209,124.050294
2683.4862380000004,124.050294
2683.6132660000003,124.050294
2685.5187,126.404494
2685.6457290000003,126.404494
2685.772758,126.404494
2685.8997870000003,126.404494
2686.026816,126.404494
2686.1538450000003,126.404494
2686.280874,126.404494
2686.4079030000003,126.404494
2686.534932,126.404494
2686.6619610000002,126.404494
2686.78899,126.23328
2686.9160190000002,126.23328
2687.043048,126.23328
2687.170077,126.23328
2687.297106,126.23328
2687.4241340000003,126.23328
2687.551163,126.23328
2687.6781920000003,126.23328
2687.805221,126.746923
2687.9322500000003,126.746923
2688.059279,126.746923
2688.1863080000003,126.746923
2688.313337,126.746923
2688.4403660000003,126.746923
2688.567395,126.746923
2688.6944240000003,126.746923
2688.821453,126.746923
2688.9484820000002,126.746923
2689.075511,126.746923
2689.20254,126.746923
2689.329568,126.746923
2689.4565970000003,126.746923
2689.837684,126.832531
2689.9647130000003,126.832531
2690.091742,127.003745
2690.2187710000003,127.003745
2690.3458,127.003745
2690.4728290000003,127.003745
2690.599858,127.003745
2690.7268870000003,127.003745
2690.853916,127.003745
2690.9809450000002,127.003745
2691.107974,126.918138
2691.2350030000002,126.918138
2701.270288,125.719636
2701.3973170000004,125.719636
2701.524346,125.719636
2701.6513750000004,125.719636
2701.778404,125.719636
2701.9054330000004,125.719636
2702.032462,125.719636
2702.1594910000003,125.719636
2702.28652,125.719636
2702.4135490000003,125.719636
2702.540578,125.719636
2702.6676070000003,125.719636
2702.794636,125.719636
2702.921664,125.719636
2703.048693,125.719636
2703.175722,125.719636
2704.827098,126.746923
2704.954127,126.746923
2705.081156,126.746923
2705.2081850000004,126.746923
2705.335214,126.746923
2705.4622430000004,126.746923
2705.589272,126.746923
2705.7163010000004,126.746923
2705.84333,126.746923
2705.9703590000004,126.746923
2706.097388,126.746923
2706.2244170000004,126.746923
2706.351446,126.062065
2706.4784750000003,126.062065
2706.605504,125.719636
2706.732532,125.719636
2708.892024,126.404494
2709.019053,126.404494
2709.146082,126.490102
2709.273111,126.490102
2709.40014,127.003745
2709.527169,127.003745
2709.654198,127.003745
2709.7812270000004,127.003745
2709.908256,127.003745
2710.0352850000004,127.003745
2710.162314,127.003745
2710.2893430000004,127.003745
2710.6704290000002,127.17496
2710.797458,127.17496
2710.924487,127.260567
2711.051516,127.260567
2711.178545,127.517389
2711.305574,127.517389
2711.432603,127.517389
2711.559632,127.517389
2711.686661,127.517389
2711.81369,127.517389
2711.940719,127.517389
2712.0677480000004,127.517389
2712.194777,127.517389
2712.3218060000004,127.517389
2712.448835,127.517389
2712.575863,127.517389
2712.7028920000002,127.517389
2712.829921,127.517389
2712.9569500000002,126.746923
2713.083979,126.746923
2713.211008,126.746923
2713.338037,126.746923
2713.465066,126.746923
2713.592095,126.746923
2713.719124,126.23328
2713.8461530000004,126.23328
2713.973182,126.23328
2714.1002110000004,126.23328
2714.22724,126.23328
2714.3542690000004,126.23328
2715.497529,126.23328
2715.624558,126.23328
2715.751587,126.23328
2715.878616,126.23328
2716.005645,126.23328
2716.1326740000004,126.23328
2716.259703,126.23328
2716.3867320000004,126.23328
2716.5137600000003,126.147673
2716.640789,126.147673
2716.7678180000003,125.976458
2716.894847,125.976458
2717.0218760000002,126.147673
2717.148905,126.147673
2717.2759340000002,126.147673
2717.402963,126.147673
2717.529992,126.147673
2717.657021,126.147673
2717.78405,126.147673
2717.911079,126.147673
2718.038108,128.202247
2718.165137,128.202247
2718.292166,128.202247
2718.419194,128.202247
2718.5462230000003,128.202247
2718.673252,128.202247
2718.8002810000003,128.202247
2718.92731,128.202247
2719.0543390000003,128.202247
2719.181368,128.202247
2719.816513,127.688604
2719.943542,127.688604
2720.070571,127.688604
2720.1976,127.688604
2720.3246280000003,127.688604
2720.451657,127.688604
2720.5786860000003,127.688604
2720.705715,127.688604
2721.0868020000003,126.746923
2721.213831,126.746923
2721.3408600000002,126.746923
2721.467889,126.746923
2721.5949180000002,126.746923
2721.721947,126.746923
2721.848976,126.746923
2721.976005,126.746923
2722.103034,125.976458
2722.230062,126.019262
2722.3570910000003,126.147673
2722.48412,126.190476
2722.6111490000003,126.23328
2722.738178,126.276083
2722.8652070000003,126.404494
2722.992236,126.404494
2723.1192650000003,126.447298
2723.246294,126.447298
2723.3733230000003,126.447298
2723.500352,126.447298
2723.6273810000002,126.447298
2723.75441,126.447298
2723.8814390000002,126.447298
2724.008468,126.447298
2724.135497,126.447298
2724.262525,126.447298
2724.3895540000003,126.447298
2724.516583,126.447298
2724.6436120000003,126.190476
2724.770641,126.190476
2725.6598440000002,126.960942
2725.786873,126.960942
2725.9139020000002,126.960942
2726.040931,126.960942
2726.1679590000003,126.960942
2726.294988,126.960942
2726.4220170000003,126.960942
2726.549046,126.960942
2726.6760750000003,126.019262
2726.803104,126.019262
2726.9301330000003,125.933654
2727.057162,125.933654
2727.4382490000003,122.252541
2727.565278,122.252541
2727.6923070000003,122.252541
2727.819336,122.252541
2727.9463650000002,122.252541
2728.073393,122.252541
2728.2004220000003,122.252541
2728.327451,122.252541
2728.4544800000003,122.252541
2728.581509,122.252541
2728.7085380000003,122.252541
2728.835567,122.252541
2728.9625960000003,122.166934
2729.089625,122.166934
2729.2166540000003,122.081327
2729.343683,122.081327
2729.4707120000003,121.910112
2729.597741,121.910112
2729.7247700000003,121.910112
2729.851799,121.910112
2729.9788270000004,121.910112
2730.105856,121.910112
2730.2328850000004,121.139647
2730.359914,121.139647
2730.4869430000003,121.139647
2730.613972,121.096843
2730.7410010000003,120.71161
2730.86803,120.71161
2730.9950590000003,120.71161
2731.122088,120.71161
2731.2491170000003,120.71161
2731.376146,120.71161
2731.5031750000003,120.71161
2731.630204,120.71161
2732.2653480000004,121.567683
2732.392377,121.567683
2732.5194060000003,121.567683
2732.646435,121.567683
2732.7734640000003,121.567683
2732.900493,121.567683
2733.0275220000003,121.567683
2733.154551,121.567683
2734.0437530000004,122.594971
2734.170782,122.594971
2734.2978110000004,122.594971
2734.42484,122.594971
2734.5518690000004,122.594971
2734.678898,122.594971
2734.8059270000003,122.594971
2734.932956,122.594971
2735.8221580000004,125.676833
2735.949187,125.676833
2736.0762160000004,125.676833
2736.203245,125.676833
2736.3302740000004,125.676833
2736.457303,125.676833
2736.5843320000004,125.676833
2736.711361,125.676833
2737.8546210000004,126.104869
2737.98165,126.104869
2738.1086790000004,126.104869
2738.235708,126.104869
2738.3627370000004,126.104869
2738.489766,126.104869
2738.6167950000004,126.104869
2738.743824,126.104869
2740.3952000000004,124.050294
2740.522229,124.050294
2740.6492580000004,124.050294
2740.776287,124.050294
2740.9033160000004,124.050294
2741.030345,124.050294
2741.1573740000003,124.050294
2741.284403,124.050294
2741.4114320000003,124.050294
2741.538461,124.050294
2741.665489,124.050294
2741.792518,124.050294
2744.4601260000004,126.104869
2744.587155,126.104869
2744.7141840000004,126.104869
2744.841213,126.104869
2744.9682420000004,126.104869
2745.095271,126.104869
2745.2223000000004,126.104869
2745.349329,126.104869
2752.081862,126.447298
2752.208891,126.447298
2752.33592,126.447298
2752.462949,126.447298
2752.589978,126.447298
2752.717007,126.447298
2752.8440360000004,126.447298
2752.971065,126.447298
2753.0980940000004,126.447298
2753.2251220000003,126.447298
2754.368383,126.447298
2754.495412,126.447298
2754.622441,126.447298
2754.74947,126.447298
2754.876499,126.447298
2755.003528,126.447298
2755.130556,126.447298
2755.2575850000003,126.447298
2755.384614,126.019262
2755.5116430000003,126.019262
2755.638672,126.019262
2755.7657010000003,126.019262
2755.89273,126.019262
2756.0197590000002,126.019262
2756.146788,126.875334
2756.2738170000002,126.875334
2756.400846,126.875334
2756.527875,126.875334
2756.654904,126.875334
2756.781933,126.875334
2756.908962,126.875334
2757.035991,126.875334
2757.163019,126.875334
2757.2900480000003,126.875334
2757.417077,126.875334
2757.5441060000003,126.875334
2757.671135,126.190476
2757.7981640000003,126.190476
2757.925193,126.190476
2758.0522220000003,126.190476
2758.179251,126.190476
2758.3062800000002,126.190476
2758.433309,126.190476
2758.5603380000002,126.190476
2758.687367,126.104869
2758.814396,126.104869
2759.0684530000003,124.050294
2759.195482,124.050294
2759.3225110000003,124.050294
2762.752293,123.622258
2762.8793210000003,123.665062
2763.00635,123.665062
2763.1333790000003,123.665062
2763.260408,123.665062
2763.3874370000003,123.665062
2763.514466,129.05832
2763.6414950000003,129.05832
2763.768524,129.186731
2763.8955530000003,129.186731
2764.022582,129.186731
2764.1496110000003,129.186731
2764.27664,129.186731
2764.4036690000003,129.186731
2764.530698,129.186731
2764.6577270000002,129.186731
2764.784755,127.859818
2764.9117840000004,127.859818
2765.038813,128.202247
2765.1658420000003,128.202247
2765.292871,128.202247
2765.4199000000003,128.202247
2765.546929,128.202247
2765.6739580000003,128.202247
2765.800987,128.202247
2765.9280160000003,128.202247
2766.055045,128.202247
2766.1820740000003,128.202247
2766.309103,128.202247
2766.4361320000003,128.159444
2766.563161,128.11664
2766.6901900000003,128.073836
2766.817218,127.003745
2766.9442470000004,127.003745
2767.071276,127.003745
2767.1983050000003,127.003745
2767.325334,127.17496
2767.4523630000003,127.17496
2767.579392,127.17496
2767.7064210000003,127.17496
2767.83345,127.17496
2767.9604790000003,127.17496
2768.087508,127.17496
2768.2145370000003,127.17496
2768.341566,127.17496
2768.4685950000003,127.17496
2768.595624,126.918138
2768.7226520000004,126.875334
2768.849681,126.23328
2768.9767100000004,126.23328
2769.103739,126.23328
2769.2307680000004,126.190476
2771.136202,126.062065
2771.2632310000004,126.062065
2771.39026,126.23328
2771.5172890000003,126.23328
2771.644318,126.23328
2771.7713470000003,126.23328
2771.898376,126.23328
2772.0254050000003,126.23328
2772.152434,126.23328
2772.2794630000003,126.23328
2772.406492,126.23328
2772.53352,126.23328
2772.660549,126.23328
2772.7875780000004,126.23328
2772.914607,127.688604
2773.0416360000004,127.688604
2773.168665,127.774211
2773.2956940000004,127.774211
2773.422723,127.859818
2773.5497520000004,127.859818
2773.676781,127.859818
2773.8038100000003,127.859818
2773.930839,127.859818
2774.0578680000003,127.859818
2774.184897,129.05832
2774.3119260000003,129.05832
2774.438955,129.05832
2774.5659830000004,129.05832
2774.693012,129.05832
2774.820041,129.05832
2774.94707,129.05832
2775.0740990000004,129.05832
2782.060691,126.575709
2782.1877200000004,126.575709
2782.3147480000002,126.575709
2782.441777,126.575709
2782.568806,126.575709
2782.695835,126.575709
2782.822864,127.17496
2782.949893,127.17496
2783.076922,127.17496
2783.2039510000004,127.17496
2783.33098,127.17496
2783.458009,127.17496
2783.585038,128.202247
2783.7120670000004,128.202247
2783.839096,128.373462
2783.9661250000004,128.373462
2784.093154,128.459069
2784.220182,128.459069
2784.3472110000002,128.459069
2784.47424,128.459069
2784.6012690000002,128.459069
2784.728298,128.459069
2784.855327,128.459069
2784.982356,128.459069
2785.363443,127.260567
2785.4904720000004,127.260567
2785.617501,127.260567
2785.7445300000004,127.260567
2785.871559,127.260567
2785.9985880000004,127.260567
2786.1256160000003,127.260567
2786.252645,127.260567
2786.3796740000003,127.17496
2786.506703,127.17496
2786.6337320000002,127.17496
2786.760761,127.17496
2786.88779,126.490102
2787.014819,126.490102
2788.4121370000003,126.832531
2788.539166,126.832531
2788.6661950000002,126.918138
2788.793224,126.918138
2788.9202530000002,126.918138
2789.047282,126.918138
2789.174311,126.918138
2789.30134,126.918138
2789.428369,126.918138
2789.5553980000004,126.918138
2789.682427,126.832531
2789.809456,126.832531
2793.112208,126.532905
2793.2392370000002,126.661316
2793.366266,126.661316
2793.493295,126.661316
2793.620324,126.661316
2793.747353,126.661316
2793.874381,126.661316
2794.0014100000003,126.661316
2794.128439,126.661316
2794.890613,126.104869
2795.0176420000003,126.147673
2795.144671,126.147673
2795.2717000000002,126.147673
2795.398729,126.147673
2795.525758,126.147673
2795.652787,126.147673
2795.7798150000003,126.147673
2795.906844,126.147673
2799.717712,125.719636
2799.8447410000003,125.719636
2799.97177,125.719636
2800.0987990000003,125.719636
2800.225828,125.719636
2800.3528570000003,125.719636
2800.479886,125.719636
2801.1150310000003,126.661316
2801.24206,126.70412
2801.3690890000003,126.70412
2801.496118,126.70412
2801.6231460000004,126.70412
2801.750175,126.70412
2801.8772040000003,126.70412
2802.004233,126.789727
2802.1312620000003,126.918138
2802.258291,126.960942
2802.3853200000003,127.003745
2802.512349,127.003745
2802.6393780000003,127.003745
2802.766407,127.003745
2802.8934360000003,127.003745
2803.020465,127.003745
2803.1474940000003,127.003745
2803.274523,127.003745
2803.4015520000003,126.789727
2803.52858,126.746923
2803.6556090000004,126.532905
2803.782638,126.404494
2803.9096670000004,126.404494
2804.036696,126.404494
2804.1637250000003,126.147673
2804.290754,126.147673
2804.4177830000003,126.104869
2804.544812,125.76244
2804.6718410000003,125.76244
2806.069159,118.057785
2806.1961880000003,118.057785
2806.323217,118.057785
2806.4502460000003,118.057785
2806.577275,118.057785
2806.7043040000003,118.057785
2806.831333,118.057785
2806.9583620000003,118.057785
2807.085391,116.431247
2807.2124200000003,116.431247
2807.339449,116.431247
2807.4664770000004,116.431247
2807.593506,116.431247
2807.7205350000004,116.431247
2808.609738,122.380952
2808.7367670000003,122.423756
2808.863796,122.423756
2808.9908250000003,122.423756
2809.117854,122.423756
2809.2448830000003,122.423756
2809.371911,122.423756
2809.4989400000004,122.423756
2809.625969,123.964687
2809.7529980000004,196.816479
2809.880027,208.929909
2810.0070560000004,208.929909
2810.134085,208.929909
2810.2611140000004,208.929909
2810.388143,208.929909
2810.5151720000003,208.929909
2810.642201,208.929909
2810.7692300000003,208.929909
2810.896259,80.34778
2811.2773450000004,125.676833
2811.404374,125.719636
2811.531403,125.76244
2811.658432,125.76244
2811.7854610000004,125.76244
2811.91249,125.76244
2812.0395190000004,125.76244
2812.166548,125.76244
2812.2935770000004,125.76244
2812.420606,125.676833
2812.5476350000004,125.676833
2812.674664,124.050294
2812.8016930000003,124.050294
2812.928722,124.050294
2813.0557510000003,124.050294
2813.182779,124.050294
2813.309808,124.050294
2813.690895,123.707865
2813.817924,123.707865
2813.944953,123.707865
2814.0719820000004,123.707865
2814.199011,123.964687
2814.3260400000004,123.964687
2814.453069,123.964687
2814.5800980000004,123.964687
2814.707127,123.964687
2814.8341560000003,123.964687
2814.961185,123.964687
2815.0882140000003,123.964687
2815.215242,123.108614
2815.342271,123.108614
2815.4693,123.108614
2815.596329,123.108614
2815.723358,123.622258
2815.8503870000004,123.622258
2815.977416,123.622258
2816.104445,123.622258
2816.231474,123.622258
2816.3585030000004,123.622258
2816.485532,123.622258
2816.6125610000004,123.622258
2816.73959,123.536651
2816.8666190000004,123.536651
2820.804516,124.050294
2820.931544,124.050294
2821.0585730000003,124.050294
2821.185602,124.050294
2821.3126310000002,124.050294
2821.43966,124.050294
2821.566689,124.050294
2821.693718,124.050294
2821.820747,124.050294
2821.947776,124.050294
2822.074805,124.050294
2822.2018340000004,124.050294
2822.328863,124.050294
2822.455892,124.050294
2822.582921,124.050294
2822.7099500000004,124.050294
2822.836979,124.050294
2822.964007,124.050294
2823.0910360000003,124.050294
2823.218065,124.050294
2825.1234990000003,123.194222
2825.250528,123.194222
2825.3775570000003,123.194222
2825.504586,123.194222
2825.6316150000002,123.194222
2825.758644,123.194222
2825.885673,123.194222
2826.012702,123.194222
2827.6640780000002,122.851792
2827.791107,122.851792
2827.9181360000002,122.851792
2828.045165,122.851792
2828.172194,122.851792
2828.299223,122.851792
2828.426252,122.851792
2828.553281,122.851792
2828.6803090000003,122.423756
2828.807338,122.423756
2828.9343670000003,122.423756
2829.061396,122.423756
2829.1884250000003,122.423756
2829.315454,122.423756
2829.4424830000003,122.423756
2829.569512,122.423756
2832.2371200000002,122.9374
2832.364149,122.9374
2832.491178,122.9374
2832.618206,122.9374
2832.7452350000003,122.9374
2832.872264,122.9374
2832.9992930000003,122.9374
2833.126322,122.9374
2833.2533510000003,122.9374
2833.38038,122.9374
2833.5074090000003,122.9374
2833.634438,122.9374
2833.7614670000003,122.9374
2833.888496,122.9374
2834.0155250000003,123.194222
2834.142554,123.194222
2834.2695830000002,123.194222
2834.396612,123.194222
2834.5236400000003,123.194222
2834.650669,123.194222
2834.7776980000003,123.194222
2834.904727,123.194222
2835.5398720000003,123.964687
2835.666901,123.964687
2835.7939300000003,123.964687
2835.920959,123.964687
2836.0479880000003,123.964687
2836.175017,123.964687
2836.3020460000002,124.050294
2836.429074,124.050294
2836.5561030000003,124.050294
2836.683132,124.050294
2836.8101610000003,124.050294
2836.93719,124.050294
2837.0642190000003,124.050294
2837.191248,124.050294
2837.3182770000003,124.050294
2837.445306,124.050294
2837.5723350000003,124.050294
2837.699364,124.050294
2837.8263930000003,124.050294
2837.953422,124.050294
2838.0804510000003,124.050294
2838.20748,124.050294
2838.3345080000004,124.050294
2838.461537,124.050294
2838.5885660000004,124.050294
2838.715595,124.050294
2838.8426240000003,124.050294
2838.969653,124.050294
2839.6047980000003,124.050294
2839.731827,124.050294
2839.8588560000003,124.050294
2839.985885,124.050294
2840.1129140000003,124.050294
2840.239943,124.050294
2840.3669710000004,124.050294
2840.494,124.050294
2840.6210290000004,124.050294
2840.748058,124.050294
2840.8750870000003,124.050294
2841.002116,124.050294
2841.3832030000003,124.050294
2841.510232,124.050294
2841.6372610000003,124.050294
2841.76429,124.050294
2841.8913190000003,124.050294
2842.018348,124.050294
2842.1453770000003,124.050294
2842.272405,124.050294
2842.3994340000004,124.050294
2842.526463,124.050294
2842.6534920000004,124.050294
2842.780521,124.050294
2842.9075500000004,124.050294
2843.034579,124.050294
2843.1616080000003,123.750669
2843.288637,123.750669
2843.4156660000003,123.665062
2843.542695,123.665062
2843.6697240000003,122.723381
2843.796753,122.723381
2843.9237820000003,122.723381
2844.050811,122.723381
2845.1940710000003,121.610487
2845.3211,121.610487
2845.4481290000003,121.610487
2845.575158,121.610487
2845.7021870000003,121.610487
2845.829216,121.610487
2845.9562450000003,122.380952
2846.083273,122.380952
2846.2103020000004,122.380952
2846.337331,122.380952
2846.46436,122.380952
2846.591389,122.380952
2846.7184180000004,122.380952
2846.845447,122.380952
2846.9724760000004,122.46656
2847.099505,122.46656
2847.2265340000004,122.723381
2847.353563,122.723381
2847.4805920000003,122.723381
2847.607621,122.723381
2847.7346500000003,122.723381
2847.861679,122.723381
2847.9887080000003,122.723381
2848.115736,122.723381
2848.242765,122.723381
2848.369794,122.723381
2848.4968230000004,122.46656
2848.623852,122.46656
2849.0049390000004,122.209738
2849.131968,122.209738
2849.2589970000004,122.209738
2849.386026,122.209738
2849.5130550000003,122.209738
2849.640084,122.209738
2849.7671130000003,122.209738
2849.894142,122.209738
2850.02117,122.209738
2850.148199,122.209738
2850.275228,122.209738
2850.402257,122.209738
2850.529286,121.439272
2850.656315,121.439272
2850.7833440000004,121.439272
2850.910373,121.439272
2851.0374020000004,121.439272
2851.164431,121.439272
2855.6104440000004,120.5832
2855.737473,120.5832
2855.864501,120.5832
2855.9915300000002,120.5832
2856.118559,120.5832
2856.245588,120.5832
2856.372617,120.5832
2856.499646,120.5832
2857.1347910000004,120.668807
2857.26182,120.668807
2857.3888490000004,120.668807
2857.515878,120.668807
2857.6429070000004,120.668807
2857.7699350000003,120.668807
2857.896964,120.668807
2858.0239930000002,120.668807
2858.151022,120.668807
2858.2780510000002,120.668807
2858.40508,120.668807
2858.532109,120.668807
2858.659138,120.497592
2858.786167,120.497592
2859.929427,120.668807
2860.0564560000003,120.668807
2860.183485,120.668807
2860.3105140000002,120.668807
2860.437543,120.668807
2860.564572,120.668807
2860.691601,120.668807
2860.81863,120.668807
2860.945659,120.668807
2861.072688,120.668807
2868.313337,131.540931
2868.4403660000003,131.540931
2868.567395,131.540931
2868.6944240000003,131.540931
2868.821453,131.540931
2868.9484820000002,131.540931
2869.075511,131.540931
2869.20254,131.540931
2869.329568,131.540931
2869.4565970000003,131.540931
2869.583626,131.540931
2869.7106550000003,131.540931
2869.837684,124.007491
2869.9647130000003,124.007491
2870.091742,124.007491
2870.2187710000003,124.007491
2870.3458,124.007491
2870.4728290000003,124.007491
2870.599858,122.295345
2870.7268870000003,122.295345
2870.853916,122.295345
2870.9809450000002,122.295345
2871.107974,121.096843
2871.2350030000002,121.096843
2871.362031,121.096843
2871.4890600000003,121.096843
2871.616089,121.096843
2871.7431180000003,121.096843
2871.870147,121.096843
2871.9971760000003,121.096843
2872.378263,121.610487
2872.5052920000003,121.610487
2872.632321,121.610487
2872.7593500000003,121.610487
2872.886379,121.610487
2873.0134080000003,121.610487
2873.140437,121.610487
2873.2674650000004,121.610487
2873.394494,121.781701
2873.5215230000003,121.781701
2873.648552,121.952916
2873.7755810000003,121.952916
2873.90261,121.952916
2874.0296390000003,121.952916
2874.156668,121.952916
2874.2836970000003,121.952916
2874.410726,121.952916
2874.5377550000003,121.952916
2874.664784,121.696094
2874.7918130000003,121.696094
2874.918842,121.696094
2875.0458710000003,121.696094
2875.172899,121.696094
2875.2999280000004,121.738898
2875.426957,122.124131
2875.5539860000004,122.124131
2875.681015,122.124131
2875.8080440000003,122.124131
2875.935073,122.124131
2876.0621020000003,122.124131
2876.189131,122.124131
2876.3161600000003,122.124131
2876.443189,121.610487
2876.5702180000003,121.610487
2876.697247,121.610487
2876.8242760000003,121.653291
2876.951305,121.696094
2877.0783330000004,121.738898
2877.205362,121.952916
2877.3323910000004,121.952916
2877.45942,121.952916
2877.5864490000004,121.952916
2877.713478,121.952916
2877.8405070000003,121.952916
2877.967536,121.952916
2878.0945650000003,121.952916
2878.221594,121.952916
2878.3486230000003,121.952916
2878.475652,121.952916
2878.6026810000003,121.99572
2878.72971,122.552167
2878.8567390000003,122.594971
2878.983767,122.637774
2879.1107960000004,122.637774
2879.237825,122.637774
2879.3648540000004,122.637774
2879.491883,122.637774
2879.6189120000004,122.637774
2879.745941,122.637774
2879.8729700000004,122.637774
2879.999999,122.637774
2880.1270280000003,122.680578
2880.254057,122.723381
2880.3810860000003,122.766185
2880.508115,122.894596
2880.6351440000003,122.894596
2880.762173,122.894596
2880.8892020000003,122.894596
2881.01623,122.894596
2881.1432590000004,122.894596
2881.270288,122.894596
2881.3973170000004,122.894596
2881.524346,122.723381
2881.6513750000004,122.723381
2881.778404,122.380952
2881.9054330000004,122.380952
2882.032462,122.380952
2882.1594910000003,122.380952
2882.28652,122.380952
2882.4135490000003,122.423756
2882.540578,122.423756
2882.6676070000003,122.423756
2882.794636,122.9374
2882.9216640000004,122.9374
2883.048693,122.9374
2883.175722,122.9374
2883.302751,122.9374
2883.4297800000004,122.9374
2883.556809,123.707865
2883.6838380000004,123.707865
2883.810867,123.707865
2883.9378960000004,123.707865
2884.064925,123.707865
2884.1919540000004,123.707865
2884.318983,123.707865
2884.4460120000003,123.665062
2884.573041,123.622258
2884.7000700000003,123.622258
2884.827098,123.622258
2884.954127,123.622258
2885.081156,123.622258
2885.2081850000004,123.622258
2885.335214,123.87908
2885.462243,123.87908
2885.589272,123.964687
2885.7163010000004,123.964687
2885.84333,123.964687
2885.9703590000004,123.964687
2886.097388,123.964687
2886.2244170000004,123.964687
2886.351446,123.964687
2886.4784750000003,123.964687
2886.605504,123.964687
2886.732532,123.964687
2886.859561,123.964687
2886.98659,123.964687
2887.113619,123.964687
2887.240648,123.921883
2887.367677,123.87908
2887.4947060000004,123.87908
2887.621735,123.87908
2887.7487640000004,123.87908
2887.875793,123.87908
2888.0028220000004,123.87908
2890.416372,123.365436
2890.5434010000004,123.365436
2890.6704290000002,123.365436
2890.797458,123.365436
2890.924487,123.365436
2891.051516,123.365436
2891.178545,123.365436
2891.305574,123.322632
2891.432603,122.594971
2891.5596320000004,122.594971
2891.686661,122.594971
2891.81369,122.594971
2891.940719,122.594971
2892.0677480000004,122.594971
2892.194777,122.509363
2892.3218060000004,122.46656
2892.7028920000002,124.050294
2892.829921,124.050294
2892.9569500000002,124.050294
2893.083979,124.050294
2893.211008,124.050294
2893.338037,124.050294
2893.465066,124.050294
2893.592095,124.050294
2893.719124,124.050294
2893.8461530000004,124.050294
2893.973182,124.050294
2894.100211,124.050294
2894.22724,124.050294
2894.3542690000004,124.050294
2895.497529,124.050294
2895.6245580000004,124.050294
2895.751587,124.050294
2895.878616,124.050294
2896.005645,124.050294
2896.1326740000004,124.050294
2896.259703,124.050294
2896.386732,124.050294
2896.5137600000003,124.050294
2896.640789,124.050294
2896.7678180000003,124.050294
2896.894847,124.050294
2897.0218760000002,124.050294
2897.148905,124.050294
2897.2759340000002,124.050294
2897.402963,124.050294
2897.9110790000004,124.050294
2898.038108,124.050294
2898.165137,124.050294
2898.292166,124.050294
2898.419194,124.050294
2898.5462230000003,124.050294
2898.673252,124.050294
2898.8002810000003,124.050294
2898.92731,124.050294
2899.0543390000003,123.793472
2899.181368,123.793472
2899.3083970000002,123.451043
2899.435426,123.451043
2899.562455,123.451043
2899.689484,123.451043
2900.070571,123.622258
2900.1976000000004,123.622258
2900.3246280000003,123.707865
2900.451657,123.707865
2900.5786860000003,123.707865
2900.705715,123.707865
2900.8327440000003,123.707865
2900.959773,123.707865
2901.0868020000003,123.707865
2901.213831,123.707865
2901.3408600000002,123.707865
2901.467889,123.707865
2901.5949180000002,123.365436
2901.721947,123.365436
2901.848976,123.365436
2901.976005,123.365436
2902.103034,124.050294
2902.230062,124.050294
2902.3570910000003,124.050294
2902.48412,124.050294
2902.6111490000003,124.050294
2902.738178,124.050294
2902.8652070000003,124.050294
2902.992236,124.050294
2903.1192650000003,124.050294
2903.246294,124.050294
2903.3733230000003,124.050294
2903.500352,124.050294
2903.6273810000002,124.050294
2903.75441,124.050294
2903.8814390000002,124.050294
2904.008468,124.050294
2904.135497,124.050294
2904.262525,124.050294
2904.262525,122.423756
2904.3895540000003,122.423756
2904.516583,122.423756
2904.6436120000003,122.423756
2904.770641,122.423756
2904.8976700000003,122.252541
2905.024699,122.252541
2905.1517280000003,121.482076
2905.278756,121.482076
2905.405785,121.482076
2905.532814,121.482076
2905.659843,121.482076
2905.786872,121.482076
2905.913901,122.594971
2906.04093,122.594971
2906.167959,122.680578
2906.294988,122.680578
2906.422017,122.680578
2906.549046,122.680578
2906.6760750000003,122.680578
2906.803104,122.680578
2906.9301330000003,122.680578
2907.057162,122.680578
2907.18419,124.093098
2907.311219,124.093098
2907.438248,124.093098
2907.565277,124.093098
2907.692306,124.093098
2907.819335,124.093098
2907.946364,124.093098
2908.073393,124.093098
2908.200422,124.093098
2908.327451,124.093098
2908.45448,124.093098
2908.581509,124.093098
2908.7085380000003,123.750669
2908.835567,123.194222
2908.9625960000003,123.194222
2909.089625,123.194222
2909.216653,123.194222
2909.343682,123.194222
2909.470711,122.9374
2909.59774,122.9374
2909.724769,122.9374
2909.851798,122.9374
2910.232885,122.081327
2910.359914,122.081327
2910.486943,122.081327
2910.613972,122.081327
2910.741001,122.081327
2910.86803,122.081327
2910.9950590000003,122.081327
2911.122087,122.081327
2911.249116,120.882825
2911.376145,120.882825
2911.503174,120.882825
2911.630203,120.882825
2911.757232,120.882825
2911.884261,120.882825
2912.01129,120.882825
2912.138319,120.882825
2912.265348,120.882825
2912.392377,120.882825
2912.519406,120.882825
2912.646435,120.882825
2912.773464,120.882825
2912.900493,120.882825
2914.551869,121.567683
2914.678898,121.567683
2914.805927,121.567683
2914.932955,121.567683
2915.059984,121.567683
2915.187013,121.567683
2915.314042,121.567683
2915.441071,121.567683
2915.5681,121.139647
2915.695129,121.139647
2915.822158,121.139647
2915.949187,121.139647
2916.330274,121.05404
2916.457303,121.05404
2916.584332,121.05404
2916.711361,121.05404
2916.83839,121.05404
2916.965418,121.05404
2917.092447,121.05404
2917.219476,121.05404
2917.600563,121.139647
2917.727592,121.139647
2917.854621,121.139647
2917.98165,121.139647
2918.108679,121.653291
2918.235708,121.653291
2918.362737,121.910112
2918.489766,121.910112
2918.616795,121.910112
2918.743824,121.910112
2918.870852,121.910112
2918.9978810000002,121.910112
2919.12491,121.910112
2919.251939,121.910112
2919.378968,131.968967
2919.505997,131.968967
2919.633026,131.968967
2919.760055,131.968967
2919.887084,131.968967
2920.014113,131.968967
2920.141142,131.968967
2920.268171,128.459069
2920.3952,128.459069
2920.522229,128.459069
2920.649258,128.459069
2920.7762860000003,128.459069
2920.903315,128.416265
2921.0303440000002,125.848047
2921.157373,122.851792
2921.2844020000002,122.851792
2921.411431,122.46656
2921.53846,122.423756
2921.665489,121.952916
2921.792518,121.910112
2921.919547,121.910112
2922.046576,121.910112
2922.173605,121.910112
2922.300634,121.910112
2922.427663,121.910112
2922.554692,121.910112
2922.68172,121.910112
2922.8087490000003,121.910112
2922.935778,121.910112
2923.0628070000002,121.910112
2923.189836,121.910112
2923.3168650000002,121.910112
2923.443894,121.99572
2923.570923,121.99572
2923.697952,122.338149
2923.824981,122.338149
2923.95201,122.380952
2924.079039,122.380952
2924.206068,122.380952
2924.333097,122.380952
2924.460126,122.380952
2924.5871540000003,122.380952
2924.714183,122.380952
2924.8412120000003,122.338149
2924.968241,122.380952
2925.0952700000003,122.380952
2925.222299,122.380952
2925.3493280000002,122.380952
2925.476357,124.093098
2925.6033860000002,132.568218
2925.730415,132.568218
2925.857444,132.568218
2925.984473,132.568218
2926.111502,132.568218
2926.238531,132.568218
2926.36556,132.568218
2926.492589,132.568218
2927.000704,130.94168
2927.1277330000003,131.968967
2927.254762,131.968967
2927.3817910000002,131.968967
2927.50882,131.968967
2927.6358490000002,131.968967
2927.762878,131.968967
2927.889907,131.968967
2928.016936,131.968967
2928.143965,132.225789
2928.270994,132.225789
2928.398023,132.225789
2928.525051,132.225789
2928.6520800000003,132.225789
2928.779109,132.225789
2928.9061380000003,132.225789
2929.033167,132.225789
2929.1601960000003,126.276083
2929.287225,126.276083
2929.4142540000003,126.276083
2929.541283,126.276083
2929.6683120000002,118.999465
2929.795341,118.999465
2929.9223700000002,118.999465
2930.049399,118.999465
2930.176428,118.999465
2945.165842,126.918138
2945.292871,126.918138
2945.4199,126.918138
2945.546929,126.918138
2945.6739580000003,126.918138
2945.800987,126.918138
2945.928015,126.918138
2946.055044,126.875334
2946.182073,132.739433
2946.309102,132.739433
2946.436131,134.109149
2946.56316,134.109149
2946.690189,134.109149
2946.817218,134.109149
2946.944247,143.183521
2947.071276,144.382022
2947.198305,144.382022
2947.325334,144.382022
2947.452363,144.382022
2947.579392,144.382022
2947.7064210000003,144.382022
2947.833449,144.382022
2947.960478,144.382022
2953.930838,118.614232
2954.057867,118.614232
2954.184896,118.614232
2954.311925,118.614232
2954.438954,118.614232
2954.565983,118.614232
2954.693012,118.614232
2954.820041,118.614232
2954.94707,118.742643
2955.074099,118.785447
2955.201128,118.785447
2955.328157,118.785447
2955.455186,118.785447
2955.582214,118.785447
2955.7092430000002,118.999465
2955.836272,118.999465
2955.9633010000002,118.999465
2956.09033,118.999465
2956.217359,118.999465
2956.344388,118.999465
2956.471417,118.999465
2956.598446,118.999465
2956.725475,118.999465
2956.852504,118.999465
2956.979533,118.999465
2957.106562,118.999465
2957.233591,118.614232
2957.36062,118.614232
2957.487649,118.614232
2957.614677,118.614232
2957.7417060000002,117.586945
2957.868735,117.586945
2957.9957640000002,117.586945
2958.122793,117.586945
2958.249822,117.073301
2958.376851,117.073301
2958.50388,117.073301
2958.630909,117.073301
2958.757938,117.073301
2958.884967,117.073301
2959.011996,116.559658
2959.139025,116.559658
2959.266054,116.559658
2959.393083,116.559658
2959.5201110000003,116.559658
2959.64714,116.559658
2959.7741690000003,116.559658
2959.901198,116.559658
2960.0282270000002,116.559658
2960.155256,116.559658
2960.2822850000002,116.559658
2960.409314,116.559658
2960.536343,116.559658
2960.663372,116.559658
2960.790401,116.559658
2960.91743,116.559658
2961.044459,116.559658
2961.171488,116.559658
2961.298517,116.388443
2961.425545,116.388443
2961.5525740000003,116.302836
2961.679603,116.302836
2961.8066320000003,116.131621
2961.933661,116.131621
2962.0606900000002,116.131621
2962.187719,116.131621
2963.3309790000003,116.902087
2963.458008,116.902087
2963.5850370000003,116.902087
2963.712066,116.902087
2963.8390950000003,116.902087
2963.966124,116.902087
2964.0931530000003,116.902087
2964.220182,116.902087
2964.3472110000002,116.816479
2964.47424,116.816479
2965.8715580000003,116.131621
2965.998587,116.131621
2966.1256160000003,116.131621
2966.252645,116.131621
2966.3796740000003,117.073301
2966.506703,117.073301
2966.6337320000002,117.073301
2966.760761,117.073301
2966.88779,117.073301
2967.014819,117.073301
2967.141848,117.073301
2967.268876,117.073301
2967.3959050000003,117.073301
2967.522934,117.073301
2967.6499630000003,117.073301
2967.776992,117.073301
2967.9040210000003,117.073301
2968.03105,117.073301
2968.1580790000003,115.874799
2968.285108,115.874799
2969.428368,123.87908
2969.555397,123.921883
2969.6824260000003,123.921883
2969.809455,123.921883
2969.9364840000003,123.921883
2970.063513,123.921883
2970.1905420000003,123.921883
2970.317571,123.921883
2970.4446000000003,123.921883
2970.571629,123.921883
2970.6986580000003,123.836276
2970.825687,123.836276
2970.9527160000002,113.563403
2971.079744,113.563403
2971.206773,113.563403
2971.333802,113.563403
2971.4608310000003,113.563403
2971.58786,113.563403
2971.7148890000003,113.392188
2971.841918,113.392188
2971.9689470000003,112.792937
2972.095976,112.792937
2972.2230050000003,112.792937
2972.350034,112.792937
2972.4770630000003,113.049759
2972.604092,113.049759
2972.7311210000003,113.049759
2972.85815,113.049759
2972.985178,113.049759
2973.112207,113.049759
2973.239236,113.049759
2973.366265,113.049759
2975.017641,113.135367
2975.14467,113.135367
2975.271699,113.135367
2975.398728,113.135367
2975.525757,113.135367
2975.652786,113.135367
2975.779815,113.135367
2975.906844,113.135367
2976.0338730000003,113.049759
2976.160902,113.049759
2976.2879310000003,112.878545
2976.41496,112.878545
2976.5419890000003,112.792937
2976.669018,112.792937
2976.7960470000003,112.279294
2976.923075,112.279294
2977.050104,112.279294
2977.177133,112.279294
2982.258291,107.271268
2982.3853200000003,107.314072
2982.512349,108.683788
2982.6393780000003,108.683788
2982.766406,108.683788
2982.893435,108.683788
2983.020464,108.683788
2983.147493,108.683788
2983.274522,108.683788
2985.306985,108.041734
2985.434014,108.084537
2985.561043,108.084537
2985.688072,108.084537
2985.815101,108.084537
2985.94213,108.084537
2986.069159,108.897806
2986.196188,108.897806
2986.323217,108.897806
2986.450246,108.897806
2986.577274,108.897806
2986.704303,108.897806
2986.831332,108.897806
2987.212419,111.080792
2987.339448,111.080792
2987.466477,111.080792
2987.593506,111.080792
2987.720535,111.080792
2987.847564,111.080792
2987.974593,111.080792
2988.101622,111.080792
2988.482708,111.680043
2988.609737,111.680043
2988.736766,112.022472
2988.863795,112.022472
2988.990824,112.022472
2989.117853,112.022472
2989.244882,112.022472
2989.371911,112.022472
2989.49894,112.022472
2989.625969,112.022472
2989.752998,112.022472
2989.880027,112.022472
2990.007056,111.936865
2990.134085,111.936865
2990.261114,111.080792
2990.388143,111.037988
2990.515171,109.026217
2990.6422000000002,109.026217
2990.769229,109.026217
2990.896258,109.026217
2991.023287,109.026217
2991.150316,109.026217
2991.277345,108.512574
2991.404374,107.913323
2991.531403,107.913323
2991.658432,107.913323
2991.785461,107.913323
2991.91249,107.913323
2992.039519,107.913323
2992.6746630000002,109.026217
2992.801692,109.026217
2992.928721,109.026217
2993.05575,109.026217
2993.182779,109.026217
2993.309808,109.026217
2993.436837,109.026217
2993.563866,109.026217
2993.690895,109.026217
2993.817924,109.026217
2994.071982,111.252006
2994.199011,111.252006
2994.326039,111.337614
2994.4530680000003,111.337614
2994.580097,111.337614
2994.7071260000002,111.337614
2994.834155,111.508828
2994.9611840000002,111.508828
2995.088213,111.508828
2995.215242,111.508828
2995.342271,111.508828
2995.4693,111.508828
2995.596329,111.508828
2995.723358,111.508828
2996.358502,111.680043
2996.4855310000003,111.680043
2996.61256,111.680043
2996.7395890000003,111.680043
2996.866618,111.680043
2996.9936470000002,111.680043
2997.120676,112.108079
2997.247705,112.108079
2997.374734,112.108079
2997.501763,112.108079
2997.628792,112.108079
2997.755821,112.108079
2997.88285,112.964152
2998.009879,112.964152
2998.136907,113.049759
2998.2639360000003,113.049759
2998.390965,113.049759
2998.5179940000003,113.049759
2998.645023,113.049759
2998.7720520000003,113.049759
2998.899081,113.049759
2999.0261100000002,113.049759
2999.153139,113.049759
2999.2801680000002,113.049759
2999.407197,113.049759
2999.534226,113.049759
2999.915313,118.785447
3000.16937,120.840021
3000.2963990000003,120.840021
3000.423428,120.925629
3000.5504570000003,120.925629
3000.677486,120.925629
3000.8045150000003,120.925629
3000.931544,120.925629
3001.0585730000003,120.925629
3001.185602,120.925629
3001.3126310000002,120.925629
3001.43966,120.840021
3001.566689,120.840021
3001.693718,112.536116
3001.820747,112.536116
3001.947776,111.252006
3002.0748040000003,111.252006
3002.201833,111.252006
3002.3288620000003,111.252006
3002.455891,111.252006
3002.5829200000003,111.252006
3002.709949,110.652755
3002.8369780000003,110.652755
3002.964007,111.508828
3003.0910360000003,111.508828
3003.218065,111.508828
3003.3450940000002,111.508828
3003.472123,113.563403
3003.5991520000002,113.563403
3003.726181,113.563403
3003.85321,113.563403
3003.980238,113.563403
3004.1072670000003,113.563403
3004.234296,113.563403
3004.3613250000003,113.563403
3004.488354,113.477796
3004.6153830000003,113.477796
3004.742412,113.049759
3004.8694410000003,113.049759
3004.99647,113.049759
3005.1234990000003,113.049759
3005.250528,113.049759
3005.3775570000003,113.049759
3005.504586,113.049759
3005.6316150000002,113.049759
3005.758644,112.878545
3005.885672,112.878545
3006.012701,112.878545
3006.13973,112.878545
3006.266759,112.621723
3006.3937880000003,112.621723
3006.520817,112.536116
3006.6478460000003,112.536116
3006.774875,111.594436
3006.9019040000003,111.594436
3007.282991,112.364901
3007.4100200000003,112.364901
3007.537049,112.364901
3007.6640780000002,112.364901
3007.791107,113.563403
3007.918135,113.563403
3008.045164,113.563403
3008.172193,113.563403
3008.299222,113.563403
3008.426251,113.563403
3008.55328,113.820225
3008.6803090000003,113.820225
3008.807338,113.820225
3008.9343670000003,113.820225
3009.061396,113.820225
3009.1884250000003,113.820225
3009.315454,113.820225
3009.4424830000003,113.820225
3009.569512,114.205457
3009.6965410000003,114.205457
3009.823569,114.205457
3009.950598,114.205457
3010.077627,114.205457
3010.204656,114.205457
3010.331685,114.205457
3010.4587140000003,114.205457
3010.585743,114.205457
3010.7127720000003,114.205457
3010.839801,114.205457
3010.9668300000003,114.205457
3011.093859,113.563403
3011.2208880000003,113.563403
3011.347917,113.64901
3011.4749460000003,113.64901
3011.601975,113.820225
3011.729003,113.820225
3011.856032,113.820225
3011.983061,113.820225
3012.11009,113.820225
3012.237119,113.820225
3012.364148,113.820225
3012.491177,113.820225
3012.618206,113.820225
3012.7452350000003,113.820225
3012.872264,113.64901
3012.9992930000003,113.64901
3013.126322,114.205457
3013.2533510000003,114.205457
3013.38038,114.205457
3013.5074090000003,114.205457
3013.634437,114.205457
3013.761466,114.205457
3013.888495,114.205457
3014.015524,114.205457
3014.142553,114.205457
3014.269582,114.205457
3014.396611,114.205457
3014.52364,114.205457
3014.650669,116.217228
3014.777698,116.217228
3014.904727,116.388443
3015.0317560000003,116.388443
3015.158785,116.388443
3015.2858140000003,116.388443
3015.412843,116.388443
3015.5398720000003,116.388443
3015.6669,116.388443
3015.793929,116.388443
3015.920958,116.388443
3016.047987,116.388443
3016.175016,116.388443
3016.302045,116.388443
3016.429074,116.388443
3016.556103,116.388443
3016.683132,116.388443
3016.810161,116.388443
3016.93719,116.388443
3017.064219,116.388443
3017.191248,116.388443
3017.3182770000003,116.388443
3017.445306,116.388443
3017.572334,116.388443
3017.699363,117.073301
3017.826392,117.073301
3017.953421,117.330123
3018.08045,117.330123
3018.207479,117.330123
3018.334508,117.330123
3018.461537,117.330123
3018.588566,117.330123
3018.715595,118.785447
3018.842624,118.785447
3018.969653,118.785447
3019.0966820000003,118.785447
3019.223711,118.785447
3019.3507400000003,118.785447
3019.477768,118.785447
3019.604797,118.785447
3019.731826,118.699839
3019.858855,118.699839
3019.985884,118.614232
3020.112913,118.614232
3020.239942,118.614232
3020.366971,118.614232
3020.494,118.614232
3020.621029,118.614232
3020.748058,118.999465
3020.875087,118.999465
3021.002116,118.999465
3021.129145,118.999465
3021.256174,118.999465
3021.383202,118.999465
3021.510231,118.999465
3021.63726,118.999465
3024.304868,122.038523
3024.431897,122.038523
3024.558926,122.038523
3024.685955,122.038523
3024.812984,122.038523
3024.940013,122.038523
3025.067042,129.229535
3025.194071,131.284109
3025.3210990000002,131.284109
3025.448128,131.284109
3025.575157,131.284109
3025.702186,131.284109
3025.829215,131.284109
3025.956244,131.284109
3026.083273,131.284109
3026.210302,131.284109
3026.337331,131.284109
3026.46436,129.229535
3026.591389,129.229535
3026.718418,129.229535
3026.845447,129.229535
3026.972476,129.229535
3027.099505,129.229535
3027.226533,129.229535
3027.60762,129.229535
3027.734649,129.229535
3027.861678,129.229535
3027.988707,129.229535
3028.115736,129.229535
3028.242765,129.229535
3028.369794,129.229535
3028.496823,129.229535
3050.853915,83.344034
3050.980944,86.425896
3051.107973,86.425896
3051.235002,86.425896
3051.362031,86.425896
3051.48906,86.425896
3051.616089,86.425896
3051.7431180000003,86.425896
3051.870147,86.425896
3051.9971760000003,83.729267
3052.124205,83.729267
3076.0056440000003,123.108614
3076.132673,123.365436
3076.2597020000003,123.365436
3076.386731,123.793472
3076.5137600000003,123.793472
3076.640789,123.793472
3076.7678180000003,123.793472
3076.894847,123.793472
3077.0218760000002,123.793472
3077.148905,123.793472
3077.2759340000002,123.793472
3077.402963,124.093098
3077.5299910000003,124.093098
3077.65702,124.093098
3077.784049,124.093098
3077.911078,124.093098
3078.0381070000003,124.093098
3078.165136,124.093098
3078.2921650000003,124.093098
3079.181368,123.451043
3079.3083970000002,123.451043
3079.435425,123.622258
3079.562454,123.622258
3079.689483,123.622258
3079.8165120000003,123.622258
3079.943541,123.622258
3080.07057,123.622258
3080.197599,123.622258
3080.3246280000003,123.579454
3080.451657,123.536651
3080.5786860000003,123.536651
3080.705715,123.536651
3080.8327440000003,123.536651
3080.959773,123.536651
3081.0868020000003,123.493847
3081.213831,123.451043
3081.3408600000002,123.40824
3081.467888,122.166934
3081.594917,121.910112
3081.721946,121.910112
3081.848975,121.910112
3081.976004,121.910112
3082.1030330000003,121.910112
3082.230062,121.910112
3082.357091,121.952916
3082.48412,121.99572
3082.6111490000003,122.209738
3082.738178,122.252541
3082.8652070000003,122.252541
3082.992236,122.252541
3083.1192650000003,122.252541
3083.246294,122.252541
3083.373322,122.252541
3083.500351,122.252541
3083.62738,122.252541
3083.754409,122.252541
3083.881438,122.252541
3084.008467,122.252541
3084.135496,121.567683
3084.262525,121.567683
3084.3895540000003,121.482076
3084.516583,121.482076
3084.6436120000003,121.52488
3084.770641,121.567683
3084.8976700000003,121.567683
3085.024699,121.567683
3085.1517280000003,121.567683
3085.278756,121.567683
3085.405785,121.567683
3085.532814,121.567683
3085.659843,121.567683
3085.786872,121.567683
3085.913901,121.225254
3086.04093,121.225254
3086.1679590000003,121.225254
3086.294988,121.225254
3086.422017,121.310861
3086.549046,121.310861
3086.6760750000003,121.696094
3086.803104,121.738898
3086.9301330000003,121.738898
3087.057162,121.738898
3087.18419,121.738898
3087.311219,121.738898
3087.438248,121.738898
3087.565277,121.738898
3087.692306,121.738898
3087.819335,121.738898
3087.946364,122.46656
3088.073393,122.509363
3088.200422,122.509363
3088.327451,122.509363
3088.4544800000003,122.509363
3088.581509,122.509363
3088.708538,122.680578
3088.835567,122.680578
3088.9625960000003,122.680578
3089.089625,122.680578
3089.216653,122.680578
3089.343682,122.680578
3089.470711,122.680578
3089.59774,122.680578
3089.724769,122.680578
3089.851798,122.680578
3089.978827,122.680578
3090.105856,122.680578
3090.232885,122.680578
3090.359914,122.680578
3099.633026,122.252541
3099.760055,122.252541
3099.887084,122.509363
3100.014113,122.509363
3100.141142,122.509363
3100.268171,122.509363
3100.3952,122.851792
3100.522229,122.851792
3100.649258,123.279829
3100.7762860000003,123.279829
3100.903315,123.536651
3101.0303440000002,123.536651
3101.157373,123.536651
3101.2844020000002,123.536651
3101.411431,124.093098
3101.53846,124.093098
3101.665489,124.093098
3101.792518,124.093098
3101.919547,124.093098
3102.046576,124.093098
3102.173605,124.093098
3102.300634,124.093098
3102.427663,124.093098
3102.554692,124.093098
3102.68172,123.023007
3102.8087490000003,123.023007
3102.935778,123.023007
3103.0628070000002,123.023007
3103.189836,122.851792
3103.3168650000002,122.851792
3103.443894,122.766185
3103.570923,122.766185
3103.697952,122.766185
3103.824981,122.766185
3103.95201,122.766185
3104.079039,122.766185
3104.206068,122.680578
3104.333097,122.680578
3104.460126,121.99572
3104.5871540000003,121.99572
3104.714183,121.99572
3104.8412120000003,121.99572
3104.968241,121.99572
3105.0952700000003,121.99572
3105.222299,121.99572
3105.3493280000002,121.99572
3105.476357,121.99572
3105.6033860000002,121.99572
3105.730415,122.509363
3105.857444,122.509363
3105.984473,122.509363
3106.111502,122.509363
3106.238531,122.509363
3106.36556,122.509363
3106.492589,122.509363
3106.6196170000003,122.509363
3106.746646,122.509363
3106.8736750000003,122.509363
3107.000704,122.509363
3107.1277330000003,122.509363
3107.254762,122.509363
3107.3817910000002,122.509363
3107.50882,122.423756
3107.6358490000002,122.423756
3107.762878,122.766185
3107.889907,122.766185
3108.016936,122.766185
3108.143965,122.766185
3108.270994,122.766185
3108.398023,122.766185
3108.525051,122.766185
3108.6520800000003,122.766185
3108.779109,129.229535
3108.9061380000003,129.229535
3109.033167,129.229535
3109.1601960000003,129.229535
3109.287225,129.229535
3109.4142540000003,129.229535
3109.541283,129.229535
3109.6683120000002,129.229535
3109.795341,129.186731
3109.9223700000002,129.186731
3110.176428,123.536651
3110.303457,123.536651
3110.430485,123.536651
3110.811572,123.536651
3110.9386010000003,123.536651
3111.06563,123.536651
3111.1926590000003,123.536651
3111.319688,123.536651
3111.4467170000003,123.536651
3111.573746,123.536651
3111.7007750000002,123.536651
3111.827804,123.536651
3111.9548330000002,123.536651
3112.081862,123.536651
3112.208891,123.536651
3112.335919,123.451043
3112.4629480000003,123.451043
3112.589977,123.023007
3112.717006,123.023007
3112.844035,123.023007
3112.9710640000003,123.023007
3113.098093,123.023007
3113.2251220000003,123.023007
3113.352151,123.023007
3113.4791800000003,123.023007
3116.908961,122.594971
3117.0359900000003,122.594971
3117.163019,122.594971
3117.2900480000003,122.594971
3117.417077,122.594971
3117.5441060000003,122.594971
3117.671135,122.594971
3117.7981640000003,122.594971
3117.925193,122.594971
3118.0522220000003,122.594971
3118.17925,122.9374
3118.306279,122.9374
3118.433308,123.023007
3118.560337,123.023007
3118.687366,123.023007
3118.8143950000003,123.023007
3118.941424,123.023007
3119.068453,123.023007
3119.195482,123.023007
3119.3225110000003,123.023007
3119.44954,122.9374
3119.5765690000003,122.9374
3120.465771,122.509363
3120.5928,122.509363
3120.719829,122.509363
3120.846858,122.509363
3120.973887,122.509363
3121.1009160000003,122.509363
3121.227945,122.509363
3121.354974,122.509363
3121.482003,122.423756
3121.6090320000003,122.423756
3121.736061,122.509363
3121.8630900000003,122.509363
3121.990119,122.509363
3122.117147,122.509363
3122.244176,122.509363
3122.371205,122.509363
3122.498234,122.509363
3122.625263,122.509363
3122.752292,122.252541
3122.879321,122.252541
3123.00635,121.910112
3123.133379,121.910112
3123.260408,121.910112
3123.3874370000003,121.910112
3123.514466,121.910112
3123.6414950000003,121.910112
3123.768524,121.910112
3123.768524,124.195448
3123.8955530000003,124.195448
3124.022582,124.195448
3124.1496110000003,124.195448
3124.27664,124.195448
3124.4036690000003,124.195448
3125.038813,121.710843
3125.165842,121.710843
3125.292871,121.710843
3125.4199,121.710843
3125.546929,121.710843
3125.673958,121.710843
3125.800987,121.710843
3125.928016,121.710843
3126.309103,123.338688
3126.4361320000003,123.338688
3126.563161,123.338688
3126.690189,123.338688
3126.817218,123.338688
3126.944247,123.338688
3127.071276,123.338688
3127.198305,123.338688
3127.579392,123.93842
3127.706421,123.93842
3127.83345,123.93842
3127.960479,123.93842
3128.087508,123.93842
3128.2145370000003,123.93842
3128.341566,124.109772
3128.4685950000003,124.109772
3128.595624,124.109772
3128.722652,124.109772
3128.849681,124.109772
3128.97671,124.109772
3129.103739,124.109772
3129.230768,124.109772
3129.357797,123.852744
3129.484826,123.852744
3129.611855,123.852744
3129.738884,123.852744
3129.865913,123.852744
3129.992942,123.852744
3130.119971,122.396252
3130.247,122.396252
3130.374029,122.396252
3130.5010580000003,122.396252
3130.628086,121.453815
3130.755115,121.453815
3130.882144,121.453815
3131.009173,121.453815
3131.136202,120.854083
3131.263231,120.854083
3131.898376,120.682731
3132.025405,120.682731
3132.152434,120.768407
3132.279463,120.768407
3132.406492,120.768407
3132.53352,120.768407
3132.660549,120.939759
3132.787578,120.939759
3132.914607,121.025435
3133.041636,121.025435
3133.168665,121.025435
3133.295694,121.025435
3133.422723,121.025435
3133.549752,121.025435
3133.676781,121.025435
3133.80381,121.025435
3133.930839,121.025435
3134.057868,121.025435
3134.184897,121.025435
3134.311926,121.025435
3134.438954,121.025435
3134.565983,121.025435
3134.693012,121.196787
3134.820041,121.196787
3134.94707,121.196787
3135.074099,121.196787
3135.201128,121.196787
3135.328157,121.196787
3135.455186,121.196787
3135.582215,121.196787
3135.709244,121.282463
3135.836273,121.282463
3135.963302,121.282463
3136.090331,121.282463
3136.21736,121.282463
3136.344389,121.282463
3136.471417,121.282463
3136.598446,121.282463
3137.487649,122.995984
3137.614678,122.995984
3137.741707,122.995984
3137.868736,122.995984
3137.995765,122.995984
3138.122794,122.995984
3138.249823,122.995984
3138.376851,122.995984
3138.50388,122.995984
3138.630909,122.995984
3138.757938,122.65328
3138.884967,122.65328
3139.011996,122.738956
3139.139025,122.738956
3139.266054,122.738956
3139.393083,122.738956
3139.520112,122.910308
3139.647141,122.910308
3139.77417,122.910308
3139.901199,122.910308
3140.028228,122.910308
3140.155257,122.910308
3140.2822850000002,122.910308
3140.409314,122.86747
3140.536343,121.710843
3140.663372,121.710843
3140.790401,121.710843
3140.91743,121.710843
3141.044459,121.710843
3141.171488,121.710843
3141.298517,121.710843
3141.425546,121.710843
3141.552575,121.710843
3141.679604,121.710843
3141.806633,121.710843
3141.933662,121.668005
3142.060691,122.139224
3142.187719,122.139224
3142.3147480000002,122.182062
3142.441777,122.182062
3142.568806,122.182062
3142.695835,122.182062
3142.822864,122.182062
3142.949893,122.182062
3143.076922,122.182062
3143.203951,122.182062
3143.33098,122.182062
3143.458009,122.182062
3143.585038,122.182062
3143.712067,122.182062
3143.839096,122.182062
3143.966125,122.182062
3144.220182,122.738956
3144.3472110000002,122.781794
3144.47424,122.824632
3144.6012690000002,122.86747
3144.728298,122.86747
3144.855327,122.86747
3144.982356,122.86747
3145.109385,122.86747
3145.236414,122.86747
3145.363443,122.86747
3145.490472,122.86747
3145.617501,122.610442
3145.74453,122.610442
3145.871559,122.610442
3145.998588,122.610442
3146.1256160000003,122.610442
3146.252645,122.610442
3146.6337320000002,122.86747
3146.760761,122.86747
3146.88779,122.86747
3147.014819,122.86747
3147.141848,122.86747
3147.268877,122.86747
3147.395906,122.86747
3147.522935,122.86747
3147.649964,122.610442
3147.776993,122.610442
3147.904022,122.610442
3148.03105,122.610442
3149.428369,122.781794
3149.555398,122.781794
3149.682427,122.781794
3149.809456,122.781794
3149.9364840000003,122.781794
3150.063513,122.781794
3150.1905420000003,122.781794
3150.317571,122.781794
3150.4446000000003,122.781794
3150.571629,122.781794
3150.6986580000003,122.781794
3150.825687,122.781794
3150.9527160000002,122.781794
3151.079745,122.781794
3152.2230050000003,123.72423
3152.350034,123.72423
3152.4770630000003,123.72423
3152.604092,123.72423
3152.7311210000003,123.72423
3152.85815,123.72423
3152.9851790000002,123.72423
3153.112208,123.72423
3153.493295,123.895582
3153.620324,123.895582
3153.747353,123.895582
3153.874381,123.895582
3154.00141,123.895582
3154.128439,123.895582
3154.2554680000003,123.895582
3154.382497,123.895582
3154.5095260000003,123.038822
3154.636555,123.038822
3154.7635840000003,123.210174
3154.890613,123.210174
3155.0176420000003,123.210174
3155.144671,123.210174
3155.2717000000002,123.210174
3155.398729,123.210174
3155.525758,123.210174
3155.652787,123.210174
3155.779815,123.124498
3155.906844,123.124498
3159.3366260000003,122.43909
3159.463655,122.43909
3159.590683,122.43909
3159.717712,122.43909
3159.844741,122.696118
3159.97177,122.696118
3160.098799,122.696118
3160.225828,122.696118
3160.352857,122.696118
3160.479886,122.696118
3160.6069150000003,122.696118
3160.733944,122.696118
3161.877204,125.951807
3162.004233,125.951807
3162.131262,126.037483
3162.258291,126.037483
3162.38532,126.037483
3162.512349,126.037483
3162.639378,126.037483
3162.766407,126.037483
3162.8934360000003,126.037483
3163.020465,126.037483
3163.1474940000003,125.951807
3163.274523,125.951807
3163.655609,124.195448
3163.782638,124.195448
3163.909667,124.195448
3164.036696,124.195448
3164.163725,124.195448
3164.290754,124.195448
3164.417783,124.195448
3164.544812,124.195448
3164.671841,124.195448
3164.79887,124.195448
3164.925899,124.195448
3165.052928,124.195448
3166.450246,121.068273
3166.577275,121.068273
3166.704304,121.068273
3166.831333,121.068273
3166.958362,121.068273
3167.085391,121.068273
3167.2124200000003,121.068273
3167.339448,121.068273
3167.466477,120.896921
3167.593506,120.896921
3167.720535,120.896921
3167.847564,120.896921
3167.974593,120.896921
3168.101622,120.896921
3168.228651,120.896921
3168.35568,120.896921
3169.2448830000003,121.410977
3169.371911,121.410977
3169.49894,121.410977
3169.625969,121.410977
3169.752998,121.410977
3169.880027,121.410977
3170.007056,122.781794
3170.134085,122.781794
3170.261114,122.781794
3170.388143,122.781794
3170.515172,122.781794
3170.642201,122.781794
3170.76923,122.781794
3170.896259,122.781794
3172.547635,123.124498
3172.674664,123.124498
3172.801693,123.124498
3172.928722,123.124498
3173.055751,123.124498
3173.182779,123.124498
3173.309808,123.124498
3173.436837,123.124498
3173.563866,123.124498
3173.690895,123.124498
3173.817924,123.124498
3173.944953,123.124498
3174.071982,122.01071
3174.199011,122.01071
3174.32604,122.01071
3174.453069,122.01071
3174.580098,122.01071
3174.707127,122.01071
3174.834156,121.925033
3174.961185,121.925033
3175.088213,121.925033
3175.215242,121.925033
3175.342271,121.925033
3175.4693,121.925033
3175.596329,121.925033
3175.723358,121.925033
3175.850387,121.668005
3175.977416,121.668005
3176.104445,121.668005
3176.231474,121.668005
3176.358503,121.668005
3176.485532,121.668005
3176.612561,121.668005
3176.73959,121.668005
3176.866619,121.625167
3176.993648,121.625167
3177.120676,121.625167
3177.247705,121.625167
3177.374734,121.625167
3177.501763,121.625167
3177.628792,121.625167
3177.755821,121.625167
3181.185602,121.539491
3181.3126310000002,121.539491
3181.43966,121.625167
3181.566689,121.625167
3181.693718,121.625167
3181.820747,121.625167
3181.947776,121.625167
3182.074805,121.625167
3182.201834,121.625167
3182.328863,121.625167
3182.455892,121.625167
3182.582921,121.625167
3182.70995,121.710843
3182.8369780000003,121.710843
3182.964007,121.882195
3183.0910360000003,121.882195
3183.218065,121.882195
3183.3450940000002,121.882195
3183.472123,121.882195
3183.5991520000002,121.882195
3183.726181,121.882195
3183.85321,121.882195
3183.980239,121.796519
3184.107268,121.796519
3184.234297,121.625167
3184.361326,121.625167
3184.488355,121.625167
3184.615384,121.625167
3185.758644,122.65328
3185.885673,122.65328
3186.012702,122.65328
3186.139731,122.65328
3186.26676,122.65328
3186.393789,122.65328
3186.520818,122.65328
3186.647847,122.65328
3186.774875,122.65328
3186.9019040000003,122.65328
3187.028933,122.65328
3187.1559620000003,122.65328
3187.282991,122.65328
3187.4100200000003,122.65328
3191.093859,123.424364
3191.2208880000003,123.424364
3191.347917,123.424364
3191.4749460000003,123.424364
3191.601975,123.424364
3191.7290040000003,123.424364
3191.856033,123.424364
3191.9830620000002,123.424364
3192.110091,123.93842
3192.2371200000002,123.93842
3192.364149,123.93842
3192.491177,123.93842
3192.618206,123.93842
3192.745235,123.93842
3192.872264,123.93842
3192.999293,123.93842
3193.126322,123.93842
3193.2533510000003,123.93842
3193.38038,123.424364
3193.5074090000003,123.424364
3193.634438,123.424364
3193.7614670000003,201.946452
3193.888496,210.0
3194.0155250000003,210.0
3194.142554,210.0
3194.2695830000002,210.0
3194.396612,210.0
3194.52364,210.0
3194.650669,210.0
3194.777698,210.0
3194.904727,123.167336
3195.031756,123.167336
3195.158785,123.167336
3195.285814,123.167336
3195.412843,123.167336
3195.5398720000003,123.167336
3195.666901,123.167336
3195.7939300000003,123.167336
3195.920959,123.167336
3196.0479880000003,123.167336
3196.175017,123.167336
3196.3020460000002,123.167336
3196.429074,123.167336
3196.556103,123.167336
3196.93719,122.396252
3197.064219,122.396252
3197.191248,122.396252
3197.318277,122.396252
3197.445306,122.396252
3197.572335,122.396252
3197.699364,122.396252
3197.8263930000003,122.396252
3197.953422,122.396252
3198.0804510000003,122.396252
3200.494,122.910308
3200.621029,122.910308
3200.748058,122.910308
3200.875087,122.910308
3201.002116,122.910308
3201.129145,122.910308
3201.256174,123.08166
3201.383203,123.08166
3201.510232,123.681392
3201.637261,123.681392
3201.76429,124.195448
3201.8913190000003,124.195448
3202.018348,124.195448
3202.1453770000003,124.195448
3202.272405,124.195448
3202.399434,124.195448
3202.526463,124.195448
3202.653492,124.195448
3202.780521,124.195448
3202.90755,124.195448
3203.034579,124.195448
3203.161608,124.195448
3203.288637,123.93842
3203.415666,123.93842
3204.304868,123.681392
3204.431897,123.681392
3204.558926,123.681392
3204.685955,123.681392
3204.812984,123.681392
3204.940013,123.681392
3205.067042,123.681392
3205.194071,123.681392
3205.3211,123.08166
3205.448129,123.08166
3205.575158,123.08166
3205.702187,123.08166
3206.337331,120.854083
3206.46436,120.854083
3206.591389,120.854083
3206.718418,120.854083
3206.845447,120.854083
3206.972476,120.854083
3207.099505,120.854083
3207.226534,120.854083
3207.607621,118.797858
3207.73465,118.797858
3207.861679,118.797858
3207.988707,118.797858
3208.115736,118.797858
3208.242765,118.797858
3208.369794,118.797858
3208.496823,118.797858
3208.623852,118.797858
3208.750881,118.797858
3208.87791,118.797858
3209.004939,118.797858
3209.131968,118.797858
3209.258997,118.797858
3209.386026,116.570281
3209.513055,116.570281
3209.640084,116.570281
3209.767113,116.570281
3209.894142,116.570281
3210.02117,116.570281
3210.148199,120.982597
3210.275228,121.025435
3210.402257,121.025435
3210.529286,121.025435
3210.656315,121.025435
3210.783344,121.025435
3210.910373,122.353414
3211.037402,122.353414
3211.164431,122.353414
3211.29146,122.353414
3211.418489,122.353414
3211.545518,122.353414
3211.672547,122.353414
3211.799576,122.353414
3214.213125,120.854083
3214.340154,120.854083
3214.467183,120.854083
3214.594212,120.854083
3214.721241,120.854083
3214.84827,120.854083
3214.975299,123.552878
3215.102328,123.552878
3215.229357,123.552878
3215.356386,123.552878
3215.483415,123.552878
3215.610444,123.552878
3215.7374720000003,123.552878
3215.864501,123.552878
3215.9915300000002,123.51004
3216.118559,123.467202
3216.245588,121.925033
3216.372617,121.925033
3216.499646,121.925033
3216.626675,121.925033
3216.753704,121.153949
3216.880733,121.153949
3217.007762,121.153949
3217.134791,121.153949
3217.26182,121.153949
3217.388849,121.153949
3236.570218,117.127175
3236.697247,117.127175
3236.8242760000003,117.127175
3236.951305,117.127175
3237.078333,117.127175
3237.205362,117.127175
3237.332391,117.127175
3237.45942,117.127175
3237.586449,115.585007
3237.713478,115.585007
3237.840507,115.756359
3237.967536,115.756359
3238.094565,115.756359
3238.221594,115.756359
3238.348623,115.756359
3238.475652,115.756359
3238.6026810000003,115.756359
3238.72971,115.756359
3238.8567390000003,116.527443
3238.983767,116.527443
3239.110796,116.527443
3239.237825,116.527443
3239.364854,116.527443
3239.491883,116.527443
3239.618912,116.527443
3239.745941,116.527443
3246.859561,120.939759
3246.98659,120.939759
3247.113619,120.939759
3247.240648,120.939759
3247.367677,120.939759
3247.494706,120.939759
3247.621735,120.939759
3247.748764,120.939759
3247.875793,120.939759
3254.354269,118.797858
3254.4812970000003,118.797858
3254.608326,118.797858
3254.7353550000003,118.797858
3254.862384,118.797858
3254.9894130000002,118.797858
3255.116442,118.797858
3255.243471,118.797858
3255.3705,118.797858
3255.497529,118.797858
3256.005645,124.109772
3256.132674,124.109772
3256.259703,124.195448
3256.386731,124.195448
3256.5137600000003,124.195448
3256.640789,124.195448
3256.7678180000003,124.195448
3256.894847,124.195448
3257.0218760000002,124.195448
3257.148905,124.195448
3257.2759340000002,122.481928
3257.402963,122.481928
3257.529992,122.396252
3257.657021,122.396252
3257.78405,120.768407
3257.911079,120.639893
3258.038108,120.597055
3258.165137,120.597055
3258.292165,120.597055
3258.419194,120.597055
3258.5462230000003,120.597055
3259.943542,117.941098
3260.070571,117.941098
3260.1976,118.026774
3260.3246280000003,118.026774
3260.451657,118.026774
3260.578686,118.026774
3260.705715,118.026774
3260.8327440000003,118.026774
3260.959773,118.026774
3261.0868020000003,118.026774
3261.213831,118.026774
3261.3408600000002,118.026774
3261.467889,118.026774
3261.5949180000002,118.026774
3262.992236,117.341365
3263.1192650000003,117.341365
3263.246294,117.341365
3263.3733230000003,117.341365
3263.500352,117.341365
3263.6273810000002,117.341365
3263.75441,117.341365
3263.8814390000002,117.341365
3264.008468,117.855422
3264.135496,117.855422
3264.262525,118.283802
3264.389554,118.283802
3264.516583,118.283802
3264.643612,118.283802
3264.770641,118.283802
3264.8976700000003,118.283802
3265.024699,118.283802
3265.1517280000003,118.283802
3266.549046,118.797858
3266.6760750000003,118.797858
3266.803104,118.797858
3266.930133,118.797858
3267.057162,118.797858
3267.1841910000003,118.797858
3267.31122,118.797858
3267.4382490000003,118.797858
3267.565278,116.141901
3267.6923070000003,116.141901
3267.819336,116.141901
3267.9463650000002,116.141901
3268.073393,116.141901
3268.200422,116.141901
3268.327451,116.141901
3268.45448,116.141901
3268.581509,113.57162
3268.708538,113.57162
3268.835567,113.57162
3268.9625960000003,113.57162
3269.089625,113.57162
3269.216654,113.57162
3269.343683,113.57162
3269.4707120000003,113.57162
3269.597741,113.57162
3269.7247700000003,113.57162
3269.851799,113.57162
3269.978827,113.57162
3270.105856,113.14324
3270.232885,113.14324
3270.359914,113.057564
3270.486943,113.057564
3270.613972,113.057564
3270.741001,113.057564
3270.86803,113.057564
3270.995059,113.057564
3271.122088,116.398929
3271.2491170000003,116.398929
3271.376146,118.155288
3271.5031750000003,118.198126
3271.630204,118.198126
3271.7572330000003,118.198126
3271.884261,118.797858
3272.01129,120.425703
3272.138319,120.854083
3272.265348,120.854083
3272.392377,120.854083
3272.519406,121.882195
3272.646435,121.882195
3272.773464,122.2249
3272.900493,122.2249
3273.027522,122.2249
3273.154551,122.2249
3273.28158,122.2249
3273.408609,122.2249
3273.5356380000003,122.2249
3273.662667,122.2249
3273.789695,122.2249
3273.916724,122.182062
3274.043753,122.053548
3274.170782,122.01071
3274.297811,118.797858
3274.42484,118.797858
3274.551869,118.797858
3274.678898,118.797858
3274.805927,118.797858
3274.932956,118.797858
3275.059985,118.797858
3275.187014,118.797858
3275.3140430000003,118.797858
3275.441072,118.026774
3275.568101,118.026774
3275.69513,118.026774
3275.822158,118.026774
3275.949187,118.026774
3276.076216,118.026774
3276.203245,118.026774
3276.330274,118.026774
3276.457303,118.026774
3276.584332,118.026774
3276.965419,118.797858
3277.092448,118.797858
3277.219477,118.797858
3277.346506,118.797858
3277.473535,118.797858
3277.6005640000003,118.797858
3277.727592,118.797858
3277.854621,118.797858
3279.378969,121.196787
3279.505998,121.196787
3279.633026,121.410977
3279.760055,121.410977
3279.887084,121.410977
3280.014113,121.410977
3280.141142,121.410977
3280.268171,121.410977
3280.3952,121.410977
3280.522229,121.410977
3280.649258,121.410977
3280.776287,121.410977
3280.903316,121.410977
3281.030345,121.410977
3281.157374,120.811245
3281.284403,120.811245
3281.411432,120.639893
3281.53846,120.639893
3281.665489,120.468541
3281.792518,120.468541
3285.095271,118.412316
3285.2223,118.412316
3285.349329,118.412316
3285.476357,118.412316
3285.6033860000002,118.412316
3285.730415,118.412316
3285.857444,118.412316
3285.984473,118.412316
3286.111502,117.769746
3286.238531,117.726908
3286.36556,117.68407
3286.492589,117.341365
3286.619618,117.341365
3286.746647,117.298527
3286.873676,116.570281
3287.000705,116.570281
3287.127734,116.570281
3287.254763,116.570281
3287.3817910000002,116.570281
3287.50882,116.570281
3287.6358490000002,116.570281
3287.762878,116.527443
3289.4142540000003,117.384203
3289.541283,117.384203
3289.6683120000002,117.641232
3289.795341,117.641232
3289.9223700000002,117.641232
3290.049399,117.641232
3290.176428,117.641232
3290.303457,117.641232
3290.430486,117.641232
3290.557515,117.641232
3290.684544,117.641232
3290.811573,117.641232
3290.938602,117.255689
3291.065631,117.212851
3291.1926590000003,116.441767
3291.319688,116.441767
3291.4467170000003,116.441767
3291.573746,116.441767
3291.7007750000002,115.927711
3291.827804,115.927711
3291.9548330000002,115.842035
3292.081862,115.842035
3292.208891,115.842035
3292.33592,115.842035
3292.462949,115.842035
3292.589978,115.842035
3292.717007,116.270415
3292.844036,116.270415
3292.971065,116.356091
3293.098094,116.356091
3293.2251220000003,116.356091
3293.352151,116.356091
3293.4791800000003,116.356091
3293.606209,116.356091
3293.7332380000003,116.356091
3293.860267,116.356091
3293.9872960000002,116.356091
3294.114325,116.356091
3294.495412,116.356091
3294.622441,116.356091
3294.74947,116.356091
3294.876499,116.356091
3295.003528,116.356091
3295.130556,116.356091
3295.2575850000003,116.356091
3295.384614,116.356091
3296.2738170000002,116.613119
3296.400846,116.613119
3296.527875,116.613119
3296.654904,116.613119
3296.781933,116.613119
3296.908962,116.613119
3297.0359900000003,116.784471
3297.163019,116.784471
3297.290048,116.784471
3297.417077,116.784471
3297.5441060000003,116.784471
3297.671135,116.784471
3297.7981640000003,117.298527
3297.925193,117.298527
3298.0522220000003,117.555556
3298.179251,117.555556
3298.3062800000002,117.641232
3298.433309,117.641232
3298.5603380000002,117.641232
3298.687367,117.641232
3298.814396,117.726908
3298.941424,117.726908
3299.068453,118.11245
3299.195482,118.11245
3299.3225110000003,118.11245
3299.44954,118.11245
3299.576569,118.11245
3299.703598,118.11245
3299.8306270000003,118.11245
3299.957656,117.641232
3300.0846850000003,117.384203
3300.211714,117.384203
3300.3387430000002,117.384203
3300.465772,117.384203
3300.5928010000002,117.384203
3300.71983,117.384203
3301.354974,116.356091
3301.482003,116.356091
3301.6090320000003,116.356091
3301.736061,116.356091
3301.86309,116.356091
3301.990119,116.356091
3302.1171480000003,117.427041
3302.244177,117.46988
3302.3712060000003,117.598394
3302.498235,117.641232
3302.6252640000002,117.641232
3302.752293,117.641232
3302.879321,117.641232
3303.00635,117.641232
3303.133379,117.641232
3303.260408,117.641232
3303.387437,117.555556
3303.514466,117.555556
3303.641495,117.46988
3303.768524,117.46988
3303.8955530000003,117.598394
3304.022582,117.641232
3304.1496110000003,117.641232
3304.27664,117.641232
3304.4036690000003,117.641232
3304.530698,117.641232
3304.6577270000002,117.641232
3304.784755,117.641232
3304.911784,117.641232
3305.038813,117.641232
3305.165842,117.641232
3305.292871,117.641232
3305.4199,117.641232
3305.546929,117.555556
3305.928016,116.570281
3306.055045,116.613119
3306.1820740000003,116.613119
3306.309103,116.613119
3306.4361320000003,116.613119
3306.563161,116.613119
3306.690189,116.613119
3306.817218,116.613119
3306.944247,115.927711
3307.071276,115.927711
3307.198305,115.927711
3307.325334,115.927711
3307.452363,115.927711
3307.579392,115.927711
3307.706421,115.927711
3307.83345,115.927711
3307.9604790000003,115.842035
3308.087508,115.842035
3311.39026,115.756359
3311.517289,115.884873
3311.644318,115.927711
3311.771347,115.927711
3311.898376,115.927711
3312.025405,115.927711
3312.152434,115.927711
3312.279463,115.970549
3312.406492,116.013387
3312.53352,116.013387
3312.660549,116.099063
3312.787578,116.099063
3312.914607,116.099063
3313.041636,116.099063
3313.168665,116.099063
3313.295694,116.099063
3313.422723,116.099063
3314.311926,116.613119
3314.438954,116.613119
3314.565983,116.613119
3314.693012,116.613119
3314.820041,116.613119
3314.94707,116.613119
3315.074099,116.613119
3315.201128,116.570281
3315.328157,116.356091
3315.455186,116.313253
3315.582215,116.398929
3315.709244,116.398929
3315.836273,116.398929
3315.963302,116.398929
3316.090331,116.398929
3316.21736,116.398929
3316.344389,116.398929
3316.471417,116.398929
3316.598446,116.356091
3316.725475,116.313253
3316.852504,116.099063
3316.979533,116.056225
3317.106562,116.056225
3317.233591,116.056225
3317.36062,116.056225
3317.487649,116.056225
3319.139025,116.955823
3319.266054,117.255689
3319.393083,117.298527
3319.520112,117.298527
3319.647141,117.298527
3319.77417,117.298527
3319.901199,117.298527
3320.028228,117.298527
3320.155257,117.298527
3320.2822850000002,118.11245
3320.409314,118.155288
3320.536343,118.155288
3320.663372,118.240964
3320.790401,118.283802
3320.91743,118.32664
3321.044459,118.32664
3321.171488,118.32664
3321.298517,118.32664
3321.425546,118.32664
3321.552575,118.32664
3321.679604,118.32664
3323.839096,118.54083
3323.966125,118.54083
3324.0931530000003,118.54083
3324.220182,118.54083
3324.3472110000002,118.54083
3324.47424,118.54083
3324.6012690000002,118.54083
3324.728298,118.54083
3325.617501,117.598394
3325.74453,117.598394
3325.871559,117.598394
3325.998588,117.598394
3326.1256160000003,117.598394
3326.252645,117.598394
3326.3796740000003,117.598394
3326.506703,117.598394
3327.395906,118.369478
3327.522935,118.369478
3327.649964,118.369478
3327.776993,118.369478
3327.904022,118.369478
3328.03105,118.369478
3328.1580790000003,118.54083
3328.285108,118.54083
3328.4121370000003,118.797858
3328.539166,118.797858
3328.6661950000002,118.797858
3328.793224,118.797858
3328.9202530000002,118.797858
3329.047282,118.797858
3329.174311,118.797858
3329.30134,118.797858
3330.4446000000003,118.797858
3330.571629,118.797858
3330.6986580000003,118.797858
3330.825687,118.797858
3330.9527160000002,118.797858
3331.079745,118.797858
3331.206774,118.797858
3331.333803,118.797858
3331.460832,118.797858
3331.587861,118.797858
3331.71489,118.797858
3331.841918,118.797858
3331.9689470000003,118.797858
3332.095976,118.797858
3332.223005,118.797858
3332.350034,118.797858
3333.493295,118.797858
3333.620324,118.797858
3333.747353,118.797858
3333.874381,118.797858
3334.00141,118.797858
3334.128439,118.797858
3334.2554680000003,118.797858
3334.382497,118.797858
3334.5095260000003,118.712182
3334.636555,118.712182
3334.7635840000003,118.712182
3334.890613,118.712182
3335.0176420000003,117.512718
3335.144671,117.512718
3335.2717000000002,117.512718
3335.398729,117.512718
3335.525758,117.512718
3335.652787,117.512718
3335.779815,117.341365
3335.906844,117.341365
3336.287931,118.369478
3336.41496,118.369478
3336.5419890000003,118.455154
3336.669018,118.455154
3336.7960470000003,118.455154
3336.923076,118.455154
3337.0501050000003,118.455154
3337.177134,118.455154
3337.3041630000002,118.455154
3337.431192,118.455154
3338.3203940000003,118.712182
3338.447423,118.712182
3338.574452,118.712182
3338.701481,118.712182
3338.8285100000003,118.712182
3338.955539,118.712182
3339.0825680000003,118.712182
3339.209597,118.712182
3339.3366260000003,118.198126
3339.463655,118.198126
3339.590683,118.11245
3339.717712,118.11245
3339.844741,118.54083
3339.97177,118.54083
3340.098799,118.54083
3340.225828,118.54083
3340.352857,118.54083
3340.479886,118.54083
3340.6069150000003,118.54083
3340.733944,118.54083
3341.877204,118.797858
3342.004233,118.797858
3342.131262,118.797858
3342.258291,118.797858
3342.38532,118.797858
3342.512349,118.797858
3342.639378,118.797858
3342.766407,118.797858
3342.8934360000003,118.797858
3343.020465,118.797858
3343.1474940000003,118.797858
3343.274523,118.797858
3343.4015520000003,118.797858
3343.52858,118.797858
3343.655609,118.797858
3343.782638,118.797858
3343.909667,118.369478
3344.036696,118.369478
3344.163725,118.369478
3344.290754,118.369478
3344.417783,118.369478
3344.544812,118.32664
3344.671841,118.11245
3344.79887,118.069612
3344.925899,117.68407
3345.052928,117.68407
3345.1799570000003,117.941098
3345.306986,117.941098
3345.434014,117.941098
3345.561043,117.941098
3345.688072,117.941098
3345.815101,117.941098
3345.94213,117.941098
3346.069159,117.941098
3346.196188,117.855422
3346.323217,117.855422
3346.450246,117.855422
3346.577275,117.855422
3346.704304,117.855422
3346.831333,117.855422
3346.9583620000003,117.855422
3347.085391,117.855422
3347.21242,117.855422
3347.339448,117.855422
3347.466477,117.855422
3347.593506,117.855422
3347.720535,117.855422
3347.847564,117.855422
3347.974593,117.855422
3348.101622,117.855422
3348.228651,117.812584
3348.35568,117.812584
3348.482709,117.127175
3348.609738,117.127175
3348.736767,117.127175
3348.863796,117.170013
3348.990825,118.240964
3349.117854,118.283802
3349.2448830000003,118.32664
3349.371911,118.369478
3349.49894,118.412316
3349.625969,118.412316
3349.752998,118.412316
3349.880027,118.455154
3350.007056,118.455154
3350.134085,118.455154
3350.261114,118.455154
3350.388143,118.455154
3350.515172,118.455154
3350.642201,118.455154
3350.76923,117.855422
3350.896259,117.855422
3351.023288,117.298527
3351.150317,117.298527
3351.277345,117.298527
3351.404374,117.298527
3351.531403,117.298527
3351.658432,117.298527
3351.785461,116.613119
3351.91249,116.613119
3356.73959,113.057564
3356.866619,113.057564
3356.993648,113.057564
3357.120676,113.057564
3357.247705,113.057564
3357.374734,113.057564
3357.501763,113.057564
3357.628792,113.014726
3357.755821,113.014726
3357.88285,113.014726
3358.009879,113.014726
3358.136908,113.014726
3358.263937,113.014726
3358.390966,113.014726
3358.517995,113.014726
3358.645024,113.014726
3358.772053,112.971888
3358.899082,112.92905
3359.0261100000002,112.886212
3359.153139,112.843373
3359.2801680000002,112.843373
3359.407197,112.843373
3359.534226,112.843373
3359.661255,112.843373
3359.788284,112.500669
3359.915313,112.500669
3360.042342,112.500669
3360.169371,112.500669
3360.2964,112.500669
3360.423429,112.500669
3360.550458,112.500669
3360.677487,112.500669
3360.804516,113.700134
3360.931544,113.700134
3361.0585730000003,113.700134
3361.185602,113.700134
3361.3126310000002,113.700134
3361.43966,113.700134
3361.566689,113.700134
3361.693718,113.700134
3363.3450940000002,113.742972
3363.472123,113.742972
3363.5991520000002,113.742972
3363.726181,113.742972
3363.85321,113.742972
3363.980239,113.742972
3364.107268,113.742972
3364.234297,113.700134
3364.361326,112.586345
3364.488355,112.586345
3364.615384,112.586345
3364.742412,112.586345
3364.8694410000003,112.586345
3364.99647,112.586345
3365.1234990000003,112.586345
3365.250528,112.586345
3365.3775570000003,112.586345
3365.504586,112.586345
3365.6316150000002,112.500669
3365.758644,112.500669
3365.885673,113.78581
3366.012702,113.78581
3366.139731,113.871486
3366.26676,113.871486
3366.393789,113.871486
3366.520818,113.871486
3366.647847,113.871486
3366.774875,113.871486
3366.9019040000003,113.871486
3367.028933,113.871486
3368.553281,115.585007
3368.6803090000003,115.585007
3368.807338,115.585007
3368.934367,115.585007
3369.061396,115.585007
3369.1884250000003,115.585007
3369.315454,115.927711
3369.4424830000003,115.927711
3369.569512,116.184739
3369.6965410000003,116.184739
3369.82357,116.613119
3369.9505990000002,116.613119
3370.077628,116.613119
3370.204657,116.613119
3370.331686,116.613119
3370.458715,116.613119
3370.585743,116.613119
3370.712772,116.613119
3370.839801,116.613119
3370.9668300000003,116.613119
3371.093859,115.842035
3371.220888,115.842035
3371.347917,115.842035
3371.4749460000003,115.842035
3372.364149,115.842035
3372.491177,115.842035
3372.618206,117.127175
3372.745235,117.127175
3372.872264,117.127175
3372.999293,117.127175
3373.126322,117.127175
3373.2533510000003,117.127175
3373.38038,117.127175
3373.5074090000003,117.127175
3373.634438,117.726908
3373.7614670000003,117.726908
3373.888496,117.812584
3374.0155250000003,117.812584
3374.142554,117.812584
3374.2695830000002,117.812584
3374.396612,117.812584
3374.52364,117.812584
3374.650669,117.812584
3374.777698,117.812584
3374.904727,117.298527
3375.031756,117.298527
3375.158785,117.127175
3375.285814,117.127175
3375.412843,117.127175
3375.5398720000003,117.127175
3375.666901,117.127175
3375.7939300000003,117.127175
3375.920959,117.127175
3376.0479880000003,117.127175
3376.175017,117.127175
3376.3020460000002,117.127175
3376.429074,117.127175
3376.556103,117.127175
3376.683132,116.870147
3376.810161,116.870147
3376.93719,116.870147
3377.064219,116.870147
3377.191248,116.870147
3377.3182770000003,116.870147
3377.445306,116.870147
3377.572335,116.870147
3377.699364,116.870147
3377.8263930000003,116.870147
3377.953422,117.641232
3378.0804510000003,117.641232
3378.20748,118.32664
3378.334508,118.32664
3378.461537,118.32664
3378.588566,118.32664
3378.715595,118.669344
3378.842624,118.669344
3378.969653,118.669344
3379.096682,118.669344
3379.223711,118.669344
3379.35074,118.669344
3379.477769,120.468541
3379.6047980000003,120.468541
3379.731827,120.554217
3379.858856,120.554217
3379.985885,120.554217
3380.1129140000003,120.554217
3380.239942,120.554217
3380.366971,120.554217
3380.494,120.811245
3380.621029,120.811245
3380.748058,120.811245
3380.875087,120.811245
3381.002116,120.811245
3381.129145,120.811245
3381.256174,120.811245
3381.3832030000003,120.811245
3381.510232,120.725569
3381.637261,120.725569
3381.76429,118.797858
3381.8913190000003,118.797858
3382.018348,118.797858
3382.145377,118.797858
3382.272405,118.797858
3382.399434,118.797858
3382.526463,118.797858
3382.653492,118.797858
3382.780521,118.797858
3382.90755,118.797858
3383.034579,118.797858
3383.161608,118.797858
3383.288637,117.084337
3383.415666,117.127175
3383.542695,117.127175
3383.6697240000003,117.127175
3383.796753,117.127175
3383.923782,117.127175
3384.050811,117.127175
3384.177839,117.127175
3384.558926,118.369478
3384.685955,118.369478
3384.812984,118.369478
3384.940013,118.369478
3385.067042,118.369478
3385.194071,118.369478
3385.3211,118.369478
3385.448129,118.369478
3385.575158,118.369478
3385.702187,118.369478
3385.829216,118.11245
3385.9562450000003,118.11245
3386.337331,118.797858
3386.46436,118.797858
3386.591389,118.797858
3386.718418,118.797858
3386.845447,118.797858
3386.972476,118.797858
3387.099505,118.797858
3387.226534,118.797858
3388.369794,118.626506
3388.496823,118.626506
3388.623852,118.626506
3388.750881,118.626506
3388.87791,118.626506
3389.004939,118.626506
3389.131968,118.626506
3389.258997,118.626506
3389.386026,118.626506
3389.513055,118.626506
3389.640084,118.626506
3389.767113,118.626506
3389.894142,118.626506
3390.02117,118.626506
3390.148199,118.626506
3390.275228,118.626506
3391.037402,112.800535
3391.164431,113.914324
3391.29146,113.914324
3391.418489,113.914324
3391.545518,113.914324
3391.672547,113.914324
3391.799576,113.914324
3391.926604,113.914324
3392.053633,113.914324
3393.70501,116.313253
3393.832038,116.313253
3393.9590670000002,116.313253
3394.086096,116.313253
3394.213125,117.341365
3394.340154,117.341365
3394.467183,117.341365
3394.594212,117.341365
3394.721241,117.341365
3394.84827,117.341365
3394.975299,117.341365
3395.102328,117.341365
3395.229357,118.026774
3395.356386,118.026774
3395.483415,118.026774
3395.610444,118.026774
3395.7374720000003,118.026774
3395.864501,118.026774
3395.9915300000002,118.026774
3396.118559,118.026774
3396.245588,118.026774
3396.372617,118.026774
3396.499646,118.026774
3396.626675,118.026774
3396.753704,118.026774
3396.880733,118.026774
3398.786167,120.597055
3398.913196,120.597055
3399.040225,120.682731
3399.167254,120.682731
3399.294283,120.682731
3399.421312,120.682731
3399.548341,120.682731
3399.675369,120.682731
3399.8023980000003,120.682731
3399.929427,120.682731
3401.072688,121.368139
3401.199717,121.368139
3401.326746,121.368139
3401.453775,121.368139
3401.580803,121.368139
3401.707832,121.368139
3401.8348610000003,121.368139
3401.96189,121.368139
3402.0889190000003,121.282463
3402.215948,121.282463
3402.3429770000002,116.570281
3402.470006,116.570281
3402.5970350000002,116.570281
3402.724064,116.570281
3402.851093,116.570281
3402.978122,116.570281
3403.105151,116.570281
3403.23218,116.570281
3403.359209,116.570281
3403.486237,116.570281
3403.6132660000003,116.570281
3403.740295,116.570281
3403.867324,118.11245
3403.994353,118.11245
3404.1213820000003,118.11245
3404.248411,118.11245
3404.3754400000003,118.11245
3404.502469,118.11245
3404.6294980000002,120.425703
3404.756527,120.425703
3404.883556,120.425703
3405.010585,120.425703
3405.137614,120.425703
3405.264643,120.425703
3405.3916710000003,120.425703
3405.5187,120.425703
3405.645729,120.425703
3405.772758,120.425703
3406.6619610000002,123.895582
3406.78899,123.93842
3406.9160190000002,123.93842
3407.043048,123.93842
3407.170077,123.93842
3407.297106,123.93842
3407.424134,123.93842
3407.551163,123.93842
3407.6781920000003,123.51004
3407.805221,122.824632
3407.93225,118.283802
3408.059279,118.283802
3408.1863080000003,118.283802
3408.313337,118.283802
3408.4403660000003,118.283802
3408.567395,118.283802
3408.6944240000003,118.283802
3408.821453,118.283802
3408.9484820000002,120.425703
3409.075511,120.425703
3409.20254,120.425703
3409.329568,120.425703
3409.456597,120.597055
3409.583626,120.597055
3409.710655,120.597055
3409.837684,120.597055
3409.9647130000003,120.597055
3410.091742,120.597055
3410.218771,121.668005
3410.3458,121.710843
3410.4728290000003,121.710843
3410.599858,121.710843
3410.7268870000003,121.710843
3410.853916,121.710843
3410.9809450000002,121.710843
3411.107974,121.710843
3412.505292,121.582329
3412.632321,121.625167
3412.7593500000003,121.625167
3412.886379,121.625167
3413.0134080000003,121.625167
3413.140436,121.625167
3413.267465,121.625167
3413.394494,121.625167
3414.0296390000003,121.496653
3414.156668,121.539491
3414.283697,121.539491
3414.410726,121.539491
3414.5377550000003,121.539491
3414.664784,121.539491
3414.791813,121.539491
3414.918842,121.539491
3415.0458710000003,123.981258
3415.172899,127.965194
3415.299928,127.965194
3415.426957,127.965194
3415.553986,127.965194
3415.681015,127.965194
3415.808044,127.965194
3415.935073,127.965194
3416.062102,126.851406
3418.221594,133.105756
3418.348623,133.105756
3418.475652,133.105756
3418.6026810000003,133.105756
3418.72971,133.105756
3418.856739,133.105756
3418.983767,133.105756
3419.87297,136.48996
3419.999999,136.532798
3420.127028,136.532798
3420.254057,136.618474
3420.3810860000003,137.089692
3420.508115,137.089692
3420.635144,137.089692
3420.762173,137.13253
3420.889201,138.803213
3421.01623,138.803213
3421.143259,138.803213
3421.270288,138.803213
3421.397317,138.803213
3421.524346,138.803213
3421.651375,138.803213
3421.778404,138.803213
3421.905433,138.803213
3422.032462,138.803213
3422.159491,134.133869
3422.28652,134.133869
3422.413549,134.091031
3422.540578,130.749665
3422.6676070000003,130.749665
3422.794636,130.749665
3422.921664,130.749665
3423.048693,130.749665
3423.175722,193.850067
3423.302751,207.129853
3423.42978,210.0
3423.556809,210.0
3423.683838,210.0
3423.810867,210.0
3423.937896,210.0
3424.064925,210.0
3424.191954,210.0
3424.318983,210.0
3424.446012,149.170013
3424.573041,131.006693
3424.70007,131.006693
3424.827098,131.006693
3424.954127,131.006693
3425.081156,128.950469
3425.208185,128.950469
3426.478475,137.261044
3426.605504,137.261044
3426.732532,137.261044
3426.859561,137.261044
3426.98659,141.116466
3427.113619,141.116466
3427.240648,141.116466
3427.367677,141.116466
3427.494706,141.116466
3427.621735,141.116466
3427.748764,141.373494
3427.875793,141.373494
3428.002822,141.373494
3428.129851,141.373494
3428.25688,141.373494
3428.383909,141.373494
3428.510938,141.373494
3428.6379660000002,141.373494
3428.764995,141.373494
3428.892024,141.373494
3429.019053,141.373494
3429.146082,141.373494
3429.273111,141.03079
3429.40014,141.03079
3429.527169,139.060241
3429.654198,139.060241
3429.781227,139.060241
3429.908256,139.060241
3430.035285,139.060241
3430.162314,139.060241
3430.289343,134.176707
3430.416372,134.176707
3430.5434,134.176707
3430.6704290000002,134.176707
3430.797458,134.176707
3431.432603,132.034806
3431.559632,132.034806
3431.686661,132.034806
3431.81369,132.034806
3431.940719,132.034806
3432.067748,132.034806
3432.194777,132.034806
3432.321806,132.034806
3432.448835,132.034806
3432.575863,132.034806
3432.7028920000002,130.749665
3432.829921,130.749665
3432.9569500000002,130.749665
3433.083979,130.749665
3433.211008,130.749665
3433.338037,130.749665
3433.465066,130.749665
3433.592095,130.749665
3440.578686,123.981258
3440.705715,123.981258
3440.8327440000003,123.981258
3440.959773,123.981258
3441.0868020000003,123.981258
3441.213831,123.981258
3441.3408600000002,123.981258
3441.467889,123.981258
3441.5949180000002,122.86747
3441.721947,122.86747
3441.848976,122.86747
3441.976005,122.86747
3442.103034,122.86747
3442.230062,122.86747
3442.357091,122.65328
3442.48412,122.65328
3442.6111490000003,122.65328
3442.738178,122.65328
3442.865207,122.43909
3442.992236,121.668005
3443.1192650000003,121.668005
3443.246294,121.668005
3443.3733230000003,121.668005
3443.500352,121.668005
3443.6273810000002,121.668005
3443.75441,121.668005
3443.8814390000002,121.668005
3444.008468,121.582329
3444.135496,121.582329
3444.262525,120.468541
3444.3895540000003,120.468541
3444.516583,120.468541
3444.643612,120.468541
3444.770641,120.468541
3444.8976700000003,120.468541
3445.024699,120.468541
3445.151728,120.468541
3446.294988,121.282463
3446.422017,121.325301
3446.549046,121.325301
3446.6760750000003,121.325301
3446.803104,121.325301
3446.930133,121.325301
3447.057162,122.567604
3447.1841910000003,123.124498
3447.31122,123.124498
3447.4382490000003,123.124498
3447.565278,123.124498
3447.6923070000003,123.809906
3447.819336,123.809906
3447.9463650000002,123.809906
3448.073393,123.809906
3448.200422,123.809906
3448.327451,123.809906
3448.45448,123.809906
3448.581509,123.809906
3448.708538,126.380187
3448.835567,126.380187
3448.9625960000003,126.465863
3449.089625,126.465863
3449.216654,126.465863
3449.343683,126.465863
3449.4707120000003,126.465863
3449.597741,126.465863
3449.7247700000003,126.465863
3449.851799,126.465863
3449.978827,126.465863
3450.105856,126.423025
3450.232885,125.908969
3450.359914,125.908969
3450.486943,124.195448
3450.613972,124.195448
3450.7410010000003,124.195448
3450.86803,124.195448
3450.995059,124.195448
3451.122088,124.195448
3452.138319,122.781794
3452.265348,123.167336
3452.392377,123.167336
3452.519406,123.167336
3452.646435,123.167336
3452.773464,123.167336
3452.900493,123.167336
3453.0275220000003,123.167336
3453.154551,123.167336
3453.28158,123.167336
3453.408609,123.167336
3453.5356380000003,123.167336
3453.662667,123.167336
3453.789695,122.396252
3453.916724,122.396252
3454.043753,121.625167
3454.170782,121.625167
3454.297811,121.625167
3454.42484,121.625167
3454.551869,121.625167
3454.678898,122.267738
3454.805927,122.567604
3454.932956,122.610442
3455.059985,122.610442
3455.187014,122.610442
3455.3140430000003,122.610442
3455.441072,122.610442
3455.568101,122.610442
3455.69513,122.610442
3455.822158,122.567604
3455.949187,122.567604
3456.584332,122.65328
3456.711361,122.65328
3456.83839,122.65328
3456.965419,122.65328
3457.092448,122.65328
3457.219477,122.65328
3457.346506,122.65328
3457.473535,122.65328
3457.6005640000003,122.567604
3457.727592,122.567604
3457.854621,121.410977
3457.98165,121.410977
3458.108679,121.368139
3458.235708,121.239625
3458.362737,121.196787
3458.489766,121.196787
3458.616795,121.196787
3459.505998,120.554217
3459.633026,120.554217
3459.760055,120.554217
3459.887084,120.554217
3460.014113,120.554217
3460.141142,120.554217
3460.268171,120.554217
3460.3952,120.511379
3460.522229,120.639893
3460.649258,120.639893
3460.776287,121.967871
3460.903316,121.967871
3461.030345,121.967871
3461.157374,121.967871
3461.284403,121.967871
3461.411432,121.967871
3461.53846,121.967871
3461.792518,122.610442
3461.919547,122.610442
3462.046576,122.610442
3462.173605,122.610442
3462.300634,122.610442
3462.427663,122.610442
3462.554692,122.610442
3462.681721,123.167336
3462.80875,123.167336
3462.935779,123.338688
3463.062808,123.338688
3463.189837,123.338688
3463.316866,123.338688
3463.443895,123.338688
3463.570923,123.338688
3463.697952,123.338688
3463.824981,123.338688
3463.95201,123.167336
3464.079039,123.167336
3464.206068,122.824632
3464.333097,122.824632
3464.460126,122.824632
3464.587155,122.824632
3464.714184,122.824632
3464.841213,122.824632
3464.968242,122.396252
3465.095271,122.396252
3465.2223,122.396252
3465.349329,122.396252
3465.476357,122.481928
3465.6033860000002,122.481928
3465.730415,122.481928
3465.857444,122.481928
3465.984473,122.481928
3466.111502,122.481928
3466.238531,122.481928
3466.36556,122.481928
3466.492589,122.481928
3466.619618,122.481928
3468.270994,123.167336
3468.398023,123.167336
3468.525052,123.167336
3468.652081,123.167336
3468.77911,123.253012
3468.906139,123.253012
3469.033168,123.253012
3469.160197,123.253012
3469.287225,123.253012
3469.4142540000003,123.253012
3469.541283,123.253012
3469.6683120000002,123.253012
3470.303457,123.681392
3470.430486,123.681392
3470.557515,123.681392
3470.684544,123.681392
3470.811573,123.681392
3470.938602,123.681392
3471.065631,123.681392
3471.1926590000003,123.681392
3471.319688,122.910308
3471.4467170000003,122.910308
3471.573746,122.824632
3471.7007750000002,122.824632
3471.827804,122.910308
3471.9548330000002,122.910308
3472.081862,122.910308
3472.208891,122.910308
3472.33592,122.910308
3472.462949,122.910308
3472.589978,122.910308
3472.717007,122.910308
3472.844036,122.910308
3472.971065,122.910308
3473.098094,122.053548
3473.225122,122.053548
3473.352151,121.239625
3473.4791800000003,121.239625
3473.606209,121.111111
3473.7332380000003,121.111111
3473.860267,121.111111
3475.003528,120.896921
3475.130556,120.939759
3475.2575850000003,120.939759
3475.384614,120.939759
3475.511643,120.939759
3475.638672,120.939759
3475.7657010000003,120.939759
3475.89273,120.939759
3476.0197590000002,120.939759
3476.146788,120.939759
3476.2738170000002,120.939759
3476.400846,120.939759
3476.527875,120.939759
3476.654904,120.939759
3477.0359900000003,118.11245
3477.163019,118.11245
3477.290048,118.11245
3477.417077,118.11245
3477.5441060000003,118.11245
3477.671135,118.11245
3477.798164,118.11245
3477.925193,118.11245
3478.0522220000003,118.54083
3478.179251,118.54083
3478.3062800000002,118.54083
3478.433309,118.54083
3478.5603380000002,118.54083
3478.687367,118.54083
3478.814396,118.54083
3478.941424,118.54083
3479.068453,118.54083
3479.195482,118.54083
3479.3225110000003,118.54083
3479.44954,118.54083
3479.576569,118.54083
3479.703598,199.933066
3479.8306270000003,210.0
3479.957656,210.0
3480.0846850000003,210.0
3480.211714,210.0
3480.3387430000002,210.0
3480.465772,210.0
3480.5928010000002,210.0
3480.71983,210.0
3480.846859,168.48996
3481.1009160000003,118.797858
3481.227945,118.797858
3481.86309,120.639893
3481.990119,120.682731
3482.1171480000003,120.682731
3482.244177,120.682731
3482.3712060000003,120.682731
3482.498235,120.682731
3482.6252640000002,120.682731
3482.752293,120.682731
3482.879321,121.153949
3483.00635,121.153949
3483.133379,121.153949
3483.260408,121.153949
3483.3874370000003,121.153949
3483.514466,122.824632
3483.641495,122.824632
3483.768524,122.824632
3483.8955530000003,122.824632
3484.022582,122.824632
3484.149611,122.824632
3484.27664,123.681392
3484.4036690000003,123.681392
3484.530698,124.195448
3484.6577270000002,124.195448
3484.784755,124.195448
3484.911784,124.195448
3485.038813,124.195448
3485.165842,124.195448
3485.292871,124.195448
3485.4199,124.195448
3485.546929,124.195448
3485.6739580000003,124.195448
3485.800987,124.195448
3485.928016,124.195448
3486.055045,124.195448
3486.1820740000003,124.195448
3486.563161,126.380187
3486.690189,126.380187
3486.817218,126.380187
3486.944247,126.380187
3487.071276,126.380187
3487.198305,126.380187
3487.325334,126.380187
3487.452363,126.380187
3487.579392,126.294511
3487.706421,126.294511
3487.83345,126.208835
3487.9604790000003,126.208835
3488.087508,126.294511
3488.214537,126.294511
3488.341566,126.722892
3488.4685950000003,126.722892
3488.595624,126.722892
3488.722652,126.722892
3488.849681,126.722892
3488.97671,126.722892
3489.103739,126.722892
3489.230768,126.722892
3489.357797,126.722892
3489.484826,126.722892
3489.611855,126.380187
3489.7388840000003,126.380187
3489.865913,126.380187
3489.992942,126.380187
3490.119971,126.380187
3490.2470000000003,126.380187
3490.374029,125.951807
3490.501058,125.951807
3490.755115,124.195448
3490.882144,124.195448
3491.009173,124.195448
3491.771347,122.481928
3491.898376,122.481928
3492.0254050000003,122.481928
3492.152434,122.481928
3492.279463,122.481928
3492.406492,122.481928
3492.53352,122.481928
3492.660549,122.182062
3492.787578,122.182062
3492.914607,122.182062
3493.041636,122.182062
3493.168665,122.182062
3493.295694,122.182062
3493.422723,122.182062
3493.549752,122.182062
3493.676781,122.01071
3493.80381,122.01071
3494.184897,122.267738
3494.3119260000003,122.267738
3494.438954,122.267738
3494.565983,122.267738
3494.693012,122.267738
3494.820041,122.267738
3494.94707,122.267738
3495.074099,122.267738
3495.455186,122.353414
3495.582215,122.353414
3495.709244,122.43909
3495.836273,122.43909
3495.963302,122.524766
3496.090331,122.524766
3496.21736,122.610442
3496.344389,122.610442
3496.471417,122.610442
3496.598446,122.610442
3496.725475,122.610442
3496.852504,122.610442
3496.979533,122.610442
3497.106562,122.610442
3499.266054,122.353414
3499.393083,122.353414
3499.520112,122.353414
3499.647141,122.353414
3499.77417,122.353414
3499.901199,122.353414
3500.028228,122.353414
3500.155257,122.353414
3500.2822850000002,122.353414
3500.409314,122.353414
3500.536343,122.610442
3500.663372,122.610442
3500.790401,122.610442
3500.91743,122.610442
3501.044459,122.610442
3501.171488,122.610442
3501.298517,122.610442
3501.425546,122.610442
3501.552575,122.610442
3501.679604,122.610442
3501.806633,122.524766
3501.933662,122.524766
3505.490472,140.859438
3505.617501,140.859438
3505.74453,140.945114
3505.871559,140.945114
3505.998588,140.945114
3506.1256160000003,140.945114
3506.252645,140.945114
3506.3796740000003,140.945114
3506.506703,140.945114
3506.6337320000002,140.945114
3506.760761,140.945114
3506.88779,140.945114
3507.014819,134.176707
3507.141848,134.176707
3507.268877,131.092369
3507.395906,131.092369
3507.522935,131.092369
3507.649964,131.006693
3507.776993,131.006693
3507.904022,126.294511
3508.03105,126.294511
3508.158079,126.294511
3508.285108,126.294511
3508.4121370000003,126.208835
3508.539166,126.208835
3508.6661950000002,122.524766
3508.793224,122.524766
3508.9202530000002,121.925033
3509.047282,121.925033
3509.174311,121.925033
3509.30134,121.925033
3509.428369,121.925033
3509.555398,121.925033
3509.682427,121.839357
3509.809456,121.839357
3509.936484,120.468541
3510.063513,120.468541
3510.1905420000003,120.468541
3510.317571,120.468541
3510.4446000000003,120.468541
3510.571629,120.468541
3510.6986580000003,120.468541
3510.825687,120.468541
3510.9527160000002,121.153949
3511.079745,121.153949
3511.206774,121.153949
3511.333803,121.153949
3511.460832,121.496653
3511.587861,121.496653
3511.71489,121.496653
3511.841918,121.496653
3511.9689470000003,121.496653
3512.095976,121.496653
3512.223005,121.496653
3512.350034,121.496653
3512.4770630000003,121.239625
3512.604092,121.196787
3512.7311210000003,120.982597
3512.85815,120.982597
3512.9851790000002,120.982597
3513.112208,120.982597
3513.2392370000002,120.982597
3513.366266,120.982597
3513.493295,120.982597
3513.620324,120.982597
3514.2554680000003,122.696118
3514.382497,122.696118
3514.509526,122.953146
3514.636555,122.953146
3514.7635840000003,122.953146
3514.890613,122.953146
3515.0176420000003,122.953146
3515.144671,122.953146
3515.2717000000002,122.953146
3515.398729,122.953146
3515.525758,122.953146
3515.652787,122.953146
3515.779815,122.953146
3515.906844,122.953146
3516.0338730000003,122.953146
3516.160902,122.953146
3516.287931,122.953146
3516.41496,122.953146
3516.5419890000003,122.953146
3516.669018,122.953146
3517.3041630000002,121.839357
3517.431192,121.839357
3517.5582210000002,121.839357
3517.685249,121.839357
3517.812278,121.839357
3517.939307,121.839357
3518.066336,121.839357
3518.193365,121.796519
3518.3203940000003,121.410977
3518.447423,121.410977
3518.574452,121.410977
3518.701481,121.410977
3518.8285100000003,121.410977
3518.955539,121.368139
3519.0825680000003,121.368139
3519.209597,121.368139
3519.3366260000003,121.368139
3519.463655,121.368139
3519.590683,121.282463
3519.717712,121.282463
3521.496118,120.468541
3521.623146,120.768407
3521.750175,120.811245
3521.877204,120.811245
3522.004233,120.811245
3522.131262,120.811245
3522.258291,120.811245
3522.3853200000003,120.811245
3522.512349,120.811245
3522.639378,121.882195
3522.766407,121.882195
3522.8934360000003,121.882195
3523.020465,121.882195
3523.147494,121.882195
3523.274523,122.01071
3523.4015520000003,122.053548
3523.52858,122.096386
3523.655609,122.396252
3523.782638,122.396252
3523.909667,122.396252
3524.036696,122.396252
3524.163725,122.396252
3524.290754,122.396252
3524.417783,122.396252
3524.544812,122.396252
3524.6718410000003,121.882195
3524.79887,121.882195
3524.925899,121.882195
3525.052928,121.925033
3525.1799570000003,122.053548
3525.306986,122.096386
3525.434014,122.396252
3525.561043,122.396252
3525.688072,122.396252
3525.815101,122.396252
3525.94213,122.396252
3526.069159,122.396252
3526.196188,122.396252
3526.323217,122.396252
3526.450246,122.2249
3526.577275,122.2249
3526.9583620000003,121.282463
3527.085391,121.325301
3527.21242,121.368139
3527.339448,121.368139
3527.466477,121.368139
3527.593506,121.368139
3527.720535,121.368139
3527.847564,121.368139
3527.974593,121.368139
3528.101622,121.368139
3528.736767,121.882195
3528.863796,121.882195
3528.990825,121.882195
3529.117854,121.882195
3529.2448830000003,122.053548
3529.371911,122.053548
3529.49894,122.2249
3529.625969,122.2249
3529.752998,122.2249
3529.880027,122.2249
3530.007056,122.2249
3530.134085,122.2249
3530.261114,122.2249
3530.388143,122.2249
3530.515172,122.2249
3530.642201,122.2249
3530.76923,122.2249
3530.896259,122.2249
3531.0232880000003,121.625167
3531.150317,121.625167
3531.277345,121.625167
3531.404374,121.625167
3531.531403,121.625167
3531.658432,121.625167
3531.785461,120.682731
3531.91249,120.682731
3532.039519,120.682731
3532.166548,120.682731
3532.293577,120.682731
3532.420606,120.682731
3532.547635,120.682731
3532.674664,120.682731
3532.801693,120.682731
3532.928722,120.682731
3533.817924,121.710843
3533.944953,121.710843
3534.071982,122.567604
3534.199011,122.567604
3534.32604,122.567604
3534.453069,122.567604
3534.580098,122.567604
3534.707127,122.567604
3534.834156,122.65328
3534.961185,122.65328
3535.088213,122.738956
3535.215242,122.738956
3535.342271,122.738956
3535.4693,122.738956
3535.596329,122.738956
3535.723358,122.738956
3535.850387,122.738956
3535.977416,122.738956
3537.374734,173.544846
3537.501763,207.044177
3537.628792,207.044177
3537.755821,207.044177
3537.88285,207.044177
3538.009879,207.044177
3538.136908,207.044177
3538.263937,207.044177
3538.390966,181.68407
3538.517995,163.349398
3538.645024,122.567604
3538.772053,122.567604
3538.899082,122.824632
3539.0261100000002,122.824632
3539.153139,122.824632
3539.2801680000002,122.824632
3539.407197,123.253012
3539.534226,123.253012
3539.661255,123.253012
3539.788284,123.253012
3539.915313,123.253012
3540.042342,123.253012
3540.169371,123.253012
3540.2964,123.253012
3540.423429,123.253012
3540.550458,123.253012
3540.677487,123.167336
3540.804516,123.167336
3541.185602,123.338688
3541.3126310000002,123.338688
3541.43966,123.595716
3541.566689,123.595716
3541.693718,123.681392
3541.820747,123.681392
3541.947776,123.681392
3542.074805,123.681392
3542.201834,123.681392
3542.328863,123.681392
3542.455892,123.681392
3542.582921,123.681392
3542.70995,123.681392
3542.8369780000003,123.681392
3542.964007,123.681392
3543.0910360000003,123.681392
3543.218065,123.595716
3543.3450940000002,123.595716
3543.472123,123.338688
3543.5991520000002,123.338688
3543.726181,123.338688
3543.85321,123.338688
3543.980239,123.338688
3544.107268,123.338688
3546.26676,123.338688
3546.393789,123.338688
3546.520818,123.338688
3546.647847,123.338688
3546.774875,123.338688
3546.9019040000003,123.338688
3547.028933,123.338688
3547.155962,123.338688
3547.282991,123.253012
3547.4100200000003,123.253012
3547.537049,123.167336
3547.6640780000002,123.167336
3548.807338,123.93842
3548.934367,123.93842
3549.061396,123.93842
3549.1884250000003,123.93842
3549.315454,123.93842
3549.4424830000003,123.93842
3549.569512,123.93842
3549.6965410000003,123.93842
3549.82357,123.93842
3549.9505990000002,123.93842
3550.077628,123.93842
3550.204657,123.93842
3550.331686,123.93842
3550.458715,123.93842
3550.585743,123.681392
3550.712772,123.681392
3550.839801,123.51004
3550.9668300000003,123.51004
3551.856033,122.396252
3551.9830620000002,122.396252
3552.110091,122.396252
3552.2371200000002,122.396252
3552.364149,122.396252
3552.491177,122.396252
3552.618206,122.396252
3552.7452350000003,122.353414
3552.872264,122.2249
3553.126322,121.325301
3553.2533510000003,121.325301
3553.38038,121.325301
3553.507409,121.325301
3553.634438,121.325301
3553.7614670000003,121.325301
3553.888496,121.325301
3554.0155250000003,121.325301
3554.142554,120.639893
3554.2695830000002,120.639893
3554.904727,118.797858
3555.0317560000003,118.797858
3555.158785,118.797858
3555.285814,118.797858
3555.412843,118.797858
3555.5398720000003,118.797858
3555.666901,118.797858
3555.79393,118.626506
3555.920959,118.583668
3556.0479880000003,118.583668
3556.175017,118.583668
3556.3020460000002,118.583668
3556.429074,118.583668
3556.556103,118.583668
3556.683132,118.583668
3559.6047980000003,121.282463
3559.731827,121.410977
3559.858856,121.410977
3559.985885,121.410977
3560.1129140000003,121.410977
3560.239942,121.410977
3560.366971,121.410977
3560.494,121.410977
3560.621029,121.410977
3560.748058,121.753681
3560.875087,121.753681
3561.002116,121.753681
3561.129145,121.753681
3561.256174,121.753681
3561.3832030000003,121.753681
3561.510232,122.86747
3561.637261,122.86747
3561.76429,122.86747
3561.8913190000003,122.86747
3562.018348,122.86747
3562.145377,122.86747
3562.272405,122.86747
3562.399434,122.86747
3562.526463,124.195448
3562.653492,124.195448
3562.780521,124.195448
3562.90755,124.195448
3563.034579,124.195448
3563.161608,124.195448
3563.288637,124.195448
3563.415666,124.195448
3563.542695,126.123159
3563.6697240000003,126.123159
3563.796753,126.123159
3563.923782,126.123159
3564.050811,126.123159
3564.177839,126.123159
3564.304868,127.4083
3564.431897,127.4083
3564.558926,127.4083
3564.685955,127.4083
3564.812984,127.4083
3564.940013,127.4083
3565.067042,127.4083
3565.194071,127.4083
3567.226534,131.606426
3567.353563,131.606426
3567.480592,132.463186
3567.607621,132.463186
3567.73465,132.463186
3567.861679,132.463186
3567.988707,132.463186
3568.115736,132.463186
3568.242765,132.463186
3568.369794,132.463186
3569.004939,136.91834
3569.131968,136.91834
3569.258997,137.004016
3569.386026,137.004016
3569.513055,137.004016
3569.640084,137.004016
3569.767113,137.004016
3569.894142,137.004016
3570.02117,137.004016
3570.148199,137.004016
3570.275228,137.603748
3570.402257,137.603748
3570.529286,137.603748
3570.656315,137.603748
3570.783344,137.603748
3570.910373,137.603748
3571.037402,137.603748
3571.164431,137.603748
3572.053633,137.689424
3572.180662,137.689424
3572.307691,137.689424
3572.43472,137.689424
3572.561749,137.689424
3572.688778,137.689424
3572.815807,137.689424
3572.942836,137.689424
3574.84827,137.689424
3574.975299,137.689424
3575.102328,137.689424
3575.229357,137.689424
3575.356386,137.689424
3575.483415,137.689424
3575.610444,137.689424
3575.7374720000003,137.689424
3575.864501,137.603748
3575.9915300000002,137.603748
3576.118559,137.603748
3576.245588,137.603748
3576.372617,137.603748
3576.499646,137.603748
3576.626675,137.603748
3576.753704,137.603748
3576.880733,137.518072
3577.007762,137.518072
3577.134791,136.48996
3577.26182,136.48996
3577.388849,136.48996
3577.515878,136.48996
3577.642906,133.919679
3577.7699350000003,133.919679
3577.896964,133.919679
3578.0239930000002,133.919679
3578.151022,133.919679
3578.2780510000002,133.919679
3578.40508,133.919679
3578.532109,133.919679
3578.659138,131.263722
3578.786167,131.263722
3582.978122,137.261044
3583.105151,137.261044
3583.23218,137.261044
3583.359209,137.261044
3583.486237,137.261044
3583.6132660000003,137.261044
3583.740295,137.261044
3583.867324,137.261044
3583.994353,134.305221
3584.1213820000003,134.305221
3584.248411,139.145917
3584.3754400000003,139.145917
3584.502469,139.145917
3584.6294980000002,139.145917
3584.756527,139.145917
3584.883556,139.145917
3585.010585,139.145917
3585.137614,139.145917
3585.264643,139.145917
3585.3916710000003,139.145917
3585.5187,139.145917
3585.645729,139.145917
3585.772758,137.432396
3585.8997870000003,137.432396
3586.026816,137.56091
3586.153845,137.56091
3586.280874,137.56091
3586.4079030000003,137.56091
3586.534932,137.56091
3586.6619610000002,137.56091
3586.78899,137.56091
3586.9160190000002,137.56091
3587.043048,137.004016
3587.805221,132.506024
3587.93225,132.506024
3588.059279,132.506024
3588.1863080000003,132.506024
3588.313337,132.506024
3588.4403660000003,132.506024
3588.567395,132.506024
3588.6944240000003,132.506024
3588.821453,131.991968
3588.9484820000002,131.991968
3590.599858,129.121821
3590.7268870000003,129.121821
3590.853916,129.121821
3590.9809450000002,129.121821
3591.107974,129.121821
3591.235002,129.121821
3591.362031,129.121821
3591.48906,129.121821
3591.616089,129.121821
3591.7431180000003,129.121821
3591.870147,129.121821
3591.997176,129.121821
3592.124205,126.123159
3592.2512340000003,126.123159
3592.378263,126.123159
3592.505292,126.123159
3592.632321,126.080321
3592.7593500000003,126.080321
3592.886379,126.080321
3593.0134080000003,126.080321
3593.140436,126.080321
3593.267465,126.080321
3593.394494,126.080321
3594.5377550000003,189.866131
3594.664784,198.862115
3594.791813,203.917001
3594.918842,203.917001
3595.0458710000003,203.917001
3595.172899,203.917001
3595.299928,203.917001
3595.426957,203.917001
3595.553986,203.917001
3595.681015,203.917001
3595.808044,125.908969
3595.935073,125.908969
3596.062102,125.908969
3596.189131,125.908969
3596.3161600000003,125.908969
3596.443189,125.908969
3596.570218,127.793842
3596.697247,127.793842
3596.8242760000003,127.793842
3596.951305,127.793842
3597.078333,127.793842
3597.205362,127.793842
3597.332391,127.793842
3597.45942,127.793842
3597.586449,128.69344
3597.713478,130.963855
3597.840507,130.963855
3597.967536,130.963855
3598.094565,130.963855
3598.221594,130.963855
3598.348623,130.963855
3598.475652,130.963855
3598.6026810000003,130.963855
3598.72971,128.864793
3598.856739,128.864793
3598.983767,128.864793
3599.110796,128.864793
3599.237825,128.864793
3599.364854,128.864793
3599.491883,124.195448
3599.618912,124.195448
3599.745941,124.195448
3599.87297,124.195448
3599.999999,124.195448
3600.127028,124.195448
3600.254057,124.195448
3600.3810860000003,123.93842
3600.508115,123.93842
3600.635144,123.93842
3600.762173,123.93842
3601.397317,123.681392
3601.524346,123.681392
3601.651375,123.681392
3601.778404,123.681392
3601.905433,123.681392
3602.032462,123.681392
3602.159491,123.681392
3602.28652,123.681392
3602.413549,123.08166
3602.540578,123.08166
3602.6676070000003,123.08166
3602.794636,123.08166
3602.921664,127.708166
3603.048693,132.763052
3603.175722,132.763052
3603.302751,132.763052
3603.42978,132.763052
3603.556809,132.763052
3603.683838,132.763052
3603.810867,133.362784
3603.937896,133.362784
3604.064925,137.817938
3604.191954,137.817938
3604.318983,138.846051
3604.446012,139.145917
3604.573041,139.145917
3604.70007,139.145917
3604.827098,139.145917
3604.954127,139.145917
3605.081156,139.145917
3605.208185,139.145917
3605.335214,139.145917
3605.462243,139.145917
3605.589272,139.145917
3605.716301,141.330656
3605.84333,141.330656
3605.970359,143.129853
3606.097388,143.129853
3606.224417,143.129853
3606.351446,143.129853
3606.478475,143.129853
3606.605504,143.129853
3606.732532,143.129853
3606.859561,143.129853
3606.98659,143.129853
3607.113619,143.129853
3607.240648,138.503347
3620.1976,143.087015
3620.3246280000003,143.129853
3620.451657,143.129853
3620.578686,143.129853
3620.705715,143.129853
3620.8327440000003,143.129853
3620.959773,143.129853
3621.0868020000003,143.129853
3621.213831,141.116466
3621.3408600000002,141.116466
3621.467889,141.116466
3621.5949180000002,141.116466
3621.721947,141.116466
3621.848976,141.159304
3621.976005,141.159304
3622.103034,141.159304
3622.230062,141.159304
3622.357091,141.159304
3622.48412,141.159304
3622.6111490000003,141.159304
3622.738178,141.116466
3622.865207,141.116466
3622.992236,138.331995
3623.1192650000003,138.331995
3623.246294,138.331995
3623.3733230000003,138.331995
3623.500352,138.032129
3624.3895540000003,133.662651
3624.516583,133.662651
3624.643612,133.662651
3624.770641,133.662651
3624.8976700000003,133.662651
3625.024699,133.662651
3625.151728,133.662651
3625.278757,133.662651
3625.4057860000003,129.121821
3625.532815,129.121821
3625.6598440000002,129.121821
3625.786873,129.121821
3625.9139020000002,129.121821
3626.04093,129.121821
3626.167959,129.121821
3626.294988,129.121821
3626.422017,127.665328
3626.6760750000003,122.953146
3626.803104,122.953146
3626.930133,122.953146
3630.359914,122.781794
3630.486943,122.781794
3630.613972,122.86747
3630.7410010000003,122.86747
3630.86803,122.86747
3630.995059,122.86747
3631.122088,122.86747
3631.2491170000003,122.86747
3631.376146,122.86747
3631.503175,122.86747
3631.630204,122.86747
3631.7572330000003,122.86747
3631.884261,122.86747
3632.01129,122.86747
3632.138319,122.86747
3632.265348,122.86747
3632.392377,122.86747
3632.519406,122.86747
3632.646435,122.86747
3632.773464,122.86747
3632.900493,122.86747
3633.0275220000003,122.86747
3633.154551,122.86747
3633.28158,122.86747
3633.408609,122.86747
3633.5356380000003,122.86747
3633.662667,127.151272
3633.789695,127.151272
3633.916724,127.151272
3634.043753,127.151272
3634.170782,127.151272
3634.297811,127.151272
3634.42484,127.579652
3634.551869,127.579652
3634.678898,127.922356
3634.805927,132.463186
3634.932956,132.463186
3635.059985,132.548862
3635.187014,132.548862
3635.3140430000003,132.548862
3635.441072,132.548862
3635.568101,132.548862
3635.69513,132.548862
3635.822158,132.548862
3635.949187,132.548862
3636.076216,132.463186
3636.203245,132.463186
3636.330274,131.178046
3636.457303,131.178046
3636.584332,131.178046
3636.711361,131.178046
3636.83839,131.178046
3636.965419,131.178046
3637.0924480000003,128.69344
3637.219477,128.69344
3637.346506,128.69344
3637.473535,128.69344
3637.6005640000003,127.751004
3637.727592,127.751004
3637.854621,127.665328
3637.98165,122.353414
3638.108679,122.353414
3638.235708,122.353414
3638.362737,122.353414
3638.489766,122.353414
3638.616795,122.353414
3641.792518,121.068273
3641.919547,121.068273
3642.046576,121.068273
3642.173605,121.068273
3642.300634,121.068273
3642.427663,121.068273
3642.554692,122.43909
3642.681721,122.43909
3642.80875,122.43909
3642.935779,122.43909
3643.062808,122.43909
3643.189837,122.43909
3643.316866,122.43909
3643.4438950000003,122.43909
3643.824981,120.811245
3643.95201,120.811245
3644.079039,120.811245
3644.206068,120.811245
3644.333097,120.811245
3644.460126,120.811245
3644.587155,120.811245
3644.714184,120.811245
3644.841213,118.797858
3644.968242,118.797858
3645.095271,118.797858
3645.2223,118.797858
3645.349329,118.797858
3645.476357,118.797858
3645.6033860000002,120.639893
3645.730415,120.639893
3645.857444,120.639893
3645.984473,120.639893
3646.111502,120.639893
3646.238531,120.639893
3646.36556,120.639893
3646.492589,120.639893
3646.619618,121.325301
3646.746647,121.325301
3646.873676,121.410977
3647.000705,121.410977
3647.127734,121.410977
3647.254763,121.410977
3647.381791,121.410977
3647.50882,121.410977
3647.6358490000002,121.410977
3647.762878,121.410977
3647.889907,121.410977
3648.016936,121.410977
3648.143965,121.325301
3648.270994,121.325301
3648.398023,120.639893
3648.525052,120.639893
3648.652081,120.639893
3648.77911,120.639893
3648.906139,120.639893
3649.033168,120.639893
3649.160197,121.839357
3649.287225,121.839357
3649.4142540000003,121.839357
3649.541283,121.839357
3649.668312,122.182062
3649.795341,122.182062
3649.9223700000002,122.86747
3650.049399,122.86747
3650.176428,122.86747
3650.303457,122.86747
3650.430486,122.86747
3650.557515,196.891566
3650.684544,207.087015
3650.811573,208.072289
3650.938602,208.072289
3651.065631,208.072289
3651.1926590000003,208.072289
3651.319688,208.072289
3651.446717,208.072289
3651.573746,208.072289
3651.7007750000002,208.029451
3651.827804,123.124498
3651.9548330000002,123.124498
3652.081862,123.124498
3652.208891,123.124498
3652.33592,123.124498
3652.462949,123.124498
3652.589978,123.124498
3652.717007,122.953146
3652.844036,122.953146
3652.971065,122.953146
3653.098094,122.953146
3653.225122,122.953146
3653.352151,122.953146
3653.4791800000003,122.781794
3653.606209,122.781794
3653.733238,122.696118
3653.860267,122.696118
3653.9872960000002,122.696118
3654.114325,122.696118
3654.2413540000002,122.953146
3654.368383,122.953146
3654.495412,122.953146
3654.622441,122.953146
3654.74947,122.953146
3654.876499,122.953146
3655.003528,122.953146
3655.130556,122.953146
3655.2575850000003,122.953146
3655.384614,122.910308
3655.511643,122.86747
3655.638672,122.096386
3655.7657010000003,122.096386
3655.89273,122.096386
3656.019759,122.096386
3656.146788,122.096386
3656.2738170000002,121.196787
3656.400846,121.239625
3656.527875,122.396252
3656.654904,122.396252
3656.781933,122.396252
3656.908962,122.396252
3657.0359900000003,122.396252
3657.163019,122.396252
3657.290048,122.567604
3657.417077,122.567604
3657.5441060000003,122.567604
3657.671135,122.567604
3657.798164,122.567604
3657.925193,122.567604
3658.0522220000003,122.567604
3658.179251,122.567604
3658.941424,131.477912
3659.068453,131.477912
3659.195482,131.649264
3659.3225110000003,131.649264
3659.44954,131.649264
3659.576569,131.649264
3659.703598,131.649264
3659.8306270000003,131.649264
3659.957656,131.649264
3660.084685,131.649264
3660.211714,131.649264
3660.3387430000002,131.649264
3660.465772,127.451138
3661.1009160000003,123.08166
3661.227945,123.08166
3661.354974,123.08166
3661.482003,123.08166
3661.6090320000003,123.08166
3661.736061,123.08166
3661.86309,123.08166
3661.990119,123.08166
3662.1171480000003,122.396252
3662.244177,122.396252
3662.371206,122.396252
3662.498235,122.396252
3662.6252640000002,121.882195
3662.752293,121.882195
3662.8793210000003,121.111111
3663.00635,121.111111
3663.133379,118.455154
3663.260408,118.455154
3663.3874370000003,118.455154
3663.514466,118.455154
3663.641495,116.998661
3663.768524,116.998661
3663.8955530000003,116.998661
3664.022582,116.955823
3665.6739580000003,117.941098
3665.800987,117.983936
3665.928016,117.983936
3666.055045,117.983936
3666.1820740000003,117.983936
3666.309103,117.983936
3666.436132,117.983936
3666.563161,117.983936
3666.690189,118.797858
3666.817218,118.797858
3666.944247,118.797858
3667.071276,118.797858
3667.198305,118.797858
3667.325334,118.797858
3667.4523630000003,118.797858
3667.579392,118.797858
3667.706421,120.597055
3667.83345,120.597055
3667.9604790000003,120.854083
3668.087508,120.854083
3668.214537,120.854083
3668.341566,120.854083
3668.4685950000003,120.854083
3668.595624,120.854083
3668.722652,122.65328
3668.849681,122.65328
3668.97671,122.65328
3669.103739,122.65328
3669.2307680000004,126.251673
3669.357797,128.307898
3669.484826,128.307898
3669.611855,128.307898
3669.7388840000003,128.307898
3669.865913,128.307898
3669.992942,128.307898
3670.119971,128.307898
3670.2470000000003,128.307898
3670.374029,123.93842
3670.501058,123.93842
3670.628086,123.93842
3670.755115,123.93842
3670.882144,123.93842
3671.009173,122.481928
3671.136202,122.481928
3671.39026,117.255689
3671.5172890000003,117.255689
3671.644318,117.598394
3671.771347,117.598394
3671.898376,117.598394
3672.0254050000003,117.598394
3672.152434,117.598394
3672.279463,117.598394
3672.406492,117.598394
3672.53352,116.912985
3672.660549,116.912985
3672.787578,116.912985
3672.914607,115.970549
3673.041636,115.970549
3673.168665,115.970549
3673.295694,115.970549
3673.422723,115.970549
3673.549752,115.970549
3673.676781,115.970549
3673.8038100000003,115.970549
3673.930839,115.970549
3674.057868,115.970549
3674.184897,115.970549
3674.3119260000003,115.970549
3674.438954,117.341365
3674.565983,117.341365
3674.693012,117.341365
3674.820041,117.341365
3674.94707,117.341365
3675.074099,117.341365
3675.201128,117.341365
3675.328157,118.369478
3675.455186,118.369478
3675.582215,118.369478
3675.709244,118.369478
3675.836273,118.369478
3675.963302,118.369478
3676.0903310000003,118.369478
3676.21736,118.369478
3676.979533,118.455154
3677.106562,118.455154
3677.233591,118.455154
3677.36062,118.455154
3677.487649,118.455154
3677.614678,118.54083
3677.741707,118.54083
3677.8687360000004,118.626506
3677.995765,118.626506
3678.122794,118.626506
3678.249823,118.626506
3678.376851,118.626506
3678.50388,118.626506
3678.630909,118.626506
3678.757938,118.626506
3678.884967,118.54083
3679.011996,118.54083
3679.139025,118.11245
3679.266054,118.11245
3679.393083,118.11245
3679.520112,118.11245
3679.647141,118.11245
3679.77417,118.11245
3679.901199,118.11245
3680.028228,118.11245
3680.1552570000003,118.11245
3680.2822850000002,118.11245
3680.409314,118.11245
3680.536343,118.11245
3680.663372,118.11245
3680.790401,118.069612
3680.91743,109.202142
3681.044459,109.202142
3681.171488,109.202142
3681.298517,112.200803
3681.425546,112.200803
3681.552575,112.629183
3681.679604,112.629183
3681.806633,112.629183
3681.933662,112.629183
3682.060691,112.629183
3682.187719,112.629183
3682.3147480000002,112.886212
3682.441777,112.886212
3682.568806,113.057564
3682.695835,113.057564
3682.822864,113.057564
3682.949893,113.057564
3683.076922,113.057564
3683.203951,113.057564
3683.33098,113.057564
3683.458009,113.057564
3685.617501,112.714859
3685.74453,112.714859
3685.871559,112.714859
3685.998588,112.714859
3686.1256160000003,112.714859
3686.252645,112.714859
3686.379674,112.714859
3686.506703,112.714859
3686.6337320000002,112.800535
3686.760761,112.800535
3686.88779,112.800535
3687.014819,112.800535
3687.141848,112.800535
3687.268877,112.800535
3687.395906,112.800535
3687.522935,112.800535
3687.649964,112.629183
3687.776993,112.629183
3687.904022,112.629183
3688.03105,112.629183
3688.158079,112.629183
3688.285108,112.629183
3688.4121370000003,112.629183
3688.539166,112.629183
3688.666195,113.914324
3688.793224,113.914324
3688.9202530000002,113.914324
3689.047282,113.914324
3689.174311,115.756359
3689.30134,115.799197
3689.428369,116.270415
3689.555398,116.313253
3689.682427,116.613119
3689.809456,116.655957
3689.936484,116.655957
3690.063513,116.655957
3690.1905420000003,117.555556
3690.317571,120.554217
3690.4446,120.597055
3690.571629,120.639893
3690.6986580000003,120.639893
3690.825687,120.639893
3690.9527160000002,120.639893
3691.079745,120.639893
3691.206774,120.639893
3691.333803,120.639893
3691.460832,120.639893
3691.587861,120.639893
3691.71489,120.639893
3691.841918,118.797858
3691.9689470000003,118.797858
3692.095976,118.797858
3692.223005,118.797858
3692.350034,123.809906
3692.4770630000003,123.809906
3692.604092,123.809906
3692.731121,123.809906
3692.85815,127.19411
3692.9851790000002,127.579652
3693.112208,127.965194
3693.2392370000002,127.965194
3693.366266,127.965194
3693.493295,127.965194
3693.620324,127.965194
3693.747353,127.965194
3693.874381,127.965194
3694.00141,125.866131
3694.128439,124.195448
3694.2554680000003,124.195448
3694.382497,124.195448
3694.509526,124.195448
3694.636555,121.325301
3694.7635840000003,121.325301
3694.890613,121.925033
3695.017642,121.925033
3695.144671,121.925033
3695.2717000000002,121.925033
3695.398729,121.925033
3695.525758,121.925033
3695.652787,121.925033
3695.779815,121.925033
3695.906844,121.925033
3696.0338730000003,121.925033
3696.160902,123.381526
3696.287931,123.381526
3696.41496,123.381526
3696.5419890000003,123.381526
3696.669018,123.381526
3696.796047,123.381526
3696.923076,123.381526
3697.0501050000003,123.381526
3697.177134,122.953146
3697.304163,122.953146
3698.193365,124.195448
3698.3203940000003,124.195448
3698.447423,124.195448
3698.574452,124.195448
3698.701481,124.195448
3698.8285100000003,124.195448
3698.955539,127.151272
3699.082568,132.034806
3699.209597,132.034806
3699.3366260000003,132.291834
3699.463655,132.291834
3699.5906830000004,132.291834
3699.717712,132.291834
3699.844741,132.291834
3699.97177,132.291834
3700.0987990000003,132.291834
3700.225828,132.291834
3700.352857,132.291834
3700.479886,132.291834
3700.6069150000003,132.291834
3700.733944,132.291834
3700.860973,124.195448
3700.988002,118.797858
3701.1150310000003,118.797858
3701.24206,118.797858
3701.369089,118.797858
3701.496118,118.797858
3701.623146,118.797858
3701.750175,122.182062
3701.8772040000003,122.182062
3702.004233,124.066934
3702.131262,124.066934
3702.258291,124.066934
3702.3853200000003,124.066934
3702.512349,124.066934
3702.639378,124.066934
3702.766407,124.066934
3702.8934360000003,124.066934
3704.290754,127.108434
3704.417783,129.121821
3704.544812,129.121821
3704.6718410000003,129.121821
3704.79887,129.121821
3704.925899,129.121821
3705.052928,129.121821
3705.1799570000003,129.121821
3705.306986,129.121821
3705.434014,129.121821
3705.561043,129.121821
3705.688072,128.950469
3705.815101,128.950469
3705.94213,128.950469
3706.069159,128.950469
3710.134085,116.099063
3710.261114,116.099063
3710.388143,116.099063
3710.5151720000003,116.099063
3710.642201,116.099063
3710.76923,116.099063
3710.896259,116.099063
3711.0232880000003,116.099063
3711.150317,116.099063
3711.277345,116.099063
3711.404374,116.099063
3711.531403,116.099063
3711.658432,116.099063
3711.785461,116.099063
3711.91249,116.099063
3712.039519,116.099063
3712.166548,116.099063
3712.293577,116.099063
3712.420606,116.099063
3712.547635,116.099063
3712.674664,116.099063
3712.8016930000003,117.512718
3712.928722,117.555556
3713.055751,117.555556
3713.182779,117.555556
3713.309808,117.555556
3713.436837,118.797858
3713.563866,118.797858
3713.690895,118.797858
3713.817924,118.797858
3713.944953,120.639893
3714.071982,120.639893
3714.199011,120.725569
3714.32604,120.725569
3714.453069,122.43909
3714.580098,122.43909
3714.707127,122.43909
3714.834156,122.43909
3714.961185,122.43909
3715.088213,122.43909
3715.215242,122.43909
3715.342271,122.43909
3715.4693,122.43909
3715.596329,122.43909
3715.723358,122.43909
3715.850387,122.43909
3715.977416,120.811245
3716.104445,120.811245
3716.231474,125.908969
3716.358503,125.951807
3716.485532,125.951807
3716.612561,125.951807
3716.73959,125.951807
3716.866619,125.951807
3716.993648,127.022758
3717.120676,127.022758
3717.247705,127.022758
3717.374734,128.950469
3717.501763,128.950469
3717.628792,129.121821
3717.755821,129.121821
3717.88285,129.121821
3718.009879,129.121821
3718.136908,129.121821
3718.263937,129.121821
3718.390966,129.121821
3718.517995,129.121821
3718.645024,129.121821
3718.772053,129.121821
3718.899082,128.26506
3719.02611,128.26506
3719.153139,128.26506
3719.2801680000002,128.222222
3719.407197,126.97992
3719.534226,126.97992
3719.661255,126.97992
3719.788284,126.97992
3719.915313,126.97992
3720.042342,126.97992
3720.169371,126.722892
3720.550458,126.97992
3720.677487,127.065596
3720.804516,127.065596
3720.931544,127.065596
3721.0585730000003,127.065596
3721.185602,127.065596
3721.3126310000002,127.065596
3721.43966,127.065596
3721.566689,127.065596
3721.693718,127.065596
3721.820747,127.022758
3721.947776,126.037483
3722.074805,126.037483
3722.201834,126.037483
3722.328863,126.037483
3722.455892,126.037483
3722.582921,125.951807
3722.70995,125.951807
3722.8369780000003,124.195448
3722.964007,124.195448
3723.091036,124.195448
3723.218065,124.195448
3723.3450940000002,124.195448
3723.472123,124.195448
3723.5991520000002,124.195448
3723.726181,124.195448
3723.85321,124.195448
3723.980239,124.195448
3724.107268,124.195448
3724.234297,124.195448
3725.1234990000003,126.423025
3725.250528,126.423025
3725.377557,126.508701
3725.504586,126.508701
3725.6316150000002,126.508701
3725.758644,126.508701
3725.885673,126.508701
3726.012702,126.508701
3726.139731,126.508701
3726.26676,126.508701
3726.393789,126.465863
3726.520818,126.423025
3726.647847,126.037483
3726.774875,125.994645
3726.9019040000003,125.951807
3727.028933,125.908969
3727.155962,124.195448
3727.282991,124.195448
3727.4100200000003,124.195448
3727.537049,124.195448
3727.664078,124.195448
3727.791107,124.195448
3729.061396,117.555556
3729.1884250000003,118.198126
3729.315454,118.198126
3729.442483,118.198126
3729.569512,118.198126
3729.6965410000003,118.198126
3729.82357,118.198126
3729.9505990000002,118.198126
3730.077628,118.198126
3730.204657,112.543507
3730.331686,112.029451
3730.458715,112.029451
3731.093859,111.515395
3731.220888,111.515395
3731.347917,111.515395
3731.4749460000003,111.515395
3731.601975,112.286479
3731.729004,112.286479
3731.856033,112.286479
3731.9830620000002,112.286479
3732.110091,112.286479
3732.2371200000002,112.286479
3732.364149,116.056225
3732.491177,116.056225
3732.618206,116.827309
3732.7452350000003,118.797858
3732.872264,118.797858
3732.999293,118.797858
3733.126322,118.797858
3733.2533510000003,118.797858
3733.38038,118.797858
3733.507409,121.368139
3733.634438,121.368139
3733.7614670000003,121.625167
3733.888496,121.625167
3734.015525,121.625167
3734.142554,121.625167
3734.2695830000002,121.625167
3734.396612,121.625167
3734.5236400000003,121.625167
3734.650669,121.625167
3734.777698,121.625167
3734.904727,121.625167
3735.0317560000003,121.625167
3735.158785,121.625167
3735.285814,121.625167
3735.412843,121.625167
3735.5398720000003,121.453815
3735.666901,121.453815
3735.79393,122.824632
3735.920959,122.824632
3736.0479880000003,123.424364
3736.175017,123.424364
3736.302046,123.424364
3736.429074,129.078983
3736.556103,129.078983
3736.683132,129.121821
3736.8101610000003,129.121821
3736.93719,129.121821
3737.064219,129.121821
3737.191248,129.121821
3737.3182770000003,129.121821
3737.445306,129.121821
3737.572335,129.121821
3737.699364,129.121821
3737.8263930000003,129.121821
3737.953422,128.993307
3738.080451,128.993307
3738.20748,127.022758
3738.334508,127.022758
3738.461537,127.022758
3738.588566,127.022758
3738.715595,127.022758
3738.842624,127.022758
3738.969653,123.852744
3739.0966820000003,123.852744
3739.223711,123.852744
3739.35074,118.369478
3739.477769,118.369478
3739.6047980000003,115.884873
3739.731827,115.884873
3739.858856,115.884873
3739.985885,115.884873
3740.1129140000003,115.884873
3740.239942,116.998661
3740.366971,121.882195
3740.494,121.882195
3740.621029,122.2249
3740.748058,122.2249
3740.8750870000003,122.2249
3741.002116,122.2249
3741.129145,122.2249
3741.256174,122.2249
3741.3832030000003,124.195448
3741.510232,124.195448
3741.637261,124.195448
3741.76429,124.195448
3741.8913190000003,124.195448
3742.018348,124.195448
3742.145377,124.195448
3742.272405,124.195448
3742.526463,127.793842
3742.653492,127.793842
3742.780521,128.47925
3742.90755,128.47925
3743.034579,128.47925
3743.1616080000003,128.47925
3743.288637,128.47925
3743.415666,128.47925
3743.542695,128.47925
3743.6697240000003,128.47925
3743.796753,128.47925
3743.923782,128.47925
3744.050811,128.47925
3744.177839,128.47925
3744.304868,126.76573
3744.431897,126.76573
3744.940013,123.51004
3745.067042,123.51004
3745.194071,123.51004
3745.3211,123.51004
3745.4481290000003,123.51004
3745.575158,123.51004
3745.702187,123.51004
3745.829216,123.51004
3746.210302,122.738956
3746.337331,122.738956
3746.46436,122.738956
3746.591389,122.738956
3746.718418,122.738956
3746.845447,122.738956
3746.972476,122.738956
3747.099505,122.738956
3747.226534,118.797858
3747.353563,118.797858
3747.480592,120.425703
3747.607621,120.425703
3747.7346500000003,120.425703
3747.861679,120.425703
3747.988707,122.738956
3748.115736,122.738956
3748.242765,123.681392
3748.369794,123.681392
3748.496823,123.681392
3748.623852,123.681392
3748.750881,126.722892
3748.87791,128.650602
3749.004939,128.650602
3749.131968,128.650602
3749.258997,128.650602
3749.386026,131.30656
3749.5130550000003,131.30656
3749.640084,131.30656
3749.767113,131.30656
3749.894142,131.392236
3750.02117,131.392236
3750.148199,131.392236
3750.275228,131.392236
3750.402257,136.190094
3750.529286,136.190094
3750.656315,136.190094
3750.783344,136.190094
3750.910373,136.190094
3751.037402,138.160643
3751.164431,138.160643
3751.29146,139.145917
3751.418489,139.145917
3751.545518,139.145917
3751.672547,139.145917
3751.7995760000003,139.145917
3751.926604,139.145917
3752.053633,139.145917
3752.180662,139.145917
3752.307691,139.145917
3752.43472,139.145917
3752.561749,139.145917
3752.688778,139.145917
3752.815807,139.145917
3752.942836,139.145917
3753.069865,139.145917
3753.196894,139.145917
3753.323923,141.502008
3753.450952,142.187416
3753.577981,142.187416
3753.70501,142.187416
3753.832038,143.344043
3753.9590670000002,143.386881
3754.086096,143.386881
3754.213125,143.386881
3754.340154,143.386881
3754.467183,143.386881
3754.594212,143.386881
3754.721241,146.514056
3754.84827,146.514056
3754.975299,146.514056
3755.102328,146.514056
3755.229357,146.514056
3755.356386,146.514056
3755.483415,148.056225
3755.610444,148.056225
3755.737472,149.384203
3755.864501,149.384203
3755.9915300000002,151.226238
3756.118559,151.226238
3756.245588,151.740295
3756.372617,151.740295
3756.499646,151.825971
3756.626675,151.825971
3756.753704,151.825971
3756.880733,151.825971
3757.007762,151.825971
3757.134791,151.825971
3757.26182,152.254351
3757.388849,152.254351
3757.515878,152.340027
3757.642906,152.340027
3757.7699350000003,152.340027
3757.896964,152.340027
3758.023993,153.196787
3758.151022,153.196787
3758.2780510000002,153.539491
3758.40508,153.539491
3758.532109,153.539491
3758.659138,153.539491
3758.786167,153.539491
3758.913196,153.539491
3759.040225,153.625167
3759.167254,153.625167
3759.294283,154.567604
3759.421312,154.781794
3759.548341,154.781794
3759.675369,154.781794
3759.802398,154.781794
3759.929427,154.781794
3760.0564560000003,154.781794
3760.183485,154.781794
3760.3105140000002,154.781794
3760.437543,154.781794
3760.564572,154.781794
3760.691601,153.882195
3760.81863,153.668005
3760.945659,153.625167
3761.072688,153.582329
3761.199717,152.682731
3761.326746,152.125837
3761.453775,152.082999
3761.8348610000003,151.654618
3761.96189,151.654618
3762.088919,151.654618
3762.215948,151.654618
3762.3429770000002,151.654618
3762.470006,151.654618
3762.5970350000002,151.654618
3762.724064,151.654618
3763.23218,156.709505
3763.359209,156.709505
3763.486237,156.880857
3763.6132660000003,156.880857
3763.740295,156.880857
3763.867324,156.880857
3763.994353,156.880857
3764.1213820000003,156.880857
3764.248411,156.880857
3764.37544,156.880857
3764.502469,156.880857
3764.6294980000002,156.880857
3764.756527,153.710843
3764.883556,151.140562
3765.010585,151.140562
3765.137614,148.056225
3765.264643,148.056225
3765.3916710000003,148.056225
3765.5187,148.056225
3765.645729,148.056225
3765.772758,148.056225
3765.8997870000003,143.943775
3766.026816,143.943775
3766.153845,143.943775
3766.280874,199.975904
3766.4079030000003,209.100402
3766.534932,209.100402
3766.661961,209.100402
3766.78899,209.100402
3766.9160190000002,209.100402
3767.043048,209.100402
3767.170077,209.100402
3767.297106,209.100402
3767.424134,127.022758
3767.551163,127.022758
3767.6781920000003,126.894244
3767.805221,126.894244
3767.93225,124.195448
3768.313337,124.195448
3768.440366,124.195448
3768.567395,124.195448
3768.6944240000003,124.195448
3768.821453,124.195448
3768.9484820000002,124.195448
3769.075511,124.195448
3769.20254,124.195448
3769.329568,124.195448
3769.4565970000003,124.195448
3769.583626,124.195448
3769.710655,124.195448
3769.837684,124.195448
3769.9647130000003,124.195448
3770.091742,126.894244
3770.218771,129.036145
3770.3458,129.036145
3770.4728290000003,134.005355
3770.599858,134.005355
3770.726887,134.305221
3770.853916,134.305221
3770.9809450000002,134.305221
3771.107974,134.305221
3771.2350020000003,134.305221
3771.362031,134.305221
3771.48906,134.305221
3771.616089,134.305221
3771.7431180000003,134.305221
3771.870147,134.305221
3772.505292,133.834003
3772.632321,133.834003
3772.7593500000003,133.919679
3772.886379,133.919679
3773.013408,133.919679
3773.140436,133.919679
3773.267465,133.919679
3773.394494,133.919679
3773.5215230000003,133.919679
3773.648552,133.919679
3773.775581,133.834003
3773.90261,133.834003
3774.0296390000003,132.120482
3774.156668,132.120482
3774.283697,131.94913
3774.410726,131.94913
3774.5377550000003,131.777778
3774.664784,131.777778
3774.791813,131.777778
3774.918842,131.777778
3775.0458710000003,131.777778
3775.172899,131.777778
3775.299928,131.777778
3775.426957,131.777778
3775.553986,131.777778
3775.681015,131.777778
3775.8080440000003,131.777778
3775.935073,131.777778
3776.570218,131.94913
3776.697247,131.94913
3776.8242760000003,131.94913
3776.951305,131.94913
3777.078333,131.94913
3777.205362,131.94913
3777.332391,131.94913
3777.45942,131.94913
3777.586449,136.018742
3777.713478,136.018742
3777.840507,136.018742
3777.967536,136.018742
3778.0945650000003,136.018742
3778.221594,142.829987
3778.348623,142.829987
3778.475652,142.829987
3778.6026810000003,142.829987
3778.72971,144.157965
3778.856739,148.313253
3778.983767,148.313253
3779.110796,149.384203
3779.237825,149.384203
3779.364854,149.384203
3779.491883,149.384203
3779.618912,152.511379
3779.745941,152.511379
3779.8729700000004,152.597055
3779.999999,152.597055
3780.127028,152.597055
3780.254057,152.597055
3780.3810860000003,152.597055
3780.508115,152.597055
3780.635144,153.239625
3780.762173,153.282463
3780.889201,154.182062
3781.01623,157.223561
3781.143259,157.223561
3781.270288,157.651941
3781.397317,157.651941
3781.524346,157.737617
3781.651375,157.737617
3781.778404,158.080321
3781.905433,158.080321
3782.032462,158.080321
3782.1594910000003,158.080321
3782.28652,158.080321
3782.413549,158.080321
3782.540578,158.080321
3782.6676070000003,158.080321
3782.794636,157.223561
3782.921664,157.223561
3783.048693,156.966533
3783.175722,156.966533
3783.302751,156.966533
3783.42978,156.966533
3784.4460120000003,154.096386
3784.573041,154.65328
3784.70007,154.65328
3784.827098,154.65328
3784.954127,154.65328
3785.081156,154.65328
3785.208185,154.65328
3785.335214,154.65328
3785.462243,154.610442
3785.589272,152.682731
3785.716301,151.740295
3785.84333,151.740295
3785.970359,151.740295
3786.097388,151.740295
3786.224417,149.384203
3786.351446,149.384203
3786.478475,149.384203
3786.605504,149.384203
3786.732532,149.384203
3786.859561,149.384203
3786.98659,149.384203
3787.113619,149.384203
3787.240648,149.384203
3787.367677,149.384203
3787.494706,146.342704
3787.621735,146.342704
3787.748764,146.342704
3787.875793,146.299866
3788.002822,143.258367
3788.129851,138.888889
3788.25688,138.888889
3788.383909,138.888889
3788.5109380000004,138.888889
3788.6379660000002,139.145917
3788.764995,139.145917
3788.892024,139.145917
3789.019053,139.145917
3789.146082,139.145917
3789.273111,139.145917
3789.40014,139.145917
3789.527169,139.145917
3789.654198,139.145917
3789.781227,139.145917
3789.908256,139.145917
3790.035285,139.145917
3790.162314,138.674699
3790.289343,138.674699
3790.416372,133.962517
3790.5434,128.779116
3790.6704290000002,128.779116
3790.797458,128.779116
3790.924487,128.779116
3791.305574,134.133869
3791.432603,134.133869
3791.559632,134.305221
3791.686661,134.305221
3791.81369,134.305221
3791.940719,134.305221
3792.067748,134.305221
3792.194777,199.161981
3792.321806,199.290495
3792.448835,199.333333
3792.575863,199.633199
3792.7028920000002,199.633199
3792.829921,203.231593
3792.9569500000002,203.231593
3793.083979,203.317269
3793.211008,203.317269
3793.338037,203.317269
3793.465066,203.317269
3793.592095,203.402945
3793.719124,203.402945
3793.846153,203.574297
3793.973182,203.574297
3794.100211,203.574297
3794.22724,203.574297
3794.354269,203.574297
3794.4812970000003,203.574297
3794.608326,203.574297
3794.735355,203.574297
3794.862384,200.147256
3794.9894130000002,129.143469
3795.116442,129.143469
3795.243471,129.143469
3795.3705,129.143469
3795.497529,129.143469
3795.624558,129.143469
3795.751587,129.143469
3795.878615,129.143469
3796.005644,131.24197
3796.132673,131.24197
3796.259702,131.327623
3796.386731,131.327623
3796.51376,131.327623
3796.640789,131.327623
3796.767818,131.327623
3796.894847,131.327623
3797.021876,131.327623
3797.148905,131.327623
3797.2759340000002,131.24197
3797.402963,131.24197
3798.800281,129.143469
3798.92731,129.143469
3799.054339,129.143469
3799.181368,129.143469
3799.3083970000002,129.143469
3799.435426,129.143469
3799.562455,129.143469
3799.689484,129.143469
3799.816512,128.843683
3799.943541,128.843683
3800.07057,128.501071
3800.197599,128.501071
3801.34086,128.843683
3801.467889,128.843683
3801.5949180000002,128.843683
3801.721946,128.843683
3801.848975,128.843683
3801.976004,128.843683
3802.103033,129.143469
3802.230062,129.143469
3802.357091,129.143469
3802.48412,129.143469
3802.611149,129.143469
3802.738178,129.143469
3802.865207,129.143469
3802.992236,129.143469
3803.119265,129.143469
3803.246294,129.143469
3803.373323,128.501071
3803.500352,128.501071
3803.62738,128.501071
3803.754409,128.501071
3803.881438,128.501071
3804.008467,128.501071
3805.151728,125.845824
3805.278757,125.845824
3805.405786,125.845824
3805.532814,125.845824
3805.659843,125.845824
3805.786872,125.845824
3805.913901,126.017131
3806.04093,126.017131
3806.167959,126.27409
3806.294988,126.27409
3806.422017,126.359743
3806.549046,126.359743
3806.676075,126.359743
3806.803104,126.359743
3806.930133,126.359743
3807.057162,126.359743
3807.184191,126.359743
3807.31122,126.359743
3807.946364,127.044968
3808.073393,127.044968
3808.200422,127.044968
3808.327451,127.044968
3808.45448,127.044968
3808.581509,127.044968
3808.708538,127.044968
3808.835567,127.044968
3808.962596,127.044968
3809.089625,127.044968
3809.216654,127.044968
3809.343683,127.044968
3809.470711,127.044968
3809.59774,127.044968
3809.724769,127.044968
3809.851798,127.044968
3809.978827,127.044968
3810.105856,127.044968
3810.232885,127.044968
3810.359914,127.044968
3810.486943,127.044968
3810.613972,127.044968
3810.741001,126.873662
3810.86803,126.873662
3810.995059,126.616702
3811.122088,126.573876
3812.01129,126.702355
3812.138319,126.702355
3812.265348,128.329764
3812.392377,128.329764
3812.519406,128.329764
3812.646435,128.329764
3812.773464,128.415418
3812.900493,128.415418
3813.027522,128.415418
3813.154551,128.415418
3813.281579,128.415418
3813.408608,128.415418
3813.535637,128.415418
3815.5681,131.070664
3815.695129,131.070664
3815.822158,131.070664
3815.949187,131.070664
3816.076216,131.070664
3816.203245,131.070664
3816.330274,131.070664
3816.457303,131.027837
3817.092448,128.800857
3817.219476,128.800857
3817.346505,128.800857
3817.473534,128.800857
3817.600563,128.800857
3817.727592,128.800857
3817.854621,128.800857
3817.98165,128.800857
3818.108679,128.800857
3818.235708,128.800857
3824.460126,126.659529
3824.587155,126.659529
3824.714184,126.659529
3824.841213,126.659529
3824.968241,126.659529
3825.09527,126.659529
3825.222299,126.659529
3825.3493280000002,126.659529
3825.476357,126.830835
3825.6033860000002,126.830835
3825.730415,127.087794
3825.857444,127.087794
3825.984473,128.029979
3826.111502,128.029979
3826.238531,128.115632
3826.36556,128.115632
3826.492589,128.115632
3826.619618,128.115632
3826.746647,128.115632
3826.873675,128.115632
3827.000704,128.115632
3827.127733,128.115632
3827.254762,126.488223
3827.381791,126.488223
3827.50882,126.488223
3827.6358490000002,126.488223
3827.762878,126.488223
3827.889907,126.488223
3828.016936,124.004283
3828.143965,124.004283
3828.270994,120.792291
3828.398023,120.792291
3828.525052,120.792291
3828.652081,120.792291
3828.779109,120.749465
3828.906138,120.749465
3829.033167,120.749465
3829.160196,120.749465
3829.287225,120.749465
3829.414254,120.749465
3829.541283,120.749465
3829.6683120000002,122.376874
3829.795341,122.719486
3829.9223700000002,122.762313
3830.049399,122.762313
3830.176428,122.762313
3830.303457,122.762313
3830.430486,122.762313
3830.557515,122.762313
3830.684543,122.762313
3831.827804,126.231263
3831.9548330000002,126.231263
3832.081862,126.316916
3832.208891,126.316916
3832.33592,126.316916
3832.462949,126.316916
3832.589978,126.316916
3832.717006,126.316916
3832.844035,126.316916
3832.971064,126.316916
3833.098093,126.316916
3833.225122,126.316916
3833.352151,126.231263
3833.47918,126.231263
3836.2738170000002,121.605996
3836.400846,121.605996
3836.527874,121.605996
3836.654903,121.605996
3836.781932,121.605996
3836.908961,121.605996
3837.03599,121.605996
3837.163019,121.605996
3837.290048,121.605996
3837.417077,121.605996
3837.544106,121.520343
3837.671135,121.520343
3837.798164,116.980728
3837.925193,116.980728
3838.052222,116.980728
3838.179251,116.980728
3838.3062800000002,116.980728
3838.433308,116.980728
3838.560337,116.980728
3838.687366,116.980728
3839.576569,122.67666
3839.703598,124.218415
3839.830627,124.218415
3839.957656,124.218415
3840.084685,124.218415
3840.211714,124.218415
3840.3387430000002,124.218415
3840.465771,124.218415
3840.5928,124.218415
3841.736061,126.488223
3841.86309,126.488223
3841.990119,126.488223
3842.117148,126.488223
3842.244177,126.488223
3842.371205,126.488223
3842.498234,126.745182
3842.625263,126.745182
3842.752292,126.745182
3842.879321,126.745182
3843.00635,126.745182
3843.133379,126.745182
3843.260408,126.745182
3843.387437,126.745182
3843.641495,122.591006
3843.768524,124.218415
3843.895553,124.218415
3844.022582,124.218415
3844.149611,124.218415
3844.276639,124.218415
3844.403668,124.218415
3844.530697,124.218415
3844.657726,124.218415
3845.4199,120.663812
3845.546929,120.663812
3845.673958,121.17773
3845.800987,121.17773
3845.928016,121.17773
3846.055045,121.17773
3846.182073,121.17773
3846.309102,121.17773
3846.436131,121.17773
3846.56316,121.17773
3846.690189,121.17773
3846.817218,121.17773
3846.944247,121.006424
3847.071276,121.006424
3847.198305,117.066381
3847.325334,117.066381
3847.452363,117.066381
3847.579392,117.066381
3847.706421,117.066381
3847.83345,117.066381
3847.960479,117.066381
3848.087508,117.066381
3848.722652,116.980728
3848.849681,116.980728
3848.97671,116.980728
3849.103739,116.980728
3849.230768,118.907923
3849.357797,118.907923
3849.484826,118.907923
3849.611855,118.907923
3849.738884,118.907923
3849.865913,118.907923
3849.992942,118.907923
3850.11997,118.907923
3850.246999,120.620985
3850.374028,120.663812
3850.501057,120.663812
3850.628086,120.663812
3850.755115,121.30621
3850.882144,121.349036
3851.009173,121.349036
3851.136202,121.349036
3851.263231,121.734475
3851.39026,121.777302
3851.517289,121.777302
3851.644318,121.777302
3851.771347,121.777302
3851.898376,121.777302
3852.025404,121.777302
3852.152433,121.777302
3852.279462,121.777302
3852.406491,121.777302
3852.53352,123.019272
3852.660549,123.019272
3852.787578,123.019272
3852.914607,123.404711
3853.041636,123.404711
3853.168665,123.490364
3853.295694,123.490364
3853.422723,123.490364
3853.549752,123.490364
3853.676781,123.490364
3853.80381,123.490364
3853.930838,123.490364
3854.057867,123.447537
3854.184896,120.749465
3854.311925,120.749465
3854.438954,120.749465
3854.565983,120.749465
3854.693012,120.749465
3854.820041,118.351178
3854.94707,118.351178
3855.074099,118.351178
3855.201128,118.351178
3855.328157,118.351178
3855.455186,118.351178
3857.868735,123.233405
3857.9957640000002,123.490364
3858.122793,123.490364
3858.249822,123.490364
3858.376851,123.490364
3858.50388,123.490364
3858.630909,123.490364
3858.757938,123.490364
3858.884967,123.490364
3859.011996,136.723769
3859.139025,146.316916
3859.266054,146.316916
3859.393083,146.316916
3859.520112,146.316916
3859.647141,146.316916
3859.774169,146.316916
3859.901198,146.316916
3860.028227,146.316916
3860.155256,146.27409
3860.2822850000002,146.231263
3861.171488,123.190578
3861.298517,123.190578
3861.425546,123.276231
3861.552575,123.276231
3861.679603,123.276231
3861.806632,123.276231
3861.933661,123.276231
3862.0606900000002,123.276231
3862.187719,123.276231
3862.3147480000002,123.104925
3863.076922,125.931478
3863.203951,125.974304
3863.33098,125.974304
3863.458009,125.974304
3863.585037,125.974304
3863.712066,125.974304
3863.839095,125.974304
3863.966124,125.974304
3864.3472110000002,126.873662
3864.47424,126.873662
3864.6012690000002,126.873662
3864.728298,126.873662
3864.855327,126.873662
3864.982356,126.873662
3865.109385,126.873662
3865.236414,126.873662
3865.6175,128.415418
3865.744529,128.415418
3865.871558,128.415418
3865.998587,128.415418
3866.125616,129.143469
3866.252645,129.143469
3866.379674,129.143469
3866.506703,129.143469
3866.6337320000002,129.143469
3866.760761,129.143469
3866.88779,129.143469
3867.014819,129.143469
3867.141848,129.143469
3867.268877,129.143469
3867.395906,129.143469
3867.522934,129.143469
3868.03105,123.190578
3868.158079,127.64454
3868.285108,127.64454
3868.412137,127.64454
3868.539166,127.64454
3868.666195,127.64454
3868.793224,127.64454
3868.9202530000002,127.64454
3869.047282,127.64454
3869.174311,124.218415
3869.30134,124.218415
3869.428368,124.218415
3869.555397,124.218415
3869.809455,123.533191
3869.936484,123.533191
3870.063513,123.533191
3870.190542,123.533191
3870.317571,123.533191
3870.4446,123.533191
3870.571629,123.533191
3870.6986580000003,123.190578
3870.825687,116.680942
3870.9527160000002,116.680942
3871.079745,116.680942
3871.206774,116.680942
3871.333802,116.680942
3871.460831,116.680942
3871.58786,114.239829
3871.714889,114.239829
3871.841918,114.239829
3871.968947,114.239829
3872.223005,126.359743
3872.350034,126.359743
3872.477063,130.813704
3872.604092,130.813704
3872.731121,130.813704
3872.85815,130.813704
3872.9851790000002,130.813704
3873.112208,130.813704
3873.2392370000002,130.813704
3873.366265,130.813704
3873.493294,130.813704
3873.620323,130.813704
3873.747352,126.27409
3873.874381,126.27409
3874.00141,116.937901
3874.128439,116.937901
3874.255468,116.937901
3874.382497,116.937901
3874.509526,116.937901
3874.636555,117.965739
3874.763584,117.965739
3874.890613,117.965739
3875.017642,117.965739
3875.144671,117.965739
3875.271699,117.965739
3875.398728,117.965739
3880.225828,118.907923
3880.352857,118.907923
3880.479886,118.907923
3880.606915,118.907923
3880.733944,118.907923
3880.860973,118.907923
3880.988002,118.907923
3881.11503,118.907923
3881.242059,112.48394
3881.369088,112.48394
3881.750175,112.826552
3881.877204,112.826552
3882.004233,112.912206
3882.131262,112.912206
3882.258291,112.912206
3882.38532,112.912206
3882.512349,114.111349
3882.639378,114.111349
3882.766407,114.111349
3882.893436,114.111349
3883.020464,114.111349
3883.147493,114.111349
3883.274522,114.197002
3883.401551,114.197002
3883.52858,117.023555
3883.655609,117.023555
3883.782638,117.708779
3883.909667,117.708779
3884.036696,118.051392
3884.163725,118.051392
3884.290754,118.137045
3884.417783,118.137045
3884.544812,118.222698
3884.671841,118.222698
3884.79887,118.907923
3884.925898,118.907923
3885.052927,118.907923
3885.179956,118.907923
3885.306985,118.907923
3885.434014,118.907923
3885.561043,118.907923
3885.688072,118.907923
3885.815101,118.907923
3885.94213,118.907923
3886.069159,118.907923
3886.196188,118.907923
3886.323217,118.394004
3886.450246,118.394004
3886.577275,118.394004
3886.704304,118.394004
3886.831332,118.394004
3886.958361,118.394004
3887.08539,118.394004
3887.212419,118.394004
3887.339448,118.394004
3887.466477,118.394004
3888.35568,118.222698
3888.482709,118.222698
3888.609738,118.222698
3888.736766,118.222698
3888.863795,118.222698
3888.990824,118.222698
3889.117853,118.222698
3889.244882,118.222698
3889.371911,118.222698
3889.49894,118.222698
3889.625969,118.222698
3889.752998,118.222698
3890.388143,123.832976
3890.515172,127.044968
3890.642201,127.044968
3890.769229,127.044968
3890.896258,127.044968
3891.023287,127.044968
3891.150316,127.044968
3891.277345,127.044968
3891.404374,127.044968
3891.785461,128.501071
3891.91249,128.501071
3892.039519,128.501071
3892.166548,128.501071
3892.293577,128.501071
3892.420606,128.501071
3892.547635,128.501071
3892.6746630000002,128.501071
3894.32604,133.554604
3894.453069,133.554604
3894.580097,133.554604
3894.7071260000002,133.554604
3894.834155,133.72591
3894.9611840000002,133.72591
3895.088213,134.154176
3895.215242,134.154176
3895.342271,136.423983
3895.4693,136.466809
3895.596329,136.466809
3895.723358,136.466809
3895.850387,136.466809
3895.977416,136.466809
3896.104445,136.937901
3896.231474,136.980728
3896.358503,137.280514
3896.485531,137.32334
3896.61256,137.32334
3896.739589,137.32334
3896.866618,137.32334
3896.9936470000002,137.32334
3897.120676,137.32334
3897.247705,137.32334
3897.628792,137.794433
3897.755821,137.794433
3897.88285,137.794433
3898.009879,137.794433
3898.136908,137.794433
3898.263937,137.794433
3898.390966,137.794433
3898.517994,137.665953
3898.645023,137.665953
3898.772052,137.665953
3898.899081,137.922912
3899.02611,138.008565
3899.153139,138.008565
3899.2801680000002,138.008565
3899.407197,138.008565
3899.534226,138.008565
3899.661255,138.008565
3899.788284,138.008565
3899.915313,138.008565
3900.042342,138.008565
3900.169371,137.965739
3900.2964,137.922912
3900.423428,137.880086
3900.550457,137.152034
3900.677486,137.152034
3900.804515,137.152034
3900.931544,136.638116
3901.0585730000003,136.638116
3901.185602,133.811563
3901.3126310000002,133.811563
3901.43966,133.811563
3901.566689,133.811563
3901.693718,130.899358
3901.820747,130.899358
3901.947776,130.899358
3902.074805,130.899358
3902.201834,129.100642
3902.328862,129.057816
3902.455891,128.415418
3902.58292,128.415418
3902.709949,128.415418
3902.836978,128.372591
3902.964007,126.017131
3903.091036,126.017131
3903.218065,126.017131
3903.3450940000002,126.017131
3903.472123,123.961456
3903.5991520000002,123.961456
3903.726181,123.961456
3903.85321,123.961456
3903.980239,123.961456
3904.107268,122.933619
3904.234296,122.933619
3904.361325,122.933619
3904.488354,122.933619
3904.615383,122.933619
3904.742412,122.933619
3904.869441,122.933619
3904.99647,123.104925
3905.123499,124.218415
3905.250528,124.218415
3905.377557,124.218415
3905.504586,124.218415
3905.6316150000002,124.218415
3905.758644,126.916488
3905.885673,126.959315
3906.012702,128.458244
3906.139731,128.501071
3906.266759,128.501071
3906.393788,128.586724
3906.520817,128.715203
3906.647846,128.75803
3906.774875,129.057816
3906.901904,129.057816
3907.028933,129.057816
3907.155962,129.057816
3907.282991,129.057816
3907.41002,129.057816
3907.537049,129.057816
3907.664078,129.100642
3907.791107,129.100642
3907.9181360000002,129.100642
3908.045165,129.100642
3908.172193,129.100642
3908.299222,129.100642
3908.426251,129.100642
3908.55328,127.002141
3908.680309,127.002141
3908.807338,127.002141
3908.934367,127.002141
3909.061396,127.002141
3909.188425,127.002141
3909.315454,124.218415
3909.442483,124.218415
3909.569512,124.218415
3909.6965410000003,123.490364
3909.82357,123.490364
3909.9505990000002,123.91863
3910.077627,123.91863
3910.204656,124.004283
3910.331685,124.004283
3910.458714,124.089936
3910.585743,124.089936
3910.712772,124.089936
3910.839801,124.089936
3910.96683,124.089936
3911.093859,124.089936
3911.220888,124.089936
3911.347917,127.002141
3911.474946,127.002141
3911.601975,127.002141
3911.729004,127.815846
3911.856033,128.972163
3911.983061,128.972163
3912.11009,128.972163
3912.237119,128.972163
3912.364148,128.972163
3912.491177,128.972163
3912.618206,128.972163
3912.745235,128.972163
3913.634438,132.312634
3913.761467,132.312634
3913.888496,132.312634
3914.015524,132.312634
3914.142553,132.312634
3914.269582,132.312634
3914.396611,132.312634
3914.52364,132.312634
3915.920958,132.312634
3916.047987,132.312634
3916.175016,132.312634
3916.302045,132.312634
3916.429074,132.312634
3916.556103,132.312634
3916.683132,132.312634
3916.810161,132.312634
3916.93719,131.284797
3917.064219,131.284797
3917.191248,131.284797
3917.318277,131.284797
3917.445306,131.284797
3917.572335,131.284797
3921.002116,131.541756
3921.129145,131.541756
3921.256174,131.541756
3921.383203,131.541756
3921.510232,131.541756
3921.63726,131.541756
3921.764289,131.541756
3921.891318,131.541756
3922.018347,131.541756
3922.145376,131.541756
3922.272405,131.541756
3922.399434,131.541756
3923.288637,128.029979
3923.415666,128.029979
3923.542695,128.029979
3923.669723,128.029979
3923.796752,128.029979
3923.923781,128.029979
3924.05081,128.029979
3924.177839,128.029979
3924.304868,127.173448
3924.431897,127.173448
3924.558926,127.173448
3924.685955,127.173448
3924.812984,127.173448
3924.940013,127.173448
3925.067042,125.974304
3925.194071,125.974304
3925.3211,125.974304
3925.448129,125.974304
3925.575157,125.974304
3925.702186,125.974304
3925.829215,125.974304
3925.956244,125.974304
3926.083273,125.974304
3926.210302,125.974304
3926.337331,125.974304
3926.46436,125.974304
3926.591389,125.974304
3926.718418,125.974304
3926.845447,125.974304
3926.972476,125.974304
3928.115736,126.059957
3928.242765,126.059957
3928.369794,126.059957
3928.496823,126.059957
3928.623852,126.059957
3928.750881,126.059957
3928.87791,126.059957
3929.004939,126.059957
3929.6400830000002,126.659529
3929.767112,126.659529
3929.894141,127.002141
3930.02117,127.002141
3930.148199,127.002141
3930.275228,127.002141
3930.402257,127.002141
3930.529286,127.002141
3930.656315,127.002141
3930.783344,127.002141
3930.910373,127.002141
3931.037402,127.002141
3931.164431,127.002141
3931.29146,127.002141
3935.737472,128.286938
3935.864501,128.286938
3935.9915300000002,128.286938
3936.118559,128.286938
3936.245588,128.286938
3936.372617,128.286938
3936.499646,128.972163
3936.626675,128.972163
3936.753704,129.143469
3936.880733,129.143469
3937.007762,129.143469
3937.13479,129.143469
3937.261819,129.143469
3937.388848,129.143469
3937.515877,129.143469
3937.642906,129.143469
3937.7699350000003,129.143469
3937.896964,129.143469
3938.023993,129.143469
3938.151022,129.143469
3938.2780510000002,128.543897
3938.40508,128.543897
3938.532109,127.773019
3938.659138,127.773019
3938.786167,128.286938
3938.913196,128.286938
3939.040225,128.286938
3939.167253,128.286938
3939.294282,128.286938
3939.421311,128.286938
3939.54834,128.286938
3939.675369,128.286938
3940.0564560000003,128.286938
3940.183485,128.286938
3940.310514,128.286938
3940.437543,128.286938
3940.564572,128.286938
3940.691601,128.286938
3940.81863,128.286938
3940.945659,128.286938
3941.072687,128.286938
3941.199716,128.286938
3941.326745,128.201285
3941.453774,128.201285
3941.580803,127.173448
3941.707832,127.173448
3941.834861,127.173448
3941.96189,127.173448
3942.088919,127.173448
3942.215948,127.173448
3942.5970350000002,126.573876
3942.724064,126.573876
3942.851093,126.573876
3942.978121,126.573876
3943.10515,126.573876
3943.232179,126.573876
3943.359208,126.573876
3943.486237,126.573876
3943.613266,126.573876
3943.740295,126.573876
3943.867324,126.573876
3943.994353,126.573876
3944.121382,126.573876
3944.248411,126.573876
3944.37544,127.173448
3944.502469,127.173448
3944.6294980000002,127.173448
3944.756527,127.173448
3944.883555,127.173448
3945.010584,127.173448
3945.137613,127.173448
3945.264642,127.173448
3945.391671,127.173448
3945.5187,127.130621
3945.772758,126.788009
3946.153845,126.059957
3946.280874,126.059957
3946.4079030000003,126.231263
3946.534932,126.231263
3946.661961,126.231263
3946.78899,126.231263
3946.916018,126.231263
3947.043047,126.231263
3947.170076,126.316916
3947.297105,126.316916
3947.424134,126.316916
3947.551163,126.316916
3947.678192,126.316916
3947.805221,126.316916
3947.93225,126.316916
3948.059279,126.316916
3948.186308,127.259101
3948.313337,127.259101
3948.440366,127.259101
3948.567395,127.259101
3948.6944240000003,127.259101
3948.821452,127.259101
3948.948481,127.259101
3949.07551,127.259101
3949.202539,127.259101
3949.329568,127.216274
3949.456597,126.830835
3949.583626,126.830835
3949.710655,126.788009
3949.837684,126.788009
3949.964713,126.702355
3950.091742,126.702355
3951.107973,127.173448
3951.235002,127.216274
3951.362031,127.216274
3951.48906,127.216274
3951.616089,127.216274
3951.743118,127.216274
3951.870147,127.216274
3951.997176,127.216274
3952.124205,127.216274
3952.251234,127.130621
3952.378263,127.173448
3952.505292,127.473233
3952.63232,127.473233
3952.759349,127.473233
3952.886378,127.473233
3953.013407,127.473233
3953.140436,127.51606
3953.267465,127.815846
3953.394494,127.815846
3953.521523,127.815846
3953.648552,127.815846
3953.775581,127.815846
3953.90261,127.815846
3954.029639,127.815846
3954.156668,127.815846
3954.283697,127.815846
3954.410726,127.815846
3954.537755,127.815846
3954.664783,127.815846
3955.04587,134.239829
3955.172899,134.239829
3955.299928,134.239829
3955.426957,134.239829
3955.553986,134.239829
3955.681015,134.239829
3955.808044,134.239829
3955.935073,134.239829
3956.062102,134.239829
3956.189131,134.239829
3956.31616,133.211991
3956.443189,133.211991
3956.570217,127.987152
3956.697246,127.987152
3956.824275,127.987152
3956.951304,127.987152
3957.078333,124.218415
3957.45942,122.077088
3957.586449,122.077088
3957.713478,122.162741
3957.840507,122.162741
3957.967536,122.162741
3958.094565,122.162741
3958.221594,122.162741
3958.348623,122.162741
3958.475651,123.190578
3958.60268,123.190578
3958.729709,123.276231
3958.856738,123.276231
3958.983767,123.276231
3959.110796,123.276231
3959.237825,123.276231
3959.364854,123.276231
3959.491883,123.276231
3959.618912,123.276231
3959.745941,123.66167
3959.87297,123.66167
3959.999999,123.66167
3960.127028,123.66167
3960.254057,124.218415
3960.381085,124.218415
3960.508114,124.218415
3960.635143,124.218415
3960.762172,124.218415
3960.889201,124.218415
3961.01623,124.218415
3961.143259,126.445396
3961.270288,126.488223
3961.397317,126.531049
3961.524346,126.573876
3961.651375,131.156317
3961.778404,131.156317
3961.905433,131.156317
3962.032462,131.156317
3962.159491,131.156317
3962.286519,131.156317
3962.413548,131.156317
3962.540577,131.156317
3962.794635,123.91863
3962.921664,123.91863
3963.048693,123.91863
3963.175722,123.91863
3963.302751,123.91863
3963.42978,123.91863
3963.556809,123.91863
3963.683838,123.875803
3964.064925,123.875803
3964.191954,123.875803
3964.3189820000002,124.218415
3964.446011,124.218415
3964.57304,124.218415
3964.700069,124.218415
3964.827098,124.218415
3964.954127,124.218415
3965.081156,124.218415
3965.208185,124.218415
3965.335214,124.218415
3965.462243,124.218415
3965.589272,123.832976
3965.716301,123.79015
3965.84333,123.747323
3965.970359,123.704497
3966.097388,123.79015
3966.224416,123.79015
3966.3514450000002,123.79015
3966.478474,123.79015
3966.605503,123.79015
3966.732532,123.79015
3966.859561,123.79015
3966.98659,123.79015
3967.113619,123.533191
3967.240648,123.533191
3967.875793,123.961456
3968.002822,123.961456
3968.1298500000003,123.961456
3968.256879,123.961456
3968.383908,123.961456
3968.510937,123.961456
3968.6379660000002,123.961456
3968.764995,123.961456
3968.892024,123.961456
3969.019053,123.961456
3969.146082,123.79015
3969.273111,123.79015
3969.40014,123.79015
3969.527169,123.79015
3969.654198,123.79015
3969.781227,123.79015
3969.908256,123.79015
3970.035284,123.79015
3970.162313,123.533191
3970.289342,123.533191
3970.4163710000003,123.533191
3970.5434,123.533191
3970.670429,123.533191
3970.797458,123.533191
3970.924487,123.533191
3971.051516,123.533191
3971.178545,123.533191
3971.305574,123.533191
3971.432603,122.67666
3971.559632,122.67666
3972.194776,122.591006
3972.321805,122.591006
3972.448834,124.218415
3972.575863,125.845824
3972.7028920000002,125.845824
3972.829921,125.845824
3972.95695,125.845824
3973.083979,125.845824
3973.211008,125.845824
3973.338037,125.845824
3973.465066,125.845824
3973.592095,122.847966
3973.973181,124.218415
3974.10021,124.218415
3974.227239,124.218415
3974.354268,124.218415
3974.481297,124.218415
3974.608326,124.218415
3974.735355,124.218415
3974.862384,124.218415
3974.9894130000002,118.907923
3975.116442,118.907923
3975.243471,118.907923
3975.3705,118.907923
3975.497529,118.907923
3975.624558,118.907923
3975.751587,118.907923
3975.878615,118.907923
3976.005644,118.907923
3976.132673,118.907923
3976.259702,118.907923
3976.386731,118.907923
3976.51376,118.907923
3976.640789,118.907923
3976.7678180000003,117.965739
3976.894847,117.965739
3977.021876,117.794433
3977.148905,117.794433
3977.784049,120.620985
3977.911078,120.620985
3978.038107,120.877944
3978.165136,120.877944
3978.292165,120.963597
3978.419194,120.963597
3978.546223,120.963597
3978.673252,120.963597
3978.800281,120.963597
3978.92731,120.963597
3979.0543390000003,120.963597
3979.181368,120.963597
3979.308397,122.162741
3979.435426,122.162741
3979.562455,122.162741
3979.689484,122.162741
3979.816512,122.162741
3979.943541,122.162741
3980.07057,122.162741
3980.197599,122.162741
3980.324628,122.162741
3980.451657,122.162741
3980.578686,122.162741
3980.705715,122.162741
3980.832744,121.391863
3980.959773,121.391863
3981.086802,120.963597
3981.213831,120.963597
3981.3408600000002,120.963597
3981.467889,120.963597
3981.594918,120.963597
3981.721946,120.963597
3981.848975,120.963597
3981.976004,120.963597
3982.103033,118.907923
3982.230062,118.907923
3982.357091,118.907923
3982.48412,118.907923
3982.611149,118.907923
3982.738178,118.907923
3982.865207,118.907923
3982.992236,118.907923
3983.119265,118.907923
3983.246294,118.907923
3983.373323,118.907923
3983.500352,118.907923
3983.62738,118.308351
3983.754409,118.308351
3983.881438,118.308351
3984.008467,118.308351
3984.135496,118.308351
3984.262525,118.308351
3984.389554,118.308351
3984.516583,118.308351
3984.643612,116.680942
3984.770641,116.680942
3984.89767,116.852248
3985.024699,116.852248
3985.151728,117.194861
3985.278757,117.194861
3985.405786,117.194861
3985.532814,117.194861
3985.659843,117.194861
3985.786872,117.194861
3985.913901,117.194861
3986.04093,117.194861
3986.167959,123.147752
3986.294988,123.190578
3986.422017,123.233405
3986.549046,123.276231
3986.676075,123.276231
3986.803104,123.276231
3986.930133,123.276231
3987.057162,123.276231
3987.184191,123.276231
3987.31122,123.276231
3987.438249,122.67666
3987.565277,122.67666
3992.519406,116.680942
3992.646435,116.680942
3992.773464,116.680942
3992.900493,116.680942
3993.027522,116.680942
3993.154551,116.680942
3993.281579,116.680942
3993.408608,116.680942
3993.535637,116.680942
3993.662666,116.680942
3993.789695,116.680942
3993.916724,116.680942
3994.043753,116.680942
3994.170782,116.638116
3994.42484,114.197002
3994.551869,114.197002
3994.678898,114.197002
3994.805927,114.197002
3994.932956,114.197002
3995.059985,114.197002
3995.187013,114.197002
3995.314042,113.85439
3995.441071,113.85439
3995.5681,113.85439
3995.695129,113.85439
3995.822158,113.85439
3995.949187,113.85439
3996.076216,113.85439
3996.203245,113.85439
3996.330274,113.169165
3996.457303,113.126338
3996.584332,111.456103
3996.711361,111.027837
3996.83839,111.027837
3996.965419,110.942184
3997.092448,110.942184
3997.219476,112.61242
3997.346505,113.683084
3997.473534,113.683084
3997.600563,113.683084
3997.727592,113.683084
3997.854621,113.683084
3997.98165,113.683084
3998.108679,113.683084
3998.235708,113.683084
3999.378968,118.608137
3999.505997,118.608137
3999.633026,118.608137
3999.760055,118.608137
3999.887084,118.608137
4000.014113,118.608137
4000.141142,118.608137
4000.268171,118.608137
4000.3952,118.608137
4000.522229,118.608137
4000.649258,118.351178
4000.776287,118.351178
4001.157373,118.179872
4001.2844020000002,118.179872
4001.411431,118.179872
4001.53846,118.179872
4001.665489,118.179872
4001.792518,118.179872
4001.919547,118.179872
4002.046576,118.179872
4002.173605,116.20985
4002.300634,116.20985
4003.189836,114.239829
4003.316865,114.239829
4003.443894,114.239829
4003.570923,114.239829
4003.697952,114.239829
4003.824981,114.239829
4003.95201,114.239829
4004.079039,114.239829
4004.206068,113.383298
4004.333097,113.383298
4004.460126,113.383298
4004.587155,113.383298
4004.714184,113.383298
4004.841213,113.426124
4004.968241,114.239829
4005.09527,114.239829
4005.222299,114.239829
4005.3493280000002,114.239829
4005.476357,114.239829
4005.6033860000002,114.239829
4005.730415,114.239829
4005.857444,114.239829
4007.000704,116.381156
4007.127733,116.381156
4007.254762,116.381156
4007.381791,116.381156
4007.50882,116.466809
4007.6358490000002,116.466809
4007.762878,116.466809
4007.889907,116.466809
4008.016936,116.466809
4008.143965,116.466809
4008.270994,116.466809
4008.398023,116.466809
4008.525052,116.466809
4008.652081,116.466809
4008.779109,115.867238
4008.906138,115.867238
4009.033167,115.867238
4009.160196,115.867238
4009.287225,115.867238
4009.4142540000003,115.867238
4010.176428,114.025696
4010.303457,114.239829
4010.430486,114.239829
4010.557515,114.239829
4010.684543,114.239829
4010.811572,117.066381
4010.938601,117.066381
4011.06563,117.152034
4011.192659,117.152034
4011.319688,117.152034
4011.446717,117.152034
4011.573746,117.152034
4011.7007750000002,117.152034
4011.827804,117.152034
4011.954833,117.152034
4012.081862,117.066381
4012.208891,117.066381
4012.33592,117.066381
4012.462949,117.066381
4012.589978,117.066381
4012.717006,117.066381
4012.844035,117.066381
4012.971064,117.066381
4013.606209,118.779443
4013.733238,118.779443
4013.860267,118.907923
4013.9872960000002,118.907923
4014.114325,118.907923
4014.2413540000002,118.907923
4014.368383,118.907923
4014.495412,118.907923
4014.62244,118.907923
4014.749469,118.907923
4014.876498,118.907923
4015.003527,118.907923
4016.400846,118.907923
4016.527874,118.907923
4016.654903,118.907923
4016.781932,118.907923
4016.908961,118.907923
4017.03599,118.907923
4017.163019,118.907923
4017.290048,118.907923
4019.703598,120.663812
4019.830627,120.663812
4019.957656,120.663812
4020.084685,120.663812
4020.211714,120.663812
4020.3387430000002,120.663812
4020.465771,123.66167
4020.5928,127.259101
4020.719829,127.259101
4020.846858,127.259101
4020.973887,127.259101
4021.100916,127.259101
4021.227945,127.259101
4021.354974,127.259101
4021.482003,127.259101
4021.609032,127.259101
4021.736061,127.259101
4021.86309,127.259101
4021.990119,127.259101
4022.117148,123.66167
4022.244177,123.062099
4022.371205,123.062099
4022.498234,122.976445
4022.625263,122.976445
4022.752292,123.319058
4022.879321,123.319058
4023.00635,123.319058
4023.133379,123.319058
4023.260408,123.319058
4023.387437,123.319058
4023.514466,123.91863
4023.641495,123.91863
4023.768524,123.91863
4023.895553,123.91863
4024.022582,123.91863
4024.149611,123.91863
4024.276639,123.91863
4024.403668,123.91863
4024.657726,128.029979
4024.784755,128.029979
4024.911784,128.029979
4025.038813,128.029979
4025.165842,128.029979
4025.292871,128.029979
4025.4199,128.029979
4025.546929,128.029979
4025.673958,128.029979
4025.800987,128.029979
4025.928016,127.773019
4026.055045,127.773019
4026.944247,127.773019
4027.071276,127.773019
4027.198305,127.773019
4027.325334,127.773019
4027.452363,127.773019
4027.579392,127.773019
4027.706421,127.773019
4027.83345,127.773019
4027.960479,127.773019
4028.087508,127.773019
4028.214536,127.773019
4028.341565,127.773019
4028.468594,127.601713
4028.595623,127.601713
4028.722652,126.916488
4028.849681,126.916488
4028.97671,126.916488
4029.103739,126.916488
4029.230768,126.916488
4029.357797,126.916488
4029.484826,126.916488
4029.611855,126.873662
4030.374028,123.832976
4030.501057,123.832976
4030.628086,123.832976
4030.755115,123.832976
4030.882144,123.832976
4031.009173,123.832976
4031.136202,123.832976
4031.644318,123.961456
4031.771347,124.004283
4031.898376,124.004283
4032.025404,124.004283
4032.152433,124.004283
4032.279462,124.004283
4032.406491,124.004283
4032.53352,124.004283
4032.660549,124.004283
4032.787578,124.004283
4032.914607,124.004283
4033.041636,124.004283
4033.168665,124.004283
4033.295694,124.004283
4034.184896,122.976445
4034.311925,122.976445
4034.438954,122.976445
4034.565983,122.976445
4034.693012,122.976445
4034.820041,122.976445
4034.94707,122.976445
4035.074099,122.976445
4035.201128,122.719486
4035.328157,122.719486
4035.455186,122.719486
4035.582215,122.719486
4035.709244,122.719486
4035.836272,122.719486
4035.9633010000002,122.719486
4036.09033,122.719486
4036.217359,122.633833
4036.344388,122.633833
4037.233591,117.665953
4037.36062,117.665953
4037.487649,117.665953
4037.614678,117.665953
4037.741707,117.665953
4037.868735,117.665953
4037.9957640000002,117.665953
4038.122793,117.665953
4038.249822,117.5803
4038.376851,117.5803
4038.50388,117.494647
4038.630909,117.494647
4038.757938,117.408994
4038.884967,117.366167
4039.011996,117.32334
4039.139025,117.32334
4039.520112,117.922912
4039.647141,117.922912
4039.7741690000003,117.922912
4039.901198,117.922912
4040.028227,117.922912
4040.155256,117.922912
4040.2822850000002,117.922912
4040.409314,117.922912
4040.790401,117.665953
4040.91743,117.665953
4041.044459,117.665953
4041.171488,117.665953
4041.298517,117.665953
4041.425546,117.665953
4041.552575,117.665953
4041.679603,117.665953
4041.806632,117.665953
4041.933661,117.665953
4042.0606900000002,117.665953
4042.187719,117.665953
4042.314748,117.665953
4042.441777,117.665953
4049.682426,124.218415
4049.809455,124.218415
4049.936484,124.218415
4050.063513,124.218415
4050.190542,124.218415
4050.317571,124.218415
4050.4446,124.218415
4050.571629,124.218415
4051.079745,125.931478
4051.206774,125.931478
4051.333802,125.931478
4051.460831,125.931478
4051.58786,125.931478
4051.714889,125.931478
4051.841918,125.931478
4051.968947,125.931478
4052.095976,124.218415
4052.223005,124.218415
4052.350034,124.218415
4052.4770630000003,124.218415
4052.604092,126.788009
4052.731121,126.788009
4052.85815,126.788009
4052.9851790000002,126.788009
4053.112208,126.788009
4053.239237,126.788009
4053.366265,127.987152
4053.493294,127.987152
4053.620323,127.987152
4053.747352,127.987152
4053.874381,128.501071
4054.00141,128.501071
4054.128439,128.501071
4054.255468,128.501071
4054.382497,128.501071
4054.509526,128.501071
4054.636555,128.501071
4054.7635840000003,128.501071
4054.890613,128.501071
4055.017642,128.501071
4055.144671,128.501071
4055.271699,128.501071
4055.398728,128.501071
4055.525757,128.501071
4055.652786,128.501071
4055.779815,128.501071
4055.906844,128.501071
4056.033873,128.501071
4056.160902,128.501071
4056.287931,128.501071
4056.41496,128.501071
4056.541989,128.501071
4056.669018,128.501071
4056.796047,128.501071
4056.923076,128.501071
4057.0501050000003,128.501071
4057.431191,127.216274
4057.55822,127.216274
4057.685249,127.216274
4057.812278,127.216274
4057.939307,127.216274
4058.066336,127.216274
4058.193365,127.216274
4058.320394,127.216274
4060.352857,124.218415
4060.479886,124.218415
4060.606915,124.218415
4060.733944,124.218415
4060.860973,124.218415
4060.988002,124.218415
4061.11503,124.218415
4061.242059,124.218415
4061.369088,124.218415
4061.496117,124.218415
4061.623146,124.218415
4061.750175,124.218415
4061.877204,124.218415
4062.004233,124.218415
4062.131262,124.218415
4062.258291,124.218415
4062.38532,124.218415
4062.512349,124.218415
4062.639378,124.218415
4062.766407,124.218415
4065.561043,127.987152
4065.688072,127.987152
4065.815101,127.987152
4065.94213,127.987152
4066.069159,127.987152
4066.196188,127.987152
4066.323217,127.987152
4066.450246,127.987152
4067.212419,124.218415
4067.339448,124.218415
4067.466477,124.218415
4067.593506,124.218415
4067.720535,124.218415
4067.847564,124.218415
4067.974593,124.218415
4068.101622,124.218415
4068.990824,123.533191
4069.117853,123.533191
4069.244882,123.533191
4069.371911,123.533191
4069.49894,123.533191
4069.625969,123.533191
4069.752998,123.533191
4069.880027,123.533191
4070.007056,123.533191
4070.134085,123.533191
4070.388143,131.927195
4070.515172,131.927195
4070.642201,132.012848
4070.769229,132.012848
4070.896258,132.012848
4071.023287,132.012848
4071.150316,132.012848
4071.277345,132.012848
4071.404374,132.012848
4071.531403,132.012848
4071.658432,128.75803
4071.785461,128.75803
4071.91249,128.672377
4072.039519,128.672377
4072.166548,126.702355
4072.293577,126.702355
4072.420606,126.702355
4072.547635,126.702355
4072.674663,126.702355
4072.801692,126.702355
4072.928721,127.815846
4073.05575,127.815846
4073.182779,127.815846
4073.309808,127.815846
4073.436837,127.815846
4073.563866,127.815846
4073.690895,127.815846
4073.817924,127.815846
4073.944953,127.815846
4074.071982,127.815846
4074.199011,127.815846
4074.32604,127.815846
4074.453069,127.38758
4074.580097,127.344754
4074.7071260000002,127.216274
4074.834155,127.216274
4074.961184,127.216274
4075.088213,127.216274
4075.215242,127.216274
4075.342271,127.173448
4075.4693,126.788009
4075.596329,126.788009
4075.723358,126.788009
4075.850387,126.788009
4075.977416,126.788009
4076.104445,126.788009
4076.231474,126.788009
4076.358503,126.788009
4076.4855310000003,126.788009
4076.61256,126.788009
4076.739589,126.788009
4076.866618,126.788009
4076.9936470000002,127.130621
4077.120676,127.130621
4077.2477049999998,127.301927
4077.374734,127.301927
4077.501763,127.301927
4077.628792,127.301927
4077.755821,127.301927
4077.88285,127.301927
4078.009879,127.301927
4078.136908,127.259101
4078.263937,126.531049
4078.390966,126.531049
4078.517994,126.531049
4078.645023,126.531049
4078.7720520000003,126.531049
4078.899081,126.531049
4079.02611,126.531049
4079.153139,126.488223
4079.2801680000002,125.931478
4079.407197,125.931478
4079.534226,125.931478
4079.661255,125.931478
4079.788284,125.931478
4079.915313,125.888651
4081.820747,126.017131
4081.947776,126.017131
4082.074805,126.017131
4082.201834,126.017131
4082.328862,126.017131
4082.455891,126.017131
4082.58292,126.017131
4082.709949,126.017131
4082.8369780000003,126.017131
4082.964007,126.017131
4083.091036,126.017131
4083.218065,125.974304
4083.472123,122.933619
4083.599152,122.933619
4083.726181,122.933619
4083.85321,122.933619
4083.980239,122.933619
4084.107268,122.933619
4084.234296,122.933619
4084.361325,122.591006
4084.488354,122.162741
4084.615383,122.162741
4084.742412,122.162741
4084.869441,122.162741
4084.99647,122.162741
4085.1234990000003,122.162741
4085.250528,118.907923
4085.377557,118.907923
4085.504586,118.907923
4085.6316150000002,118.907923
4085.758644,118.907923
4085.8856729999998,118.907923
4086.012702,118.907923
4086.139731,118.907923
4086.266759,118.479657
4086.393788,118.479657
4086.520817,118.479657
4086.647846,118.479657
4086.774875,118.479657
4086.901904,118.479657
4087.155962,118.479657
4087.282991,118.907923
4087.4100200000003,118.907923
4087.537049,118.907923
4087.664078,118.907923
4087.791107,118.907923
4087.9181360000002,118.907923
4088.045165,118.907923
4088.172193,118.907923
4088.299222,118.907923
4088.426251,118.907923
4088.55328,118.907923
4088.680309,118.907923
4088.807338,118.608137
4088.934367,118.608137
4089.061396,118.608137
4089.188425,118.608137
4089.315454,118.608137
4089.442483,118.608137
4089.569512,118.608137
4089.6965410000003,118.608137
4089.82357,118.179872
4089.950599,118.179872
4090.077627,117.109208
4090.204656,117.109208
4090.331685,117.109208
4090.458714,117.109208
4090.585743,117.109208
4090.712772,117.109208
4090.839801,115.867238
4090.96683,115.867238
4091.093859,115.867238
4091.220888,115.867238
4091.347917,115.867238
4091.4749460000003,115.867238
4092.999293,112.869379
4093.126322,112.869379
4093.253351,112.869379
4093.38038,112.869379
4093.507409,112.869379
4093.634438,112.869379
4093.7614670000003,112.869379
4093.888496,112.869379
4094.269582,107.730193
4094.396611,107.730193
4094.52364,108.072805
4094.650669,108.072805
4094.777698,108.072805
4094.904727,108.072805
4095.031756,108.072805
4095.158785,108.072805
4095.285814,108.072805
4095.412843,108.072805
4095.539872,109.014989
4095.666901,109.014989
4095.79393,109.014989
4095.920958,109.014989
4096.047987,109.014989
4096.175016,109.014989
4096.302045,109.014989
4096.429074,109.014989
4097.064219,111.027837
4097.191248,111.027837
4097.318277,111.027837
4097.445306,111.027837
4097.572335,111.027837
4097.699364,111.027837
4097.826392,111.027837
4097.953421,110.985011
4098.08045,110.942184
4098.207479,110.899358
4098.334508,108.843683
4098.461537,108.843683
4098.588566,108.843683
4098.715595,108.843683
4098.842624,108.843683
4098.969653,108.843683
4099.096682,108.843683
4099.223711,108.843683
4100.366971,103.704497
4100.494,103.704497
4100.621029,103.704497
4100.748058,103.704497
4100.875087,104.218415
4101.002116,104.218415
4101.129145,106.959315
4101.256174,106.959315
4101.383203,106.959315
4101.510232,106.959315
4101.63726,106.959315
4101.764289,106.959315
4101.891318,106.959315
4102.018347,106.959315
4109.131968,118.094218
4109.258997,118.094218
4109.386025,118.094218
4109.513054,118.094218
4109.640083,118.094218
4109.7671119999995,118.094218
4109.894141,118.094218
4110.02117,118.094218
4110.148199,117.237687
4110.275228,117.237687
4111.926604,116.466809
4112.053633,116.466809
4112.180662,116.466809
4112.307691,116.466809
4112.43472,116.466809
4112.561749,116.466809
4112.688778,116.466809
4112.815807,116.466809
4113.196894,117.665953
4113.323922,117.665953
4113.450951,117.665953
4113.57798,117.665953
4113.705009,117.665953
4113.8320380000005,117.665953
4113.959067,117.665953
4114.086096,117.665953
4114.975299,114.239829
4115.102328,114.239829
4115.229356,114.239829
4115.356385,114.239829
4115.483414,114.239829
4115.610443,114.239829
4115.737472,114.239829
4115.864501,114.239829
4115.99153,113.468951
4116.1185590000005,113.468951
4116.245588,113.468951
4116.372617,113.468951
4116.499646,112.526767
4116.626675,112.35546
4116.753704,112.35546
4116.880733,110.899358
4117.007762,110.899358
4117.13479,110.899358
4117.261819,110.899358
4117.388848,110.899358
4117.515877,110.899358
4117.642906,108.843683
4117.769935,108.843683
4117.896964,108.843683
4118.023993,108.843683
4118.151022,108.843683
4118.278051,108.843683
4118.40508,108.329764
4118.532109,108.329764
4118.659138,113.340471
4118.786167,115.952891
4118.913196,115.952891
4119.040225,115.952891
4119.167253,115.952891
4119.294282,115.952891
4119.421311,115.952891
4119.54834,121.520343
4119.6753690000005,121.520343
4119.802398,121.520343
4119.929427,121.520343
4120.056456,121.520343
4120.183485,121.520343
4120.310514,123.447537
4120.437543,123.490364
4120.564572,123.490364
4120.691601,123.490364
4120.81863,123.490364
4120.945659,123.490364
4121.072687,123.490364
4121.199716,123.490364
4121.326745,123.490364
4121.453774,123.490364
4121.580803,122.205567
4121.707832,122.205567
4121.834861,122.291221
4121.9618900000005,122.291221
4122.088919,122.291221
4122.215948,122.291221
4122.342977,122.291221
4122.470006,122.291221
4122.597035,122.291221
4122.724064,122.291221
4122.851093,122.205567
4122.978121,122.205567
4123.10515,121.948608
4123.232179,121.948608
4124.121382,118.094218
4124.2484110000005,118.094218
4124.37544,118.094218
4124.502469,118.094218
4124.629498,118.094218
4124.756527,118.094218
4124.883555,118.094218
4125.010584,118.094218
4125.137613,116.980728
4125.264642,116.980728
4125.391671,116.980728
4125.5187,116.980728
4125.645729,116.980728
4125.772758,116.980728
4125.899787,115.952891
4126.026816,115.952891
4126.153845,115.952891
4126.280874,115.952891
4126.407903,115.952891
4126.5349320000005,115.952891
4126.661961,116.466809
4126.78899,116.466809
4126.916018,116.466809
4127.043047,116.466809
4127.170076,116.466809
4127.297105,116.466809
4127.424134,116.638116
4127.551163,116.638116
4127.678192,116.723769
4127.805221,116.723769
4127.93225,116.723769
4128.059279,116.723769
4128.186308,117.237687
4128.313337,117.237687
4128.440366,117.237687
4128.567395,117.237687
4128.694424,117.237687
4128.821452,117.237687
4128.948481,117.237687
4129.07551,117.194861
4130.980944,121.648822
4131.107973,121.691649
4131.235002,121.691649
4131.362031,121.691649
4131.48906,121.691649
4131.616089,121.691649
4131.743118,121.691649
4131.870147,121.691649
4131.997176,123.233405
4132.124205,123.233405
4132.251234,123.233405
4132.378263,123.233405
4132.505292,123.233405
4132.63232,123.233405
4132.759349,123.233405
4132.886378,123.190578
4133.013407,123.190578
4133.140436,123.190578
4133.267465,122.976445
4133.394494,122.933619
4133.521523,120.877944
4133.648552,120.877944
4133.775581,118.137045
4133.90261,118.137045
4134.029639,118.137045
4134.156668,118.137045
4134.283697,118.137045
4134.410726,118.137045
4134.791812,118.137045
4134.918841,118.137045
4135.04587,118.137045
4135.172899,118.137045
4135.299928,118.222698
4135.426957,118.222698
4135.553986,118.222698
4135.681015,118.222698
4135.808044,118.222698
4135.935073,118.222698
4136.062102,118.222698
4136.189131,118.222698
4136.824275,121.905782
4136.951304,121.905782
4137.078333,121.905782
4137.205362,121.905782
4137.332391,121.905782
4137.45942,121.905782
4137.586449,121.905782
4137.713478,121.905782
4138.348623,121.820128
4138.475651,121.820128
4138.60268,122.205567
4138.729709,122.205567
4138.856738,122.205567
4138.983767,122.205567
4139.110796,122.205567
4139.237825,122.205567
4139.364854,122.205567
4139.491883,122.162741
4139.87297,124.218415
4139.999999,128.415418
4140.127028,128.415418
4140.254057,128.415418
4140.381085,128.415418
4140.508114,128.415418
4140.635143,128.415418
4140.762172,128.415418
4140.889201,128.415418
4141.01623,128.415418
4141.143259,128.415418
4141.270288,124.218415
4141.397317,124.218415
4141.524346,124.218415
4141.651375,124.218415
4141.778404,124.218415
4141.905433,123.832976
4142.032462,123.79015
4142.159491,124.218415
4142.286519,124.218415
4142.413548,124.218415
4142.540577,124.218415
4142.667606,126.316916
4142.794635,126.316916
4142.921664,126.316916
4143.048693,128.586724
4143.175722,128.586724
4143.302751,128.586724
4143.42978,128.586724
4143.556809,128.586724
4143.683838,128.586724
4143.810867,128.586724
4143.937896,128.586724
4144.064925,128.586724
4144.191954,128.586724
4144.318982,128.329764
4144.446011,128.329764
4144.57304,128.244111
4144.700069,128.244111
4144.827098,128.072805
4144.954127,128.072805
4145.081156,128.072805
4145.208185,128.072805
4145.335214,129.143469
4145.462243,129.143469
4145.589272,129.143469
4145.716301,129.143469
4145.84333,129.143469
4145.970359,129.143469
4146.097388,129.143469
4146.224416,129.143469
4146.351445,129.143469
4146.478474,129.143469
4146.605503,127.815846
4146.732532,127.815846
4146.859561,121.905782
4146.98659,121.905782
4147.113619,121.905782
4147.240648,121.905782
4147.367677,121.905782
4147.494706,121.477516
4147.621735,121.477516
4147.748764,121.220557
4147.875793,121.220557
4148.002822,121.220557
4148.12985,121.220557
4148.2568790000005,121.220557
4148.383908,121.220557
4151.559632,121.648822
4151.686661,121.648822
4151.81369,121.648822
4151.940719,121.648822
4152.067747,121.648822
4152.194776,121.648822
4152.321805,121.648822
4152.448834,121.648822
4152.575863,123.704497
4152.702892,123.704497
4152.8299210000005,123.704497
4152.95695,123.704497
4153.083979,123.704497
4153.211008,123.704497
4153.338037,123.704497
4153.465066,123.704497
4154.481297,129.100642
4154.608326,129.100642
4154.735355,129.100642
4154.862384,129.100642
4154.989413,129.100642
4155.1164420000005,129.100642
4155.243471,129.100642
4155.3705,129.100642
4155.751587,132.526767
4155.878615,132.526767
4156.005644,132.526767
4156.132673,132.526767
4156.259702,133.72591
4156.386731,133.72591
4156.51376,133.72591
4156.640789,133.72591
4156.767818,133.72591
4156.894847,133.72591
4157.021876,133.72591
4157.148905,133.72591
4157.529992,136.252677
4157.657021,136.295503
4157.784049,136.295503
4157.911078,136.295503
4158.038107,136.295503
4158.165136,136.295503
4158.292165,136.295503
4158.419194,136.295503
4159.181368,136.980728
4159.308397,136.980728
4159.435426,136.980728
4159.562455,136.980728
4159.689484,136.980728
4159.816512,136.980728
4159.943541,136.980728
4166.803104,141.691649
4166.930133,141.691649
4167.057162,142.291221
4167.184191,142.291221
4167.31122,142.291221
4167.438249,142.291221
4167.565277,143.747323
4167.692306,143.747323
4167.819335,143.747323
4167.946364,143.747323
4168.073393,143.747323
4168.200422,143.747323
4168.327451,148.286938
4168.45448,151.970021
4168.581509,151.970021
4168.708538,152.569593
4168.835567,152.569593
4168.962596,152.569593
4169.089625,152.569593
4169.216654,152.569593
4169.343683,152.569593
4169.470711,152.569593
4169.59774,152.569593
4169.724769,145.974304
4169.851798,144.346895
4169.978827,144.346895
4170.105856,144.346895
4170.232885,144.346895
4170.359914,144.346895
4170.486943,144.346895
4170.613972,144.346895
4170.741001,144.346895
4170.86803,144.346895
4170.995059,144.346895
4171.122088,141.43469
4171.249117,141.43469
4171.630203,138.179872
4171.757232,138.179872
4171.884261,138.179872
4172.01129,138.179872
4172.138319,138.179872
4172.265348,138.179872
4172.392377,138.179872
4172.519406,138.137045
4172.646435,134.239829
4172.773464,134.239829
4172.900493,134.239829
4173.027522,134.239829
4173.154551,134.239829
4173.281579,132.35546
4173.408608,132.35546
4173.535637,132.35546
4173.662666,132.35546
4173.789695,132.098501
4173.916724,132.098501
4174.043753,133.254818
4174.170782,133.297645
4174.297811,134.239829
4174.42484,134.239829
4174.551869,134.239829
4174.678898,134.239829
4174.805927,134.239829
4174.932956,134.239829
4175.059985,134.239829
4175.187013,134.239829
4175.314042,134.239829
4175.441071,134.239829
4175.5681,134.239829
4175.695129,134.239829
4175.822158,134.239829
4175.949187,134.239829
4176.076216,136.466809
4176.203245,136.466809
4176.330274,136.466809
4176.457303,136.466809
4176.584332,136.466809
4176.711361,141.563169
4176.83839,141.605996
4176.965419,141.734475
4177.092448,141.734475
4177.219476,142.162741
4177.346505,142.162741
4177.473534,142.162741
4177.600563,142.162741
4177.727592,142.162741
4177.854621,142.162741
4177.98165,143.961456
4178.108679,143.961456
4178.235708,143.961456
4178.362737,143.961456
4178.489766,143.961456
4178.616795,143.961456
4178.743824,143.961456
4178.870853,143.961456
4178.997882,143.961456
4179.12491,143.961456
4179.251939,143.961456
4179.378968,143.961456
4179.505997,142.762313
4179.633026,142.762313
4179.760055,141.477516
4179.887084,141.477516
4180.014113,141.477516
4180.141142,141.477516
4180.268171,137.366167
4180.3952,137.366167
4180.522229,137.366167
4180.649258,137.366167
4180.776287,137.366167
4180.903316,137.366167
4181.665489,133.85439
4181.792518,133.85439
4181.919547,134.239829
4182.046576,134.239829
4182.173605,134.239829
4182.300634,134.239829
4182.427663,134.239829
4182.554692,134.239829
4182.681721,134.239829
4182.80875,134.239829
4182.935778,134.239829
4183.062807,134.239829
4183.189836,134.239829
4183.316865,134.239829
4183.443894,134.239829
4183.570923,134.239829
4184.587155,137.280514
4184.714184,137.32334
4184.841213,137.45182
4184.9682410000005,137.45182
4185.09527,137.45182
4185.222299,137.45182
4185.349328,137.45182
4185.476357,137.45182
4185.603386,137.45182
4185.730415,137.45182
4185.857444,137.366167
4185.984473,137.366167
4186.111502,137.366167
4186.238531,137.366167
4186.36556,137.366167
4186.492589,137.366167
4186.619618,133.940043
4186.746647,133.940043
4186.873675,133.940043
4187.000704,133.340471
4187.127733,133.340471
4187.2547620000005,133.340471
4187.381791,133.340471
4187.50882,133.340471
4187.635849,133.340471
4187.762878,129.143469
4187.889907,129.143469
4188.016936,129.143469
4188.143965,129.143469
4188.270994,129.143469
4188.398023,129.143469
4188.525052,129.143469
4188.652081,129.143469
4188.779109,126.017131
4188.906138,126.017131
4189.033167,126.017131
4189.160196,126.017131
4189.287225,123.361884
4189.414254,123.361884
4189.5412830000005,123.233405
4189.668312,123.233405
4189.795341,123.233405
4189.92237,123.319058
4190.0493989999995,123.319058
4190.176428,124.218415
4190.303457,124.218415
4190.430486,124.218415
4190.557515,126.745182
4190.684543,126.745182
4190.811572,126.745182
4190.938601,126.745182
4191.06563,127.430407
4191.192659,127.430407
4191.319688,127.430407
4191.446717,127.430407
4191.573746,127.430407
4191.700775,127.430407
4191.8278040000005,127.430407
4191.954833,127.430407
4192.081862,127.344754
4192.208891,127.344754
4194.368383,132.312634
4194.495412,132.312634
4194.62244,132.312634
4194.749469,132.312634
4194.876498,132.312634
4195.003527,132.312634
4195.130556,132.312634
4195.257585,132.312634
4196.146788,132.569593
4196.273817,132.569593
4196.4008460000005,132.569593
4196.527874,132.569593
4196.654903,132.569593
4196.781932,132.569593
4196.908961,132.569593
4197.03599,132.569593
4197.163019,128.458244
4197.290048,128.458244
4197.417077,128.458244
4197.544106,128.458244
4197.671135,128.458244
4197.798164,128.458244
4197.925193,128.458244
4198.052222,128.458244
4198.179251,127.430407
4198.30628,127.430407
4198.433308,127.773019
4198.560337,127.773019
4198.687366,127.773019
4198.814395,127.773019
4198.941424,127.773019
4199.068453,127.773019
4199.195482,127.773019
4199.322511,127.773019
4199.44954,127.259101
4199.576569,127.259101
4199.703598,126.830835
4199.830627,126.830835
4199.9576560000005,124.218415
4200.084685,124.218415
4200.211714,124.218415
4200.338743,124.218415
4200.465771,124.218415
4200.5928,123.233405
4200.719829,123.233405
4200.846858,123.233405
4200.973887,123.233405
4201.100916,122.890792
4201.227945,122.890792
4201.354974,123.147752
4201.482003,123.147752
4201.609032,123.147752
4201.736061,123.147752
4201.86309,123.147752
4201.990119,123.147752
4202.117148,123.147752
4202.2441770000005,123.147752
4202.371205,123.062099
4202.498234,123.062099
4202.625263,122.976445
4202.752292,122.976445
4203.133379,122.54818
4203.260408,122.54818
4203.387437,122.54818
4203.514466,122.54818
4203.641495,122.54818
4203.768524,122.54818
4203.895553,122.54818
4204.022582,122.54818
4204.911784,122.719486
4205.038813,122.719486
4205.165842,122.719486
4205.292871,122.719486
4205.4199,122.719486
4205.546929,122.719486
4205.673958,122.719486
4205.800987,122.719486
4207.452363,121.862955
4207.579392,121.862955
4207.706421,121.948608
4207.83345,121.948608
4207.960479,121.948608
4208.087508,121.948608
4208.214536,121.948608
4208.341565,121.948608
4208.468594,121.948608
4208.595623,121.948608
4208.722652,121.263383
4208.849681,121.263383
4208.97671,121.006424
4209.103739,121.006424
4210.755115,121.691649
4210.882144,121.691649
4211.009173,121.777302
4211.136202,121.777302
4211.263231,121.777302
4211.39026,121.777302
4211.517289,122.4197
4211.644318,122.462527
4211.771347,123.019272
4211.898376,123.062099
4212.025404,123.704497
4212.152433,123.747323
4212.279462,123.747323
4212.406491,123.747323
4212.53352,123.747323
4212.660549,123.747323
4212.787578,124.047109
4212.914607,124.089936
4213.041636,124.089936
4213.168665,124.089936
4213.295694,124.089936
4213.422723,124.089936
4213.549752,124.089936
4213.676781,124.089936
4217.36062,124.218415
4217.487649,124.218415
4217.614678,124.218415
4217.741707,124.218415
4217.868735,124.218415
4217.995764,124.218415
4218.1227930000005,124.218415
4218.249822,124.218415
4218.376851,124.218415
4222.441777,118.608137
4222.568806,118.608137
4222.695835,118.608137
4222.822864,118.608137
4222.949893,118.608137
4223.076922,118.608137
4223.203951,118.608137
4223.33098,118.56531
4224.47424,121.049251
4224.601269,121.049251
4224.728298,121.049251
4224.855327,121.049251
4224.982356,121.049251
4225.109385,121.049251
4225.236414,121.563169
4225.363443,121.563169
4225.490472,121.648822
4225.6175,121.648822
4225.744529,121.648822
4225.871558,121.648822
4225.998587,121.648822
4226.125616,121.648822
4226.2526450000005,121.862955
4226.379674,121.862955
4226.506703,121.862955
4226.633732,121.862955
4226.760761,121.862955
4226.88779,121.862955
4227.014819,121.862955
4227.141848,121.820128
4227.268877,123.704497
4227.395906,123.704497
4227.522934,123.704497
4227.649963,123.704497
4227.776992,124.089936
4227.904021,124.218415
4228.03105,124.218415
4228.158079,124.218415
4228.285108,124.218415
4228.412137,124.218415
4228.5391660000005,124.218415
4228.666195,124.218415
4228.793224,124.218415
4229.555397,124.089936
4229.682426,124.218415
4229.809455,124.218415
4229.936484,124.218415
4230.063513,124.218415
4230.190542,124.218415
4230.317571,124.218415
4230.4446,124.218415
4230.571629,124.218415
4230.8256870000005,123.961456
4230.952716,123.961456
4231.079745,124.218415
4231.206774,124.218415
4231.333802,124.218415
4231.460831,124.218415
4231.58786,124.218415
4231.714889,124.218415
4231.841918,124.218415
4237.55822,126.788009
4237.685249,126.788009
4237.812278,126.788009
4237.939307,126.788009
4238.066336,127.730193
4238.193365,127.730193
4238.320394,128.501071
4238.447423,128.501071
4238.574452,128.501071
4238.701481,128.501071
4238.82851,128.501071
4238.9555390000005,128.501071
4239.082567,128.501071
4239.209596,128.501071
4239.336625,128.501071
4239.463654,128.501071
4240.606915,134.239829
4240.733944,134.239829
4240.860973,134.239829
4240.988002,134.239829
4241.11503,134.239829
4241.242059,136.723769
4241.369088,136.723769
4241.496117,136.723769
4241.623146,136.723769
4241.750175,136.723769
4241.877204,136.723769
4242.004233,137.922912
4242.131262,137.922912
4242.258291,138.351178
4242.38532,138.351178
4242.512349,138.351178
4242.639378,138.351178
4242.766407,138.436831
4242.893436,138.436831
4243.020464,138.436831
4243.147493,138.436831
4243.274522,138.436831
4243.401551,138.436831
4243.52858,138.436831
4243.655609,138.436831
4243.782638,138.522484
4243.909667,138.522484
4244.036696,141.349036
4244.163725,141.349036
4244.290754,141.349036
4244.417783,141.349036
4244.544812,146.14561
4244.671841,147.344754
4244.79887,147.344754
4244.925898,147.344754
4245.052927,147.344754
4245.179956,147.344754
4245.306985,147.344754
4245.434014,147.344754
4245.561043,147.344754
4245.688072,147.858672
4245.815101,147.858672
4245.94213,148.286938
4246.069159,148.286938
4246.196188,148.800857
4246.323217,148.800857
4246.450246,148.800857
4246.577275,148.800857
4246.704304,148.800857
4246.831332,148.800857
4246.958361,148.800857
4247.08539,148.800857
4247.212419,148.543897
4247.339448,148.543897
4247.720535,149.357602
4247.847564,149.357602
4247.974593,149.357602
4248.101622,149.357602
4248.228651,149.357602
4248.35568,149.357602
4248.482709,149.357602
4248.609738,149.357602
4248.736766,149.357602
4248.863795,149.357602
4248.990824,149.357602
4249.117853,149.357602
4249.244882,149.357602
4249.371911,149.357602
4250.007056,152.312634
4250.134085,152.312634
4250.261114,152.312634
4250.388143,152.312634
4250.515172,152.312634
4250.642201,152.312634
4250.7692289999995,152.312634
4250.896258,152.312634
4251.023287,152.226981
4251.150316,152.226981
4251.277345,151.798715
4251.404374,151.798715
4251.531403,151.798715
4251.658432,151.798715
4251.785461,151.199143
4251.91249,151.199143
4252.039519,151.11349
4252.166548,151.11349
4252.293577,151.11349
4252.420606,151.11349
4252.547635,151.11349
4252.674663,151.11349
4252.801692,148.88651
4252.928721,148.88651
4253.05575,146.059957
4253.182779,146.059957
4253.309808,146.059957
4253.436837,146.017131
4253.563866,143.832976
4253.690895,143.832976
4253.817924,143.832976
4254.199011,144.346895
4254.32604,144.346895
4254.453069,144.346895
4254.580097,144.346895
4254.707126,144.346895
4254.8341550000005,144.346895
4254.961184,144.346895
4255.088213,147.259101
4255.215242,147.259101
4255.342271,147.259101
4255.4693,147.259101
4255.596329,147.259101
4255.723358,147.259101
4255.850387,147.259101
4255.977416,147.259101
4256.104445,147.087794
4256.231474,147.087794
4256.358503,147.087794
4256.485531,147.087794
4256.61256,147.087794
4256.739589,147.087794
4256.866618,147.087794
4256.993647,147.087794
4259.534226,141.948608
4259.661255,141.948608
4259.788284,142.976445
4259.915313,142.976445
4260.042342,142.976445
4260.169371,142.976445
4260.2964,142.976445
4260.423428,142.976445
4260.550457,142.976445
4260.6774860000005,142.976445
4260.804515,142.976445
4260.931544,142.976445
4261.058573,142.976445
4261.185602,142.976445
4261.312631,141.948608
4261.43966,141.948608
4261.566689,141.777302
4261.693718,141.777302
4261.820747,141.777302
4262.328862,144.346895
4262.455891,144.346895
4262.58292,144.346895
4262.709949,144.346895
4262.836978,144.346895
4262.9640070000005,144.346895
4263.091036,144.346895
4263.218065,143.747323
4265.504586,146.745182
4265.631615,146.745182
4265.758644,146.830835
4265.885673,146.830835
4266.012702,146.830835
4266.139731,146.830835
4266.266759,146.830835
4266.393788,146.830835
4266.520817,146.830835
4266.647846,146.788009
4266.774875,146.745182
4266.901904,146.702355
4267.028933,139.164882
4267.155962,139.164882
4267.282991,139.164882
4267.41002,139.164882
4267.5370490000005,139.164882
4267.664078,139.164882
4267.791107,139.164882
4267.918136,139.164882
4268.0451649999995,139.164882
4268.172193,139.164882
4268.299222,139.164882
4268.426251,139.164882
4268.55328,139.164882
4268.680309,137.965739
4268.807338,138.008565
4268.934367,138.008565
4269.061396,138.008565
4269.188425,138.008565
4269.315454,138.008565
4269.442483,138.008565
4269.569512,138.008565
4269.950599,139.164882
4270.077627,139.164882
4270.204656,139.164882
4270.331685,139.164882
4270.458714,139.164882
4270.585743,139.164882
4270.712772,139.164882
4270.839801,139.164882
4270.96683,134.197002
4271.093859,130.770878
4271.220888,130.770878
4271.347917,130.770878
4271.474946,130.770878
4271.601975,130.770878
4271.729004,130.770878
4272.364148,134.239829
4272.491177,138.137045
4272.618206,138.137045
4272.745235,138.137045
4272.872264,138.137045
4272.999293,138.137045
4273.126322,153.811563
4273.253351,153.811563
4273.38038,153.897216
4273.507409,153.897216
4273.634438,154.496788
4273.761467,154.496788
4273.888496,154.496788
4274.015524,154.496788
4274.142553,154.496788
4274.269582,154.496788
4274.396611,154.496788
4274.52364,154.496788
4274.650669,153.683084
4274.777698,153.640257
4274.904727,151.070664
4275.031756,151.070664
4275.158785,151.070664
4275.285814,151.070664
4275.412843,150.985011
4275.539872,150.985011
4275.666901,150.985011
4275.79393,150.985011
4275.920958,150.985011
4276.047987,150.985011
4276.175016,149.357602
4276.302045,149.357602
4276.429074,146.445396
4276.556103,146.445396
4276.683132,147.216274
4276.810161,147.216274
4276.93719,147.216274
4277.064219,147.216274
4277.191248,147.216274
4277.318277,147.216274
4277.445306,147.216274
4277.572335,147.216274
4277.699364,147.216274
4277.826392,147.216274
4277.953421,147.216274
4278.08045,147.216274
4278.207479,148.158458
4278.334508,148.158458
4278.461537,148.158458
4278.588566,148.158458
4278.715595,148.158458
4278.842624,148.158458
4278.969653,148.158458
4279.096682,148.158458
4279.223711,148.158458
4279.35074,148.158458
4280.239942,152.269807
4280.366971,152.269807
4280.494,152.269807
4280.621029,152.269807
4280.748058,152.269807
4280.875087,152.269807
4281.002116,152.35546
4281.129145,152.35546
4281.256174,152.35546
4281.383203,152.35546
4281.510232,152.35546
4281.63726,152.35546
4281.764289,152.35546
4281.891318,152.35546
4282.018347,154.582441
4282.145376,154.582441
4282.272405,154.582441
4282.399434,154.582441
4282.526463,154.582441
4282.653492,154.582441
4282.780521,154.582441
4282.90755,154.582441
4283.034579,154.582441
4283.161608,154.582441
4283.288637,154.582441
4283.415666,154.582441
4283.542695,153.297645
4283.669723,153.297645
4284.558926,148.929336
4284.685955,148.929336
4284.812984,148.929336
4284.940013,148.929336
4285.067042,148.929336
4285.194071,148.929336
4285.3211,148.929336
4285.448129,148.929336
4288.750881,139.164882
4288.87791,139.164882
4289.004939,139.164882
4289.131968,139.164882
4289.258997,139.164882
4289.386025,139.164882
4289.513054,139.164882
4289.640083,139.164882
4289.7671119999995,136.680942
4289.894141,136.680942
4290.02117,136.680942
4290.148199,136.680942
4290.656315,132.740899
4290.783344,132.740899
4290.910373,132.740899
4291.037402,132.740899
4291.164431,132.740899
4291.29146,132.740899
4291.418488,132.740899
4291.5455170000005,132.740899
4297.007762,125.974304
4297.13479,125.974304
4297.261819,125.974304
4297.388848,125.974304
4297.515877,125.974304
4297.642906,125.974304
4297.769935,125.974304
4297.896964,125.974304
4298.023993,125.974304
4298.151022,125.974304
4298.278051,124.218415
4298.40508,124.218415
4298.532109,124.218415
4298.659138,124.218415
4299.802398,127.430407
4299.929427,127.430407
4300.056456,128.029979
4300.183485,128.029979
4300.310514,128.029979
4300.437543,128.029979
4300.564572,128.029979
4300.691601,128.029979
4300.81863,128.029979
4300.945659,128.029979
4301.072687,127.858672
4301.199716,127.858672
4301.326745,127.259101
4301.453774,127.259101
4301.580803,127.259101
4301.707832,127.259101
4301.834861,127.430407
4301.9618900000005,127.430407
4302.088919,127.430407
4302.215948,127.430407
4302.342977,127.430407
4302.470006,127.430407
4302.597035,127.430407
4302.724064,127.430407
4304.37544,127.51606
4304.502469,127.51606
4304.629498,127.51606
4304.756527,127.51606
4304.883555,127.51606
4305.010584,127.51606
4305.137613,127.51606
4305.264642,127.51606
4305.391671,127.430407
4305.5187,127.430407
4305.645729,127.430407
4305.772758,127.430407
4305.899787,126.488223
4306.026816,126.488223
4306.153845,127.858672
4306.280874,127.858672
4306.407903,127.944325
4306.5349320000005,127.944325
4306.661961,127.944325
4306.78899,127.944325
4306.916018,127.944325
4307.043047,127.944325
4307.170076,127.944325
4307.297105,127.944325
4317.078333,126.102784
4317.205362,126.102784
4317.332391,126.102784
4317.45942,126.102784
4317.586449,126.102784
4317.713478,126.102784
4317.840507,126.102784
4317.967536,126.102784
4318.094565,122.248394
4318.221594,122.248394
4318.348623,122.248394
4318.475651,122.248394
4318.729709,118.907923
4318.856738,118.907923
4318.983767,118.907923
4319.110796,118.907923
4319.237825,118.907923
4319.364854,118.907923
4319.491883,118.907923
4319.618912,118.907923
4319.745941,116.852248
4319.87297,116.852248
4319.999999,114.239829
4320.127028,114.239829
4320.508114,116.937901
4320.6351429999995,116.937901
4320.762172,116.937901
4320.889201,116.937901
4321.01623,118.907923
4321.143259,118.907923
4321.270288,118.907923
4321.397317,118.907923
4321.524346,118.907923
4321.651375,118.907923
4321.778404,118.907923
4321.905433,118.907923
4322.794635,122.077088
4322.9216639999995,126.702355
4323.048693,126.702355
4323.175722,126.702355
4323.302751,126.702355
4323.42978,126.702355
4323.556809,126.702355
4323.683838,126.702355
4323.810867,126.702355
4323.937896,126.445396
4324.064925,126.445396
4325.081156,118.051392
4325.208185,118.051392
4325.335214,118.051392
4325.462243,118.051392
4325.589272,118.82227
4325.716301,118.82227
4325.84333,118.82227
4325.970359,118.82227
4326.097388,118.82227
4326.224416,118.82227
4326.351445,118.82227
4326.478474,118.82227
4326.605503,120.620985
4326.732532,120.620985
4326.859561,120.620985
4326.98659,120.620985
4327.113619,121.43469
4327.240648,121.43469
4327.367677,121.43469
4327.494706,121.43469
4327.621735,121.43469
4327.748764,121.43469
4327.875793,121.43469
4328.002822,121.391863
4328.383908,121.520343
4328.510937,121.520343
4328.637966,121.520343
4328.7649949999995,121.520343
4328.892024,121.520343
4329.019053,121.520343
4329.146082,121.520343
4329.273111,121.477516
4329.40014,121.948608
4329.527169,122.591006
4329.654198,122.591006
4329.781227,122.591006
4329.908256,122.591006
4330.035284,124.218415
4330.162313,124.218415
4330.289342,125.931478
4330.416371,125.931478
4330.5434000000005,125.931478
4330.670429,125.931478
4330.797458,125.931478
4330.924487,125.931478
4331.0515159999995,125.931478
4331.178545,125.931478
4331.305574,125.931478
4331.432603,125.931478
4331.559632,125.931478
4331.686661,125.931478
4331.81369,124.218415
4331.940719,124.218415
4332.067747,124.218415
4332.194776,124.218415
4332.321805,124.218415
4332.448834,124.218415
4332.575863,124.218415
4332.702892,124.218415
4334.1002100000005,194.882227
4334.227239,206.959315
4334.354268,209.957173
4334.481297,209.957173
4334.608326,209.957173
4334.735355,209.957173
4334.862384,209.957173
4334.989413,209.957173
4335.1164420000005,209.957173
4335.243471,209.957173
4335.3705,124.218415
4335.497529,124.218415
4335.6245579999995,124.218415
4335.751587,124.218415
4335.878615,124.218415
4336.005644,124.218415
4336.132673,124.218415
4336.259702,124.218415
4336.3867310000005,123.618844
4336.51376,123.618844
4336.640789,122.933619
4336.767818,122.933619
4336.894847,122.933619
4337.021876,122.933619
4337.148905,122.933619
4337.275934,122.933619
4337.402963,122.933619
4337.529992,122.933619
4337.657021,122.933619
4337.784049,122.933619
4337.911078,122.933619
4338.038107,122.933619
4338.165136,122.933619
4338.292165,122.933619
4340.578686,121.648822
4340.705715,123.190578
4340.832744,123.190578
4340.9597730000005,123.190578
4341.086802,123.190578
4341.213831,123.190578
4341.34086,123.190578
4341.467889,123.190578
4341.594918,123.190578
4341.721946,118.650964
4341.848975,118.650964
4341.976004,118.650964
4342.103033,118.650964
4342.230062,118.650964
4342.357091,118.650964
4342.48412,118.650964
4342.611149,118.650964
4342.738178,118.650964
4342.865207,118.650964
4342.992236,118.650964
4343.119265,118.650964
4343.2462940000005,118.650964
4343.373323,118.650964
4343.500352,118.650964
4343.62738,118.650964
4343.754409,118.650964
4343.881438,118.650964
4344.008467,118.650964
4344.135496,118.650964
4344.262525,118.650964
4344.389554,118.650964
4344.516583,118.650964
4344.643612,118.650964
4344.770641,118.650964
4345.151728,118.907923
4345.278757,118.907923
4345.405786,118.907923
4345.532814,118.907923
4345.659843,118.907923
4345.786872,118.907923
4345.913901,118.907923
4346.04093,118.907923
4346.167959,118.907923
4346.294988,118.907923
4346.422017,118.907923
4346.549046,118.907923
4346.676075,118.907923
4346.8031040000005,118.907923
4346.930133,116.852248
4347.057162,116.852248
4347.184191,117.623126
4347.31122,117.623126
4347.438249,117.623126
4347.565277,117.623126
4347.692306,120.835118
4347.819335,121.820128
4347.946364,121.820128
4348.073393,121.820128
4348.200422,121.820128
4348.327451,121.820128
4348.45448,121.820128
4348.581509,121.820128
4348.708538,121.777302
4348.835567,120.963597
4348.962596,120.963597
4349.0896250000005,120.963597
4349.216654,120.963597
4349.343683,120.963597
4349.470711,121.43469
4349.59774,121.648822
4349.724769,121.648822
4349.851798,121.734475
4349.978827,121.734475
4350.105856,121.734475
4350.232885,121.734475
4350.359914,121.734475
4350.486943,121.734475
4350.613972,121.734475
4350.741001,121.691649
4351.249117,121.349036
4351.376145,121.349036
4351.503174,121.349036
4351.630203,121.349036
4351.757232,121.349036
4351.884261,121.349036
4352.01129,121.349036
4352.138319,122.162741
4352.265348,122.162741
4352.392377,122.248394
4352.519406,122.248394
4352.646435,122.248394
4352.773464,122.248394
4352.900493,122.248394
4353.027522,122.248394
4353.154551,122.248394
4353.281579,122.248394
4353.408608,122.248394
4353.535637,122.248394
4353.662666,122.248394
4353.789695,122.248394
4355.187013,128.329764
4355.314042,128.329764
4355.441071,128.329764
4355.5681,128.329764
4355.695129,128.329764
4355.822158,131.070664
4355.949187,131.070664
4356.076216,131.070664
4356.203245,131.070664
4356.330274,131.070664
4356.457303,131.070664
4356.584332,131.070664
4356.711361,131.070664
4356.83839,131.070664
4357.473534,134.239829
4357.600563,134.239829
4357.727592,134.239829
4357.854621,134.239829
4357.98165,134.239829
4358.108679,136.423983
4358.235708,136.466809
4358.362737,136.466809
4358.489766,136.466809
4358.616795,136.766595
4358.743824,136.766595
4358.870853,136.766595
4358.997882,136.766595
4359.12491,136.766595
4359.251939,136.766595
4359.378968,136.766595
4359.505997,136.766595
4362.681721,136.252677
4362.80875,136.252677
4362.935778,136.252677
4363.062807,136.252677
4363.189836,136.252677
4363.316865,136.252677
4363.443894,136.252677
4363.570923,136.252677
4364.9682410000005,137.366167
4365.09527,137.366167
4365.222299,137.366167
4365.349328,137.366167
4365.476357,137.366167
4365.603386,137.366167
4365.730415,137.366167
4365.857444,137.366167
4365.984473,137.366167
4366.111502,137.366167
4366.238531,137.366167
4366.36556,137.366167
4366.619618,147.216274
4366.746647,147.216274
4366.873675,147.301927
4367.000704,147.301927
4367.127733,147.301927
4367.2547620000005,147.301927
4367.381791,147.301927
4367.50882,147.301927
4367.635849,147.301927
4367.762878,147.301927
4367.889907,147.301927
4368.016936,147.301927
4368.143965,147.301927
4368.270994,147.301927
4368.398023,147.216274
4368.525052,147.216274
4368.652081,147.216274
4368.779109,147.216274
4368.906138,146.702355
4369.033167,146.702355
4369.160196,146.445396
4369.287225,146.445396
4369.414254,146.359743
4369.5412830000005,146.359743
4369.668312,146.359743
4369.795341,146.359743
4369.92237,146.27409
4370.0493989999995,146.27409
4373.733238,147.730193
4373.860267,147.730193
4373.987296,147.730193
4374.1143250000005,147.730193
4374.241354,147.730193
4374.368383,147.730193
4374.495412,147.730193
4374.62244,147.730193
4374.749469,147.730193
4374.876498,147.730193
4375.003527,144.218415
4375.130556,144.218415
4375.257585,144.218415
4375.3846140000005,144.218415
4375.511643,144.218415
4375.638672,144.218415
4380.084685,148.75803
4380.211714,148.75803
4380.338743,148.75803
4380.465771,148.75803
4380.5928,148.929336
4380.719829,148.929336
4380.846858,148.929336
4380.973887,148.929336
4381.100916,148.929336
4381.227945,148.929336
4381.354974,148.929336
4381.482003,148.929336
4382.117148,149.357602
4382.2441770000005,149.357602
4382.371205,149.357602
4382.498234,152.184154
4382.625263,152.184154
4382.752292,153.640257
4382.879321,153.640257
4383.00635,153.640257
4383.133379,153.640257
4383.260408,153.640257
4383.387437,153.640257
4383.514466,153.640257
4383.641495,153.640257
4383.768524,153.640257
4383.895553,153.640257
4384.022582,153.640257
4384.149611,153.640257
4384.276639,153.297645
4384.403668,153.297645
4384.530697,149.357602
4384.657726,149.357602
4384.784755,149.357602
4384.911784,147.216274
4385.038813,147.216274
4385.165842,147.558887
4385.292871,147.558887
4385.4199,147.558887
4385.546929,147.558887
4385.673958,147.558887
4385.800987,147.558887
4385.928016,147.558887
4386.055045,147.558887
4386.182073,147.473233
4386.309102,147.473233
4386.436131,144.346895
4386.56316,144.346895
4386.690189,144.346895
4386.817218,144.346895
4386.944247,144.346895
4387.071276,144.346895
4393.295694,123.747323
4393.422723,123.747323
4393.549752,123.747323
4393.676781,123.747323
4393.80381,123.832976
4393.930838,123.832976
4394.0578669999995,123.832976
4394.184896,123.832976
4394.311925,123.832976
4394.438954,123.832976
4394.565983,123.832976
4394.693012,123.832976
4397.106562,124.218415
4397.233591,124.218415
4397.36062,124.218415
4397.487649,124.218415
4397.614678,124.218415
4397.741707,124.218415
4397.868735,124.218415
4397.995764,124.218415
4399.139025,124.218415
4399.266054,124.218415
4399.393083,124.218415
4399.520112,124.218415
4399.647141,124.218415
4399.774169,124.218415
4399.901198,124.218415
4400.028227,124.218415
4400.155256,124.004283
4400.282285,124.004283
4400.663372,124.004283
4400.790401,124.004283
4400.9174299999995,124.218415
4401.044459,124.218415
4401.171488,124.218415
4401.298517,124.218415
4401.425546,124.218415
4401.552575,124.218415
4401.6796030000005,124.218415
4401.806632,126.059957
4401.933661,126.059957
4402.06069,126.059957
4402.187719,127.987152
4402.314748,127.987152
4402.441777,127.987152
4402.568806,127.987152
4402.695835,128.843683
4402.822864,128.843683
4402.949893,128.843683
4403.076922,128.843683
4403.203951,128.843683
4403.33098,128.843683
4403.458009,128.843683
4403.585037,128.843683
4403.839095,131.327623
4403.9661240000005,131.37045
4404.093153,131.413276
4404.220182,131.413276
4404.347211,131.413276
4404.47424,131.413276
4404.601269,131.413276
4404.728298,131.413276
4404.855327,131.413276
4404.982356,131.413276
4405.109385,128.586724
4405.236414,125.974304
4405.363443,125.974304
4405.490472,125.974304
4405.6175,124.132762
4405.744529,124.132762
4405.871558,124.132762
4407.268877,120.535332
4407.395906,120.578158
4407.522934,120.578158
4407.776992,121.648822
4407.904021,121.691649
4408.03105,121.691649
4408.158079,121.691649
4408.285108,121.691649
4408.412137,121.691649
4408.5391660000005,121.691649
4408.666195,121.691649
4408.793224,123.961456
4408.920253,123.961456
4409.0472819999995,123.961456
4409.174311,123.961456
4409.30134,123.961456
4409.428368,123.961456
4409.555397,123.961456
4409.682426,123.961456
4409.8094550000005,124.218415
4409.936484,124.218415
4410.063513,124.218415
4410.190542,124.218415
4410.317571,124.218415
4410.4446,124.218415
4410.571629,124.218415
4410.698658,124.218415
4410.8256870000005,124.218415
4410.952716,124.218415
4411.079745,124.218415
4411.206774,124.218415
4411.333802,123.533191
4411.460831,123.533191
4411.58786,123.533191
4411.714889,123.533191
4411.841918,123.533191
4411.968947,123.533191
4412.0959760000005,122.4197
4412.223005,122.4197
4412.350034,122.4197
4412.477063,122.4197
4412.604092,122.847966
4412.731121,122.847966
4412.85815,122.847966
4412.985179,122.847966
4413.1122080000005,122.847966
4413.239237,122.847966
4413.366265,122.847966
4413.493294,122.847966
4413.874381,123.104925
4414.00141,123.104925
4414.128439,123.104925
4414.255468,123.104925
4414.3824970000005,123.104925
4414.509526,123.104925
4414.636555,123.104925
4414.763584,123.104925
4414.890613,120.963597
4415.017642,120.963597
4415.144671,120.963597
4415.271699,120.963597
4415.398728,120.963597
4415.525757,120.963597
4415.652786,120.963597
4415.779815,120.963597
4415.906844,120.963597
4416.033873,120.963597
4416.160902,121.648822
4416.287931,121.648822
4416.41496,121.648822
4416.541989,121.648822
4416.6690180000005,121.648822
4416.796047,121.648822
4416.923076,121.648822
4417.050105,121.648822
4417.177133,121.648822
4417.304162,121.648822
4417.431191,121.905782
4417.55822,121.905782
4417.685249,122.077088
4417.812278,122.077088
4417.939307,122.077088
4418.066336,122.077088
4418.193365,122.077088
4418.320394,122.077088
4418.447423,122.077088
4418.574452,122.077088
4418.701481,122.67666
4418.82851,122.67666
4418.9555390000005,122.67666
4419.082567,122.67666
4419.209596,122.67666
4419.336625,122.67666
4419.463654,123.104925
4419.590683,123.104925
4419.717712,123.104925
4419.844741,123.104925
4419.97177,123.104925
4420.098799,123.104925
4420.225828,123.104925
4420.352857,123.104925
4420.733944,125.845824
4420.860973,125.845824
4420.988002,126.873662
4421.11503,126.873662
4421.242059,126.873662
4421.369088,126.873662
4421.496117,126.873662
4421.623146,126.873662
4421.750175,126.873662
4421.877204,126.873662
4422.893436,131.413276
4423.020464,131.413276
4423.147493,131.413276
4423.274522,131.413276
4423.401551,131.413276
4423.52858,131.413276
4423.655609,131.413276
4423.782638,131.413276
4424.163725,134.239829
4424.290754,134.239829
4424.417783,134.239829
4424.544812,134.239829
4424.671841,134.239829
4424.79887,134.239829
4424.925898,136.466809
4425.052927,136.466809
4425.179956,136.638116
4425.306985,136.638116
4425.434014,136.638116
4425.561043,136.638116
4425.688072,136.638116
4425.815101,136.638116
4425.94213,136.638116
4426.069159,136.638116
4426.196188,136.638116
4426.323217,136.638116
4426.450246,136.381156
4426.577275,136.381156
4426.704304,134.239829
4426.831332,134.239829
4426.958361,132.269807
4427.08539,132.269807
4427.212419,132.269807
4427.339448,132.269807
4427.466477,132.269807
4427.593506,132.269807
4427.720535,126.616702
4427.847564,124.218415
4427.974593,124.218415
4428.101622,124.218415
4428.228651,124.218415
4428.35568,124.218415
4428.482709,124.218415
4428.609738,118.907923
4428.736766,118.479657
4428.863795,118.479657
4428.990824,118.394004
4429.117853,118.394004
4429.244882,118.394004
4429.371911,118.394004
4429.49894,118.907923
4429.625969,118.907923
4429.752998,118.907923
4429.880027,118.907923
4430.007056,118.907923
4430.134085,118.907923
4430.261114,118.907923
4430.388143,118.82227
4431.785461,118.907923
4431.91249,118.907923
4432.039519,118.907923
4432.166548,124.218415
4432.293577,124.218415
4432.420606,124.218415
4432.547635,124.218415
4432.674663,124.218415
4432.801692,124.218415
4432.928721,126.27409
4433.0557499999995,126.27409
4433.182779,127.216274
4433.309808,127.216274
4433.436837,127.216274
4433.563866,127.216274
4433.690895,127.216274
4433.817924,127.216274
4433.944953,127.216274
4434.071982,127.216274
4434.199011,127.216274
4434.32604,127.216274
4434.453069,127.216274
4434.580097,127.216274
4435.215242,124.047109
4435.3422709999995,124.047109
4435.4693,124.047109
4435.596329,124.047109
4435.723358,124.047109
4435.850387,124.047109
4435.977416,124.047109
4436.104445,124.047109
4436.231474,123.875803
4436.358503,123.875803
4436.485531,120.963597
4436.61256,120.963597
4436.739589,120.963597
4436.866618,120.963597
4436.993647,120.963597
4437.1206760000005,120.963597
4437.247705,120.620985
4437.374734,120.620985
4437.501763,120.620985
4437.6287919999995,120.620985
4437.755821,120.620985
4437.88285,120.578158
4438.009879,117.965739
4438.136908,117.965739
4438.263937,117.965739
4438.390966,117.965739
4438.517994,117.965739
4438.645023,117.965739
4438.772052,117.965739
4438.899081,117.623126
4439.02611,117.623126
4440.804515,118.222698
4440.931544,118.69379
4441.058573,118.907923
4441.185602,118.907923
4441.312631,118.907923
4441.43966,118.907923
4441.566689,118.907923
4441.693718,118.907923
4441.820747,118.907923
4441.947776,118.907923
4442.074805,118.82227
4442.201834,118.779443
4442.328862,114.239829
4442.455891,114.239829
4442.58292,114.239829
4442.709949,114.239829
4442.836978,114.239829
4442.9640070000005,114.239829
4443.091036,114.239829
4443.218065,114.239829
4443.345094,114.239829
4443.472123,114.239829
4443.599152,114.239829
4443.726181,114.239829
4443.85321,114.239829
4443.980239,114.239829
4444.107268,114.239829
4444.234296,114.239829
4444.361325,114.239829
4444.488354,114.239829
4444.615383,114.239829
4444.742412,114.239829
4444.869441,114.239829
4444.99647,114.239829
4445.123499,114.239829
4445.2505280000005,114.239829
4445.377557,114.239829
4445.504586,114.239829
4445.631615,114.239829
4445.758644,114.197002
4449.8235700000005,131.027837
4449.950599,131.027837
4450.077627,131.027837
4450.204656,131.027837
4450.331685,131.027837
4450.458714,131.027837
4450.585743,131.027837
4450.712772,131.027837
4452.11009,118.265525
4452.237119,124.218415
4452.364148,124.218415
4452.491177,124.218415
4452.618206,124.218415
4452.745235,124.218415
4452.872264,124.218415
4452.999293,124.218415
4453.126322,124.218415
4453.761467,122.54818
4453.888496,122.54818
4454.015524,122.633833
4454.142553,122.633833
4454.269582,122.633833
4454.396611,122.633833
4454.52364,122.633833
4454.650669,122.633833
4454.777698,123.576017
4454.904727,123.576017
4455.031756,123.747323
4455.158785,123.747323
4455.285814,123.747323
4455.412843,123.747323
4455.539872,123.747323
4455.6669010000005,123.747323
4455.79393,123.747323
4455.920958,123.747323
4456.047987,123.747323
4456.175016,123.747323
4456.302045,123.66167
4456.429074,123.66167
4456.556103,121.263383
4456.683132,121.263383
4456.810161,121.17773
4456.93719,121.17773
4457.064219,121.17773
4457.191248,121.17773
4457.572335,121.263383
4457.699364,121.263383
4457.826392,121.43469
4457.953421,121.43469
4458.08045,121.43469
4458.207479,121.43469
4458.334508,121.43469
4458.461537,121.43469
4458.588566,121.43469
4458.715595,121.43469
4458.842624,121.43469
4458.969653,121.43469
4459.096682,121.43469
4459.223711,121.43469
4459.35074,121.006424
4459.477769,121.006424
4459.604798,118.907923
4459.731826,118.907923
4459.858855,118.907923
4459.985884,118.907923
4460.112913,117.922912
4460.239942,117.922912
4460.366971,117.837259
4460.494,116.937901
4460.621029,116.895075
4460.748058,116.895075
4460.875087,118.779443
4461.002116,118.82227
4461.129145,118.82227
4461.256174,118.82227
4461.383203,118.82227
4461.510232,118.82227
4461.6372599999995,118.82227
4461.764289,118.82227
4461.891318,118.779443
4462.018347,118.779443
4462.90755,122.205567
4463.034579,122.205567
4463.161608,122.54818
4463.288637,122.54818
4463.415666,122.54818
4463.542695,122.54818
4463.669723,122.54818
4463.796752,122.54818
4463.923781,122.54818
4464.05081,122.54818
4464.177839,120.663812
4464.304868,120.663812
4464.431897,120.663812
4464.558926,120.663812
4464.685955,127.901499
4464.812984,127.901499
4464.940013,127.901499
4465.067042,127.901499
4465.194071,127.901499
4465.3211,134.111349
4465.448129,141.049251
4465.575157,141.049251
4465.702186,141.049251
4465.829215,141.049251
4465.956244,141.049251
4466.083273,141.049251
4466.210302,141.049251
4466.337331,141.049251
4467.60762,137.366167
4467.734649,141.049251
4467.861678,141.049251
4467.988707,141.049251
4468.115736,141.049251
4468.242765,141.049251
4468.369794,141.049251
4468.496823,141.049251
4468.623852,141.049251
4468.750881,132.655246
4468.87791,132.569593
4469.004939,132.569593
4469.131968,132.569593
4469.258997,132.569593
4470.148199,132.569593
4470.275228,132.569593
4470.402257,132.569593
4470.529286,132.569593
4470.656315,132.569593
4470.783344,132.569593
4470.910373,132.569593
4471.037402,132.569593
4471.164431,132.226981
4471.29146,132.226981
4471.418488,131.199143
4471.5455170000005,131.199143
4471.672546,127.259101
4471.799575,127.259101
4471.926604,127.259101
4472.0536329999995,127.259101
4472.180662,129.143469
4472.307691,129.143469
4472.43472,132.740899
4472.561749,132.740899
4472.688778,132.740899
4472.815807,132.740899
4472.942836,132.740899
4473.069865,132.740899
4473.196894,132.740899
4473.323922,132.740899
4473.705009,137.109208
4473.8320380000005,137.880086
4473.959067,137.880086
4474.086096,138.82227
4474.213125,138.82227
4474.3401539999995,138.82227
4474.467183,138.82227
4474.594212,138.82227
4474.721241,138.82227
4474.84827,138.907923
4474.975299,138.907923
4475.102328,138.907923
4475.229356,138.907923
4475.356385,138.907923
4475.483414,138.907923
4475.610443,138.907923
4475.737472,138.907923
4475.864501,138.479657
4475.99153,138.479657
4477.896964,139.164882
4478.023993,139.164882
4478.151022,139.164882
4478.278051,139.164882
4478.40508,139.164882
4478.532109,139.164882
4478.659138,139.164882
4478.786167,139.164882
4478.9131959999995,139.164882
4479.040225,139.164882
4479.167253,133.768737
4479.294282,133.768737
4479.421311,133.768737
4479.54834,133.768737
4479.6753690000005,133.768737
4479.802398,133.768737
4479.929427,133.768737
4480.056456,131.284797
4480.183485,131.284797
4480.310514,131.284797
4480.437543,131.284797
4480.81863,132.226981
4480.945659,132.226981
4481.072687,132.226981
4481.199716,132.226981
4481.326745,132.226981
4481.453774,132.226981
4481.580803,133.85439
4481.707832,133.85439
4481.834861,133.85439
4481.9618900000005,133.85439
4482.088919,134.239829
4482.215948,134.239829
4482.342977,134.239829
4482.470006,134.239829
4482.597035,134.239829
4482.724064,134.239829
4482.851093,134.239829
4482.978121,134.239829
4483.10515,134.239829
4483.232179,134.239829
4483.359208,134.239829
4483.486237,134.239829
4483.613266,134.239829
4483.740295,134.239829
4483.867324,134.239829
4483.994353,134.239829
4484.629498,132.312634
4484.756527,132.312634
4484.883555,132.312634
4485.010584,132.312634
4485.137613,132.312634
4485.264642,132.312634
4485.391671,132.48394
4485.5187,132.48394
4485.645729,132.48394
4485.772758,132.48394
4485.899787,133.85439
4486.026816,133.85439
4486.153845,133.85439
4486.280874,133.85439
4486.407903,133.85439
4486.5349320000005,137.366167
4486.661961,137.366167
4486.78899,137.366167
4486.916018,137.366167
4487.043047,139.079229
4487.170076,139.079229
4487.297105,139.164882
4487.424134,139.164882
4487.551163,139.164882
4487.678192,139.164882
4487.8052210000005,139.164882
4487.93225,139.164882
4488.059279,139.164882
4488.186308,139.164882
4488.313337,139.164882
4488.440366,139.164882
4488.567395,139.079229
4488.694424,139.036403
4488.948481,137.965739
4489.07551,137.965739
4489.202539,137.922912
4490.218771,135.910064
4490.3458,135.910064
4490.472829,135.910064
4490.599858,135.910064
4490.726886,135.910064
4490.853915,135.910064
4490.980944,135.910064
4491.107973,135.910064
4491.235002,133.683084
4491.362031,133.683084
4491.48906,124.004283
4491.616089,124.004283
4491.743118,124.004283
4491.870147,124.004283
4491.997176,124.004283
4492.124205,123.961456
4492.251234,123.961456
4492.3782630000005,123.91863
4492.505292,123.875803
4493.140436,123.618844
4493.267465,123.618844
4493.394494,123.618844
4493.521523,123.618844
4493.648552,123.618844
4493.775581,123.618844
4493.90261,126.745182
4494.029639,126.745182
4494.156668,126.745182
4494.283697,128.929336
4494.410726,128.929336
4494.537755,128.929336
4494.664783,128.929336
4494.791812,128.929336
4494.918841,128.929336
4495.04587,128.929336
4495.172899,128.929336
4500.889201,131.413276
4501.01623,131.413276
4501.143259,131.413276
4501.270288,131.413276
4501.397317,131.413276
4501.524346,131.413276
4501.651375,131.413276
4501.778404,131.413276
4502.159491,134.239829
4502.286519,134.239829
4502.413548,134.239829
4502.540577,134.239829
4502.667606,134.239829
4502.794635,134.239829
4502.9216639999995,134.239829
4503.048693,134.239829
4503.175722,134.239829
4503.302751,134.239829
4503.42978,134.239829
4503.556809,134.239829
4503.683838,134.239829
4503.810867,134.239829
4503.937896,134.197002
4508.2568790000005,123.961456
4508.383908,123.961456
4508.510937,123.961456
4508.637966,123.961456
4508.7649949999995,123.961456
4508.892024,123.961456
4509.019053,123.961456
4509.146082,123.961456
4509.273111,123.961456
4509.40014,123.961456
4509.527169,123.961456
4510.924487,125.931478
4511.0515159999995,125.931478
4511.178545,126.017131
4511.305574,126.017131
4511.432603,126.017131
4511.559632,126.017131
4511.686661,126.017131
4511.81369,126.017131
4511.940719,126.017131
4512.067747,127.815846
4512.194776,127.815846
4512.321805,127.815846
4512.448834,127.815846
4512.575863,127.815846
4512.702892,127.815846
4512.8299210000005,130.813704
4512.95695,130.813704
4513.083979,132.783726
4513.211008,132.783726
4513.3380369999995,132.783726
4513.465066,132.783726
4513.592095,132.783726
4513.719124,132.783726
4513.846153,132.783726
4513.973181,132.783726
4514.1002100000005,132.783726
4514.227239,132.783726
4514.354268,130.899358
4514.481297,130.899358
4514.608326,130.899358
4514.735355,130.899358
4514.862384,130.899358
4514.989413,130.899358
4516.005644,125.845824
4516.132673,125.845824
4516.259702,125.845824
4516.3867310000005,125.845824
4516.51376,125.845824
4516.640789,125.845824
4516.767818,125.845824
4516.894847,124.218415
4517.021876,124.218415
4517.148905,124.218415
4517.275934,124.218415
4517.402963,124.218415
4517.529992,124.218415
4517.657021,124.218415
4517.784049,124.218415
4517.911078,124.218415
4518.038107,124.218415
4518.165136,124.218415
4518.292165,123.961456
4518.419194,123.961456
4519.689484,128.75803
4519.816512,128.75803
4519.943541,128.75803
4520.07057,128.75803
4520.197599,128.75803
4520.324628,128.75803
4520.451657,128.75803
4520.578686,128.75803
4521.721946,130.813704
4521.848975,130.813704
4521.976004,130.813704
4522.103033,130.813704
4522.230062,130.813704
4522.357091,130.813704
4522.48412,130.813704
4522.611149,130.813704
4522.738178,130.813704
4522.865207,130.813704
4522.992236,132.012848
4523.119265,132.012848
4523.2462940000005,132.012848
4523.373323,132.012848
4523.500352,132.098501
4523.62738,132.098501
4523.754409,132.098501
4523.881438,132.098501
4524.008467,132.098501
4524.135496,132.098501
4524.262525,132.098501
4524.389554,132.098501
4526.422017,136.038544
4526.549046,136.038544
4526.676075,136.038544
4526.8031040000005,136.038544
4526.930133,136.038544
4527.057162,136.038544
4527.184191,136.038544
4527.31122,136.038544
4527.438249,135.867238
4528.835567,131.24197
4528.962596,131.24197
4529.0896250000005,131.24197
4529.216654,131.24197
4529.343683,131.24197
4529.470711,131.24197
4529.59774,131.24197
4529.724769,131.24197
4529.851798,124.218415
4529.978827,124.218415
4530.105856,124.218415
4530.232885,124.218415
4530.359914,124.218415
4530.486943,124.218415
4530.613972,123.704497
4530.741001,121.991435
4530.86803,121.991435
4530.995059,121.991435
4531.122088,121.991435
4531.249117,121.905782
4531.376145,121.905782
4531.503174,121.648822
4531.630203,120.963597
4531.757232,120.963597
4531.884261,120.963597
4532.01129,120.963597
4532.138319,120.963597
4532.265348,120.963597
4532.392377,120.963597
4532.773464,123.104925
4532.900493,123.104925
4533.027522,123.104925
4533.281579,123.747323
4533.408608,123.79015
4533.535637,123.79015
4533.662666,123.79015
4533.789695,123.79015
4533.916724,123.79015
4534.043753,123.79015
4534.170782,123.79015
4534.42484,126.531049
4534.551869,126.531049
4534.678898,126.531049
4534.805927,127.130621
4534.932956,127.301927
4535.059985,127.301927
4535.187013,127.301927
4535.314042,127.301927
4535.441071,127.301927
4535.5681,127.301927
4535.695129,127.301927
4535.822158,127.301927
4535.949187,127.301927
4536.076216,127.259101
4536.965419,126.488223
4537.092448,126.488223
4537.219476,126.488223
4537.3465049999995,126.488223
4537.473534,126.488223
4537.600563,126.488223
4537.727592,126.488223
4537.854621,126.488223
4537.98165,126.231263
4538.108679,126.231263
4539.378968,122.248394
4539.505997,122.248394
4539.6330259999995,122.248394
4539.760055,122.248394
4539.887084,122.248394
4540.014113,122.248394
4540.141142,122.248394
4540.268171,122.205567
4540.649258,122.119914
4540.776287,122.119914
4540.903316,122.119914
4541.030344,122.119914
4541.157373,123.832976
4541.284402,124.218415
4541.411431,124.218415
4541.53846,124.218415
4541.665489,124.218415
4541.792518,124.218415
4541.9195469999995,127.558887
4542.046576,127.558887
4542.173605,127.558887
4542.300634,127.558887
4542.427663,127.558887
4542.554692,127.558887
4542.681721,127.558887
4543.062807,130.770878
4543.189836,130.770878
4543.316865,130.770878
4543.443894,130.770878
4543.570923,130.770878
4543.697952,130.770878
4543.824981,134.239829
4543.95201,134.239829
4544.079039,134.239829
4544.206068,134.239829
4544.333097,134.239829
4544.460126,134.239829
4544.587155,134.239829
4544.714184,135.995717
4544.841213,136.809422
4544.9682410000005,136.809422
4545.09527,136.895075
4545.222299,136.937901
4545.349328,136.980728
4545.476357,137.109208
4545.603386,137.109208
4545.730415,137.194861
4545.857444,137.194861
4545.984473,137.194861
4546.111502,137.194861
4546.238531,137.194861
4546.36556,137.194861
4546.492589,137.194861
4546.619618,137.194861
4546.746647,136.33833
4546.873675,136.33833
4547.000704,134.239829
4547.127733,134.239829
4547.2547620000005,134.239829
4547.381791,134.239829
4547.50882,134.239829
4547.635849,134.239829
4547.762878,131.970021
4547.889907,131.970021
4548.016936,131.970021
4548.143965,131.970021
4548.270994,131.970021
4548.398023,128.972163
4548.525052,128.972163
4548.652081,128.972163
4548.779109,128.972163
4548.906138,128.972163
4549.033167,128.972163
4549.160196,128.972163
4549.287225,128.972163
4549.92237,126.488223
4550.0493989999995,126.488223
4550.176428,126.488223
4550.303457,126.488223
4550.430486,126.488223
4550.557515,126.488223
4550.684543,126.488223
4550.8115720000005,126.488223
4550.938601,126.231263
4551.06563,126.231263
4551.192659,126.231263
4551.319688,126.231263
4551.446717,126.231263
4551.573746,126.231263
4551.700775,124.218415
4551.8278040000005,124.218415
4551.954833,124.218415
4552.081862,124.218415
4552.208891,124.004283
4552.3359199999995,124.004283
4552.462949,124.004283
4552.589978,124.004283
4552.717006,124.004283
4552.844035,124.218415
4552.971064,124.218415
4553.0980930000005,124.218415
4553.225122,124.218415
4553.352151,124.218415
4553.47918,124.218415
4553.606209,124.218415
4553.987296,128.715203
4554.1143250000005,128.715203
4554.241354,128.715203
4554.368383,128.715203
4554.495412,128.715203
4554.62244,128.715203
4554.749469,130.856531
4554.876498,130.856531
4555.003527,130.856531
4555.130556,130.856531
4555.257585,131.284797
4555.3846140000005,131.284797
4555.511643,131.284797
4555.638672,131.284797
4555.765701,131.284797
4555.89273,131.284797
4556.019759,131.284797
4556.146788,131.284797
4556.273817,131.284797
4556.4008460000005,131.284797
4556.527874,131.11349
4556.654903,131.11349
4556.781932,131.11349
4556.908961,131.11349
4557.03599,131.11349
4557.163019,131.11349
4557.290048,131.027837
4557.417077,131.027837
4557.544106,128.201285
4557.6711350000005,128.201285
4557.798164,128.201285
4557.925193,128.201285
4558.052222,127.259101
4558.179251,127.259101
4558.30628,127.259101
4558.433308,127.259101
4558.560337,127.259101
4558.687366,127.259101
4558.814395,127.259101
4558.941424,127.259101
4559.068453,127.259101
4559.195482,127.259101
4559.322511,127.259101
4559.44954,127.259101
4559.576569,128.115632
4559.703598,128.115632
4559.830627,128.286938
4559.9576560000005,128.286938
4560.084685,128.286938
4560.211714,128.286938
4560.338743,128.286938
4560.465771,128.286938
4560.5928,128.286938
4560.719829,128.286938
4560.846858,128.286938
4560.973887,128.286938
4561.100916,128.201285
4561.227945,128.201285
4566.055045,121.777302
4566.182073,121.777302
4566.309102,121.777302
4566.436131,121.777302
4566.56316,121.777302
4566.690189,121.777302
4566.817218,122.933619
4566.944247,122.976445
4567.071276,123.019272
4567.198305,123.062099
4567.325334,123.062099
4567.452363,123.062099
4567.579392,123.062099
4567.706421,123.062099
4567.83345,123.062099
4567.960479,123.062099
4568.0875080000005,123.062099
4568.214536,123.062099
4568.341565,123.062099
4568.468594,123.062099
4568.595623,123.062099
4568.722652,123.062099
4568.849681,122.976445
4568.97671,122.976445
4569.103739,122.54818
4569.230768,122.54818
4569.357797,122.54818
4569.484826,122.54818
4569.611855,122.54818
4569.738884,122.54818
4569.865913,121.777302
4569.992942,121.777302
4570.11997,121.777302
4570.246999,121.777302
4570.374028,121.777302
4570.501057,121.777302
4570.628086,121.777302
4570.755115,121.777302
4571.644318,120.578158
4571.771347,120.578158
4571.898376,120.578158
4572.025404,120.578158
4572.152433,120.578158
4572.279462,120.578158
4572.406491,120.578158
4572.53352,120.578158
4572.660549,117.494647
4572.787578,117.494647
4572.914607,117.494647
4573.041636,117.494647
4573.168665,117.494647
4573.295694,117.494647
4573.422723,116.980728
4573.549752,116.980728
4573.676781,116.980728
4573.80381,116.980728
4573.930838,118.351178
4574.0578669999995,118.351178
4574.184896,118.351178
4574.311925,118.351178
4574.438954,118.351178
4574.565983,118.351178
4574.693012,118.351178
4574.820041,118.351178
4575.455186,123.276231
4575.582215,124.004283
4575.709244,124.004283
4575.8362720000005,126.488223
4575.963301,126.488223
4576.09033,126.488223
4576.217359,126.488223
4576.3443879999995,128.543897
4576.471417,128.543897
4576.598446,131.670236
4576.725475,131.713062
4576.852504,131.798715
4576.979533,131.798715
4577.106562,131.798715
4577.233591,131.798715
4577.36062,131.798715
4577.487649,131.798715
4577.614678,131.798715
4577.741707,131.798715
4577.868735,129.143469
4577.995764,129.143469
4578.1227930000005,129.143469
4578.249822,129.143469
4578.376851,129.143469
4578.50388,129.143469
4578.6309089999995,129.143469
4578.757938,129.143469
4579.901198,127.773019
4580.028227,127.773019
4580.155256,127.773019
4580.282285,127.773019
4580.409314,127.773019
4580.536343,127.773019
4580.663372,127.773019
4580.790401,127.773019
4580.9174299999995,124.218415
4581.044459,124.218415
4581.171488,124.218415
4581.298517,124.218415
4581.425546,124.218415
4581.552575,124.218415
4582.949893,126.27409
4583.076922,126.27409
4583.203951,126.27409
4583.33098,126.27409
4583.458009,126.27409
4583.585037,126.27409
4583.712066,126.27409
4583.839095,126.27409
4584.093153,133.254818
4584.220182,133.254818
4584.347211,133.254818
4584.47424,138.907923
4584.601269,138.907923
4584.728298,138.907923
4584.855327,138.907923
4584.982356,138.907923
4585.109385,138.907923
4585.236414,138.907923
4588.158079,141.563169
4588.285108,141.691649
4588.412137,141.691649
4588.5391660000005,141.691649
4588.666195,141.691649
4588.793224,141.691649
4588.920253,141.691649
4589.0472819999995,141.691649
4589.174311,141.691649
4589.30134,139.164882
4589.936484,138.950749
4590.063513,138.950749
4590.190542,138.950749
4590.317571,138.950749
4590.4446,141.006424
4590.571629,141.006424
4590.698658,141.391863
4590.8256870000005,142.034261
4590.952716,142.077088
4591.079745,142.077088
4591.206774,142.077088
4591.333802,142.077088
4591.460831,142.077088
4591.58786,142.077088
4591.714889,142.077088
4591.841918,139.164882
4592.0959760000005,127.730193
4592.223005,127.730193
4592.350034,127.730193
4592.477063,127.730193
4592.604092,127.730193
4592.731121,141.30621
4592.85815,147.51606
4592.985179,147.51606
4593.1122080000005,147.51606
4593.239237,147.51606
4593.366265,147.51606
4593.493294,147.51606
4593.620323,147.51606
4593.747352,147.51606
4593.874381,147.51606
4594.00141,147.51606
4594.128439,147.51606
4594.255468,147.51606
4594.3824970000005,143.91863
4594.509526,143.91863
4597.050105,153.169165
4597.177133,153.169165
4597.304162,153.169165
4597.431191,153.169165
4597.55822,153.169165
4597.685249,153.169165
4597.812278,153.169165
4597.939307,153.169165
4598.066336,153.169165
4598.193365,153.169165
4598.320394,153.169165
4598.447423,153.169165
4598.574452,153.169165
4598.701481,153.169165
4598.82851,153.169165
4598.9555390000005,153.169165
4599.082567,153.169165
4599.209596,153.169165
4599.336625,149.357602
4599.463654,149.357602
4599.590683,149.357602
4599.717712,147.858672
4599.844741,147.858672
4599.97177,147.858672
4600.098799,147.858672
4600.225828,147.858672
4600.352857,147.858672
4600.479886,147.858672
4600.606915,147.858672
4600.733944,147.087794
4600.860973,147.087794
4601.242059,129.143469
4601.369088,129.143469
4601.496117,129.143469
4601.623146,129.143469
4601.750175,129.143469
4601.877204,129.143469
4602.004233,129.143469
4602.131262,129.143469
4602.258291,124.218415
4602.38532,124.218415
4602.512349,124.218415
4602.639378,124.218415
4602.766407,123.875803
4602.893436,123.875803
4603.020464,129.143469
4603.147493,129.143469
4603.274522,129.143469
4603.401551,129.143469
4603.52858,129.143469
4603.655609,129.143469
4603.782638,129.143469
4603.909667,129.143469
4604.036696,131.327623
4604.163725,138.436831
4604.290754,138.436831
4604.417783,138.436831
4604.544812,138.436831
4604.671841,138.436831
4604.79887,138.436831
4604.925898,138.436831
4605.052927,138.436831
4605.179956,137.32334
4605.306985,137.32334
4606.704304,136.295503
4606.831332,136.295503
4606.958361,138.69379
4607.08539,138.69379
4607.212419,138.69379
4607.339448,138.69379
4607.466477,139.036403
4607.593506,139.036403
4607.720535,139.036403
4607.847564,139.036403
4607.974593,139.036403
4608.101622,149.357602
4608.228651,149.357602
4608.35568,149.357602
4608.482709,149.357602
4608.609738,149.357602
4608.736766,149.357602
4608.863795,149.357602
4608.990824,149.357602
4611.150316,143.91863
4611.277345,143.91863
4611.404374,143.91863
4611.531403,143.91863
4611.658432,143.91863
4611.785461,143.91863
4611.91249,143.91863
4612.039519,143.91863
4612.166548,142.633833
4612.293577,142.633833
4613.0557499999995,139.164882
4613.182779,139.164882
4613.309808,139.164882
4613.436837,139.164882
4613.563866,139.164882
4613.690895,139.164882
4613.817924,139.164882
4613.944953,139.164882
4614.453069,146.059957
4614.580097,146.059957
4614.707126,146.059957
4614.8341550000005,146.059957
4614.961184,146.059957
4615.088213,146.059957
4615.215242,149.357602
4615.3422709999995,149.357602
4615.4693,149.357602
4615.596329,149.357602
4615.723358,149.357602
4615.850387,149.357602
4615.977416,149.357602
4616.104445,149.357602
4616.231474,149.357602
4616.61256,151.884368
4616.739589,151.884368
4616.866618,152.141328
4616.993647,152.141328
4617.1206760000005,152.141328
4617.247705,152.141328
4617.374734,152.141328
4617.501763,152.141328
4617.6287919999995,152.141328
4617.755821,152.141328
4617.88285,152.141328
4618.009879,152.141328
4618.136908,151.027837
4618.263937,151.027837
4620.169371,194.96788
4620.2964,204.089936
4620.423428,209.229122
4620.550457,209.229122
4620.6774860000005,209.229122
4620.804515,209.229122
4620.931544,209.229122
4621.058573,209.229122
4621.185602,209.229122
4621.312631,209.229122
4624.615383,142.376874
4624.742412,142.376874
4624.869441,142.376874
4624.99647,142.376874
4625.123499,142.376874
4625.2505280000005,142.376874
4625.377557,142.376874
4625.504586,142.376874
4625.631615,141.092077
4625.758644,141.049251
4625.885673,141.006424
4626.012702,141.006424
4626.139731,141.777302
4626.266759,141.777302
4626.393788,141.777302
4626.520817,141.777302
4626.647846,143.747323
4626.774875,143.747323
4626.901904,143.747323
4627.028933,143.747323
4627.155962,143.747323
4627.282991,143.747323
4627.41002,144.175589
4627.5370490000005,144.175589
4627.664078,144.261242
4627.791107,144.261242
4627.918136,144.261242
4628.0451649999995,144.261242
4628.172193,144.261242
4628.299222,144.261242
4628.426251,144.261242
4628.55328,144.261242
4628.680309,144.175589
4628.8073380000005,144.175589
4629.442483,143.747323
4629.569512,143.747323
4629.696541,143.747323
4629.8235700000005,143.747323
4629.950599,143.747323
4630.077627,143.747323
4630.204656,143.747323
4630.331685,143.747323
4630.458714,143.747323
4630.585743,143.747323
4630.712772,143.66167
4630.839801,143.66167
4631.601975,139.164882
4631.729004,139.164882
4631.856033,139.164882
4631.983061,139.164882
4632.11009,139.164882
4632.237119,139.164882
4632.364148,139.164882
4632.491177,139.164882
4632.618206,139.164882
4632.745235,136.638116
4632.872264,136.638116
4632.999293,136.638116
4633.126322,136.638116
4633.253351,136.595289
4633.634438,134.239829
4633.761467,134.239829
4633.888496,134.239829
4634.015524,134.239829
4634.142553,134.239829
4634.269582,134.239829
4634.396611,134.239829
4634.52364,134.239829
4634.650669,134.239829
4634.777698,134.239829
4634.904727,134.239829
4635.031756,134.239829
4635.158785,134.239829
4635.285814,134.239829
4635.412843,134.239829
4635.539872,134.239829
4635.6669010000005,137.194861
4635.79393,137.194861
4635.920958,137.880086
4636.047987,137.880086
4636.175016,137.965739
4636.302045,137.965739
4636.429074,137.965739
4636.556103,137.965739
4636.683132,137.965739
4636.810161,137.965739
4636.93719,137.965739
4637.064219,137.965739
4637.191248,137.922912
4637.318277,137.880086
4637.445306,131.37045
4637.572335,131.37045
4637.699364,131.37045
4637.826392,131.37045
4637.953421,131.199143
4638.08045,131.199143
4638.207479,129.100642
4638.334508,129.100642
4638.461537,129.100642
4638.588566,129.100642
4638.715595,129.100642
4638.842624,129.100642
4638.969653,129.057816
4639.096682,124.218415
4639.223711,124.218415
4639.35074,126.231263
4639.477769,126.231263
4639.604798,126.316916
4639.731826,126.316916
4639.858855,126.316916
4639.985884,126.316916
4640.112913,126.316916
4640.239942,126.316916
4640.366971,126.316916
4640.494,126.316916
4640.621029,126.316916
4640.748058,126.316916
4640.875087,126.231263
4641.002116,126.231263
4641.383203,125.974304
4641.510232,125.974304
4641.6372599999995,125.974304
4641.764289,125.974304
4641.891318,125.974304
4642.018347,125.974304
4642.145376,125.974304
4642.272405,125.974304
4642.653492,126.573876
4642.780521,126.573876
4642.90755,126.573876
4643.034579,126.573876
4643.161608,127.173448
4643.288637,127.173448
4643.415666,127.173448
4643.542695,127.173448
4643.669723,127.173448
4643.796752,127.173448
4643.923781,127.173448
4644.05081,127.173448
4644.177839,128.286938
4644.304868,128.286938
4644.431897,128.286938
4644.558926,128.286938
4644.685955,128.286938
4644.812984,128.286938
4644.940013,128.286938
4645.067042,128.286938
4645.194071,128.158458
4645.3211,128.029979
4645.448129,128.029979
4645.575157,128.029979
4645.702186,128.029979
4645.829215,128.029979
4645.956244,127.087794
4646.083273,127.087794
4646.210302,127.087794
4646.337331,127.087794
4646.718418,124.004283
4646.845447,124.004283
4646.972476,124.004283
4647.099505,124.004283
4647.226534,124.004283
4647.353563,124.004283
4647.480591,124.004283
4647.60762,124.004283
4649.004939,123.832976
4649.131968,123.832976
4649.258997,123.832976
4649.386025,123.832976
4649.513054,123.832976
4649.640083,123.832976
4649.7671119999995,123.832976
4649.894141,123.832976
4650.783344,123.747323
4650.910373,123.747323
4651.037402,123.747323
4651.164431,123.747323
4651.29146,123.747323
4651.418488,123.747323
4651.5455170000005,123.747323
4651.672546,123.747323
4651.799575,121.43469
4651.926604,121.43469
4652.0536329999995,121.43469
4652.180662,121.43469
4652.307691,121.43469
4652.43472,121.43469
4652.561749,121.349036
4652.688778,121.349036
4652.815807,121.006424
4652.942836,121.006424
4653.069865,121.006424
4653.196894,121.006424
4653.323922,121.006424
4653.450951,121.006424
4655.102328,124.218415
4655.229356,124.218415
4655.356385,124.218415
4655.610443,128.501071
4655.737472,128.543897
4655.864501,128.672377
4655.99153,128.672377
4656.1185590000005,128.672377
4656.245588,128.672377
4656.372617,128.672377
4656.499646,133.340471
4656.6266749999995,133.340471
4656.753704,133.340471
4656.880733,133.340471
4657.007762,133.340471
4657.13479,133.340471
4657.261819,133.340471
4657.3888480000005,133.340471
4657.515877,133.340471
4657.642906,133.340471
4657.769935,133.340471
4657.896964,133.340471
4658.023993,133.340471
4658.151022,133.340471
4658.278051,133.340471
4658.40508,133.340471
4658.532109,132.826552
4658.659138,132.826552
4658.786167,132.826552
4658.9131959999995,132.826552
4659.040225,132.826552
4659.167253,132.826552
4659.294282,132.826552
4659.421311,132.826552
4659.54834,132.312634
4659.6753690000005,132.312634
4659.802398,132.312634
4659.929427,132.312634
4660.056456,132.312634
4660.183485,132.312634
4660.310514,131.627409
4660.437543,131.627409
4660.564572,131.627409
4660.691601,131.627409
4660.81863,131.627409
4660.945659,131.627409
4661.072687,131.627409
4661.199716,131.627409
4661.326745,127.51606
4661.453774,127.51606
4661.580803,127.51606
4661.707832,127.51606
4661.834861,127.51606
4661.9618900000005,127.344754
4662.088919,127.344754
4662.215948,128.372591
4662.342977,128.543897
4662.470006,129.143469
4662.597035,129.143469
4662.724064,129.143469
4662.851093,129.143469
4662.978121,129.143469
4663.10515,136.680942
4663.232179,138.222698
4663.359208,138.222698
4663.486237,138.222698
4663.613266,138.222698
4663.740295,138.222698
4663.867324,138.222698
4663.994353,138.222698
4664.121382,138.222698
4665.137613,133.340471
4665.264642,133.340471
4665.391671,133.426124
4665.5187,133.426124
4665.645729,133.426124
4665.772758,133.426124
4665.899787,133.426124
4666.026816,133.426124
4666.153845,133.426124
4666.280874,133.426124
4666.407903,134.239829
4666.5349320000005,134.239829
4666.661961,134.239829
4666.78899,134.239829
4666.916018,134.239829
4667.043047,134.239829
4667.170076,134.239829
4667.297105,134.239829
4667.424134,134.239829
4667.551163,134.239829
4667.678192,134.239829
4667.8052210000005,134.239829
4667.93225,134.239829
4668.059279,134.239829
4668.186308,134.239829
4668.313337,134.239829
4668.440366,134.239829
4668.567395,134.239829
4668.694424,129.143469
4668.821452,129.143469
4668.948481,129.143469
4669.07551,129.143469
4669.202539,129.143469
4669.329568,129.143469
4669.456597,129.143469
4669.583626,129.143469
4669.710655,129.143469
4669.837684,129.143469
4669.964713,129.143469
4670.0917420000005,129.143469
4670.218771,129.143469
4670.3458,129.143469
4670.472829,129.143469
4670.599858,129.143469
4670.726886,129.143469
4670.853915,129.143469
4670.980944,128.88651
4671.107973,128.88651
4671.235002,128.88651
4671.362031,128.843683
4671.48906,128.800857
4671.616089,128.800857
4671.743118,128.800857
4671.870147,128.75803
4671.997176,122.54818
4672.124205,122.976445
4672.251234,123.747323
4672.3782630000005,123.747323
4672.505292,123.747323
4672.63232,126.702355
4672.759349,126.745182
4672.886378,127.044968
4673.013407,127.044968
4673.140436,127.044968
4673.267465,127.044968
4673.394494,127.044968
4673.521523,127.044968
4673.648552,127.044968
4673.775581,127.044968
4673.90261,121.563169
4674.029639,121.563169
4674.156668,118.56531
4674.283697,118.650964
4674.410726,118.650964
4674.537755,118.650964
4674.664783,118.650964
4674.791812,118.650964
4674.918841,118.650964
4675.04587,118.650964
4675.299928,118.608137
4675.426957,120.877944
4675.553986,120.877944
4675.681015,120.877944
4675.808044,120.877944
4675.935073,120.877944
4676.062102,120.877944
4676.189131,120.877944
4676.31616,120.920771
4676.443189,121.220557
4676.570217,121.220557
4676.697246,126.017131
4676.824275,126.017131
4676.951304,126.017131
4677.078333,126.017131
4677.205362,127.558887
4677.332391,129.143469
4677.45942,129.143469
4677.586449,129.143469
4677.713478,163.447537
4677.840507,209.057816
4677.967536,209.186296
4678.094565,209.186296
4678.221594,209.186296
4678.348623,209.186296
4678.475651,209.186296
4678.60268,209.186296
4678.729709,209.186296
4678.856738,209.186296
4678.983767,205.074946
4679.110796,137.708779
4679.237825,137.922912
4679.364854,137.965739
4679.491883,138.008565
4679.618912,138.051392
4679.745941,138.436831
4679.87297,138.436831
4679.999999,138.436831
4680.127028,138.436831
4680.254057,138.436831
4680.381085,138.436831
4680.508114,138.436831
4680.6351429999995,138.436831
4680.762172,138.351178
4680.889201,138.351178
4681.01623,137.494647
4681.143259,137.494647
4681.270288,137.32334
4681.397317,137.32334
4681.524346,136.124197
4681.651375,136.124197
4681.778404,136.124197
4681.905433,132.098501
4682.032462,132.098501
4682.159491,132.098501
4682.286519,132.098501
4682.413548,132.012848
4682.540577,132.012848
4682.9216639999995,124.218415
4684.57304,124.218415
4684.700069,124.218415
4684.827098,124.218415
4684.954127,124.218415
4685.081156,124.218415
4685.208185,124.218415
4685.335214,126.616702
4685.462243,128.244111
4685.589272,128.286938
4685.716301,128.286938
4685.84333,128.372591
4685.970359,128.586724
4686.097388,128.586724
4686.224416,128.586724
4686.351445,128.586724
4686.478474,130.813704
4686.605503,130.813704
4686.732532,130.899358
4686.859561,130.899358
4686.98659,133.297645
4687.113619,133.297645
4687.240648,133.297645
4687.367677,133.297645
4687.494706,133.640257
4687.621735,133.640257
4687.748764,133.640257
4687.875793,133.640257
4688.002822,133.640257
4688.12985,133.640257
4688.2568790000005,133.640257
4688.383908,133.640257
4688.7649949999995,136.08137
4688.892024,136.20985
4689.019053,136.20985
4689.146082,136.20985
4689.273111,136.20985
4689.40014,136.20985
4689.527169,136.20985
4689.654198,142.54818
4689.781227,142.54818
4689.908256,142.54818
4690.035284,142.54818
4690.162313,142.54818
4690.162313,148.688788
4690.289342,148.688788
4690.416371,148.688788
4690.5434,148.688788
4690.670429,148.688788
4690.797458,148.688788
4690.924487,148.688788
4691.305573,151.172063
4691.432602,157.337436
4691.559631,157.337436
4691.686659999999,157.337436
4691.813689,157.337436
4691.940718,157.337436
4692.067747,157.337436
4692.194775999999,157.337436
4692.321805,157.337436
4692.448834,157.337436
4692.575863,157.337436
4692.702892,157.251806
4692.829921,157.251806
4693.083978,154.16912
4693.211007,154.083489
4693.338036,154.083489
4693.846152,154.16912
4693.973180999999,154.16912
4694.10021,154.16912
4694.227239,154.16912
4694.354268,154.16912
4694.481297,154.16912
4694.608326,154.16912
4694.735355,154.16912
4694.862384,154.16912
4694.989413,143.336901
4695.116441,139.183837
4695.243469999999,139.183837
4695.370499,139.183837
4695.497528,139.183837
4695.624557,139.141022
4695.751585999999,138.755686
4706.294988,147.61841
4706.422017,147.61841
4706.549046,147.61841
4706.676074,147.61841
4706.803103,147.61841
4706.9301319999995,147.61841
4707.057161,147.61841
4707.18419,147.61841
4707.311219,144.278833
4707.4382479999995,144.278833
4707.565277,144.278833
4707.692306,144.278833
4707.819335,144.278833
4707.946363999999,144.278833
4708.073393,144.278833
4708.200422,144.278833
4708.327451,144.278833
4708.454479999999,144.278833
4708.581508,142.82312
4708.7085369999995,142.82312
4708.835566,142.82312
4708.962595,142.82312
4709.089624,141.795558
4709.2166529999995,141.795558
4709.343682,141.624298
4709.470711,141.624298
4709.59774,138.712871
4709.7247689999995,138.712871
4709.851798,138.712871
4709.978827,138.712871
4710.105856,138.712871
4710.232884999999,138.712871
4710.359914,143.422531
4710.4869419999995,143.422531
4710.613971,143.422531
4710.741,143.422531
4710.868029,143.422531
4710.9950579999995,143.422531
4711.122087,149.331014
4711.249116,152.499331
4711.376145,152.499331
4711.5031739999995,152.584961
4711.630203,152.584961
4711.757232,152.584961
4711.884261,152.584961
4712.0112899999995,152.584961
4712.138319,152.584961
4712.265348,152.584961
4712.392377,152.584961
4713.662666,149.416644
4713.7896949999995,149.416644
4713.916724,149.416644
4714.043753,149.416644
4714.170782,149.416644
4714.2978109999995,149.416644
4714.424839,149.416644
4714.551868,149.416644
4714.678897,149.416644
4714.805926,149.416644
4714.932955,149.416644
4715.0599839999995,154.383195
4715.187013,154.383195
4715.314042,156.267059
4715.441071,156.267059
4715.5680999999995,156.352689
4715.695129,156.352689
4715.822158,156.69521
4715.949187,156.69521
4716.0762159999995,156.69521
4716.203245,156.69521
4716.330273,158.322184
4716.457302,158.322184
4716.584331,158.322184
4716.71136,158.322184
4716.838389,158.322184
4716.965418,158.322184
4717.092447,158.322184
4717.219476,158.322184
4717.600563,159.392561
4717.727592,159.392561
4717.8546209999995,159.392561
4717.98165,159.392561
4718.108679,159.392561
4718.235707,159.392561
4718.362736,159.392561
4718.489765,159.392561
4718.616794,159.392561
4718.743823,159.392561
4718.870852,159.392561
4718.997881,159.392561
4719.1249099999995,159.392561
4719.251939,159.392561
4721.4114309999995,159.392561
4721.53846,159.392561
4721.665489,159.392561
4721.792518,159.392561
4721.9195469999995,159.392561
4722.046576,159.392561
4722.173604,159.392561
4722.300633,159.392561
4722.427662,158.407814
4722.554690999999,158.364999
4722.68172,158.364999
4722.808749,158.364999
4722.935778,158.450629
4723.062807,158.450629
4723.189836,158.450629
4723.316865,158.450629
4723.443894,158.450629
4723.570923,158.450629
4723.6979519999995,158.450629
4723.824981,158.450629
4723.95201,158.322184
4724.079038,158.279368
4724.206067,157.979663
4724.333095999999,157.936848
4724.460125,157.936848
4724.587154,157.936848
4724.714183,157.936848
4724.841211999999,157.936848
4724.968241,157.808402
4725.09527,157.765587
4725.222299,156.909286
4725.349328,156.909286
4725.476357,156.909286
4725.603386,156.909286
4725.730415,156.566765
4725.857444,156.566765
4725.984472,156.395504
4726.111500999999,156.395504
4729.160196,168.46936
4729.287225,168.46936
4729.414254,168.46936
4729.541283,168.46936
4729.668312,168.46936
4729.795341,168.46936
4729.922369,168.46936
4730.049398,168.46936
4731.192658999999,118.889484
4731.319688,118.889484
4731.446717,118.889484
4731.573746,118.889484
4731.700775,122.742842
4731.827803,122.742842
4731.954831999999,126.082419
4732.081861,126.68183
4732.20889,126.68183
4732.335919,126.767461
4732.462947999999,126.767461
4732.589977,126.767461
4732.717006,126.767461
4732.844035,134.217287
4732.971063999999,134.217287
4733.098093,134.217287
4733.225122,134.217287
4733.352151,134.217287
4733.47918,134.217287
4733.606209,134.217287
4733.7332369999995,134.217287
4733.860266,134.217287
4733.987295,134.217287
4734.114324,134.217287
4734.241352999999,134.217287
4734.368382,134.217287
4734.495411,134.217287
4734.62244,132.590313
4734.749468999999,132.590313
4734.876498,132.590313
4735.003527,132.590313
4735.130556,132.932834
4735.257584999999,132.932834
4735.384614,132.932834
4735.511643,132.932834
4735.638672,132.932834
4735.7657,132.932834
4735.892729,134.217287
4736.0197579999995,134.217287
4736.146787,134.217287
4736.273816,134.217287
4736.400845,134.217287
4736.527873999999,134.217287
4736.654903,134.217287
4736.781932,134.217287
4736.908961,134.217287
4737.035989999999,134.217287
4737.163019,134.217287
4737.290048,134.217287
4738.941424,133.617875
4739.068453,133.617875
4739.195482,133.617875
4739.322510999999,133.617875
4739.44954,133.617875
4739.5765679999995,133.617875
4739.703597,133.617875
4739.830626,133.57506
4739.957655,131.776826
4740.0846839999995,131.776826
4740.211713,131.776826
4740.338742,131.776826
4740.465771,131.776826
4740.592799999999,131.776826
4740.719829,131.776826
4740.846858,131.776826
4740.973887,131.776826
4741.100915999999,131.776826
4741.227945,131.776826
4741.354974,131.776826
4741.482002,131.091785
4741.609031,131.091785
4743.00635,132.033717
4743.133379,132.033717
4743.260408,133.48943
4743.387436999999,133.48943
4743.514465,133.48943
4743.6414939999995,133.48943
4743.768523,133.917581
4743.895552,133.917581
4744.022581,133.917581
4744.1496099999995,133.917581
4744.276639,134.217287
4744.403668,134.217287
4744.530697,134.217287
4744.6577259999995,134.217287
4744.784755,134.217287
4744.911784,134.217287
4745.038813,134.217287
4745.165841999999,134.217287
4745.292871,134.217287
4745.4198989999995,134.217287
4745.546928,134.217287
4745.673957,134.217287
4745.800986,134.217287
4745.9280149999995,134.217287
4746.055044,133.061279
4746.182073,133.061279
4746.309102,133.061279
4746.4361309999995,133.061279
4746.56316,133.061279
4746.690189,133.061279
4746.817218,133.061279
4746.944246999999,133.061279
4748.595623,130.834894
4748.7226519999995,130.834894
4748.849681,131.006155
4748.97671,131.006155
4749.103739,131.006155
4749.230767,131.006155
4749.357796,131.006155
4749.484825,131.006155
4749.611854,131.006155
4749.738883,131.006155
4749.865912,131.006155
4749.9929409999995,131.006155
4750.11997,131.006155
4750.246999,131.006155
4750.374028,129.079476
4750.5010569999995,129.079476
4750.628086,129.079476
4750.755115,129.079476
4750.882144,129.079476
4751.0091729999995,129.079476
4751.136201,129.079476
4751.26323,129.079476
4751.644317,128.95103
4751.7713459999995,128.95103
4751.898375,129.079476
4752.025404,129.079476
4752.152433,129.079476
4752.2794619999995,129.079476
4752.406491,129.079476
4752.53352,129.079476
4752.660549,129.079476
4752.7875779999995,129.079476
4752.914607,129.079476
4753.041636,129.079476
4753.168664,127.752208
4753.295693,127.752208
4753.422722,127.752208
4753.549751,127.752208
4753.67678,127.752208
4753.803809,127.752208
4753.930838,127.752208
4754.0578669999995,127.752208
4754.184896,127.752208
4754.311925,127.752208
4754.438954,126.296495
4754.5659829999995,126.296495
4756.471417,126.467755
4756.598446,126.467755
4756.725475,126.553385
4756.8525039999995,126.553385
4756.979531999999,126.553385
4757.106561,126.553385
4757.23359,126.553385
4757.360619,126.553385
4757.487648,126.553385
4757.614677,126.553385
4757.741706,126.553385
4757.868735,126.51057
4757.995764,126.467755
4758.122793,126.467755
4758.249822,127.409687
4758.376851,127.409687
4758.50388,127.409687
4758.6309089999995,127.409687
4758.757938,128.009098
4758.884966,128.009098
4759.011995,128.522879
4759.139024,128.522879
4759.266052999999,128.8654
4759.393082,128.8654
4759.520111,128.8654
4759.64714,128.8654
4759.774169,128.8654
4759.901198,128.8654
4760.028227,128.8654
4760.155256,128.8654
4761.806632,131.776826
4761.933661,131.776826
4762.06069,131.776826
4762.187719,131.776826
4762.314748,131.776826
4762.441777,131.776826
4762.568806,131.776826
4762.6958349999995,131.734011
4762.822862999999,130.792079
4763.585037,129.079476
4763.712066,129.079476
4763.839094999999,129.079476
4763.966124,129.079476
4764.093153,129.079476
4764.220182,129.079476
4764.347211,129.079476
4764.47424,129.079476
4764.601269,129.079476
4764.728297,129.079476
4764.855326,129.079476
4764.982355,129.079476
4766.125615999999,128.051913
4766.252645,128.051913
4766.379674,128.051913
4766.506703,128.051913
4766.633731,128.051913
4766.76076,128.051913
4766.887788999999,128.051913
4767.014818,128.051913
4767.141847,128.051913
4767.268876,128.051913
4767.395904999999,128.565694
4767.522934,128.565694
4767.649963,128.565694
4767.776992,128.565694
4767.904020999999,128.565694
4768.03105,128.565694
4768.158079,128.736955
4768.285108,128.736955
4768.412137,129.079476
4768.539166,129.079476
4768.666193999999,129.079476
4768.793223,129.079476
4768.920252,129.079476
4769.047281,129.079476
4769.174309999999,129.079476
4769.301339,129.079476
4769.428368,130.792079
4769.555397,130.792079
4769.682425999999,130.792079
4769.809455,130.792079
4769.936484,130.792079
4770.063513,130.792079
4770.190541999999,130.792079
4770.317571,130.792079
4770.4446,130.792079
4770.571628,130.792079
4770.698657,130.792079
4770.825686,130.792079
4771.206773,127.024351
4771.333802,127.024351
4771.460830999999,127.024351
4771.58786,127.024351
4771.714889,127.024351
4771.841918,127.024351
4771.968946999999,127.024351
4772.095976,127.024351
4772.350034,124.24137
4772.477062,124.24137
4772.604091,124.24137
4772.7311199999995,124.24137
4772.858149,124.24137
4772.985178,124.24137
4773.112207,124.24137
4773.239235999999,124.24137
4773.366265,124.24137
4773.493294,124.24137
4773.620323,124.24137
4773.747351999999,127.195611
4773.874381,127.195611
4774.00141,127.195611
4774.128439,127.195611
4774.255467999999,127.195611
4774.382496,127.195611
4774.5095249999995,127.195611
4774.636554,127.195611
4774.763583,127.195611
4774.890612,127.195611
4775.0176409999995,127.109981
4775.14467,127.109981
4775.271699,127.966283
4775.398728,127.966283
4775.525756999999,129.079476
4775.652786,129.079476
4775.779815,129.079476
4775.906844,129.079476
4776.033872999999,129.079476
4776.160902,129.079476
4776.287931,129.079476
4776.414959,129.079476
4776.541988,129.079476
4776.669017,129.079476
4776.7960459999995,129.079476
4776.923075,129.079476
4777.050104,125.911159
4777.177133,125.911159
4777.304161999999,125.911159
4777.431191,125.911159
4777.55822,125.911159
4777.685249,125.911159
4777.812277999999,124.24137
4777.939307,124.24137
4778.066336,124.24137
4778.193365,124.24137
4778.320393,124.24137
4778.447422,124.24137
4778.5744509999995,122.742842
4778.70148,122.871287
4778.828509,122.914102
4778.955538,123.128178
4779.0825669999995,123.170993
4779.209596,123.170993
4779.336625,123.170993
4779.463654,123.170993
4779.590682999999,123.170993
4779.717712,123.170993
4779.844741,123.170993
4779.97177,123.085363
4780.098798999999,123.085363
4780.225827,122.742842
4780.3528559999995,122.742842
4780.479885,120.602087
4780.606914,120.602087
4780.733943,118.975114
4780.8609719999995,118.975114
4780.988001,118.975114
4781.11503,118.975114
4781.623146,127.880653
4781.750175,127.880653
4781.877203999999,128.051913
4782.004233,128.051913
4782.1312609999995,128.051913
4782.25829,128.051913
4782.385319,128.051913
4782.512348,128.051913
4782.6393769999995,128.051913
4782.766406,128.051913
4782.893435,127.966283
4783.020464,127.966283
4783.1474929999995,126.767461
4783.274522,126.724645
4783.401551,116.877174
4783.52858,112.167514
4783.6556089999995,112.167514
4783.782638,112.167514
4783.909667,112.167514
4784.036695,112.167514
4784.163724,112.167514
4784.290753,112.167514
4784.4177819999995,112.55285
4784.544811,113.366337
4784.67184,113.366337
4784.798869,113.366337
4784.9258979999995,113.366337
4785.052927,113.366337
4785.179956,113.366337
4785.306985,113.366337
4785.4340139999995,113.366337
4785.561043,122.956917
4785.688072,122.956917
4785.815101,122.956917
4785.942129999999,122.956917
4786.069158,123.042547
4786.196187,123.042547
4786.323216,123.385068
4786.450245,123.385068
4786.577274,123.385068
4786.7043029999995,123.385068
4786.831332,123.385068
4786.958361,123.385068
4787.08539,123.385068
4787.2124189999995,123.385068
4787.339448,120.944608
4787.466477,120.901793
4787.593506,120.901793
4787.7205349999995,120.901793
4787.847564,122.700027
4787.974592,122.700027
4788.101621,123.641959
4788.22865,126.296495
4788.355679,126.33931
4788.482708,126.724645
4788.609737,126.724645
4788.736766,126.724645
4788.863795,126.724645
4788.9908239999995,127.238427
4789.117853,127.238427
4789.244882,127.238427
4789.371911,127.238427
4789.4989399999995,127.238427
4789.625969,127.238427
4789.752998,127.238427
4789.880026,127.238427
4790.007055,123.98448
4790.134084,124.027295
4790.261113,124.027295
4790.388142,124.027295
4790.515171,124.027295
4790.6422,124.027295
4790.7692289999995,124.027295
4790.896258,124.027295
4791.531403,131.263045
4791.658432,131.263045
4791.78546,131.263045
4791.912488999999,131.263045
4792.039518,131.263045
4792.166547,131.263045
4792.293576,131.263045
4792.420605,131.263045
4792.928721,122.956917
4793.0557499999995,131.006155
4793.182779,131.006155
4793.309808,131.006155
4793.436837,131.006155
4793.5638659999995,131.006155
4793.690895,131.006155
4793.817923,131.006155
4793.944952,131.006155
4794.071981,122.443136
4794.19901,123.299438
4794.326039,123.898849
4794.453068,123.898849
4794.580097,128.437249
4794.707126,128.437249
4794.834155,128.437249
4794.961184,128.437249
4795.088213,128.437249
4795.215242,128.437249
4795.3422709999995,128.437249
4795.4693,128.437249
4795.850386,128.77977
4795.977414999999,128.77977
4796.104444,128.77977
4796.231473,128.77977
4796.358502,133.57506
4796.485531,133.57506
4796.61256,134.217287
4796.739589,139.183837
4796.866618,139.183837
4796.993647,139.183837
4797.120676,139.183837
4797.247705,139.183837
4797.374734,139.183837
4797.501763,139.183837
4797.628791,139.183837
4797.755819999999,138.28472
4797.882849,138.28472
4798.009878,133.66069
4798.136907,133.66069
4798.263935999999,133.66069
4798.390965,131.091785
4798.517994,131.091785
4798.645023,131.091785
4798.772052,131.091785
4798.899081,131.091785
4799.02611,131.091785
4799.153139,131.091785
4799.280168,131.091785
4799.4071969999995,131.091785
4799.534224999999,131.091785
4799.661254,129.079476
4799.788283,129.079476
4799.915312,129.079476
4800.042340999999,129.079476
4800.16937,129.079476
4800.296399,129.079476
4800.423428,126.810276
4800.550456999999,126.810276
4800.677486,122.443136
4800.804515,122.443136
4800.931544,122.443136
4801.058573,122.443136
4801.185602,122.443136
4801.312631,121.329944
4801.43966,121.329944
4801.566688,121.329944
4801.693717,121.329944
4801.820745999999,121.329944
4801.947775,121.329944
4802.074804,121.329944
4802.201833,121.329944
4802.836977999999,121.629649
4802.964007,121.672465
4803.091036,123.170993
4803.218065,124.24137
4803.345094,124.24137
4803.472122,124.24137
4803.599150999999,124.24137
4803.72618,124.24137
4803.853209,124.24137
4803.980238,126.724645
4804.107266999999,126.724645
4804.234296,126.724645
4804.361325,126.724645
4804.488354,127.837838
4804.615382999999,127.837838
4804.742412,127.837838
4804.869441,127.837838
4804.99647,127.837838
4805.123498999999,127.837838
4805.250528,127.837838
4805.3775559999995,127.837838
4805.758643,130.96334
4805.885671999999,131.006155
4806.012701,131.006155
4806.266759,131.990902
4806.393787999999,132.033717
4806.520817,132.033717
4806.647846,132.204977
4806.774875,132.204977
4806.901903999999,132.890019
4807.028933,132.890019
4807.155962,132.890019
4807.28299,133.275355
4807.410019,133.31817
4807.537048,133.360985
4807.664076999999,133.360985
4807.791106,133.360985
4807.918135,133.360985
4808.045164,133.360985
4808.172192999999,133.360985
4808.299222,133.360985
4808.426251,133.360985
4808.55328,133.31817
4808.680308999999,133.275355
4808.807338,128.651325
4808.934367,128.651325
4809.061396,128.651325
4809.188424999999,128.651325
4809.315453,127.795023
4809.4424819999995,127.795023
4809.569511,127.795023
4809.69654,127.795023
4809.823569,127.795023
4809.950597999999,127.795023
4810.077627,129.079476
4810.204656,129.079476
4810.331685,129.079476
4810.458713999999,129.079476
4810.585743,129.079476
4810.712772,129.079476
4810.839801,129.079476
4810.966829999999,129.079476
4811.093859,129.079476
4811.2208869999995,129.079476
4811.347916,129.079476
4811.474945,129.079476
4812.364148,126.082419
4812.491177,126.082419
4812.618206,126.082419
4812.745234999999,126.082419
4812.872264,126.082419
4812.999293,126.082419
4813.126321,126.082419
4813.25335,126.082419
4814.650669,131.04897
4814.777698,131.04897
4814.904727,131.1346
4815.158784,131.477121
4815.2858129999995,131.477121
4815.412842,131.562751
4815.539871,131.562751
4815.6669,131.562751
4815.7939289999995,131.562751
4815.920958,131.562751
4816.047987,131.562751
4816.175016,131.562751
4816.302044999999,131.562751
4816.429074,131.477121
4816.556103,131.477121
4816.683132,130.877709
4816.810160999999,130.877709
4816.937189,129.079476
4817.0642179999995,129.079476
4817.191247,128.565694
4817.318276,128.565694
4817.445305,128.565694
4817.5723339999995,128.565694
4817.699363,127.623762
4817.826392,127.623762
4820.112913,122.571581
4820.239942,124.24137
4820.3669709999995,124.24137
4820.494,124.24137
4820.621029,124.24137
4820.748058,124.24137
4820.875086,124.24137
4821.002115,126.767461
4821.1291439999995,126.767461
4821.256173,126.767461
4821.383202,126.767461
4821.510231,126.767461
4821.6372599999995,126.767461
4821.764289,128.565694
4821.891318,128.565694
4822.018347,128.565694
4822.1453759999995,128.565694
4822.272405,128.565694
4822.399434,128.565694
4822.526463,128.565694
4822.6534919999995,128.565694
4822.78052,128.480064
4822.907549,128.480064
4823.796752,127.966283
4823.9237809999995,127.966283
4824.05081,128.051913
4824.177839,128.051913
4824.304868,128.051913
4824.4318969999995,128.051913
4824.558926,128.051913
4824.685954,128.051913
4824.812983,128.051913
4824.940012,128.051913
4825.067041,128.051913
4825.19407,128.051913
4825.321099,127.966283
4825.448128,127.966283
4826.591389,126.168049
4826.718417,126.168049
4826.845445999999,126.253679
4826.972475,126.253679
4827.099504,126.253679
4827.226533,126.253679
4827.353562,126.253679
4827.480591,126.253679
4827.60762,126.253679
4827.734649,126.253679
4827.861678,122.999732
4827.9887069999995,122.956917
4831.291459,144.278833
4831.418488,144.278833
4831.545517,144.278833
4831.672546,144.278833
4831.799575,144.278833
4831.926604,144.278833
4832.0536329999995,144.278833
4832.180662,144.278833
4832.307691,143.422531
4832.434719,143.422531
4832.561748,143.422531
4832.688776999999,143.422531
4832.815806,143.422531
4832.942835,143.422531
4833.069864,143.422531
4833.196893,143.422531
4834.086096,143.294086
4834.213125,143.294086
4834.3401539999995,143.294086
4834.467181999999,143.294086
4834.594211,143.294086
4834.72124,143.294086
4834.848269,143.294086
4834.975297999999,143.251271
4835.102327,144.278833
4835.229356,144.278833
4835.356385,144.278833
4835.483414,144.278833
4835.610443,144.278833
4835.737472,144.278833
4835.864501,144.278833
4835.99153,144.278833
4836.245588,148.046561
4836.372616,148.046561
4836.499645,148.731603
4836.626674,148.731603
4836.753702999999,148.817233
4836.880732,148.817233
4837.007761,148.817233
4837.13479,148.817233
4837.261818999999,148.817233
4837.388848,148.817233
4837.515877,148.817233
4837.642906,148.817233
4837.769935,148.817233
4837.896964,148.817233
4838.023993,149.159754
4838.151022,149.159754
4838.27805,149.159754
4838.405079,149.159754
4838.532107999999,149.159754
4838.659137,149.159754
4838.786166,154.383195
4838.913195,154.383195
4839.040223999999,154.51164
4839.167253,154.51164
4839.294282,154.51164
4839.421311,154.51164
4839.548339999999,154.51164
4839.675369,154.51164
4839.802398,154.51164
4839.929427,154.51164
4840.056456,154.51164
4840.183484,154.51164
4840.310512999999,154.51164
4840.437542,154.51164
4840.564571,154.51164
4840.6916,154.51164
4840.818628999999,154.51164
4840.945658,154.51164
4841.072687,154.51164
4841.199716,154.51164
4841.326744999999,154.51164
4841.453774,154.51164
4841.580803,154.51164
4841.707832,156.267059
4841.834860999999,200.024083
4841.96189,200.024083
4842.088919,200.024083
4842.215947,200.024083
4842.342976,200.024083
4842.470005,200.024083
4842.597033999999,200.024083
4842.724063,166.542681
4842.851092,156.52395
4842.978121,154.51164
4843.105149999999,154.51164
4843.232179,154.51164
4843.359208,154.51164
4843.486237,154.51164
4843.613265999999,154.51164
4843.740295,154.51164
4843.867324,154.51164
4843.994353,154.51164
4844.121381,154.51164
4844.24841,154.51164
4844.3754389999995,154.211935
4844.502468,154.211935
4844.629497,149.416644
4844.756526,149.416644
4845.010584,144.107573
4845.137613,144.193203
4845.264642,144.193203
4845.391670999999,144.193203
4845.5187,144.193203
4845.645729,144.193203
4845.772758,144.193203
4845.899786999999,144.193203
4846.026815,144.150388
4846.1538439999995,138.19909
4846.280873,138.19909
4846.407902,138.19909
4846.534931,134.217287
4846.661959999999,134.217287
4846.788989,134.217287
4846.916018,134.217287
4847.043047,134.217287
4847.170075999999,134.217287
4847.297105,134.217287
4847.424134,134.217287
4847.551163,134.217287
4847.678191999999,134.217287
4847.805221,131.605566
4847.9322489999995,131.605566
4848.059278,131.605566
4848.186307,130.834894
4848.313336,130.834894
4848.567394,120.687717
4848.694423,124.24137
4848.821452,124.24137
4848.948480999999,124.24137
4849.07551,124.24137
4849.202539,124.24137
4849.329568,124.24137
4849.456596999999,124.24137
4849.583626,124.24137
4849.710655,127.666577
4849.837684,127.666577
4849.964712,127.666577
4850.091741,127.666577
4850.2187699999995,127.666577
4850.345799,127.666577
4850.472828,132.761573
4850.599857,134.003211
4850.7268859999995,134.003211
4850.853915,134.003211
4850.980944,134.003211
4851.107973,143.636607
4851.235001999999,147.875301
4851.362031,147.875301
4851.48906,149.331014
4851.616089,149.331014
4851.743117999999,149.331014
4851.870146,149.331014
4851.9971749999995,149.331014
4852.124204,149.331014
4852.251233,149.331014
4852.378262,149.331014
4852.5052909999995,149.416644
4852.63232,149.416644
4852.759349,151.771474
4852.886378,151.81429
4853.0134069999995,151.81429
4853.140436,151.81429
4853.267465,151.81429
4853.394494,151.81429
4853.521522999999,151.81429
4853.648552,151.81429
4853.7755799999995,149.416644
4853.902609,149.416644
4854.029638,149.416644
4854.156667,149.416644
4854.2836959999995,149.416644
4854.410725,149.416644
4854.537754,147.61841
4854.664783,147.61841
4854.7918119999995,148.517527
4854.918841,148.517527
4855.04587,148.517527
4855.172899,148.517527
4855.299927999999,148.517527
4855.426957,148.517527
4855.553986,148.517527
4855.681014,148.517527
4855.808043,148.517527
4855.935072,148.517527
4856.0621009999995,148.517527
4856.18913,148.517527
4856.316159,148.346267
4856.443188,148.346267
4856.5702169999995,147.832486
4856.697246,147.832486
4856.824275,147.746856
4856.951304,147.746856
4857.0783329999995,147.746856
4857.205362,147.746856
4857.332391,148.431897
4857.45942,148.431897
4857.586448,148.517527
4857.713477,148.517527
4857.840506,148.517527
4857.967535,148.517527
4858.094564,148.517527
4858.221593,148.517527
4858.3486219999995,148.517527
4858.475651,148.517527
4858.60268,148.517527
4858.729709,148.517527
4858.8567379999995,148.003746
4858.983767,148.003746
4859.110796,148.003746
4859.237825,148.003746
4859.3648539999995,148.260637
4859.491883,148.260637
4859.618911,148.346267
4859.74594,148.346267
4859.872969,148.346267
4859.999998,148.346267
4860.1270269999995,148.346267
4860.254056,148.346267
4860.381085,148.346267
4860.508114,148.346267
4860.6351429999995,148.175007
4860.762172,148.175007
4860.889201,143.722237
4861.01623,143.722237
4861.1432589999995,143.722237
4861.270288,143.722237
4861.397317,143.722237
4861.524345,143.722237
4861.651374,143.294086
4861.778403,143.294086
4861.905432,143.208456
4862.032461,138.926947
4862.15949,138.926947
4862.286519,138.926947
4862.4135479999995,138.926947
4862.540577,138.926947
4862.667606,138.926947
4862.794635,138.926947
4862.9216639999995,138.926947
4863.048693,136.871822
4863.175722,136.871822
4863.302751,136.871822
4863.429779,136.871822
4863.556807999999,136.871822
4863.683837,136.871822
4863.810866,136.871822
4863.937895,136.871822
4864.064924,136.01552
4864.191953,136.01552
4864.318982,136.01552
4864.446011,136.01552
4864.57304,136.01552
4864.7000689999995,136.01552
4864.827098,136.01552
4864.954127,136.01552
4865.589271,137.385603
4865.7163,137.385603
4865.843328999999,137.813754
4865.970358,137.813754
4866.097387,138.413166
4866.224416,138.413166
4866.351445,138.670056
4866.478474,138.670056
4866.605503,138.670056
4866.732532,138.670056
4866.859561,138.670056
4866.9865899999995,138.670056
4867.113619,138.670056
4867.240648,138.670056
4867.367676,138.670056
4867.494705,138.670056
4867.621733999999,138.670056
4867.748763,138.670056
4867.875792,139.098207
4868.002821,139.098207
4868.129849999999,139.098207
4868.256879,139.098207
4868.383908,139.098207
4868.510937,139.098207
4868.637966,139.098207
4868.7649949999995,139.098207
4868.892024,142.694675
4869.019053,142.694675
4869.146082,142.694675
4869.27311,142.694675
4869.400138999999,142.694675
4869.527168,142.694675
4869.654197,142.694675
4869.781226,149.416644
4869.908255,149.416644
4870.035284,149.416644
4870.162313,149.416644
4870.289342,149.416644
4870.416370999999,149.416644
4870.5434,149.416644
4870.670429,149.416644
4870.797458,149.416644
4870.924487,149.416644
4871.0515159999995,149.416644
4871.178543999999,149.416644
4871.559631,146.119882
4871.686659999999,146.119882
4871.813689,146.291143
4871.940718,146.291143
4872.067747,146.376773
4872.194776,146.376773
4872.321805,146.548033
4872.448834,146.548033
4872.575863,146.548033
4872.702892,146.548033
4872.829921,146.548033
4872.95695,146.548033
4873.083978,146.548033
4873.211007,146.548033
4875.878615,146.462403
4876.005644,146.462403
4876.132673,146.462403
4876.259701999999,146.462403
4876.386731,146.462403
4876.51376,146.462403
4876.640789,146.462403
4876.767818,146.419588
4876.894847,142.609045
4877.021874999999,142.609045
4877.148904,142.609045
4877.275933,142.609045
4877.402962,142.609045
4877.529990999999,142.609045
4877.65702,142.56623
4877.784049,138.498796
4877.911078,138.455981
4878.038106999999,131.348675
4878.165136,131.862457
4878.292165,131.862457
4878.419194,131.862457
4878.546222999999,131.862457
4878.673252,131.862457
4878.800281,132.547498
4878.927309,132.590313
4879.054338,132.590313
4879.181367,132.590313
4879.308395999999,132.590313
4879.435425,132.590313
4879.562454,132.590313
4879.689483,132.590313
4879.816511999999,132.461868
4879.943541,132.461868
4880.07057,131.605566
4880.197599,131.605566
4880.324627999999,131.605566
4880.451657,131.605566
4880.578686,131.605566
4880.705715,131.22023
4880.832743,131.177415
4882.103032999999,132.204977
4882.230062,132.247792
4882.357091,132.290607
4882.48412,132.333423
4882.611148999999,132.376238
4882.738178,132.419053
4882.8652059999995,134.003211
4882.992235,134.003211
4883.119264,134.003211
4883.246293,134.003211
4883.3733219999995,134.003211
4883.500351,134.003211
4883.62738,136.572117
4883.754409,136.572117
4883.881437999999,136.743377
4884.008467,136.743377
4884.135496,138.28472
4884.262525,138.28472
4884.389553999999,138.370351
4884.516583,138.370351
4884.643612,138.370351
4884.77064,138.370351
4884.897669,138.455981
4885.024698,138.455981
4885.1517269999995,139.183837
4885.278756,139.183837
4885.405785,139.183837
4885.532814,139.183837
4885.6598429999995,139.183837
4885.786872,139.183837
4885.913901,139.183837
4886.04093,139.183837
4886.167958999999,142.138079
4886.294988,142.138079
4886.422017,142.180894
4886.549046,142.180894
4886.676074,142.180894
4886.803103,142.180894
4886.9301319999995,142.180894
4887.057161,142.180894
4887.18419,142.180894
4887.311219,142.138079
4887.565277,139.183837
4887.692306,139.183837
4887.819335,139.183837
4890.9950579999995,138.19909
4891.122087,138.19909
4891.249116,138.19909
4891.376145,138.19909
4891.5031739999995,138.19909
4891.630203,138.19909
4891.757232,138.19909
4891.884261,138.19909
4892.0112899999995,136.657747
4892.138319,136.657747
4892.265348,136.657747
4892.392377,136.657747
4892.519405,136.657747
4892.646434,136.657747
4892.7734629999995,136.657747
4892.900492,136.657747
4893.027521,136.657747
4893.15455,136.657747
4893.2815789999995,136.657747
4893.408608,136.657747
4893.535637,136.657747
4893.662666,136.657747
4893.7896949999995,132.718758
4893.916724,132.718758
4894.043753,132.718758
4894.170782,132.718758
4894.2978109999995,132.718758
4894.424839,132.675943
4894.551868,128.95103
4894.678897,131.391491
4894.805926,139.183837
4894.932955,139.183837
4895.0599839999995,139.183837
4895.187013,139.183837
4895.314042,139.183837
4895.441071,139.183837
4895.5680999999995,139.183837
4895.695129,139.183837
4895.822158,138.541611
4895.949187,138.541611
4896.0762159999995,131.177415
4896.203245,131.348675
4896.330273,131.348675
4896.457302,131.348675
4896.584331,131.348675
4896.71136,131.348675
4896.838389,135.887075
4896.965418,135.887075
4897.092447,135.972705
4897.219476,135.972705
4897.3465049999995,136.914637
4897.473534,136.914637
4897.600563,137.000268
4897.727592,137.000268
4897.8546209999995,137.342788
4897.98165,137.342788
4898.108679,137.813754
4898.235707,137.813754
4898.362736,137.813754
4898.489765,137.813754
4898.616794,137.813754
4898.743823,137.813754
4898.870852,137.813754
4898.997881,137.813754
4899.1249099999995,137.813754
4899.251939,137.813754
4899.378968,137.770939
4899.505997,137.728124
4899.6330259999995,136.614932
4899.760055,136.614932
4899.887084,134.217287
4900.014113,134.217287
4900.1411419999995,134.217287
4900.268169999999,134.217287
4900.395199,208.158951
4900.522228,210.0
4900.649257,210.0
4900.776286,210.0
4900.903315,210.0
4901.030344,210.0
4901.157373,210.0
4901.284402,210.0
4901.4114309999995,210.0
4901.53846,183.754348
4901.665489,172.622424
4901.792518,156.309874
4901.9195469999995,121.97217
4902.046576,129.079476
4902.173604,129.079476
4902.300633,129.079476
4902.427662,129.079476
4902.554690999999,129.079476
4902.68172,133.874766
4902.808749,133.874766
4902.935778,134.217287
4903.062807,134.217287
4903.189836,134.217287
4903.316865,134.217287
4903.443894,134.217287
4903.570923,134.217287
4903.6979519999995,134.217287
4903.824981,134.217287
4906.492588,136.871822
4906.619616999999,136.871822
4906.746646,136.871822
4906.873675,136.871822
4907.000704,136.871822
4907.127732999999,136.871822
4907.254762,136.871822
4907.381791,136.871822
4907.50882,136.871822
4907.635849,136.871822
4907.762878,136.871822
4907.889907,136.871822
4908.016935,136.786192
4908.143964,136.786192
4908.270993,135.92989
4908.398021999999,135.92989
4908.525051,135.92989
4908.65208,135.92989
4908.779109,135.92989
4908.906137999999,135.92989
4909.541283,134.217287
4909.668312,134.217287
4909.795341,134.217287
4909.922369,134.217287
4910.049398,134.217287
4910.176426999999,134.217287
4910.303456,134.217287
4910.430485,134.217287
4910.557514,134.217287
4910.684542999999,134.217287
4910.811572,134.217287
4910.938601,134.217287
4911.06563,134.217287
4911.192659,134.217287
4911.319688,134.046026
4911.446717,134.046026
4911.573746,132.333423
4911.700775,132.333423
4911.827803,132.333423
4911.954831999999,132.333423
4912.081861,132.333423
4912.20889,132.333423
4912.335919,132.076532
4912.462947999999,132.076532
4912.589977,132.076532
4912.717006,132.076532
4912.844035,132.076532
4912.971063999999,132.076532
4913.098093,132.076532
4913.225122,132.076532
4913.352151,132.076532
4913.47918,132.076532
4913.606209,128.993845
4914.114324,134.217287
4914.241352999999,134.217287
4914.368382,134.217287
4914.495411,134.217287
4914.62244,134.217287
4914.749468999999,134.217287
4914.876498,134.217287
4915.003527,134.217287
4915.130556,134.217287
4915.257584999999,134.217287
4915.892729,134.217287
4916.0197579999995,134.217287
4916.146787,134.217287
4916.273816,134.217287
4916.400845,134.217287
4916.527873999999,134.217287
4916.654903,134.217287
4916.781932,134.217287
4917.417077,134.131656
4917.544105999999,134.131656
4917.671134,134.131656
4917.7981629999995,134.131656
4917.925192,134.131656
4918.052221,134.131656
4918.17925,134.131656
4918.306278999999,134.131656
4918.433308,134.131656
4918.560337,134.131656
4918.687366,128.651325
4921.990118,141.196147
4922.117147,141.196147
4922.244176,141.196147
4922.3712049999995,144.021943
4922.498234,144.064758
4922.625263,144.278833
4922.752292,144.278833
4922.879320999999,144.278833
4923.00635,144.278833
4923.133379,144.278833
4923.260408,144.278833
4923.387436999999,144.278833
4923.514465,144.278833
4923.6414939999995,144.278833
4923.768523,144.278833
4923.895552,144.278833
4924.022581,144.278833
4924.1496099999995,144.278833
4924.276639,144.278833
4925.292871,136.829007
4925.4198989999995,136.829007
4925.546928,136.829007
4925.673957,136.829007
4925.800986,136.829007
4925.9280149999995,136.829007
4926.055044,136.829007
4926.182073,136.829007
4926.817218,136.400856
4926.944246999999,136.400856
4927.071276,136.400856
4927.198305,136.400856
4927.325333,136.400856
4927.452362,136.400856
4927.579391,136.400856
4927.7064199999995,136.400856
4927.833449,136.400856
4927.960478,136.400856
4929.865912,131.263045
4929.9929409999995,131.263045
4930.11997,131.263045
4930.246999,131.263045
4930.374028,136.914637
4930.5010569999995,136.914637
4930.628086,136.914637
4930.755115,136.914637
4930.882144,136.914637
4931.0091729999995,136.914637
4931.136200999999,136.914637
4931.26323,136.914637
4945.109383999999,137.299973
4945.236413,137.299973
4945.363442,137.299973
4945.490471,137.299973
4945.617499999999,137.299973
4945.744529,137.299973
4945.871558,137.299973
4945.998587,137.299973
4946.76076,128.565694
4946.887788999999,128.565694
4947.014818,128.565694
4947.141847,128.565694
4947.268876,128.565694
4947.395904999999,128.565694
4947.522934,128.565694
4947.649963,128.565694
4947.776992,127.195611
4947.904021,127.195611
4948.03105,127.195611
4948.158079,127.195611
4948.285108,123.427883
4948.412136999999,123.427883
4948.539166,123.427883
4948.666193999999,123.427883
4948.793223,123.427883
4948.920252,123.427883
4956.669017,129.079476
4956.7960459999995,129.079476
4956.923075,129.079476
4957.050104,129.079476
4957.177133,129.079476
4957.304161999999,129.079476
4957.431191,129.079476
4957.55822,136.272411
4957.685249,136.272411
4957.812277999999,136.358041
4957.939307,136.358041
4958.066336,136.358041
4958.193365,136.358041
4958.320393,199.895638
4958.447422,210.0
4958.5744509999995,210.0
4958.70148,210.0
4958.828509,210.0
4958.955538,210.0
4959.0825669999995,210.0
4959.209596,210.0
4959.336625,210.0
4959.463654,182.683971
4959.590682999999,166.499866
4959.717712,153.312818
4959.844741,137.043083
4959.97177,137.043083
4960.098798999999,137.043083
4960.225827,137.043083
4960.3528559999995,137.043083
4960.479885,137.043083
4962.6393769999995,135.92989
4962.766406,135.92989
4962.893435,135.92989
4963.020464,135.92989
4963.1474929999995,135.92989
4963.274522,135.92989
4963.401551,135.92989
4963.52858,135.92989
4963.6556089999995,135.92989
4963.782638,135.92989
4963.909667,135.92989
4964.036695,135.92989
4964.4177819999995,138.627241
4964.544811,138.670056
4964.67184,138.670056
4964.798869,138.670056
4964.9258979999995,138.670056
4965.052927,138.670056
4965.179956,138.798501
4965.306985,143.465347
4965.4340139999995,143.465347
4965.561043,143.465347
4965.688072,143.465347
4965.815101,143.465347
4965.942129999999,143.465347
4966.069158,143.465347
4966.196187,143.465347
4966.323216,137.899385
4967.339448,143.936313
4967.466477,143.979128
4967.593506,143.979128
4967.7205349999995,143.979128
4967.847564,143.979128
4967.974592,143.979128
4968.101621,143.979128
4968.22865,143.979128
4968.355679,142.052448
4968.482708,142.052448
4968.609737,137.856569
4968.736766,137.856569
4968.863795,137.856569
4968.9908239999995,133.831951
4969.117853,133.831951
4970.007055,132.033717
4970.134083999999,132.033717
4970.261113,132.033717
4970.388142,132.076532
4970.515171,132.076532
4970.6422,132.076532
4970.7692289999995,132.076532
4970.896258,132.076532
4971.023287,133.746321
4971.150316,133.746321
4971.2773449999995,133.746321
4971.404374,133.746321
4971.531403,133.746321
4971.658432,133.746321
4971.78546,133.746321
4971.912489,133.746321
4973.0557499999995,134.217287
4973.182779,134.217287
4973.309808,134.217287
4973.436837,134.217287
4973.5638659999995,134.217287
4973.690895,134.217287
4973.817923,134.217287
4973.944952,134.217287
4974.834155,131.091785
4974.961184,131.091785
4975.088213,136.143966
4975.215242,136.143966
4975.3422709999995,137.9422
4975.4693,137.9422
4975.596329,138.884132
4975.723357,138.884132
4975.850386,138.884132
4975.977414999999,138.884132
4976.104444,138.884132
4976.231473,138.884132
4976.358502,138.884132
4976.485531,138.884132
4976.61256,138.884132
4976.739589,138.884132
4976.866618,138.798501
4976.993647,138.798501
4977.120676,137.428419
4977.247705,137.428419
4977.374734,137.685309
4977.501763,137.685309
4977.628791,137.685309
4977.755819999999,137.685309
4977.882849,137.685309
4978.009878,137.685309
4978.136907,137.685309
4978.263935999999,137.685309
4978.645023,135.972705
4978.772052,135.972705
4978.899081,135.972705
4979.02611,135.972705
4979.153139,135.972705
4979.280168,135.972705
4979.4071969999995,135.972705
4979.534224999999,135.972705
4979.915312,137.428419
4980.042340999999,137.428419
4980.16937,137.856569
4980.296399,137.856569
4980.423428,137.856569
4980.550456999999,137.856569
4980.677486,137.9422
4980.804515,137.9422
4980.931544,137.9422
4981.058573,137.9422
4981.185602,137.9422
4981.312631,137.9422
4981.43966,137.9422
4981.566688,137.9422
4981.693717,137.428419
4981.820745999999,137.428419
4981.947775,137.428419
4982.074804,137.428419
4982.201833,137.428419
4982.328861999999,137.428419
4982.455891,134.174472
4982.58292,134.174472
4982.709949,134.174472
4982.836977999999,134.174472
4982.964007,134.174472
4983.091036,134.174472
4983.218065,134.174472
4983.345094,134.174472
4983.472122,128.094728
4985.3775559999995,131.263045
4985.504585,131.348675
4985.631614,131.348675
4985.758643,131.348675
4985.885671999999,131.348675
4986.012701,132.718758
4986.13973,132.718758
4986.266759,132.718758
4986.393787999999,132.718758
4986.520817,132.975649
4986.647846,132.975649
4986.774875,133.57506
4986.901904,133.57506
4987.028933,133.57506
4987.155962,133.57506
4987.28299,133.57506
4987.410019,133.57506
4987.537048,133.57506
4987.664076999999,133.57506
4987.791106,133.57506
4987.918135,133.57506
4988.045164,133.57506
4988.172192999999,133.57506
4988.299222,133.57506
4988.426251,133.532245
4988.55328,132.718758
4988.680308999999,132.718758
4988.807338,131.862457
4988.934367,131.819641
4989.061396,131.391491
4989.188425,131.391491
4992.11009,136.358041
4992.237118999999,136.358041
4992.364148,136.358041
4992.491177,136.358041
4992.618206,136.358041
4992.745234999999,136.358041
4992.872264,136.358041
4992.999293,136.358041
4995.412842,134.217287
4995.539871,134.217287
4995.6669,134.217287
4995.7939289999995,134.217287
4995.920958,134.217287
4996.047987,134.217287
4996.175016,134.217287
4996.302044999999,134.217287
4996.429074,134.217287
4996.556103,134.217287
4996.683132,136.871822
4996.810160999999,136.871822
4996.937189,136.871822
4997.0642179999995,136.871822
4997.191247,136.871822
4997.318276,136.871822
4997.445305,136.871822
4997.5723339999995,136.871822
4997.699363,134.217287
4997.826392,134.217287
4997.953421,138.584426
4998.0804499999995,141.924003
4998.207479,141.924003
4998.334508,141.924003
4998.461537,141.924003
4998.588565999999,141.924003
4998.715595,141.924003
4998.842624,141.924003
4998.969652,141.924003
5001.002115,133.275355
5001.1291439999995,133.275355
5001.256173,133.275355
5001.383202,133.275355
5001.510231,133.275355
5001.6372599999995,133.275355
5001.764289,133.275355
5001.891318,133.275355
5002.526463,133.275355
5002.6534919999995,133.275355
5002.78052,133.275355
5002.907549,133.275355
5003.034578,133.275355
5003.161607,133.275355
5003.288636,133.275355
5003.4156649999995,133.275355
5003.669723,129.03666
5003.796752,129.079476
5003.9237809999995,129.079476
5004.05081,129.079476
5004.177839,129.079476
5004.304868,129.079476
5004.4318969999995,129.079476
5004.558926,129.079476
5004.685954,129.079476
5004.812983,124.198555
5004.940012,127.366872
5005.067041,127.366872
5005.19407,127.366872
5005.321099,127.366872
5005.448128,127.366872
5005.575157,127.366872
5005.7021859999995,127.366872
5005.829215,127.366872
5006.337331,118.247257
5006.46436,120.602087
5006.591389,120.602087
5006.718417,120.602087
5006.845445999999,120.602087
5006.972475,120.602087
5007.099504,120.602087
5007.226533,120.602087
5007.353562,120.602087
5026.916018,154.211935
5027.043047,154.211935
5027.170075999999,154.51164
5027.297105,154.51164
5027.424134,154.51164
5027.551163,154.51164
5027.678191999999,154.51164
5027.805221,154.51164
5027.9322489999995,154.51164
5028.059278,154.51164
5028.186307,152.24244
5028.313336,152.24244
5028.4403649999995,151.300508
5028.567394,151.300508
5042.4135479999995,66.05566
5042.540577,66.05566
5042.667606,66.05566
5042.794635,66.05566
5042.9216639999995,66.05566
5043.048693,66.05566
5043.175722,66.05566
5043.302751,66.05566
5049.27311,139.098207
5049.400138999999,139.098207
5049.527168,139.098207
5049.654197,139.098207
5049.781226,139.098207
5049.908255,139.098207
5050.035284,139.098207
5052.575863,136.01552
5052.702891999999,136.01552
5052.829921,136.700562
5052.95695,136.700562
5053.083978,136.700562
5053.211007,136.700562
5053.338036,136.700562
5053.465064999999,136.700562
5053.592094,136.700562
5053.719123,136.700562
5054.10021,136.01552
5054.227239,136.01552
5054.354268,136.01552
5054.481297,136.01552
5054.608326,136.01552
5054.735355,136.01552
5054.862384,136.01552
5054.989412999999,136.01552
5055.116441,135.92989
5055.243469999999,135.92989
5057.402962,132.804389
5057.529990999999,132.804389
5057.65702,132.804389
5057.784049,132.804389
5057.911078,132.804389
5058.038106999999,132.804389
5058.165136,132.804389
5058.292165,132.804389
5058.419194,128.437249
5058.546222999999,128.437249
5058.673252,128.265989
5058.800281,128.265989
5058.927309,128.265989
5059.054338,127.966283
5059.181367,138.969762
5059.308395999999,138.969762
5059.435425,138.969762
5059.562454,138.969762
5059.689483,138.969762
5059.816511999999,138.969762
5059.943541,138.969762
5060.07057,138.11346
5060.578686,143.422531
5060.705715,143.422531
5060.832743,143.422531
5060.959772,143.422531
5061.0868009999995,143.422531
5061.21383,143.422531
5061.340859,143.422531
5061.467888,143.422531
5062.103032999999,143.508162
5062.230062,143.508162
5062.357091,143.508162
5062.48412,143.508162
5062.611148999999,143.508162
5062.738178,143.508162
5062.8652059999995,143.508162
5062.992235,143.508162
5065.786872,138.884132
5065.913901,141.966818
5066.04093,141.966818
5066.167958999999,141.966818
5066.294988,141.966818
5066.422017,141.966818
5066.549046,141.966818
5066.676074,141.966818
5066.803103,141.966818
5067.18419,142.394969
5067.311219,142.394969
5067.4382479999995,142.394969
5067.565277,142.394969
5067.692306,142.394969
5067.819335,142.394969
5067.946363999999,142.394969
5068.073393,142.394969
5069.2166529999995,147.19026
5069.343682,147.19026
5069.470711,147.27589
5069.59774,147.27589
5069.7247689999995,147.27589
5069.851798,147.27589
5069.978827,147.27589
5070.105856,147.27589
5070.232884999999,147.27589
5070.359914,147.27589
5070.4869419999995,147.27589
5070.613971,147.27589
5071.757232,210.0
5071.884261,210.0
5072.0112899999995,210.0
5072.138319,210.0
5072.265348,210.0
5072.392377,210.0
5072.519405,210.0
5072.646434,210.0
5072.7734629999995,193.85871
5072.900492,167.484613
5073.027521,152.24244
5073.15455,144.278833
5073.2815789999995,144.278833
5073.408608,144.278833
5073.535637,144.278833
5073.662666,144.278833
5073.7896949999995,143.850682
5073.916724,143.850682
5074.043753,137.770939
5074.170782,137.770939
5074.2978109999995,137.770939
5074.424838999999,137.770939
5074.551868,137.770939
5074.678897,137.770939
5074.805926,137.770939
5074.932955,132.376238
5075.0599839999995,132.376238
5075.187013,132.376238
5075.314042,132.376238
5076.0762159999995,127.966283
5076.203245,132.890019
5076.330273,141.709928
5076.457302,141.709928
5076.584331,141.709928
5076.711359999999,141.709928
5076.838389,141.709928
5076.965418,141.709928
5077.092447,141.709928
5077.219476,141.709928
5077.3465049999995,136.914637
5084.079038,153.569708
5084.206067,153.569708
5084.333095999999,153.569708
5084.460125,153.569708
5084.587154,153.569708
5084.714183,153.569708
5084.841211999999,153.569708
5084.968241,153.569708
5085.09527,153.569708
5085.222299,153.569708
5085.349328,153.569708
5085.476357,153.569708
5085.603386,149.288199
5085.730415,149.288199
5088.65208,153.312818
5088.779109,153.312818
5088.906138,153.312818
5089.033167,153.312818
5089.160196,153.312818
5089.287225,153.312818
5089.414253999999,153.312818
5089.541283,153.312818
5089.668312,153.740969
5089.795341,153.740969
5089.922369,153.740969
5090.049398,153.740969
5090.176426999999,157.594327
5090.303456,157.594327
5090.430485,157.594327
5090.557514,157.594327
5090.684542999999,157.594327
5090.811572,157.594327
5090.938601,157.594327
5091.06563,157.594327
5091.192659,156.481135
5091.319688,156.481135
5091.446717,153.826599
5091.573746,153.826599
5091.700774999999,153.141557
5091.827803,153.141557
5091.954831999999,153.141557
5092.081861,153.141557
5092.20889,157.765587
5092.335919,157.765587
5092.462947999999,157.851218
5092.589977,157.851218
5092.717006,157.851218
5092.844035,157.851218
5092.971063999999,157.851218
5093.098093,157.851218
5093.225122,157.851218
5093.352151,157.851218
5093.47918,157.765587
5093.606209,157.765587
5095.384614,149.159754
5095.511643,149.159754
5095.638672,149.159754
5095.7657,149.159754
5095.892729,149.159754
5096.0197579999995,149.159754
5096.146787,149.159754
5096.273816,146.205512
5101.100915999999,159.392561
5101.227945,159.392561
5101.354974,159.392561
5101.482002,159.392561
5101.609031,159.392561
5101.73606,159.392561
5101.8630889999995,159.392561
5101.990118,159.392561
5102.117147,157.423067
5102.244176,157.423067
5102.3712049999995,157.423067
5102.498234,157.423067
5102.625263,157.251806
5102.752292,157.251806
5102.879320999999,154.51164
5103.00635,154.51164
5103.133379,154.51164
5103.260408,154.51164
5103.387436999999,152.670591
5103.514465,152.670591
5103.6414939999995,152.670591
5103.768523,152.670591
5103.895552,152.670591
5104.022581,152.670591
5104.1496099999995,152.670591
5104.276639,152.670591
5105.038813,149.074124
5105.165841999999,149.159754
5105.292871,149.159754
5105.4198989999995,149.159754
5105.546928,149.159754
5105.673957,149.159754
5105.800986,149.159754
5105.9280149999995,149.159754
5106.055044,149.159754
5106.309102,147.018999
5106.4361309999995,147.018999
5106.56316,147.018999
5106.690189,147.018999
5106.817218,147.018999
5106.944246999999,147.018999
5107.071276,147.018999
5107.198305,147.018999
5107.325333,142.82312
5107.452362,142.82312
5107.579391,142.82312
5107.7064199999995,142.82312
5107.833449,142.82312
5107.960478,142.82312
5108.087507,142.90875
5108.2145359999995,142.90875
5108.341565,147.018999
5108.468594,147.018999
5108.595623,147.832486
5108.7226519999995,147.832486
5108.849681,147.832486
5108.97671,147.832486
5109.103739,147.832486
5109.230767,147.832486
5109.357796,147.832486
5109.484825,147.789671
5109.611854,147.27589
5109.738883,147.27589
5109.865912,144.278833
5109.9929409999995,144.278833
5110.11997,144.278833
5110.246999,144.278833
5110.374028,144.278833
5110.5010569999995,144.278833
5110.628086,144.278833
5110.755115,144.278833
5110.882144,144.278833
5111.0091729999995,144.278833
5111.136200999999,144.278833
5111.26323,144.278833
5111.390259,144.193203
5111.517288,144.193203
5111.644317,141.024886
5111.7713459999995,141.024886
5111.898375,141.024886
5112.025404,141.024886
5112.152433,140.939256
5112.2794619999995,140.939256
5113.168664,139.183837
5113.295693,139.183837
5113.422721999999,139.183837
5113.549751,139.183837
5113.67678,139.183837
5113.803809,139.183837
5113.930838,139.183837
5114.0578669999995,139.183837
5114.184896,139.183837
5114.311925,139.183837
5114.438954,139.183837
5114.5659829999995,139.183837
5114.693012,139.141022
5114.820041,139.141022
5114.94707,139.141022
5115.074098,139.141022
5115.201127,137.856569
5115.328156,133.746321
5115.455185,133.746321
5115.582214,133.746321
5115.709242999999,133.746321
5115.836272,133.746321
5115.963301,133.746321
5116.09033,133.746321
5116.217359,133.746321
5116.3443879999995,133.746321
5116.471417,133.746321
5116.8525039999995,132.547498
5116.979531999999,132.547498
5117.106561,132.547498
5117.23359,132.547498
5117.360619,132.547498
5117.487648,132.547498
5117.614677,132.547498
5117.741706,132.547498
5117.868735,128.265989
5117.995764,128.265989
5118.122793,128.265989
5118.249822,128.265989
5118.376851,128.265989
5118.50388,128.223174
5118.757938,126.382125
5118.884966,126.382125
5119.011995,126.382125
5119.139024,126.382125
5119.266052999999,127.195611
5119.393082,127.238427
5119.520111,127.452502
5119.64714,127.495317
5119.774169,127.495317
5119.901198,127.495317
5120.028227,127.495317
5120.155256,127.495317
5120.282285,127.495317
5120.4093139999995,127.495317
5120.536343,127.495317
5120.663372,127.495317
5120.790401,127.495317
5120.917429,127.495317
5121.044457999999,126.467755
5121.171487,126.467755
5121.298516,126.467755
5121.425545,126.467755
5121.552573999999,126.467755
5121.679603,126.467755
5121.806632,126.467755
5121.933661,126.467755
5123.076921,126.253679
5123.20395,126.296495
5123.330978999999,126.296495
5123.458008,126.296495
5123.585037,126.296495
5123.712066,126.296495
5123.839094999999,126.296495
5123.966124,126.296495
5124.093153,126.296495
5124.220182,126.296495
5124.347211,126.210864
5124.47424,126.210864
5124.601269,124.24137
5124.728297,124.24137
5124.855326,124.24137
5124.982355,124.24137
5125.109383999999,124.24137
5125.236413,124.24137
5125.363442,124.15574
5125.490471,124.112925
5125.6175,124.198555
5125.744529,124.198555
5125.871558,124.198555
5125.998587,124.198555
5126.125615999999,124.198555
5126.252645,124.198555
5126.379674,124.198555
5126.506703,124.198555
5128.285108,199.938453
5128.412136999999,205.076264
5128.539166,205.076264
5128.666193999999,205.076264
5128.793223,205.076264
5128.920252,205.076264
5129.047281,205.076264
5129.174309999999,205.076264
5129.301339,205.076264
5129.428368,157.337436
5129.555397,130.792079
5129.682425999999,130.792079
5129.809455,128.77977
5129.936484,128.77977
5130.063513,126.5962
5130.190542,126.5962
5130.317571,126.5962
5130.4446,126.5962
5130.571628,126.5962
5130.698657,124.24137
5130.825686,124.24137
5130.952714999999,122.571581
5131.079744,122.571581
5131.206773,122.571581
5131.333802,122.571581
5131.460830999999,122.485951
5131.58786,122.485951
5131.714889,121.97217
5131.841918,121.97217
5131.968946999999,121.71528
5132.095976,121.71528
5132.223005,121.71528
5132.350034,121.71528
5132.477062,121.71528
5132.604091,121.71528
5132.7311199999995,120.773348
5132.858149,120.773348
5132.985178,121.115868
5133.112207,121.115868
5133.239235999999,121.115868
5133.366265,121.115868
5133.493294,122.0578
5133.620323,122.0578
5133.747351999999,122.0578
5133.874381,122.0578
5134.00141,122.0578
5134.128439,122.0578
5134.255467999999,123.941664
5134.382496,123.941664
5134.5095249999995,123.941664
5134.636554,123.941664
5134.763583,126.253679
5134.890612,126.253679
5135.0176409999995,126.253679
5135.14467,126.253679
5135.271699,126.253679
5135.398728,126.253679
5135.525756999999,126.253679
5135.652786,126.253679
5135.779815,126.253679
5135.906844,126.253679
5136.033872999999,126.253679
5136.160902,126.253679
5136.287931,125.996789
5136.414959,125.996789
5136.541988,124.24137
5136.669017,124.24137
5136.7960459999995,124.24137
5136.923075,124.24137
5137.050104,124.24137
5137.177133,124.24137
5137.304161999999,122.314691
5137.431191,122.314691
5137.55822,122.143431
5137.685249,122.143431
5137.812277999999,122.143431
5137.939307,122.143431
5138.066336,122.143431
5138.193365,122.143431
5138.320393,118.975114
5138.447422,118.975114
5138.5744509999995,118.975114
5138.70148,118.975114
5138.828509,118.975114
5138.955538,118.975114
5140.3528559999995,118.975114
5140.479885,118.975114
5140.606914,118.975114
5140.733943,118.975114
5140.8609719999995,118.975114
5140.988001,118.975114
5141.11503,118.975114
5141.242059,118.975114
5141.3690879999995,117.605031
5141.496117,117.562216
5141.623146,116.663099
5141.750175,116.663099
5141.877203999999,116.663099
5142.004233,116.663099
5142.1312609999995,116.663099
5142.25829,116.577469
5142.385319,116.577469
5142.512348,112.80974
5142.6393769999995,112.80974
5142.766406,112.80974
5142.893435,112.80974
5143.020464,112.80974
5143.1474929999995,112.80974
5143.274522,109.127642
5143.401551,109.127642
5143.52858,109.127642
5143.6556089999995,109.127642
5143.782638,106.986888
5143.909667,106.986888
5144.036695,106.301846
5144.163724,106.301846
5144.290753,106.301846
5144.4177819999995,106.301846
5144.544811,106.301846
5144.67184,106.301846
5144.798869,106.301846
5144.9258979999995,105.788065
5145.052927,105.788065
5145.179956,105.788065
5145.306985,105.788065
5145.4340139999995,104.075462
5145.561043,104.075462
5145.688072,104.075462
5145.815101,104.075462
5145.942129999999,104.075462
5146.069158,104.075462
5146.196187,95.683704
5146.323216,95.683704
5146.450245,95.683704
5146.577274,95.683704
5146.7043029999995,95.683704
5146.831332,95.683704
5146.958361,95.683704
5147.08539,96.111854
5147.2124189999995,96.111854
5147.339448,96.111854
5147.466477,104.032647
5147.593506,104.075462
5147.7205349999995,106.986888
5147.847564,106.986888
5147.974592,106.986888
5148.101621,113.023816
5148.22865,113.023816
5148.355679,113.023816
5148.482708,113.023816
5148.609737,113.023816
5148.736766,113.023816
5148.863795,117.43377
5148.9908239999995,118.589778
5149.117853,118.589778
5149.244882,118.589778
5149.371911,118.589778
5149.4989399999995,121.586834
5149.625969,121.586834
5149.752998,121.672465
5149.880026,121.672465
5150.007055,121.672465
5150.134083999999,121.672465
5150.261113,121.672465
5150.388142,121.672465
5150.515171,123.385068
5150.6422,123.385068
5150.7692289999995,123.470698
5150.896258,123.470698
5151.023287,123.470698
5151.150316,123.470698
5151.2773449999995,123.470698
5151.404374,123.470698
5151.531403,123.470698
5151.658432,123.470698
5151.78546,123.470698
5151.912489,123.470698
5152.039518,122.614397
5152.166547,122.614397
5152.293576,122.614397
5152.420604999999,122.614397
5152.547634,122.614397
5152.674663,122.614397
5152.801692,122.700027
5152.928721,122.700027
5153.0557499999995,122.700027
5153.182779,122.700027
5153.309808,122.700027
5153.436837,122.700027
5153.5638659999995,122.700027
5153.690895,122.700027
5153.817923,122.700027
5153.944952,122.700027
5154.071981,122.700027
5154.19901,122.700027
5154.326039,121.929355
5154.453068,121.929355
5154.580097,121.929355
5154.707125999999,121.929355
5154.834155,121.929355
5154.961184,121.929355
5155.088213,124.24137
5155.215242,124.24137
5155.3422709999995,127.880653
5155.4693,127.923468
5155.596329,127.966283
5155.723357,127.966283
5155.850386,127.966283
5155.977414999999,127.966283
5156.104444,127.966283
5156.231473,127.966283
5156.358502,127.966283
5156.485531,129.079476
5156.61256,129.079476
5156.739589,131.519936
5156.866618,131.519936
5156.993647,131.519936
5157.120676,131.519936
5157.247705,131.519936
5157.374734,131.519936
5157.501763,133.31817
5157.628791,133.31817
5157.755819999999,133.31817
5157.882849,133.31817
5158.009878,133.31817
5158.136907,133.31817
5158.263935999999,133.31817
5158.390965,133.31817
5158.517994,133.31817
5158.645023,133.31817
5158.772052,133.31817
5158.899081,133.31817
5159.02611,132.975649
5159.153139,132.975649
5159.280168,132.633128
5159.4071969999995,132.633128
5159.534224999999,132.547498
5159.661254,132.547498
5159.788283,132.633128
5159.915312,132.633128
5160.042340999999,138.28472
5160.16937,139.183837
5160.296399,139.183837
5160.423428,139.183837
5160.550456999999,139.183837
5160.677486,139.183837
5160.804515,139.183837
5160.931544,139.183837
5161.058573,139.183837
5161.185602,139.183837
5161.312631,139.183837
5161.43966,139.183837
5161.566688,139.183837
5161.693717,135.972705
5161.820745999999,132.033717
5161.947775,132.033717
5162.074804,132.033717
5162.201833,132.033717
5163.218065,127.067166
5163.345094,127.067166
5163.472122,127.067166
5163.599150999999,127.067166
5163.72618,127.067166
5163.853209,127.067166
5163.980238,127.067166
5164.107266999999,127.067166
5165.504585,124.24137
5165.631614,124.24137
5165.758643,124.24137
5165.885671999999,124.24137
5166.012701,124.24137
5166.13973,124.24137
5166.266759,124.24137
5166.393787999999,124.24137
5166.520817,124.24137
5166.647846,124.24137
5166.774875,124.24137
5166.901904,124.24137
5167.028933,124.24137
5167.155962,124.24137
5167.28299,124.24137
5167.410019,124.24137
5167.537048,124.24137
5167.664076999999,124.24137
5167.791106,122.443136
5167.918135,122.443136
5168.045164,118.075997
5168.172192999999,118.075997
5168.299222,118.075997
5168.426251,118.075997
5168.55328,118.075997
5168.680308999999,118.033182
5168.807338,111.396842
5168.934367,111.396842
5169.061396,111.396842
5169.188425,111.396842
5169.315453,111.396842
5169.4424819999995,101.549371
5169.569511,101.549371
5169.69654,101.549371
5169.823569,98.723575
5169.950597999999,98.723575
5170.077627,104.075462
5170.204656,104.075462
5170.331685,104.075462
5170.458713999999,104.075462
5170.585743,104.075462
5170.712772,104.075462
5170.839801,107.072518
5170.966829999999,107.072518
5171.093859,107.072518
5171.2208869999995,107.072518
5171.347916,107.072518
5171.474945,112.72411
5171.601974,112.72411
5171.7290029999995,112.72411
5171.856032,112.72411
5171.983061,112.72411
5172.11009,112.72411
5172.237118999999,112.72411
5172.364148,112.72411
5174.777698,113.237891
5174.904727,113.237891
5175.031755,113.237891
5175.158784,113.237891
5175.2858129999995,113.237891
5175.412842,113.237891
5175.539871,113.237891
5175.6669,113.237891
5175.7939289999995,108.571046
5175.920958,108.571046
5176.047987,108.571046
5176.175016,108.571046
5176.556103,108.271341
5176.683132,108.271341
5176.810160999999,108.271341
5176.937189,108.271341
5177.0642179999995,108.271341
5177.191247,108.271341
5177.318276,108.271341
5177.445305,108.271341
5177.5723339999995,108.271341
5177.699363,108.271341
5177.826392,107.415039
5177.953421,107.415039
5178.0804499999995,107.243778
5178.207479,107.243778
5178.334508,107.158148
5178.461537,107.158148
5178.588565999999,102.105967
5178.715595,102.105967
5178.842624,102.105967
5178.969652,102.105967
5179.096681,102.105967
5179.22371,102.105967
5179.3507389999995,117.519401
5179.477768,118.290072
5179.604797,118.290072
5179.731826,118.290072
5179.8588549999995,118.290072
5179.985884,118.290072
5180.112913,118.290072
5180.239942,118.290072
5180.3669709999995,118.290072
5180.494,114.094193
5180.621029,114.094193
5180.748058,114.094193
5181.1291439999995,108.785122
5181.256173,108.785122
5181.383202,108.785122
5181.510231,108.785122
5181.6372599999995,108.785122
5181.764289,108.785122
5181.891318,108.785122
5182.018347,108.785122
5182.1453759999995,101.763447
5182.272405,101.763447
5182.399434,101.763447
5182.526463,101.763447
5182.6534919999995,101.763447
5182.78052,101.763447
5182.907549,101.763447
5183.034578,98.723575
5183.161607,98.723575
5183.288636,98.723575
5183.4156649999995,98.723575
5183.542694,98.723575
5183.669723,98.723575
5183.796752,98.723575
5183.9237809999995,98.723575
5184.05081,98.723575
5184.177839,98.723575
5185.448128,199.895638
5185.575157,209.058068
5185.7021859999995,209.058068
5185.829215,209.058068
5185.956244,209.058068
5186.083273,209.058068
5186.2103019999995,209.058068
5186.337331,209.058068
5186.46436,209.058068
5186.591389,193.815895
5186.718417,181.656409
5186.845445999999,151.343324
5186.972475,126.51057
5187.099504,126.51057
5187.226533,126.51057
5187.353562,126.51057
5187.480591,126.51057
5187.60762,126.51057
5187.734649,126.51057
5187.861678,126.639015
5187.9887069999995,126.68183
5188.115736,126.724645
5188.242765,126.767461
5188.369794,126.767461
5188.4968229999995,126.767461
5188.623851,126.767461
5188.75088,126.767461
5188.877909,126.767461
5189.004938,126.767461
5189.131966999999,126.33931
5189.258996,126.33931
5189.386025,118.290072
5189.513054,118.247257
5189.7671119999995,117.605031
5189.894141,117.605031
5190.02117,117.605031
5190.148199,117.605031
5190.2752279999995,117.605031
5190.402257,117.605031
5190.529285,117.605031
5190.656314,114.094193
5194.3401539999995,117.605031
5194.467181999999,118.975114
5194.594211,118.975114
5194.72124,118.975114
5194.848269,118.975114
5194.975297999999,126.039604
5195.102327,126.039604
5195.229356,126.039604
5195.356385,126.039604
5195.483414,127.495317
5195.610443,128.95103
5195.737472,128.993845
5195.864501,128.993845
5195.99153,128.993845
5196.118559,131.177415
5196.245588,131.177415
5196.372616,131.263045
5196.499645,131.263045
5196.626674,131.263045
5196.753702999999,131.263045
5196.880732,131.263045
5197.007761,131.263045
5197.13479,131.263045
5197.261818999999,131.263045
5197.388848,131.263045
5197.515877,131.263045
5197.642906,131.177415
5197.769935,131.177415
5197.896964,126.168049
5198.023993,126.168049
5198.151022,126.168049
5198.27805,126.168049
5198.405079,126.125234
5198.532107999999,122.614397
5198.659137,122.614397
5198.786166,122.614397
5198.913195,122.614397
5199.040223999999,122.614397
5199.167253,122.614397
5199.294282,120.816163
5199.421311,120.816163
5199.548339999999,120.816163
5199.675369,120.816163
5199.802398,117.647846
5199.929427,117.647846
5200.056456,117.647846
5200.183484,117.647846
5200.310512999999,116.962804
5200.437542,114.094193
5200.564571,114.094193
5200.6916,114.094193
5200.818628999999,114.094193
5200.945658,114.094193
5201.072687,114.094193
5201.199716,114.094193
5201.326744999999,114.094193
5201.453774,114.094193
5201.580803,114.094193
5201.707832,114.094193
5201.834860999999,114.094193
5201.96189,114.094193
5202.088919,114.094193
5202.215947,114.094193
5202.342976,114.094193
5202.470005,114.094193
5202.597033999999,114.094193
5202.724063,114.094193
5202.851092,114.094193
5202.978121,114.051378
5203.105149999999,114.051378
5203.232179,116.962804
5203.359208,118.075997
5203.486237,118.075997
5203.613266,118.075997
5203.740295,118.075997
5203.867324,120.816163
5203.994353,120.816163
5204.121381,120.901793
5204.24841,120.901793
5204.3754389999995,120.987423
5204.502468,120.987423
5204.629497,120.987423
5204.756526,120.987423
5204.883554999999,120.987423
5205.010584,120.987423
5205.137613,120.987423
5205.264642,120.987423
5205.391670999999,117.990367
5205.5187,117.990367
5205.645729,117.990367
5205.772758,117.990367
5205.899787,117.990367
5206.026815,117.990367
5206.1538439999995,117.990367
5206.280873,117.990367
5206.407902,116.877174
5206.534931,116.877174
5206.661959999999,116.877174
5206.788989,113.109446
5206.916018,113.109446
5207.043047,113.280706
5207.170075999999,113.280706
5207.297105,114.051378
5207.424134,114.051378
5207.551163,114.051378
5207.678191999999,114.051378
5207.805221,115.849612
5207.9322489999995,115.849612
5208.059278,115.849612
5208.186307,115.849612
5208.313336,115.849612
5208.4403649999995,115.849612
5208.567394,115.849612
5208.694423,115.849612
5209.07551,117.690661
5209.202539,117.904736
5209.329568,117.904736
5209.456596999999,121.158683
5209.583626,121.158683
5209.710655,121.158683
5209.837684,121.158683
5209.964712,122.785657
5210.091741,122.785657
5210.2187699999995,122.785657
5210.345799,122.785657
5210.472828,122.785657
5210.599857,122.785657
5210.7268859999995,122.785657
5210.853915,122.785657
5210.980944,128.009098
5211.107973,128.009098
5211.235001999999,128.009098
5211.362031,128.009098
5211.48906,128.009098
5211.616089,128.009098
5211.743118,128.009098
5211.870146,128.009098
5211.9971749999995,128.009098
5212.124204,128.009098
5212.251233,128.009098
5212.378262,128.009098
5212.5052909999995,128.009098
5212.63232,128.009098
5212.759349,128.009098
5212.886378,128.009098
5213.0134069999995,128.009098
5213.140436,128.009098
5213.267465,128.009098
5213.521522999999,126.724645
5213.648552,126.724645
5213.7755799999995,126.724645
5213.902609,126.724645
5214.029638,126.724645
5214.156667,126.724645
5214.2836959999995,126.724645
5214.410725,126.724645
5214.7918119999995,127.452502
5214.918841,127.495317
5215.04587,127.495317
5215.172899,127.495317
5215.299927999999,127.495317
5215.426957,127.495317
5215.553986,127.495317
5215.681014,127.495317
5215.808043,127.966283
5215.935072,127.966283
5216.0621009999995,128.051913
5216.18913,128.223174
5216.316159,128.265989
5216.443188,128.265989
5216.5702169999995,128.265989
5216.697246,128.265989
5216.824275,128.265989
5216.951304,128.265989
5217.0783329999995,128.265989
5217.205362,128.223174
5217.332391,128.223174
5217.45942,128.051913
5217.586448,128.051913
5217.713476999999,121.458389
5217.840506,121.458389
5217.967535,121.458389
5218.094564,118.247257
5218.221593,118.247257
5218.3486219999995,118.247257
5218.475651,118.247257
5218.60268,117.09125
5218.729709,116.962804
5218.8567379999995,116.919989
5218.983767,116.919989
5219.110796,116.919989
5219.237825,116.919989
5219.3648539999995,116.919989
5219.491883,117.776291
5219.618911,118.975114
5219.74594,118.975114
5219.872969,118.975114
5219.999997999999,118.975114
5220.1270269999995,118.975114
5220.254056,118.975114
5220.381085,118.975114
5220.508114,118.975114
5220.6351429999995,118.975114
5220.762172,118.975114
5220.889201,118.975114
5221.01623,118.975114
5221.1432589999995,118.975114
5221.270288,118.975114
5221.905432,118.718223
5222.032461,118.718223
5222.15949,118.718223
5222.286518999999,118.718223
5222.4135479999995,118.718223
5222.540577,118.718223
5222.667606,121.372759
5222.794635,121.372759
5222.9216639999995,121.372759
5223.048693,121.372759
5223.175722,121.544019
5223.302751,121.544019
5223.429779,123.427883
5223.556807999999,123.427883
5223.683837,123.427883
5223.810866,123.427883
5223.937895,123.427883
5224.064924,123.427883
5224.191953,123.427883
5224.318982,123.427883
5224.446011,124.24137
5224.573039999999,124.24137
5224.7000689999995,126.68183
5224.827098,126.68183
5224.954127,126.767461
5225.081156,126.767461
5225.2081849999995,126.767461
5225.335213,126.767461
5225.462242,126.767461
5225.589271,126.767461
5225.7163,126.767461
5225.843328999999,126.767461
5225.970358,127.195611
5226.097387,127.195611
5226.224416,127.195611
5226.351445,127.195611
5226.478474,127.195611
5226.605503,128.480064
5226.732532,128.480064
5226.859560999999,128.480064
5226.9865899999995,128.480064
5227.113619,128.480064
5227.240648,128.480064
5227.367676,128.480064
5227.494705,128.480064
5228.129849999999,134.046026
5228.256879,134.046026
5228.383908,134.046026
5228.510937,134.046026
5228.637966,134.046026
5228.7649949999995,134.046026
5228.892024,134.046026
5229.019053,134.046026
5229.146082,137.043083
5229.27311,137.043083
5229.400138999999,137.471234
5229.527168,137.471234
5229.654197,138.370351
5229.781226,138.926947
5229.908255,138.926947
5230.035284,138.926947
5230.162313,138.926947
5230.289342,138.926947
5230.416370999999,138.926947
5230.5434,138.926947
5230.670429,138.926947
5232.194776,137.856569
5232.321805,138.926947
5232.448834,138.926947
5232.575863,138.926947
5232.702891999999,138.926947
5232.829921,138.926947
5232.95695,138.926947
5233.083978,138.926947
5233.211007,138.884132
5233.338036,131.990902
5233.465065,131.22023
5233.592094,131.22023
5233.719123,131.22023
5233.846152,131.22023
5233.973180999999,131.22023
5234.10021,131.22023
5234.227239,131.22023
5234.354268,131.22023
5234.481297,124.112925
5234.608326,124.112925
5234.735355,124.112925
5234.862384,124.112925
5234.989412999999,124.112925
5235.116441,124.112925
5235.243469999999,124.112925
5237.148904,124.24137
5237.275933,124.24137
5237.402962,124.24137
5237.529990999999,124.24137
5237.65702,124.24137
5237.784049,124.24137
5237.911078,124.24137
5238.038107,124.24137
5238.165136,124.24137
5238.292165,124.24137
5238.419194,124.24137
5238.546222999999,124.24137
5238.673252,124.24137
5238.800281,124.24137
5238.927309,117.34814
5239.054338,117.34814
5239.181367,117.34814
5239.308395999999,117.34814
5239.435425,117.34814
5239.562454,108.999197
5239.689483,108.999197
5239.816511999999,108.999197
5239.943541,108.999197
5240.324628,108.827937
5240.451657,108.827937
5240.578686,108.827937
5240.705715,108.827937
5240.832743,108.827937
5240.959772,108.827937
5241.0868009999995,111.311212
5241.21383,111.311212
5241.340859,111.311212
5241.467888,111.311212
5241.594916999999,111.311212
5241.721946,111.311212
5241.848975,111.311212
5241.976004,111.311212
5242.103032999999,108.142895
5242.230062,108.142895
5242.357091,108.142895
5242.48412,108.142895
5243.119264,108.571046
5243.246293,108.571046
5243.3733219999995,108.571046
5243.500351,210.0
5243.62738,210.0
5243.754409,210.0
5243.881437999999,210.0
5244.008467,210.0
5244.135496,210.0
5244.262525,210.0
5244.389553999999,210.0
5244.516583,210.0
5244.643612,199.938453
5244.77064,152.24244
5244.897669,113.366337
5245.024698,113.366337
5245.1517269999995,113.366337
5245.278756,113.366337
5245.405785,113.366337
5245.532814,113.366337
5245.6598429999995,112.167514
5245.786872,112.167514
5245.913901,112.167514
5246.04093,112.167514
5246.167958999999,112.167514
5246.294988,112.167514
5246.422017,118.033182
5246.549046,118.932299
5246.676074,118.932299
5246.803103,118.932299
5246.9301319999995,118.932299
5247.057161,118.932299
5247.18419,118.932299
5247.311219,123.042547
5247.4382479999995,123.042547
5247.565277,128.265989
5247.692306,128.265989
5247.819335,128.265989
5247.946363999999,128.265989
5248.073393,128.265989
5248.200422,128.265989
5248.327451,128.265989
5248.454479999999,133.917581
5248.581507999999,133.917581
5248.7085369999995,134.217287
5248.835566,134.217287
5248.962595,134.217287
5249.089624,134.217287
5249.2166529999995,134.217287
5249.343682,134.217287
5249.470711,134.217287
5249.59774,134.217287
5249.7247689999995,134.217287
5249.851798,134.217287
5249.978827,135.887075
5250.105856,135.887075
5250.232884999999,138.156275
5250.359914,138.19909
5250.4869419999995,138.19909
5250.613971,138.19909
5250.741,138.498796
5250.868029,138.969762
5250.9950579999995,138.969762
5251.122087,138.969762
5251.249116,138.969762
5251.376145,138.969762
5251.5031739999995,138.969762
5251.630203,138.969762
5251.757232,138.969762
5251.884261,141.367407
5252.0112899999995,141.367407
5252.138319,141.367407
5252.265348,141.367407
5252.392377,141.367407
5252.519405,141.367407
5252.646434,141.367407
5252.7734629999995,141.367407
5253.15455,141.538667
5253.2815789999995,141.538667
5253.408608,141.538667
5253.535637,141.538667
5253.662666,141.538667
5253.7896949999995,141.538667
5253.916724,141.538667
5254.043753,141.538667
5255.187013,144.021943
5255.314042,144.021943
5255.441071,144.021943
5255.5680999999995,144.021943
5255.695129,144.021943
5255.822158,144.021943
5255.949187,144.021943
5256.0762159999995,144.021943
5256.203245,144.021943
5256.330273,144.021943
5256.457302,144.021943
5256.584331,144.021943
5256.711359999999,144.021943
5256.838389,144.021943
5256.965418,144.021943
5257.092447,144.021943
5257.219476,138.413166
5257.3465049999995,138.413166
5257.473534,138.413166
5257.600563,138.413166
5257.727592,138.28472
5257.8546209999995,137.428419
5257.98165,137.428419
5258.108679,132.033717
5258.235707,132.033717
5258.362736,132.033717
5258.489765,132.033717
5258.616794,131.263045
5258.743823,131.263045
5258.870852,129.03666
5258.997880999999,129.03666
5259.1249099999995,129.03666
5259.251939,129.03666
5259.378968,129.03666
5259.505997,129.03666
5259.6330259999995,129.03666
5259.760055,129.03666
5259.887084,129.03666
5260.014113,129.03666
5260.1411419999995,129.03666
5260.268169999999,129.03666
5260.395199,134.217287
5260.522228,136.143966
5260.649257,136.143966
5260.776286,136.143966
5260.903315,136.143966
5261.030344,136.143966
5261.157373,138.584426
5261.284401999999,138.670056
5261.4114309999995,138.670056
5261.53846,138.670056
5261.665489,138.670056
5261.792518,141.153332
5261.9195469999995,141.196147
5262.046576,141.238962
5262.173604,141.281777
5262.300633,141.838373
5262.427662,141.881188
5262.554690999999,142.180894
5262.68172,142.223709
5262.808749,142.223709
5262.935778,142.223709
5263.062807,142.223709
5263.189836,142.223709
5263.316865,142.223709
5263.443894,142.223709
5263.570922999999,142.180894
5263.6979519999995,142.180894
5263.824981,139.183837
5263.95201,139.183837
5264.079038,139.183837
5264.206067,139.183837
5264.333096,139.183837
5264.460125,139.183837
5264.587154,141.495852
5264.714183,141.495852
5264.841211999999,141.495852
5264.968241,141.495852
5265.09527,141.581482
5265.222299,141.581482
5265.349328,141.752743
5265.476357,141.752743
5265.603386,141.752743
5265.730415,141.752743
5265.857443999999,141.752743
5265.984472,141.752743
5266.111500999999,141.752743
5266.23853,141.752743
5267.254762,153.569708
5267.381791,153.569708
5267.50882,153.655339
5267.635849,153.655339
5267.762878,153.655339
5267.889907,153.655339
5268.016935,153.655339
5268.143964,153.655339
5268.270993,153.655339
5268.398021999999,153.655339
5268.525051,153.655339
5268.65208,153.655339
5268.779109,149.031309
5268.906138,149.031309
5269.033167,148.603158
5269.160196,147.489965
5269.287225,147.489965
5269.414253999999,147.061814
5269.541283,147.061814
5269.668312,147.061814
5269.795341,153.227188
5269.922369,153.227188
5270.049398,153.227188
5270.176426999999,153.227188
5270.303456,153.227188
5270.430485,153.227188
5270.557514,153.227188
5270.684542999999,153.227188
5270.811572,149.288199
5270.938601,149.288199
5272.081861,153.312818
5272.20889,153.312818
5272.335919,153.312818
5272.462948,153.312818
5272.589977,153.312818
5272.717006,153.312818
5272.844035,153.312818
5272.971063999999,153.312818
5273.098093,141.495852
5273.225122,141.495852
5273.352151,141.495852
5273.47918,141.410222
5273.606209,141.410222
5273.7332369999995,141.410222
5273.860266,141.410222
5273.987295,141.410222
5274.114324,141.410222
5274.241352999999,141.410222
5274.368382,141.410222
5274.495411,141.410222
5274.62244,141.410222
5274.749469,141.238962
5274.876498,141.238962
5275.003527,144.278833
5275.130556,144.278833
5275.257584999999,148.860048
5275.384614,148.860048
5275.511643,148.860048
5275.638672,151.514584
5275.7657,151.514584
5275.892729,151.514584
5276.0197579999995,151.514584
5276.146787,154.083489
5276.273816,154.083489
5276.400845,154.16912
5276.527873999999,154.16912
5276.654903,154.16912
5276.781932,154.16912
5276.908961,154.16912
5277.03599,154.16912
5277.163019,154.16912
5277.290048,154.16912
5277.417077,151.771474
5277.544105999999,151.771474
5277.671134,151.771474
5277.7981629999995,151.771474
5277.925192,151.771474
5278.052221,151.771474
5278.17925,148.860048
5278.306278999999,148.860048
5278.433308,148.860048
5278.560337,148.860048
5278.687366,146.291143
5278.814394999999,142.095264
5278.941424,142.095264
5279.068453,142.095264
5279.195482,142.095264
5279.322511,142.095264
5279.44954,142.095264
5279.5765679999995,136.957453
5279.703597,136.957453
5279.830626,136.957453
5279.957655,136.957453
5280.0846839999995,136.957453
5282.244176,134.217287
5282.3712049999995,134.217287
5282.498234,134.217287
5282.625263,134.217287
5282.752292,134.217287
5282.879320999999,134.217287
5283.00635,134.217287
5283.133379,134.217287
5283.260408,134.217287
5283.387436999999,134.217287
5283.514465,134.217287
5283.6414939999995,134.217287
5283.768523,136.101151
5283.895552,136.101151
5284.022581,136.101151
5284.1496099999995,136.101151
5284.276639,138.28472
5284.403668,138.28472
5284.530697,138.841317
5284.6577259999995,138.841317
5284.784755,138.841317
5284.911784,138.841317
5285.038813,138.841317
5285.165841999999,141.196147
5285.292871,141.238962
5285.4198989999995,141.966818
5285.546928,141.966818
5285.673957,141.966818
5285.800986,141.966818
5285.9280149999995,141.966818
5286.055044,141.966818
5286.182073,141.966818
5286.309102,141.966818
5286.4361309999995,141.966818
5286.56316,141.966818
5286.690189,141.966818
5286.817218,141.966818
5287.452362,141.624298
5287.579390999999,141.624298
5287.7064199999995,141.624298
5287.833449,141.624298
5287.960478,141.795558
5288.087507,141.795558
5288.2145359999995,141.966818
5288.341565,141.966818
5288.468594,141.966818
5288.595623,141.966818
5288.7226519999995,141.966818
5288.849681,141.966818
5288.97671,141.966818
5289.103739,141.966818
5289.230767,142.138079
5289.357796,142.138079
5289.484825,142.394969
5289.611854,142.394969
5289.738883,142.394969
5289.865912,142.394969
5289.9929409999995,142.394969
5290.11997,142.394969
5290.246999,142.394969
5290.374028,142.394969
5290.5010569999995,142.052448
5290.628086,142.052448
5290.755115,139.183837
5290.882144,139.183837
5291.0091729999995,139.183837
5291.136200999999,139.183837
5291.26323,144.278833
5291.390259,144.278833
5291.517288,144.278833
5291.644317,144.278833
5291.7713459999995,147.789671
5291.898375,147.789671
5292.025404,148.988493
5292.152433,148.988493
5292.2794619999995,148.988493
5292.406491,148.988493
5292.53352,148.988493
5292.660549,148.988493
5292.7875779999995,148.988493
5292.914607,153.355633
5293.041636,153.355633
5293.168664,153.355633
5293.295693,153.355633
5293.422721999999,153.355633
5293.549751,153.355633
5293.67678,153.355633
5293.803809,153.355633
5294.184896,154.126305
5294.311925,154.126305
5294.438954,154.126305
5294.5659829999995,154.126305
5294.693012,154.126305
5294.820041,154.126305
5294.94707,154.126305
5295.074098,154.126305
5295.201127,152.584961
5295.328156,152.584961
5295.455185,152.584961
5295.582214,152.584961
5295.709242999999,149.416644
5295.836272,149.416644
5295.963301,149.416644
5296.09033,149.416644
5296.217359,149.416644
5296.3443879999995,149.416644
5296.471417,149.416644
5296.598446,149.416644
5296.725475,148.645973
5296.8525039999995,147.27589
5296.979531999999,147.27589
5297.106561,147.27589
5297.23359,147.27589
5297.360619,144.278833
5297.487648,144.278833
5297.614677,144.278833
5297.741706,144.278833
5297.868735,144.278833
5297.995763999999,144.278833
5298.122793,144.107573
5298.249822,144.107573
5298.376851,144.021943
5298.50388,144.021943
5298.6309089999995,141.367407
5298.757938,141.367407
5298.884966,141.367407
5299.011995,141.367407
5299.139024,137.9422
5299.266052999999,137.9422
5299.393082,137.9422
5299.520111,137.685309
5299.64714,137.685309
5300.282284999999,137.385603
5300.4093139999995,137.428419
5300.536343,137.428419
5300.663372,137.428419
5300.790401,138.969762
5300.917429,139.183837
5301.044458,139.183837
5301.171487,147.233075
5301.298516,147.27589
5301.425545,147.27589
5301.552573999999,147.27589
5301.679603,147.27589
5301.806632,147.27589
5301.933661,147.27589
5302.06069,147.27589
5302.187719,147.27589
5302.314748,147.27589
5302.441777,147.27589
5302.568805999999,147.27589
5302.6958349999995,141.538667
5302.822862999999,141.538667
5320.606914,153.055927
5320.733943,153.055927
5320.8609719999995,153.055927
5320.988001,153.055927
5321.11503,153.055927
5321.242059,153.055927
5321.3690879999995,153.055927
5321.496117,153.055927
5321.623146,152.627776
5321.750175,152.627776
5321.877203999999,151.771474
5322.004233,151.771474
5322.1312609999995,151.771474
5322.25829,151.771474
5322.385319,151.771474
5322.512348,151.771474
5322.6393769999995,149.416644
5322.766406,149.416644
5324.036695,146.804924
5324.163724,146.804924
5324.290752999999,146.804924
5324.4177819999995,146.804924
5324.544811,146.804924
5324.67184,146.804924
5324.798869,146.804924
5324.9258979999995,146.804924
5327.08539,143.979128
5327.2124189999995,143.979128
5327.339448,143.979128
5327.466477,143.979128
5327.593506,143.979128
5327.7205349999995,143.979128
5327.847564,143.979128
5327.974592,143.979128
5328.101621,139.183837
5328.22865,139.183837
5328.355679,139.183837
5328.482708,137.642494
5328.609737,136.443671
5328.736766,136.443671
5328.863795,136.058336
5336.485531,146.505218
5336.61256,146.505218
5336.739589,146.505218
5336.866618,146.505218
5336.993646999999,146.505218
5337.120676,146.505218
5337.247705,146.505218
5337.374734,146.505218
5337.501763,145.991437
5337.628791,145.991437
5337.75582,145.991437
5337.882849,145.991437
5338.009878,145.991437
5338.136907,145.991437
5338.263935999999,145.991437
5338.390965,145.991437
5338.517994,141.110516
5338.645023,141.110516
5338.772052,139.055392
5338.899081,139.183837
5339.02611,141.110516
5339.153139,141.110516
5339.280167999999,141.110516
5339.4071969999995,141.110516
5339.534224999999,141.110516
5339.661254,141.110516
5339.788283,141.110516
5339.915312,141.110516
5343.218065,148.988493
5343.345094,149.031309
5343.472122,149.074124
5343.599150999999,149.074124
5343.72618,149.074124
5343.853209,149.074124
5343.980238,149.074124
5344.107266999999,149.074124
5344.234296,149.074124
5344.361325,146.162697
5344.488354,146.162697
5344.615383,143.336901
5344.742412,143.336901
5344.869441,143.251271
5344.99647,143.251271
5345.123498999999,143.936313
5345.250528,143.936313
5345.3775559999995,143.936313
5345.504585,143.936313
5345.631614,143.936313
5345.758643,143.936313
5345.885671999999,143.936313
5346.012701,143.936313
5346.13973,143.679422
5346.266759,143.679422
5346.393787999999,136.743377
5346.520817,137.342788
5346.647846,137.342788
5346.774875,137.342788
5346.901904,137.342788
5347.028933,137.342788
5347.155962,137.342788
5347.28299,137.342788
5347.410019,137.342788
5347.537048,137.342788
5347.664076999999,137.342788
5347.791106,137.257158
5347.918135,137.257158
5348.045164,136.315226
5348.172192999999,136.315226
5348.299222,136.315226
5348.426251,136.315226
5348.55328,134.217287
5348.680308999999,134.217287
5348.807338,134.217287
5348.934367,134.217287
5349.061396,132.376238
5349.188425,132.333423
5349.315453,136.614932
5349.4424819999995,136.657747
5349.569511,136.657747
5349.69654,136.657747
5349.823569,136.657747
5349.950597999999,136.657747
5350.077627,139.183837
5350.204656,139.183837
5350.331685,139.183837
5350.458713999999,139.183837
5350.585743,139.183837
5350.712772,139.183837
5350.839801,139.183837
5350.966829999999,139.183837
5351.093859,139.183837
5351.2208869999995,139.183837
5351.347916,139.183837
5351.474945,139.183837
5351.601974,139.183837
5351.7290029999995,139.183837
5351.856032,136.871822
5351.983061,136.871822
5352.11009,136.871822
5352.237118999999,136.871822
5352.364148,136.871822
5352.491177,136.871822
5352.618206,133.746321
5352.745235,133.746321
5352.872264,131.1346
5352.999293,131.1346
5353.126321,131.1346
5353.25335,131.1346
5353.380379,131.1346
5353.5074079999995,131.1346
5353.634437,127.709393
5353.761466,123.427883
5353.888495,123.427883
5354.0155239999995,123.427883
5354.142553,123.427883
5354.269582,123.427883
5354.396611,123.427883
5354.523639999999,123.427883
5354.650669,123.427883
5354.777698,123.599144
5354.904727,123.599144
5355.031755,123.599144
5355.158784,123.599144
5355.2858129999995,123.599144
5355.412842,123.599144
5355.539871,123.599144
5355.6669,123.599144
5355.7939289999995,125.911159
5355.920958,125.911159
5356.047987,125.911159
5356.175016,125.911159
5356.302044999999,125.911159
5356.429074,125.911159
5356.556103,127.195611
5356.683132,127.195611
5356.810160999999,129.079476
5356.937189,129.079476
5357.0642179999995,129.079476
5357.191247,129.079476
5357.318276,129.079476
5357.445305,131.1346
5357.5723339999995,131.177415
5357.699363,131.990902
5357.826392,131.990902
5357.953421,132.333423
5358.0804499999995,132.333423
5358.207479,132.333423
5358.334508,132.333423
5358.461537,136.871822
5358.588565999999,136.871822
5358.715595,137.128713
5358.842624,137.128713
5358.969652,137.128713
5359.096681,137.128713
5359.22371,137.128713
5359.3507389999995,137.128713
5359.477768,197.926144
5359.604797,209.100883
5359.731826,209.100883
5359.8588549999995,209.100883
5359.985884,209.100883
5360.112913,209.100883
5360.239942,209.100883
5360.3669709999995,209.100883
5360.494,204.947819
5360.621029,189.791276
5360.748058,138.841317
5360.875086,144.278833
5361.002114999999,144.278833
5361.1291439999995,144.278833
5361.256173,144.278833
5361.383202,144.278833
5361.510231,144.278833
5361.6372599999995,144.278833
5361.764289,144.278833
5361.891318,144.278833
5362.018347,144.278833
5362.1453759999995,143.636607
5362.272405,143.636607
5362.399434,136.186781
5362.526463,136.186781
5362.6534919999995,136.186781
5362.78052,136.186781
5362.907549,136.186781
5363.034578,133.874766
5363.161607,133.874766
5363.288635999999,133.874766
5363.4156649999995,133.874766
5363.542694,132.761573
5363.669723,132.761573
5363.796752,132.761573
5363.9237809999995,132.761573
5364.05081,131.734011
5364.177839,131.734011
5365.321099,130.792079
5365.448128,130.792079
5365.575156999999,132.504683
5365.7021859999995,132.504683
5365.829215,132.504683
5365.956244,132.504683
5366.083273,133.446615
5366.2103019999995,133.446615
5366.337331,133.617875
5366.46436,133.617875
5366.591389,133.617875
5366.718417,133.617875
5366.845445999999,133.617875
5366.972475,133.617875
5367.099504,133.617875
5367.226533,133.617875
5367.353562,133.446615
5367.480591,133.446615
5367.861677999999,131.990902
5367.9887069999995,131.990902
5368.115736,131.990902
5368.242765,131.990902
5368.369794,131.990902
5368.4968229999995,131.990902
5368.623851,131.990902
5368.75088,131.990902
5370.148199,131.391491
5370.2752279999995,131.391491
5370.402257,131.562751
5370.529285,131.562751
5370.656314,131.562751
5370.783343,131.562751
5370.910372,131.562751
5371.037401,131.562751
5371.16443,131.562751
5371.291459,131.519936
5371.418487999999,131.22023
5371.545517,131.22023
5371.672546,131.22023
5371.799575,131.22023
5371.926604,131.22023
5372.0536329999995,131.22023
5372.434719,131.648381
5372.561748,131.648381
5372.688776999999,131.648381
5372.815806,131.648381
5372.942835,134.217287
5373.069864,134.217287
5373.196893,134.217287
5373.323922,134.217287
5373.450951,136.315226
5373.57798,136.358041
5373.705008999999,136.358041
5373.832038,136.358041
5373.959067,136.358041
5374.086096,136.358041
5374.213125,136.358041
5374.3401539999995,136.358041
5374.467182,136.272411
5374.594211,136.229596
5374.72124,134.217287
5374.848269,134.217287
5374.975297999999,134.217287
5375.102327,134.217287
5375.229356,134.217287
5375.356385,134.217287
5375.483414,129.079476
5375.610443,129.079476
5375.737472,129.079476
5375.864501,129.079476
5375.991529999999,129.03666
5376.118559,125.953974
5376.245588,125.953974
5376.372616,125.953974
5376.499645,125.953974
