time_sec,value
0.0,33.70943941409647
0.12707825902785133,30.791078194166417
0.25415651805570266,29.82846503337288
0.381234777083554,34.45300563139245
0.5083130361114053,41.5461204392557
0.6353912951392566,29.340104915144206
0.762469554167108,26.755631143596553
0.8895478131949593,25.30865367887833
1.0166260722228107,25.119174849768235
1.143704331250662,31.641737720466253
1.2707825902785133,33.57460429435499
1.3978608493063647,35.96435155409664
1.524939108334216,37.67912484423243
1.6520173673620673,30.924179776723598
1.7790956263899187,36.20775419744833
1.9061738854177699,35.002888336215946
2.0332521444456213,33.325172211027294
2.1603304034734725,29.139437027146034
2.287408662501324,20.749361628796123
2.4144869215291753,31.78334848394926
2.5415651805570265,42.8790289562752
2.668643439584878,44.34380647000037
2.7957216986127293,28.01724704742543
2.9227999576405805,41.02743316803632
3.049878216668432,24.341490674286007
3.1769564756962834,27.856574217671874
3.3040347347241346,28.74117351789297
3.4311129937519858,33.86226606327259
3.5581912527798374,30.64903824436857
3.6852695118076886,38.597324635616665
3.8123477708355398,24.581231390283037
3.9394260298633914,36.46681045665216
4.066504288891243,31.77363390003203
4.193582547919094,34.35603733269386
4.320660806946945,34.3066849706145
4.447739065974797,30.837649168097656
4.574817325002648,29.044138730648715
4.701895584030499,30.87240965610066
4.828973843058351,39.254974171430106
4.956052102086202,36.543284684017706
5.083130361114053,31.32977314657718
5.210208620141905,35.85451224877429
5.337286879169756,36.43257927266189
5.464365138197607,25.130049153160705
5.591443397225459,40.68821598874564
5.71852165625331,33.43742662761099
5.845599915281161,32.5199715046033
5.972678174309013,34.80580008683071
6.099756433336864,31.71725546221215
6.226834692364715,31.092767663994408
6.353912951392567,34.20063592489622
6.4809912104204175,31.01848794175949
6.608069469448269,35.59615303265382
6.735147728476121,38.48027966068989
6.8622259875039715,31.083123439370638
6.989304246531823,33.19601661747109
7.116382505559675,37.07175633465305
7.2434607645875255,30.282637462762057
7.370539023615377,33.81101288547772
7.497617282643229,38.32284158561716
7.6246955416710795,29.365826126822963
7.751773800698931,36.56145116057816
7.878852059726783,39.23910058992353
8.005930318754634,43.944633163590254
8.133008577782485,40.805468166495885
8.260086836810336,33.071179933349576
8.387165095838188,28.104642985504878
8.51424335486604,36.28346227450229
8.64132161389389,35.52120687735703
8.768399872921742,27.629580187155746
8.895478131949593,34.14575423157547
9.022556390977444,35.76343247031875
9.149634650005297,46.72021154489634
9.276712909033147,35.59863078447785
9.403791168060998,36.757551344681964
9.53086942708885,42.274301728950114
9.657947686116701,32.05287536768005
9.785025945144552,43.50644850375017
9.912104204172405,33.44996344364741
10.039182463200255,42.93800708123997
10.166260722228106,28.29947077319723
10.293338981255959,42.77322039426981
10.42041724028381,45.28127930149155
10.54749549931166,35.66588134309235
10.674573758339513,44.09796252943353
10.801652017367363,41.03825173576686
10.928730276395214,46.116370999420866
11.055808535423067,43.761400702808984
11.182886794450917,51.51306109146175
11.309965053478768,52.02590024318876
11.43704331250662,36.76210822348415
11.564121571534471,45.10841534548406
11.691199830562322,38.48507169869866
11.818278089590175,46.708920078587326
11.945356348618025,47.073975162719414
12.072434607645876,46.59160271912508
12.199512866673729,44.761298215650854
12.32659112570158,51.689363451775264
12.45366938472943,37.448893935322985
12.580747643757281,53.711275241515196
12.707825902785133,59.00340055668616
12.834904161812984,42.6585461291499
12.961982420840835,45.25440123367805
13.089060679868687,49.357045383916386
13.216138938896538,48.73033638679256
13.343217197924389,45.44542822986337
13.470295456952242,54.50065016039915
13.597373715980092,56.21790150852267
13.724451975007943,55.45968463096599
13.851530234035796,52.52147822274064
13.978608493063646,59.20519903666112
14.105686752091497,57.639031952017
14.23276501111935,55.97780588636689
14.3598432701472,49.62866074642263
14.486921529175051,58.595833809736476
14.613999788202904,52.7188283825837
14.741078047230754,56.70777141083133
14.868156306258605,61.21093608941414
14.995234565286458,64.8803967016123
15.122312824314308,42.36729802182513
15.249391083342159,62.8922319507125
15.376469342370012,59.75211981483817
15.503547601397862,47.928455316830366
15.630625860425713,57.02224478839243
15.757704119453566,53.838278934248734
15.884782378481416,50.38237309821882
16.01186063750927,61.86821974970968
16.13893889653712,61.067315821957116
16.26601715556497,58.38663110848745
16.39309541459282,55.0049954144928
16.520173673620672,61.1912084454714
16.647251932648523,68.00842291976687
16.774330191676377,63.78260644260688
16.901408450704228,53.66420265892778
17.02848670973208,62.98432858984465
17.15556496875993,82.52298347953152
17.28264322778778,59.30352663435065
17.40972148681563,64.67937280808133
17.536799745843485,75.58939080762642
17.663878004871336,77.9593716371865
17.790956263899186,71.20877988037722
17.918034522927037,65.89938520129269
18.045112781954888,72.65133753173076
18.17219104098274,71.6889776966568
18.299269300010593,72.46409147355087
18.426347559038444,70.14773735608607
18.553425818066295,70.12580617353089
18.680504077094145,75.04206246285457
18.807582336121996,76.7850336186992
18.934660595149847,75.7034075233058
19.0617388541777,72.45927877046927
19.188817113205552,75.36418009133516
19.315895372233403,70.05389431734413
19.442973631261253,72.52839773988441
19.570051890289104,83.66502721164944
19.697130149316955,86.53194332588848
19.82420840834481,76.38432401514504
19.95128666737266,71.30563208883468
20.07836492640051,75.16317678846514
20.20544318542836,74.04916133760992
20.332521444456212,78.08745527997208
20.459599703484063,81.68877053739129
20.586677962511917,77.10779953958615
20.713756221539768,83.75093520302589
20.84083448056762,91.02961756556351
20.96791273959547,78.66320427633795
21.09499099862332,82.51068435699489
21.22206925765117,80.82535440460697
21.349147516679025,83.78386233393945
21.476225775706876,76.92276974502343
21.603304034734727,79.35928855138954
21.730382293762577,81.88697904505389
21.857460552790428,82.27981192954107
21.98453881181828,90.92273312381383
22.111617070846133,86.83592462695722
22.238695329873984,87.16638357386275
22.365773588901835,84.74549004300181
22.492851847929686,91.77952756525903
22.619930106957536,81.02280861149954
22.747008365985387,83.28568163507055
22.87408662501324,87.13887341413847
23.001164884041092,89.67750441028318
23.128243143068943,81.02520714634335
23.255321402096794,84.35380415302664
23.382399661124644,86.34173335619559
23.509477920152495,90.03906114601097
23.63655617918035,89.99404060329208
23.7636344382082,85.16620702600122
23.89071269723605,94.22597603781972
24.0177909562639,89.82744497134554
24.144869215291752,100.0
24.271947474319603,100.0
24.399025733347457,92.18034795712813
24.526103992375308,90.65033988084792
24.65318225140316,86.21001993990046
24.78026051043101,95.36351838541006
24.90733876945886,86.55178264703201
25.03441702848671,100.0
25.161495287514562,83.04825165388426
25.288573546542416,96.46355990198225
25.415651805570267,83.86219660921756
25.542730064598118,88.36566188373345
25.66980832362597,93.12825109184926
25.79688658265382,97.25138959313638
25.92396484168167,88.19229658507271
26.051043100709524,92.44312794194937
26.178121359737375,86.60842237377625
26.305199618765226,84.80538014727784
26.432277877793076,84.6967796847861
26.559356136820927,81.97446958237971
26.686434395848778,81.38875021539498
26.813512654876632,89.01909642965599
26.940590913904483,89.29314495701948
27.067669172932334,93.00039311586589
27.194747431960185,87.72155327439779
27.321825690988035,86.35345216620932
27.448903950015886,82.08513585953061
27.57598220904374,81.05288818593866
27.70306046807159,82.49194850767519
27.830138727099442,80.0090822564307
27.957216986127293,92.83909139309613
28.084295245155143,82.97182583134202
28.211373504182994,91.95907858617309
28.33845176321085,80.04486728211182
28.4655300222387,89.21316452941366
28.59260828126655,81.69435383287166
28.7196865402944,88.95613585301624
28.84676479932225,83.06375062478348
28.973843058350102,85.07349982917013
29.100921317377956,81.15743416016483
29.227999576405807,86.0989631152358
29.355077835433658,77.84356378956033
29.48215609446151,75.72304933560088
29.60923435348936,78.72944686986116
29.73631261251721,86.96541980897183
29.863390871545064,78.32253899008894
29.990469130572915,85.2451228553665
30.117547389600766,83.91395085214715
30.244625648628617,83.72840814110853
30.371703907656467,70.91422914788424
30.498782166684318,72.53390352685857
30.625860425712172,66.56969637980761
30.752938684740023,91.19574572013468
30.880016943767874,78.08357025358043
31.007095202795725,75.21324560590118
31.134173461823575,78.47998135972512
31.261251720851426,80.23153363534144
31.38832997987928,73.61443771932188
31.51540823890713,64.14577356595797
31.642486497934982,68.1973217229486
31.769564756962833,71.0676234763537
31.896643015990684,76.31054072752902
32.02372127501854,64.20383394685258
32.150799534046385,73.75109698764263
32.27787779307424,64.26254725291882
32.40495605210209,80.54229619002729
32.53203431112994,63.34357823569016
32.659112570157795,65.17024324629163
32.78619082918564,67.78970166282585
32.9132690882135,66.2933501101035
33.040347347241344,66.10273074263239
33.1674256062692,60.76451066101378
33.294503865297045,71.67938985253721
33.4215821243249,71.3565684326321
33.548660383352754,59.234689600093034
33.6757386423806,62.78722532139304
33.802816901408455,59.1249771718363
33.9298951604363,66.76066967898348
34.05697341946416,56.43694860815833
34.18405167849201,66.31989316903847
34.31112993751986,60.0162987974289
34.43820819654771,63.54774199778997
34.56528645557556,65.57284646395507
34.692364714603414,64.33826732566338
34.81944297363126,58.06597237211981
34.946521232659116,61.947976309171366
35.07359949168697,64.50024212520458
35.20067775071482,52.1709178341893
35.32775600974267,57.95920492269486
35.45483426877052,54.77718632379849
35.58191252779837,54.48345039333694
35.70899078682623,48.61598994402122
35.836069045854074,54.322555322285176
35.96314730488193,49.25977028271825
36.090225563909776,56.00991677411895
36.21730382293763,54.11378591077758
36.34438208196548,48.91496024234175
36.47146034099333,50.35520940731949
36.598538600021186,57.029668753157054
36.72561685904903,37.04264416387164
36.85269511807689,46.79309605382143
36.979773377104735,46.86957584062574
37.10685163613259,50.58891987095513
37.23392989516044,44.14385001746352
37.36100815418829,47.8467571670965
37.488086413216145,43.1655071172168
37.61516467224399,44.684484462305434
37.742242931271846,43.52542154462525
37.869321190299694,49.33254955919794
37.99639944932755,44.63156419350831
38.1234777083554,41.86740923979355
38.25055596738325,47.41169045414344
38.377634226411104,45.21767017230158
38.50471248543895,57.77147119409507
38.631790744466805,51.802031440174275
38.75886900349466,40.33367386075629
38.88594726252251,49.36438328052857
39.01302552155036,41.113530782942874
39.14010378057821,48.3063940982357
39.26718203960606,39.6816121469635
39.39426029863391,37.92565780663682
39.521338557661764,39.297320461050866
39.64841681668962,44.065646861739054
39.775495075717465,48.414106816561784
39.90257333474532,37.71474953245381
40.02965159377317,40.77723927791932
40.15672985280102,41.787238837366445
40.283808111828876,34.92563337449832
40.41088637085672,46.138025457480786
40.53796462988458,37.723731721586944
40.665042888912424,38.21594335413463
40.79212114794028,34.633188816155254
40.919199406968126,44.42214467138485
41.04627766599598,34.5127630937468
41.173355925023834,23.552999192396605
41.30043418405168,33.989437997763936
41.427512443079536,37.07417199667669
41.55459070210738,25.525963409292064
41.68166896113524,31.991171586815966
41.808747220163085,36.7202484586169
41.93582547919094,34.97606601973776
42.06290373821879,38.606319438789896
42.18998199724664,36.749980587349334
42.317060256274495,36.705342237622304
42.44413851530234,38.17957836062096
42.571216774330196,29.25389777074268
42.69829503335805,40.131095301143944
42.8253732923859,26.68792351310329
42.95245155141375,29.96417688503189
43.0795298104416,38.12919470929676
43.20660806946945,32.87515589097452
43.3336863284973,30.403991766582045
43.460764587525155,35.84118226764361
43.58784284655301,48.11543927887321
43.714921105580856,38.73011508671931
43.84199936460871,43.69314791722831
43.96907762363656,22.859033760302694
44.09615588266441,37.36110714497564
44.22323414169227,36.78213873826444
44.350312400720114,27.897791592313208
44.47739065974797,31.950878121266545
44.604468918775815,31.209780784439467
44.73154717780367,26.292103141120823
44.85862543683152,34.15124995225356
44.98570369585937,37.30394277579112
45.112781954887225,33.99894874061372
45.23986021391507,40.58715934578582
45.36693847294293,36.25903727726752
45.494016731970774,30.29788035161446
45.62109499099863,44.57287995231969
45.74817325002648,37.58164701983233
45.87525150905433,24.51378423848512
46.002329768082184,32.19782324647398
46.12940802711003,36.36306048656672
46.256486286137886,32.29423918507674
46.38356454516573,27.447774029349194
46.51064280419359,38.89782936762303
46.63772106322144,34.3336174380844
46.76479932224929,27.18529022117125
46.89187758127714,34.4772036623175
47.01895584030499,37.2735016788139
47.146034099332844,26.793640294304215
47.2731123583607,30.57747702896151
47.400190617388546,26.073165075113803
47.5272688764164,37.39058832750247
47.65434713544425,32.15256149938517
47.7814253944721,28.916712847696246
47.90850365349995,23.927616088374833
48.0355819125278,36.15840447491467
48.16266017155566,32.871145266896825
48.289738430583505,37.44339804334391
48.41681668961136,37.13979067135376
48.543894948639206,26.064487129785274
48.67097320766706,33.70438426588409
48.798051466694915,32.30269865172899
48.92512972572276,39.32677586703622
49.052207984750616,32.24480079333632
49.17928624377846,25.76405280430521
49.30636450280632,29.27135081426438
49.433442761834165,32.9297056723977
49.56052102086202,34.874973861256436
49.687599279889874,33.535397254879626
49.81467753891772,35.45897311324435
49.941755797945575,26.959790074572908
50.06883405697342,31.602316504460628
50.19591231600128,33.89199624659946
50.322990575029124,37.44697816128144
50.45006883405698,30.064738796872305
50.57714709308483,25.50827147401926
50.70422535211268,26.67737246056807
50.831303611140534,15.55209831991823
50.95838187016838,31.404077130961618
51.085460129196235,27.96302136741612
51.21253838822409,34.91716672627341
51.33961664725194,30.088274024201617
51.46669490627979,23.459667971404677
51.59377316530764,29.753614290953358
51.72085142433549,27.20568865250821
51.84792968336334,25.959143389992793
51.975007942391194,33.747165175879644
52.10208620141905,21.280951506435102
52.229164460446896,16.0358701974464
52.35624271947475,27.59643101539096
52.4833209785026,27.818471042185504
52.61039923753045,28.19298488404099
52.737477496558306,24.184834210844084
52.86455575558615,33.720532891069624
52.99163401461401,28.084007598286135
53.118712273641854,28.658020347664618
53.24579053266971,29.54832349198192
53.372868791697556,27.31124436067959
53.49994705072541,29.139837105816206
53.627025309753265,34.78809341199272
53.75410356878111,37.96123330720792
53.881181827808966,32.67987812974972
54.00826008683681,25.541319984966044
54.13533834586467,14.245255531763267
54.26241660489252,27.982486288157922
54.38949486392037,27.47132561861952
54.51657312294822,33.973950369179995
54.64365138197607,26.67353377237853
54.770729641003925,27.767177161778626
54.89780790003177,30.577372717780158
55.024886159059626,30.801856695300064
55.15196441808748,30.061300320340628
55.27904267711533,25.18269013061864
55.40612093614318,30.679609068896482
55.53319919517103,29.052275170778508
55.660277454198884,23.160645218797903
55.78735571322674,38.206923586097545
55.914433972254585,34.87589779807447
56.04151223128244,34.03351816571586
56.16859049031029,32.41843296768574
56.29566874933814,28.67888878805607
56.42274700836599,43.03167160609662
56.54982526739384,30.07496956255058
56.6769035264217,24.35532064182218
56.803981785449544,31.122105181151934
56.9310600444774,26.68687445003042
57.058138303505245,25.956847161056455
57.1852165625331,35.22901517060296
57.31229482156095,30.603174992724593
57.4393730805888,27.28423661652638
57.566451339616656,29.018912934059696
57.6935295986445,25.701339728302486
57.82060785767236,24.67814223565495
57.947686116700204,24.023387626143027
58.07476437572806,30.133782061356406
58.20184263475591,26.00665573589646
58.32892089378376,38.12434250220541
58.455999152811614,29.655390568273003
58.58307741183946,25.654055701301754
58.710155670867316,30.698343604391866
58.83723392989516,32.37863870921869
58.96431218892302,33.99231556854987
59.09139044795087,26.395938295720146
59.21846870697872,31.531945744617015
59.34554696600657,26.639624084790782
59.47262522503442,19.817464668696232
59.599703484062275,25.135338574264434
59.72678174309013,31.17019343375663
59.853860002117976,25.596053301412717
59.98093826114583,21.775169882632177
60.10801652017368,27.96669495322626
60.23509477920153,32.068083231341845
60.36217303822938,43.53391067466311
60.48925129725723,27.127071261523458
60.61632955628509,31.731219470050615
60.743407815312935,29.05053941785779
60.87048607434079,29.714450666817676
60.997564333368636,32.359456622344176
61.12464259239649,30.270721351068953
61.251720851424345,34.39854586425526
61.37879911045219,36.29457887815929
61.50587736948005,27.93363289188124
61.632955628507894,29.313318072141904
61.76003388753575,26.219069042292674
61.887112146563595,39.263281263669754
62.01419040559145,24.233660678966125
62.141268664619304,33.64419934170793
62.26834692364715,34.015454758005895
62.395425182675005,44.74965432482976
62.52250344170285,27.014386089265386
62.64958170073071,36.25454192871528
62.77665995975856,30.799460814257127
62.90373821878641,29.20972985741379
63.03081647781426,34.2535785770482
63.15789473684211,18.18863114077555
63.284972995869964,26.328246633541514
63.41205125489781,34.3166060051903
63.539129513925666,23.990734922424558
63.66620777295352,24.239739673289538
63.79328603198137,21.30818894479488
63.92036429100922,26.787582412808163
64.04744255003708,30.676878048615464
64.17452080906492,33.41822911798
64.30159906809277,33.29291662346336
64.42867732712062,35.61204143884901
64.55575558614848,34.584129752110684
64.68283384517633,27.79321151681646
64.80991210420417,33.040921990893224
64.93699036323203,27.4411457125803
65.06406862225988,18.615032186448367
65.19114688128774,25.13411829890552
65.31822514031559,28.760964710219586
65.44530339934343,31.388974478613903
65.57238165837128,33.39008258933904
65.69945991739914,32.36199609932502
65.826538176427,27.955283979255068
65.95361643545485,31.54843053891027
66.08069469448269,20.4516459787339
66.20777295351054,31.698403569322373
66.3348512125384,26.955854764388704
66.46192947156625,26.174324929940877
66.58900773059409,28.45044519889882
66.71608598962194,30.365641224992263
66.8431642486498,31.662516684013944
66.97024250767765,23.069598690763343
67.09732076670551,28.890079341632944
67.22439902573335,21.77701741577765
67.3514772847612,26.464478083445485
67.47855554378906,39.13069831787955
67.60563380281691,37.252507075683845
67.73271206184477,26.242482898131957
67.8597903208726,27.662953123793223
67.98686857990046,31.575409844969876
68.11394683892831,28.122902878164258
68.24102509795617,35.20502910253913
68.36810335698402,40.46920607455628
68.49518161601186,28.120990180153278
68.62225987503972,22.66112297187211
68.74933813406757,28.085406938233998
68.87641639309543,41.67137674836367
69.00349465212328,35.05224369052441
69.13057291115112,31.821239574455024
69.25765117017897,33.06982619630718
69.38472942920683,25.730344337179012
69.51180768823468,31.446626924342528
69.63888594726252,30.125448739446885
69.76596420629038,30.51755791558155
69.89304246531823,28.632899517548747
70.02012072434609,31.17022669737135
70.14719898337394,24.73497567121877
70.27427724240178,32.0218912383674
70.40135550142963,28.802460140193926
70.52843376045749,31.773100633331214
70.65551201948534,32.464956960556144
70.7825902785132,22.923250259572065
70.90966853754104,30.59309508161742
71.03674679656889,29.817032161592245
71.16382505559675,41.215952080697676
71.2909033146246,33.25627349126633
71.41798157365245,36.45395943084007
71.5450598326803,25.7308383261658
71.67213809170815,28.960543490138054
71.799216350736,25.586740686781816
71.92629460976386,30.624247001009174
72.05337286879171,26.539563469808947
72.18045112781955,32.69142740303338
72.3075293868474,37.98470002833964
72.43460764587526,35.025953567267464
72.56168590490311,25.627902972791627
72.68876416393095,24.01583120758113
72.81584242295881,19.692456441751148
72.94292068198666,25.867072117667448
73.06999894101452,30.90357331745204
73.19707720004237,36.2096075060008
73.32415545907021,30.748020422211265
73.45123371809807,35.64309609948586
73.57831197712592,29.023408388995374
73.70539023615378,28.679299845084685
73.83246849518163,29.246863703878613
73.95954675420947,24.056031548436696
74.08662501323732,26.962377699784568
74.21370327226518,27.84136802866909
74.34078153129303,24.027451162042002
74.46785979032089,35.966758766491836
74.59493804934873,43.52754753219188
74.72201630837658,29.644239663068362
74.84909456740444,29.482471248170658
74.97617282643229,30.74309163392373
75.10325108546013,31.34366877656525
75.23032934448798,30.101915645107816
75.35740760351584,33.412670228934864
75.48448586254369,30.23882015270325
75.61156412157155,34.862444711416444
75.73864238059939,20.413391892821913
75.86572063962724,32.88228824763232
75.9927988986551,26.214220460566132
76.11987715768295,35.68398161229405
76.2469554167108,36.51162421141297
76.37403367573864,16.91053599241446
76.5011119347665,35.96999353499966
76.62819019379435,27.007139422204553
76.75526845282221,30.122243717895493
76.88234671185006,27.146156223164297
77.0094249708779,31.69844559032546
77.13650322990576,40.17071331563467
77.26358148893361,35.94119010522633
77.39065974796146,30.523168842227115
77.51773800698932,26.967853256296166
77.64481626601716,17.81963957484827
77.77189452504501,35.127851426186744
77.89897278407287,26.75034389647353
78.02605104310072,34.771433649435394
78.15312930212856,33.6053630321275
78.28020756115642,33.571346768102515
78.40728582018427,33.82055589355725
78.53436407921212,37.91367151022594
78.66144233823998,23.69277512093087
78.78852059726782,29.034422022118445
78.91559885629567,27.173801508702685
79.04267711532353,35.48078014322994
79.16975537435138,27.367868168789702
79.29683363337924,26.655798358605974
79.42391189240708,21.13375204888262
79.55099015143493,30.170125386740924
79.67806841046279,34.15494276980195
79.80514666949064,32.00087361994357
79.9322249285185,35.03451397168044
80.05930318754633,28.317288641678093
80.18638144657419,31.999068527564006
80.31345970560204,38.825034124364144
80.4405379646299,31.808153466178222
80.56761622365775,38.462571651278324
80.69469448268559,38.181454487744546
80.82177274171345,33.359643453544344
80.9488510007413,31.62474122528036
81.07592925976915,27.695811746203653
81.203007518797,28.215813754819575
81.33008577782485,40.01816971318661
81.4571640368527,30.728615743678468
81.58424229588056,33.98196668241736
81.71132055490841,30.202174876103598
81.83839881393625,29.507979018995226
81.9654770729641,27.192579661725585
82.09255533199196,18.882354273440697
82.21963359101981,25.29256237912623
82.34671185004767,36.99727627629379
82.47379010907551,26.21119619508857
82.60086836810336,36.324590101162
82.72794662713122,27.540888971782746
82.85502488615907,27.561371406153565
82.98210314518693,24.52288577433785
83.10918140421477,32.420934720724
83.23625966324262,36.84844052662992
83.36333792227047,16.154751197522806
83.49041618129833,25.4523741859679
83.61749444032617,37.98612391801386
83.74457269935402,36.857204831369636
83.87165095838188,26.815227164406487
83.99872921740973,18.40610425145168
84.12580747643759,28.67513413437832
84.25288573546543,31.689265426006177
84.37996399449328,21.00522687476675
84.50704225352113,29.168577420913742
84.63412051254899,32.29394661597044
84.76119877157684,27.58336265028516
84.88827703060468,28.928020934423312
85.01535528963254,38.38321042942748
85.14243354866039,37.03186609777341
85.26951180768825,23.995500768655564
85.3965900667161,32.630311142006875
85.52366832574394,26.133577411528307
85.6507465847718,28.547964916118477
85.77782484379965,38.23126387765452
85.9049031028275,22.062387989694784
86.03198136185536,29.105874803976242
86.1590596208832,42.40585465919306
86.28613787991105,27.830684490541607
86.4132161389389,40.71208214922869
86.54029439796676,32.55917600381754
86.6673726569946,28.604786018584377
86.79445091602246,36.10980129395414
86.92152917505031,24.560449201534873
87.04860743407816,21.37402143926738
87.17568569310602,22.051756580197246
87.30276395213386,25.589478772266226
87.42984221116171,27.6686300322528
87.55692047018957,32.1447353116617
87.68399872921742,32.02855497796561
87.81107698824528,25.438834030387234
87.93815524727312,28.565227087142432
88.06523350630097,34.66935537397439
88.19231176532882,32.104379768481834
88.31939002435668,32.41204749053506
88.44646828338453,35.646359560433496
88.57354654241237,30.842615998060495
88.70062480144023,27.892676446215425
88.82770306046808,18.963647061507395
88.95478131949594,32.2373661964221
89.08185957852379,27.54161475226927
89.20893783755163,22.597829414505703
89.33601609657948,36.91554163571653
89.46309435560734,19.163065360594132
89.5901726146352,30.83035597149034
89.71725087366303,31.340859474272424
89.84432913269089,33.8700126896159
89.97140739171874,35.24744521174509
90.0984856507466,34.2967990751862
90.22556390977445,34.55725521791076
90.35264216880229,33.02592726123061
90.47972042783015,37.09882237617608
90.606798686858,23.515377915238407
90.73387694588585,26.78003203422102
90.86095520491371,27.76295496371606
90.98803346394155,25.413553910137146
91.1151117229694,30.723070717859173
91.24218998199726,20.50177066160169
91.36926824102511,39.34837885754838
91.49634650005297,27.483362422468865
91.6234247590808,26.798558114866665
91.75050301810866,37.12773804007217
91.87758127713651,32.02809963438432
92.00465953616437,27.02625096977747
92.13173779519221,22.099982392409608
92.25881605422006,34.154524320731014
92.38589431324792,35.308458990662466
92.51297257227577,27.036744411622312
92.64005083130363,27.145636223983004
92.76712909033147,35.05279779289709
92.89420734935932,45.64989203760729
93.02128560838717,39.79365161385112
93.14836386741503,31.189385563532916
93.27544212644288,32.14871397199379
93.40252038547072,32.81482590511416
93.52959864449858,24.610766142283303
93.65667690352643,26.76109303424315
93.78375516255429,27.918583740540416
93.91083342158214,35.04203473879049
94.03791168060998,30.697698435574793
94.16498993963783,24.93008029907151
94.29206819866569,32.67206598169258
94.41914645769354,34.06325439815684
94.5462247167214,29.944242653488985
94.67330297574924,24.69224174602112
94.80038123477709,38.28330692460609
94.92745949380495,29.991833495018586
95.0545377528328,27.495421183350643
95.18161601186064,35.47504232763666
95.3086942708885,33.09830531024765
95.43577252991635,37.1643509794393
95.5628507889442,38.66049065767757
95.68992904797206,31.948370466109456
95.8170073069999,26.974966913072354
95.94408556602775,34.62345264118038
96.0711638250556,33.08613757789913
96.19824208408346,39.97975442873086
96.32532034311131,36.051665828852315
96.45239860213916,37.72361377004514
96.57947686116701,41.18990512192617
96.70655512019486,32.26345539984552
96.83363337922272,37.36580557740157
96.96071163825057,30.569007225764537
97.08778989727841,27.100932267021214
97.21486815630627,39.90770047496958
97.34194641533412,31.281132622468405
97.46902467436198,38.49789181978902
97.59610293338983,25.34581338145378
97.72318119241767,34.21471591954485
97.85025945144552,29.03367912415809
97.97733771047338,27.58643858569595
98.10441596950123,26.239823137128482
98.23149422852907,33.159756972168886
98.35857248755693,42.726272698881246
98.48565074658478,36.57245258381144
98.61272900561264,36.43340979305311
98.73980726464049,35.913253179611864
98.86688552366833,34.41672212179836
98.99396378269618,46.96000672904078
99.12104204172404,32.866145548749024
99.24812030075189,40.26029793364682
99.37519855977975,36.043542161752036
99.50227681880759,39.83632395190482
99.62935507783544,43.84722112742608
99.7564333368633,37.13872886270502
99.88351159589115,38.687049801428415
100.010589854919,46.716716821575304
100.13766811394684,40.735280152465954
100.2647463729747,45.17496113254068
100.39182463200255,50.02680280401346
100.51890289103041,41.03660814282898
100.64598115005825,35.53609224543594
100.7730594090861,45.75258457980673
100.90013766811396,39.996596900776304
101.02721592714181,53.31865501216038
101.15429418616966,36.42327150428247
101.2813724451975,44.01274420537902
101.40845070422536,48.80059315962738
101.53552896325321,47.929977111046234
101.66260722228107,45.42303494251955
101.78968548130892,51.34343221740297
101.91676374033676,39.53540744810549
102.04384199936462,44.41547742909155
102.17092025839247,51.260212381545415
102.29799851742033,54.21257824282271
102.42507677644818,47.55202353134076
102.55215503547602,52.801709350118585
102.67923329450387,42.921597603601256
102.80631155353173,45.60427542182684
102.93338981255958,58.68640803233686
103.06046807158744,43.62360899914948
103.18754633061528,46.65277633315429
103.31462458964313,47.363171357844244
103.44170284867099,50.10775996905399
103.56878110769884,47.559943335297106
103.69585936672668,53.703693306923334
103.82293762575453,55.15212034316521
103.95001588478239,50.305382314778655
104.07709414381024,58.76596255099998
104.2041724028381,56.040432317561184
104.33125066186594,55.90261121362555
104.45832892089379,55.14839224025329
104.58540717992165,66.34605884886523
104.7124854389495,55.51699107053015
104.83956369797735,50.39641345271235
104.9666419570052,48.72793182597633
105.09372021603305,70.85239306485016
105.2207984750609,54.988381945219416
105.34787673408876,51.92264515103421
105.47495499311661,61.332156292925276
105.60203325214445,59.595359177449374
105.7291115111723,69.50398076376918
105.85618977020016,64.76904198124059
105.98326802922801,60.56897922143356
106.11034628825585,61.598798471055744
106.23742454728371,75.5268090073981
106.36450280631156,63.7270851631351
106.49158106533942,76.69155205070138
106.61865932436727,59.525108771462975
106.74573758339511,54.11753378622105
106.87281584242297,74.35218742120048
106.99989410145082,72.23407322669243
107.12697236047867,63.049449056722366
107.25405061950653,60.414545825660355
107.38112887853437,66.43614895931618
107.50820713756222,70.87727178628299
107.63528539659008,73.94256738925372
107.76236365561793,78.88366451847347
107.88944191464579,65.58672116898217
108.01652017367363,64.43301949315767
108.14359843270148,71.66118613518148
108.27067669172934,76.96481104036646
108.39775495075719,76.20599386278838
108.52483320978504,65.48247217207378
108.65191146881288,75.61219753545983
108.77898972784074,72.95817512115751
108.90606798686859,72.63542239755638
109.03314624589645,75.62327323348015
109.16022450492429,68.85512359413949
109.28730276395214,79.56716060891443
109.41438102298,76.38359338685244
109.54145928200785,69.4907442017666
109.6685375410357,78.09870164524457
109.79561580006354,80.31476726261933
109.9226940590914,75.87509887339078
110.04977231811925,76.40185626996092
110.1768505771471,77.59986582752339
110.30392883617496,84.85101645628995
110.4310070952028,83.44831981327857
110.55808535423066,86.9470179479444
110.68516361325851,85.20398585711646
110.81224187228636,78.693951962077
110.93932013131422,83.59346803515366
111.06639839034206,70.66587155521687
111.19347664936991,86.9509098329972
111.32055490839777,75.21194098080488
111.44763316742562,86.17825724526406
111.57471142645348,85.59996252035145
111.70178968548132,89.74447123018427
111.82886794450917,87.84503107133965
111.95594620353702,86.51614240388409
112.08302446256488,87.04807851400639
112.21010272159272,92.04969338640251
112.33718098062057,75.78124914200455
112.46425923964843,89.72168508414111
112.59133749867628,89.02310238210443
112.71841575770414,84.2184494824929
112.84549401673198,89.07662258275768
112.97257227575983,74.3848186249266
113.09965053478768,88.50189804514419
113.22672879381554,83.07151895958127
113.3538070528434,84.87874928144757
113.48088531187123,98.23473705401798
113.60796357089909,97.51089357924307
113.73504182992694,93.76348727523552
113.8621200889548,93.40733226393702
113.98919834798265,96.06199601386352
114.11627660701049,88.74950560337739
114.24335486603835,84.75101499621489
114.3704331250662,84.01228707138334
114.49751138409405,91.97950321009806
114.6245896431219,84.06539804727649
114.75166790214975,86.18884152034185
114.8787461611776,88.10256789165607
115.00582442020546,95.50165794361475
115.13290267923331,83.46523942872781
115.25998093826115,89.96641568669148
115.387059197289,85.11330528106188
115.51413745631686,86.14542649418854
115.64121571534471,94.1404678604818
115.76829397437257,93.82996702514271
115.89537223340041,91.95062666218384
116.02245049242826,82.10421082013372
116.14952875145612,89.6588941144887
116.27660701048397,88.42497498524763
116.40368526951183,87.16445344591493
116.53076352853967,99.66532125026288
116.65784178756752,88.9700031975702
116.78492004659537,78.69115553526528
116.91199830562323,87.70936252111483
117.03907656465108,81.91518939629995
117.16615482367892,81.53701238847569
117.29323308270678,86.06630171171342
117.42031134173463,89.93942017252297
117.54738960076249,85.0408016522441
117.67446785979033,90.27965415234105
117.80154611881818,76.71904575605024
117.92862437784603,92.27163826561019
118.05570263687389,85.64267986867992
118.18278089590174,83.55637232702439
118.30985915492958,83.7767179571257
118.43693741395744,91.51458403288169
118.56401567298529,81.8231602410111
118.69109393201315,88.85504958526225
118.818172191041,84.74871427306014
118.94525045006884,90.62394939874228
119.0723287090967,73.4588424888032
119.19940696812455,78.63870867416122
119.3264852271524,86.92730275307123
119.45356348618026,80.45330419491992
119.5806417452081,79.23785976150717
119.70772000423595,80.2163843886662
119.8347982632638,80.11326528630953
119.96187652229166,74.67644116245147
120.08895478131952,77.7087508243736
120.21603304034736,75.23498080069396
120.34311129937521,71.10921818296913
120.47018955840306,74.3339303897806
120.59726781743092,65.32504597420885
120.72434607645876,79.39180743139651
120.85142433548661,71.80178870696535
120.97850259451447,76.6589002247536
121.10558085354232,68.24263725505162
121.23265911257018,70.34922562363747
121.35973737159802,73.92269530732257
121.48681563062587,66.07445019552333
121.61389388965372,68.99499013271259
121.74097214868158,70.66573041077487
121.86805040770943,78.52189483187088
121.99512866673727,68.62315873721151
122.12220692576513,78.3328214707992
122.24928518479298,66.44784536441539
122.37636344382084,72.06646234503671
122.50344170284869,74.63340031392346
122.63051996187653,67.03574315826316
122.75759822090438,65.33040632724213
122.88467647993224,67.00883066302653
123.0117547389601,65.26698354165708
123.13883299798793,59.18910552761902
123.26591125701579,60.39215933902337
123.39298951604364,54.96460619918207
123.5200677750715,55.99339317187434
123.64714603409935,57.17182383059024
123.77422429312719,60.715767148273784
123.90130255215504,57.84132504255045
124.0283808111829,64.89354598349347
124.15545907021075,64.56889143684852
124.28253732923861,56.98297307236542
124.40961558826645,61.921552466321
124.5366938472943,46.887688034931465
124.66377210632216,63.04545987482078
124.79085036535001,53.23186920079178
124.91792862437786,66.11128598525467
125.0450068834057,58.61145701905093
125.17208514243356,62.37773042004039
125.29916340146141,54.22367056371037
125.42624166048927,58.25521448270262
125.55331991951712,54.0680667899143
125.68039817854496,64.6777168693715
125.80747643757282,49.08304393849141
125.93455469660067,45.77151821204901
126.06163295562853,51.87684561843119
126.18871121465637,56.217194744341256
126.31578947368422,58.99731111756344
126.44286773271207,46.652564081020046
126.56994599173993,49.690508399433114
126.69702425076778,45.02749483776553
126.82410250979562,57.84336397686619
126.95118076882348,46.076067153888864
127.07825902785133,42.702713514253496
127.20533728687919,45.566785596200745
127.33241554590704,49.78647739826019
127.45949380493488,41.41559064599187
127.58657206396273,51.536185858649496
127.71365032299059,47.23526937640932
127.84072858201844,47.8917379805857
127.9678068410463,50.371405224905516
128.09488510007415,45.4221687703878
128.221963359102,40.37993083737594
128.34904161812983,42.495834291972656
128.47611987715769,44.79862652821533
128.60319813618554,47.36043664234779
128.7302763952134,42.75356678860203
128.85735465424125,42.122673292720506
128.9844329132691,36.48219673398542
129.11151117229696,35.28863230416627
129.2385894313248,48.603004511712285
129.36566769035267,37.770318461764134
129.49274594938052,34.007217565483515
129.61982420840835,39.25411918953722
129.7469024674362,46.087700345716186
129.87398072646405,40.91740800745583
130.0010589854919,40.64225472139525
130.12813724451976,37.40645412559627
130.25521550354762,43.5574295239748
130.38229376257547,38.52429785158551
130.50937202160333,48.6192735960699
130.63645028063118,39.915941947061185
130.763528539659,39.42931670061248
130.89060679868686,43.62651375319968
131.01768505771471,34.70880736988385
131.14476331674257,35.94898651213594
131.27184157577042,39.99825511777766
131.39891983479828,42.00861717493484
131.52599809382613,41.70040742830328
131.653076352854,38.411252885842295
131.78015461188184,36.252748087562324
131.9072328709097,27.54935259281748
132.03431112993752,32.980457116224414
132.16138938896538,41.421327829313654
132.28846764799323,40.71493123822452
132.41554590702108,30.8603788271463
132.54262416604894,31.459571856956483
132.6697024250768,26.666267962708794
132.79678068410465,36.70037168876631
132.9238589431325,39.27098143242708
133.05093720216036,32.833401478368806
133.17801546118818,30.873581079613956
133.30509372021604,25.247407715108817
133.4321719792439,36.0219315227339
133.55925023827174,28.94160527270038
133.6863284972996,37.516463360907814
133.81340675632745,43.452009620762865
133.9404850153553,32.61580905723352
134.06756327438316,27.582528241509717
134.19464153341102,24.72917143910231
134.32171979243887,19.446659293910248
134.4487980514667,37.74207962669255
134.57587631049455,34.58576523258662
134.7029545695224,33.96722246917963
134.83003282855026,37.98275127804575
134.9571110875781,35.116459220358124
135.08418934660597,34.15267526559334
135.21126760563382,35.4119434172524
135.33834586466168,36.15570039681523
135.46542412368953,29.84219985879018
135.59250238271738,33.52289392559129
135.7195806417452,37.21993999524306
135.84665890077306,40.35585990288966
135.97373715980092,27.529980233822666
136.10081541882877,26.765714990941547
136.22789367785663,26.800848262639786
136.35497193688448,30.868417611584285
136.48205019591234,25.04926580402757
136.6091284549402,34.33318567908755
136.73620671396804,38.253243296772276
136.86328497299587,28.186622991704407
136.99036323202373,41.43396053935539
137.11744149105158,22.060334358828122
137.24451975007943,24.218148857767833
137.3715980091073,29.3645174197578
137.49867626813514,32.72058222540944
137.625754527163,36.34492431732679
137.75283278619085,33.859034652239565
137.8799110452187,29.46370826269507
138.00698930424656,26.909156622686133
138.13406756327439,19.159207605816402
138.26114582230224,36.34520157991052
138.3882240813301,35.70612595332515
138.51530234035795,30.61459030649339
138.6423805993858,29.052229147258085
138.76945885841366,31.951667592908535
138.8965371174415,34.15005075314153
139.02361537646937,35.174708892665144
139.15069363549722,23.183109799878466
139.27777189452505,28.300696610440664
139.4048501535529,28.18774453910094
139.53192841258075,35.497842093880735
139.6590066716086,33.92833706326676
139.78608493063646,29.90744283481859
139.91316318966432,31.114596504363156
140.04024144869217,37.75405919968754
140.16731970772003,19.143837260937364
140.29439796674788,29.904785079421647
140.42147622577573,31.20921334334944
140.54855448480356,32.60589354236491
140.67563274383141,24.683542123894384
140.80271100285927,17.844726751697333
140.92978926188712,23.70732674118654
141.05686752091498,32.6455980685953
141.18394577994283,31.266977232873867
141.3110240389707,27.92554188512479
141.43810229799854,34.48003236045264
141.5651805570264,33.28384644444709
141.69225881605422,34.124598346356194
141.81933707508207,34.327502940701606
141.94641533410993,26.706558454701515
142.07349359313778,26.332377127621108
142.20057185216564,31.6521060591593
142.3276501111935,38.747227402627615
142.45472837022135,23.652981052776457
142.5818066292492,30.759667639255753
142.70888488827705,34.51522443022418
142.8359631473049,24.1424608334064
142.96304140633274,32.88521402441772
143.0901196653606,34.54135958941744
143.21719792438844,35.88514333708469
143.3442761834163,35.36596228988853
143.47135444244415,32.40625467951166
143.598432701472,33.624834964218
143.72551096049986,27.49346099632885
143.85258921952772,30.70608754808648
143.97966747855557,27.76202981085943
144.10674573758342,29.748041082710607
144.23382399661125,34.47687213091672
144.3609022556391,26.486226357470866
144.48798051466696,30.01226066947208
144.6150587736948,25.94686359079281
144.74213703272267,25.554316818608342
144.86921529175052,30.06048640646534
144.99629355077838,32.17506126819518
145.12337180980623,27.398870853508924
145.25045006883408,23.20492123763508
145.3775283278619,26.095872630373623
145.50460658688976,28.11516865838945
145.63168484591762,19.48881441875527
145.75876310494547,37.35539224188501
145.88584136397333,25.11660758157548
146.01291962300118,33.39620176772376
146.13999788202904,29.71634834459536
146.2670761410569,29.224970934549916
146.39415440008474,31.672561268798617
146.5212326591126,45.36811008628618
146.64831091814042,29.320477432822017
146.77538917716828,26.307666570137847
146.90246743619613,34.83005460787293
147.029545695224,28.13702229713062
147.15662395425184,29.86768406306421
147.2837022132797,30.737425354050814
147.41078047230755,34.09558481289601
147.5378587313354,26.02047130841062
147.66493699036326,34.50197141735326
147.79201524939108,26.445984780476536
147.91909350841894,38.290344676671424
148.0461717674468,36.307781276639496
148.17325002647465,33.71226565655181
148.3003282855025,31.361988996619495
148.42740654453036,26.496832013877466
148.5544848035582,30.862926540062595
148.68156306258606,28.475610772116262
148.80864132161392,19.102036501358874
148.93571958064177,23.33421585886413
149.0627978396696,30.8887180928837
149.18987609869745,28.63599059220733
149.3169543577253,37.802433934420954
149.44403261675316,37.910295715956124
149.57111087578102,36.545842591522586
149.69818913480887,25.97566398595474
149.82526739383673,25.28265339784637
149.95234565286458,27.702587942093604
150.07942391189243,35.537669268616405
150.20650217092026,26.050695962716386
150.3335804299481,32.91493504257165
150.46065868897597,41.72265775318987
150.58773694800382,27.47312855999455
150.71481520703168,26.6402133418727
150.84189346605953,27.604275957294732
150.96897172508739,28.850075102176568
151.09604998411524,35.75337195235882
151.2231282431431,32.07453172325482
151.35020650217095,28.512844830014394
151.47728476119877,28.828674202151163
151.60436302022663,27.728386883266452
151.73144127925448,39.97062104696276
151.85851953828234,33.06185745068533
151.9855977973102,35.7256587859323
152.11267605633805,36.48224888678558
152.2397543153659,31.330795179173304
152.36683257439375,31.22933320128807
152.4939108334216,27.911508848175895
152.62098909244946,30.45139470831496
152.7480673514773,31.371517308477678
152.87514561050514,30.966168480458926
153.002223869533,31.735141459934244
153.12930212856085,27.823381641067332
153.2563803875887,28.820035432761117
153.38345864661656,30.325325818390734
153.51053690564441,32.89732769224343
153.63761516467227,31.830825040242637
153.76469342370012,33.01450533678879
153.89177168272795,31.259227638659805
154.0188499417558,24.103348033097085
154.14592820078366,35.061116624544574
154.2730064598115,38.969970868858454
154.40008471883937,32.62216465786816
154.52716297786722,23.511739182910294
154.65424123689507,35.876481426633354
154.78131949592293,28.555309310974373
154.90839775495078,22.156535184751554
155.03547601397864,35.17179379076959
155.16255427300646,31.138939608178006
155.28963253203432,38.08531168537648
155.41671079106217,25.55912432766066
155.54378905009003,27.282881158095115
155.67086730911788,35.32594963554557
155.79794556814574,29.89651504444914
155.9250238271736,37.78611165903692
156.05210208620144,32.54546475749006
156.1791803452293,27.936685182477806
156.30625860425712,33.845469946154196
156.43333686328498,32.34114038756774
156.56041512231283,30.31071658753224
156.6874933813407,28.157940002433325
156.81457164036854,30.61774790872182
156.9416498993964,29.931856177359606
157.06872815842425,30.225279988058812
157.1958064174521,34.04396149608942
157.32288467647996,34.82343342704522
157.4499629355078,32.49543309048208
157.57704119453564,22.918454833781926
157.7041194535635,29.97204391180593
157.83119771259135,32.95382174093536
157.9582759716192,26.895851995036853
158.08535423064706,21.62220048043703
158.2124324896749,32.96761926729876
158.33951074870276,22.098212222901793
158.46658900773062,34.67241095406881
158.59366726675847,20.355808527374457
158.7207455257863,28.001668750141192
158.84782378481415,25.506757100202087
158.974902043842,30.6310512424879
159.10198030286986,32.030202799852695
159.22905856189772,29.889857360991154
159.35613682092557,21.46999981048726
159.48321507995342,34.04321361969768
159.61029333898128,26.844158315088478
159.73737159800913,28.22552727472504
159.864449857037,23.8281163614855
159.9915281160648,24.40143620904607
160.11860637509267,24.080231786757256
160.24568463412052,25.336207334236747
160.37276289314838,25.717698375704558
160.49984115217623,30.923552178304654
160.62691941120409,27.08644421191135
160.75399767023194,31.361355323805007
160.8810759292598,26.705522213760563
161.00815418828765,20.097662666697524
161.1352324473155,31.086442429459883
161.26231070634333,35.892817532694195
161.38938896537118,31.341563929465945
161.51646722439904,33.985367816243155
161.6435454834269,30.237113330282426
161.77062374245475,33.40691602760983
161.8977020014826,30.898955502284025
162.02478026051045,24.89189083899009
162.1518585195383,36.160789112982314
162.27893677856616,28.67653301536474
162.406015037594,27.383245026499594
162.53309329662184,35.262666130581465
162.6601715556497,30.72449988702137
162.78724981467755,34.291812607587886
162.9143280737054,27.256800439319548
163.04140633273326,27.949333515510094
163.1684845917611,29.090323910548854
163.29556285078897,19.69231460773034
163.42264110981682,32.3490931876231
163.54971936884468,30.60720095750667
163.6767976278725,39.79915161757771
163.80387588690036,29.51185362644181
163.9309541459282,26.731456012322653
164.05803240495607,34.759885657718996
164.18511066398392,39.09352413877305
164.31218892301177,30.827442854556907
164.43926718203963,25.430691323247615
164.56634544106748,26.47895916670581
164.69342370009534,33.40143794605342
164.82050195912316,37.17817262521433
164.94758021815102,31.797825371462604
165.07465847717887,34.80140420338072
165.20173673620673,31.151276336920244
165.32881499523458,28.61436254343038
165.45589325426243,30.37288960610572
165.5829715132903,36.70469297088979
165.71004977231814,32.14645017446128
165.837128031346,29.79807531688818
165.96420629037385,36.25207219523971
166.09128454940168,30.06206517048243
166.21836280842953,36.30800345026324
166.3454410674574,23.59540058544906
166.47251932648524,32.16141950263752
166.5995975855131,34.76851887887951
166.72667584454095,23.830513632732888
166.8537541035688,32.64704370325618
166.98083236259666,29.431046766076257
167.1079106216245,36.091237548348694
167.23498888065234,36.97638646718999
167.3620671396802,40.1642603164765
167.48914539870805,26.317288115123603
167.6162236577359,39.40614216383369
167.74330191676376,31.644930349376274
167.8703801757916,30.800797639429888
167.99745843481946,22.617443670896815
168.12453669384732,32.51211318466453
168.25161495287517,26.392234463866583
168.37869321190303,36.84322677448674
168.50577147093085,36.21374842242928
168.6328497299587,25.953782654859772
168.75992798898656,31.081809962428522
168.88700624801442,36.23661628481787
169.01408450704227,32.85323259721095
169.14116276607012,36.59556838729411
169.26824102509798,24.26600421934363
169.39531928412583,25.30977520959008
169.5223975431537,30.708300564027557
169.64947580218154,28.500018735429443
169.77655406120937,35.693897571916864
169.90363232023722,26.35908676557301
170.03071057926508,33.29131018885923
170.15778883829293,34.67311281254206
170.28486709732078,28.68146241037263
170.41194535634864,21.643515717809706
170.5390236153765,33.56122944323676
170.66610187440435,39.33790060877902
170.7931801334322,22.44766213892618
170.92025839246003,27.34576477905106
171.04733665148788,41.82328854377807
171.17441491051574,27.236911826205322
171.3014931695436,24.991880565816125
171.42857142857144,30.984263191667804
171.5556496875993,27.448112512355603
171.68272794662715,35.70283496611498
171.809806205655,31.358864313800225
171.93688446468286,29.10328645066934
172.06396272371072,24.023300464709163
172.19104098273854,29.73689566173558
172.3181192417664,22.01623771194553
172.44519750079425,34.59259663468008
172.5722757598221,29.195743597638238
172.69935401884996,31.305603572051236
172.8264322778778,27.555512073393764
172.95351053690567,32.32394364140398
173.08058879593352,31.38266243579131
173.20766705496138,29.971089860721158
173.3347453139892,28.50033708736096
173.46182357301706,29.283224746672538
173.5889018320449,18.393765376261115
173.71598009107277,31.48150178454694
173.84305835010062,20.47367650232526
173.97013660912847,22.54300029452375
174.09721486815633,25.816003284313148
174.22429312718418,41.98052269915577
174.35137138621204,36.291458907637164
174.4784496452399,25.236157552721565
174.60552790426772,29.421759197139476
174.73260616329557,30.50119176040735
174.85968442232343,29.308019251662945
174.98676268135128,21.840654408767865
175.11384094037913,27.301293375608207
175.240919199407,28.607023647556275
175.36799745843484,29.424366558752574
175.4950757174627,36.34681923029123
175.62215397649055,22.40278708432097
175.74923223551838,33.71058442196796
175.87631049454623,29.06451728922782
176.0033887535741,30.01303125147098
176.13046701260194,32.11886347050557
176.2575452716298,30.265908299225533
176.38462353065765,33.73562562993607
176.5117017896855,31.056191298629184
176.63878004871336,30.435452924829622
176.7658583077412,33.83333387268047
176.89293656676907,23.002279820353202
177.0200148257969,30.920361738627978
177.14709308482475,35.76076799162904
177.2741713438526,26.84495619543501
177.40124960288045,23.665342763925484
177.5283278619083,26.524999432217054
177.65540612093616,27.3566040801031
177.78248437996402,23.892262091209336
177.90956263899187,30.964581310265025
178.03664089801973,25.02630435834521
178.16371915704758,30.074340045525805
178.2907974160754,31.309819115373216
178.41787567510326,24.38663567395645
178.54495393413112,27.920312128649975
178.67203219315897,26.413500243949745
178.79911045218682,29.999255873111316
178.92618871121468,32.59087397783715
179.05326697024253,28.082344111763206
179.1803452292704,33.89174887545649
179.30742348829824,33.86650246284951
179.43450174732607,31.555676847551148
179.56158000635392,28.748921408471787
179.68865826538178,28.912943709936687
179.81573652440963,28.836012972055705
179.94281478343748,24.633148208759046
180.06989304246534,22.478789122487626
180.1969713014932,30.14264334472333
180.32404956052105,25.315032724713678
180.4511278195489,37.19083832188112
180.57820607857676,22.28602417664264
180.70528433760458,35.701013878008574
180.83236259663244,31.997961904547964
180.9594408556603,15.615309878047963
181.08651911468814,33.45420960771553
181.213597373716,28.224693542787257
181.34067563274385,31.905664763852645
181.4677538917717,27.8272868057547
181.59483215079956,28.094897882793227
181.72191040982742,27.596316986854205
181.84898866885524,36.29130030293382
181.9760669278831,25.725010669249727
182.10314518691095,26.213191311263685
182.2302234459388,32.10224316767222
182.35730170496666,31.431631849226225
182.4843799639945,26.04993779485067
182.61145822302237,27.818062536483318
182.73853648205022,25.988327727262938
182.86561474107808,25.818871030495494
182.99269300010593,25.479824334339607
183.11977125913376,38.14816598127049
183.2468495181616,31.692414780596316
183.37392777718946,44.79100693620353
183.50100603621732,25.545244581811883
183.62808429524517,23.64826282970857
183.75516255427303,37.616195805887735
183.88224081330088,29.28403012962317
184.00931907232874,29.95783402380987
184.1363973313566,28.64467642822671
184.26347559038442,31.805089697873413
184.39055384941227,29.257478097591772
184.51763210844013,38.913069113138974
184.64471036746798,32.841619288196874
184.77178862649583,39.86781265819981
184.8988668855237,37.37135418508985
185.02594514455154,33.912296329349914
185.1530234035794,28.972382234675848
185.28010166260725,32.80397673935395
185.4071799216351,34.37378466012259
185.53425818066293,33.5784237354362
185.66133643969079,43.36582269220092
185.78841469871864,42.40004260875273
185.9154929577465,45.94111275732465
186.04257121677435,29.68222388185034
186.1696494758022,26.89735153311644
186.29672773483006,35.2266365037283
186.4238059938579,34.80700009052193
186.55088425288577,32.27335890896937
186.67796251191362,27.955116988104066
186.80504077094145,29.702994578940974
186.9321190299693,35.73062613068183
187.05919728899715,31.96494509247897
187.186275548025,29.20438284978555
187.31335380705286,33.9620943520764
187.44043206608072,36.3823024128073
187.56751032510857,32.87187798527451
187.69458858413643,31.426852691713474
187.82166684316428,36.87400668165611
187.9487451021921,30.862620069024757
188.07582336121996,40.25177049460805
188.20290162024781,39.33449703785462
188.32997987927567,30.43462779488881
188.45705813830352,40.305205375432394
188.58413639733138,30.453569775426878
188.71121465635923,40.322673034926936
188.8382929153871,36.144269040185826
188.96537117441494,43.40250678963462
189.0924494334428,37.429521265334486
189.21952769247062,31.141238624902414
189.34660595149847,42.94571004487596
189.47368421052633,36.60620774550227
189.60076246955418,37.445088589423726
189.72784072858204,43.525082623547085
189.8549189876099,30.124218843153486
189.98199724663775,39.394760122979086
190.1090755056656,41.844858819187785
190.23615376469346,39.76561063606333
190.36323202372128,40.91675038821257
190.49031028274914,42.840333231428346
190.617388541777,40.02351150631361
190.74446680080484,45.030418756671445
190.8715450598327,51.08459935597134
190.99862331886055,44.65093658203685
191.1257015778884,37.12843848239275
191.25277983691626,42.70522240995702
191.37985809594412,37.52898682658848
191.50693635497197,46.534479189353725
191.6340146139998,44.86862797453386
191.76109287302765,38.357700917462836
191.8881711320555,45.65722619602643
192.01524939108336,45.75360362680379
192.1423276501112,48.14354708344837
192.26940590913907,51.717737275854105
192.39648416816692,48.0814691135692
192.52356242719478,39.49948584734267
192.65064068622263,44.455668369016266
192.77771894525046,41.24284135364542
192.9047972042783,52.55685917372148
193.03187546330616,46.36973442557951
193.15895372233402,48.749954028937736
193.28603198136187,51.211356620939206
193.41311024038973,42.930544621052746
193.54018849941758,53.29457763651051
193.66726675844544,48.20933969031678
193.7943450174733,52.462332342358245
193.92142327650114,47.77388152799341
194.04850153552897,49.66653105205134
194.17557979455682,62.53475136335905
194.30265805358468,57.34954517215279
194.42973631261253,53.054838446720794
194.5568145716404,48.98090344231367
194.68389283066824,61.62067215723185
194.8109710896961,54.96352557296295
194.93804934872395,60.533947854402655
195.0651276077518,61.08991718940181
195.19220586677966,61.41541275590559
195.31928412580748,53.34215883556545
195.44636238483534,65.1259951190662
195.5734406438632,62.954476950319965
195.70051890289105,57.67963764366953
195.8275971619189,55.91987662225752
195.95467542094676,68.03700924739147
196.0817536799746,55.04508866538543
196.20883193900247,65.31568066025967
196.33591019803032,57.263454381895976
196.46298845705815,60.8312018160467
196.590066716086,61.71955647496175
196.71714497511385,65.9437204856714
196.8442232341417,65.16317008448381
196.97130149316956,69.88533838384859
197.09837975219742,57.15563392676777
197.22545801122527,67.54127517954305
197.35253627025313,65.24453245790124
197.47961452928098,71.63419614337366
197.60669278830883,70.05669297664144
197.73377104733666,65.21802576726448
197.8608493063645,65.10031314534301
197.98792756539237,68.30179889356421
198.11500582442022,68.91020497533987
198.24208408344808,71.2967676371357
198.36916234247593,69.52047088108552
198.49624060150379,73.39659777028882
198.62331886053164,76.31430049798854
198.7503971195595,74.30635860754501
198.87747537858732,71.15582857958111
199.00455363761517,70.80446007712794
199.13163189664303,73.83715799128407
199.25871015567088,73.68631186941069
199.38578841469874,73.36154471156544
199.5128666737266,67.48578129754327
199.63994493275445,76.72881990729567
199.7670231917823,71.7440540651055
199.89410145081015,83.97083943679169
200.021179709838,80.62858819724849
200.14825796886583,72.43403275351136
200.2753362278937,88.26015358621648
200.40241448692154,79.46292710908202
200.5294927459494,74.55547152927481
200.65657100497725,85.35620020251343
200.7836492640051,84.45113345653843
200.91072752303296,86.93151920485846
201.03780578206081,77.85903677590342
201.16488404108867,80.34114281962354
201.2919623001165,87.4108631765641
201.41904055914435,85.84927193659946
201.5461188181722,71.83071075040701
201.67319707720006,79.8599294606938
201.8002753362279,84.12164093797878
201.92735359525577,92.77081987623055
202.05443185428362,86.60278211140813
202.18151011331148,88.36297460349735
202.30858837233933,90.35312008132773
202.43566663136718,93.12619671071124
202.562744890395,87.51751651808519
202.68982314942286,88.28084883772031
202.81690140845072,88.30839561229668
202.94397966747857,92.05224569583652
203.07105792650643,84.13134679827697
203.19813618553428,74.62668325548667
203.32521444456214,95.13114465339629
203.45229270359,91.73823963236102
203.57937096261784,82.54895492924108
203.70644922164567,92.26797980063766
203.83352748067352,91.52925538465357
203.96060573970138,93.80583762252714
204.08768399872923,83.40677391527367
204.2147622577571,88.7779253771177
204.34184051678494,85.15376869221201
204.4689187758128,84.70741758160574
204.59599703484065,97.5849407255017
204.7230752938685,89.36545026235366
204.85015355289636,87.2786667839047
204.97723181192418,93.21863973751692
205.10431007095204,85.51392331086694
205.2313883299799,89.0194425389227
205.35846658900775,92.6917853978799
205.4855448480356,91.82126224911825
205.61262310706346,90.5331788637334
205.7397013660913,90.36450093394284
205.86677962511916,83.24397544253074
205.99385788414702,81.09017568266961
206.12093614317487,85.41880396285273
206.2480144022027,95.87244840704076
206.37509266123055,92.10409960618756
206.5021709202584,95.55506932365805
206.62924917928626,88.88369982936601
206.75632743831412,95.74822064431635
206.88340569734197,88.66837674624445
207.01048395636982,83.92608289468102
207.13756221539768,93.47564050707015
207.26464047442553,84.10416164110066
207.39171873345336,85.56764407388097
207.5187969924812,86.89259518841371
207.64587525150907,89.89911469911867
207.77295351053692,97.39847971162304
207.90003176956478,85.31089879163753
208.02711002859263,78.75813401791693
208.15418828762049,92.32731823244262
208.28126654664834,90.63186503257158
208.4083448056762,89.44807594204921
208.53542306470405,84.90777711459572
208.66250132373187,80.80255805782011
208.78957958275973,81.77111290836493
208.91665784178758,80.77797908894368
209.04373610081544,93.3396885537241
209.1708143598433,76.52836908418382
209.29789261887115,80.93300339325653
209.424970877899,75.26072020275143
209.55204913692685,74.91974122623408
209.6791273959547,74.09524385002285
209.80620565498253,80.32924679609997
209.9332839140104,76.33515510795144
210.06036217303824,80.10016243988574
210.1874404320661,81.39117904222076
210.31451869109395,82.40205204776623
210.4415969501218,74.73901218016559
210.56867520914966,84.58052637746988
210.69575346817751,76.09810714292904
210.82283172720537,76.67466799976643
210.94990998623322,72.97832076665084
211.07698824526105,70.860449044128
211.2040665042889,78.85778414033962
211.33114476331676,71.88222218426462
211.4582230223446,80.18280753906512
211.58530128137247,67.81129355347417
211.71237954040032,75.18126317365986
211.83945779942817,71.84318995741737
211.96653605845603,68.69215508385932
212.09361431748388,57.16220524094682
212.2206925765117,70.26532923484201
212.34777083553956,68.04996995294782
212.47484909456742,69.43444727882762
212.60192735359527,61.611601183553354
212.72900561262313,70.57814254101328
212.85608387165098,73.5918120421462
212.98316213067883,73.9614055664608
213.1102403897067,64.46499053921681
213.23731864873454,71.83944514631085
213.3643969077624,72.28738808109343
213.49147516679022,68.42743562445982
213.61855342581808,66.49131856758402
213.74563168484593,62.7429150154517
213.8727099438738,62.231064332765584
213.99978820290164,58.681769258932455
214.1268664619295,70.04526040763423
214.25394472095735,56.16721811364101
214.3810229799852,51.318968832874035
214.50810123901306,56.31615815289005
214.6351794980409,55.54411441217955
214.76225775706874,52.32025787694066
214.8893360160966,64.06308860361936
215.01641427512445,46.31259941411966
215.1434925341523,47.58113739306842
215.27057079318016,52.69933068548736
215.397649052208,59.637857460008846
215.52472731123586,46.15642616290005
215.65180557026372,50.95625845390556
215.77888382929157,54.37211590984677
215.9059620883194,60.668929282814744
216.03304034734725,50.51385572913593
216.1601186063751,49.24037315744743
216.28719686540296,64.38946829576889
216.41427512443082,46.891533041188026
216.54135338345867,52.03747873111914
216.66843164248652,47.43519792636337
216.79550990151438,53.82093926305012
216.92258816054223,48.45479814549571
217.0496664195701,47.77147887202658
217.1767446785979,53.16012395967987
217.30382293762577,51.16611691185565
217.43090119665362,61.071510428708365
217.55797945568148,49.86259972936057
217.68505771470933,39.38468462616845
217.81213597373718,46.68703585225822
217.93921423276504,47.844793345640035
218.0662924917929,39.26515775221742
218.19337075082075,44.62104177988243
218.32044900984857,44.49021817117399
218.44752726887643,43.71856158230447
218.57460552790428,45.57249135135747
218.70168378693214,40.278335406767795
218.82876204596,42.442118181384245
218.95584030498785,42.040704696154506
219.0829185640157,42.23856555422438
219.20999682304355,36.68504164907371
219.3370750820714,43.194953578152216
219.46415334109926,47.09680799094887
219.5912316001271,43.578831237753334
219.71830985915494,56.10693890220416
219.8453881181828,44.58639701816989
219.97246637721065,50.050344916953826
220.0995446362385,36.627423152763775
220.22662289526636,35.174081868781286
220.3537011542942,32.858531633864935
220.48077941332207,39.2530676699796
220.60785767234992,47.69942611425215
220.73493593137775,42.552087768805926
220.8620141904056,43.22209531916868
220.98909244943346,40.38083559659401
221.1161707084613,39.21786304624852
221.24324896748917,39.61946827222275
221.37032722651702,40.77484673021009
221.49740548554487,28.701364297029027
221.62448374457273,35.94031502376036
221.75156200360058,37.62532652024432
221.87864026262844,40.982079595086475
222.00571852165626,37.81540362879952
222.13279678068412,29.255048086496238
222.25987503971197,43.07297054932168
222.38695329873983,28.4787876306371
222.51403155776768,35.088146401968835
222.64110981679553,35.0156489395232
222.7681880758234,39.60751659640266
222.89526633485124,35.3816022405918
223.0223445938791,33.87067168469528
223.14942285290695,33.10045043649375
223.27650111193478,24.62226582847266
223.40357937096263,39.29641651071225
223.5306576299905,41.01005557667419
223.65773588901834,38.615071355672725
223.7848141480462,35.57938746550961
223.91189240707405,30.77985360704369
224.0389706661019,30.30443705278437
224.16604892512976,37.31677859010394
224.2931271841576,32.2815988064261
224.42020544318544,32.39699901825782
224.5472837022133,36.656250104791894
224.67436196124115,26.987312413841735
224.801440220269,35.59223000066037
224.92851847929686,36.63719034760097
225.0555967383247,27.272167181417963
225.18267499735256,27.688228272573824
225.30975325638042,26.66402068960688
225.43683151540827,24.445493944434105
225.56390977443613,31.608744851013906
225.69098803346395,33.718116791635396
225.8180662924918,30.9423295822599
225.94514455151966,33.712067288455565
226.07222281054752,27.79781401649784
226.19930106957537,35.88705364397438
226.32637932860322,37.00939897444286
226.45345758763108,22.693918750178796
226.58053584665893,25.990131706816815
226.7076141056868,28.492542791294024
226.8346923647146,34.717363619606424
226.96177062374247,35.509779622272944
227.08884888277032,37.12868508770327
227.21592714179818,27.873094374352622
227.34300540082603,23.186941555136325
227.47008365985388,30.865867989532223
227.59716191888174,23.405662723356613
227.7242401779096,28.95579811421577
227.85131843693745,21.617458956571852
227.9783966959653,34.232053924519356
228.10547495499313,22.20199257727036
228.23255321402098,36.02871555684532
228.35963147304884,28.428403871328424
228.4867097320767,35.51465772175415
228.61378799110454,25.63722150042206
228.7408662501324,22.093556912222937
228.86794450916025,30.820703166884755
228.9950227681881,28.881061143532843
229.12210102721596,36.24005307768026
229.2491792862438,31.835390119716017
229.37625754527164,30.938702510043072
229.5033358042995,30.026342275124357
229.63041406332735,25.69558379313025
229.7574923223552,37.32969496106277
229.88457058138306,26.863223193264304
230.0116488404109,29.792303781285653
230.13872709943877,26.552951552102996
230.26580535846662,27.812518992908068
230.39288361749448,25.5787179240884
230.5199618765223,31.711324121157276
230.64704013555016,29.693935369044702
230.774118394578,33.740505138217024
230.90119665360587,34.03463212059728
231.02827491263372,20.131880661639265
231.15535317166157,31.66681412551823
231.28243143068943,35.75540545576472
231.40950968971728,27.376523675106533
231.53658794874514,38.05466609380105
231.663666207773,27.459442470248955
231.79074446680082,29.543042433467484
231.91782272582867,20.81885333013997
232.04490098485653,36.00641414233086
232.17197924388438,30.164332997004134
232.29905750291223,23.650744158485452
232.4261357619401,36.33146160129936
232.55321402096794,26.686950218123762
232.6802922799958,27.4081127476048
232.80737053902365,30.36489483943797
232.93444879805148,15.446522857128876
233.06152705707933,32.36568567917347
233.18860531610719,30.88761211310455
233.31568357513504,28.15738710624176
233.4427618341629,33.5512103870916
233.56984009319075,22.7022582824518
233.6969183522186,38.969172966293996
233.82399661124646,37.69373635892117
233.9510748702743,24.744148422660523
234.07815312930217,28.91205210182824
234.20523138833,27.98212594195044
234.33230964735785,35.83804274096156
234.4593879063857,20.377525377208027
234.58646616541355,31.11600515621668
234.7135444244414,26.991502259795382
234.84062268346926,34.26441937223096
234.96770094249712,25.24210152908094
235.09477920152497,27.471353078096715
235.22185746055283,31.482884389796705
235.34893571958065,28.290195149541105
235.4760139786085,31.58941822512328
235.60309223763636,26.29106152053277
235.73017049666421,22.99130457427068
235.85724875569207,19.487730015287145
235.98432701471992,28.59905077936115
236.11140527374778,25.055162876618603
236.23848353277563,25.588272459641882
236.3655617918035,26.566030260264796
236.49264005083134,22.479783685023346
236.61971830985917,28.841611211617717
236.74679656888702,37.857690032855444
236.87387482791488,39.079239369576825
237.00095308694273,29.532000632732142
237.12803134597058,37.51984268696807
237.25510960499844,36.956221172202184
237.3821878640263,26.19802118492392
237.50926612305415,34.475919593409536
237.636344382082,23.42432950894286
237.76342264110983,30.899258464180097
237.89050090013768,35.283452568477244
238.01757915916554,32.640796428915834
238.1446574181934,33.841195624785264
238.27173567722124,32.17834611439853
238.3988139362491,35.19655059632929
238.52589219527695,23.771571093992463
238.6529704543048,29.498215267839793
238.78004871333266,32.975199652795986
238.90712697236052,31.307526530083045
239.03420523138834,26.299577921074267
239.1612834904162,25.407069910564818
239.28836174944405,34.939538936220316
239.4154400084719,30.41825648358074
239.54251826749976,31.4507954096195
239.6695965265276,25.76449505551531
239.79667478555547,32.122114329899034
239.92375304458332,23.146651758721557
240.05083130361118,30.140774668318947
240.17790956263903,33.0729335437743
240.30498782166686,26.879513713264828
240.4320660806947,26.310236014278107
240.55914433972256,22.54550916722465
240.68622259875042,38.907135550603925
240.81330085777827,35.56777339465348
240.94037911680613,25.11500859325719
241.06745737583398,32.68264080738122
241.19453563486184,37.80373407052267
241.3216138938897,29.791835488819977
241.44869215291752,27.078256722923392
241.57577041194537,27.240226054015174
241.70284867097322,29.07395624808902
241.82992693000108,23.827762962845505
241.95700518902893,25.323528328886482
242.0840834480568,18.740075298377068
242.21116170708464,20.222181924622127
242.3382399661125,26.896762473620473
242.46531822514035,29.031544749792566
242.5923964841682,31.073111573560375
242.71947474319603,32.55666074032829
242.84655300222389,27.387286269899278
242.97363126125174,22.551871553258547
243.1007095202796,28.547545523685788
243.22778777930745,29.994619086545416
243.3548660383353,27.205060975307063
243.48194429736316,32.32629140432007
243.609022556391,21.480660154265735
243.73610081541887,25.06066890518543
243.8631790744467,43.07252843899715
243.99025733347455,14.957941679514331
244.1173355925024,35.2684516330924
244.24441385153025,29.228291347207406
244.3714921105581,35.89309334500524
244.49857036958596,35.49208846404342
244.62564862861382,26.656560701526004
244.75272688764167,26.150709497809395
244.87980514666953,25.56746174100444
245.00688340569738,30.201975167542564
245.1339616647252,20.33685947239119
245.26103992375306,33.5229901874525
245.38811818278091,40.4382309733032
245.51519644180877,31.967944921623822
245.64227470083662,23.379115689489456
245.76935295986448,35.337899074040834
245.89643121889233,23.54548901896375
246.0235094779202,29.352305775736884
246.15058773694804,43.24050914016342
246.27766599597587,34.02051011981275
246.40474425500372,19.072228506983905
246.53182251403157,31.05300647928502
246.65890077305943,27.97443108242277
246.78597903208728,30.060209556441922
246.91305729111514,39.67421000341674
247.040135550143,26.203329296754603
247.16721380917085,34.69514736789516
247.2942920681987,32.07824162971754
247.42137032722655,24.822950579190163
247.54844858625438,20.083864682490997
247.67552684528223,31.95315103004831
247.8026051043101,32.958041926665686
247.92968336333794,35.709868003656
248.0567616223658,31.52046791130601
248.18383988139365,31.14806206174562
248.3109181404215,23.251710212510538
248.43799639944936,31.88510774131239
248.56507465847722,26.844676552803314
248.69215291750507,40.7488889072018
248.8192311765329,30.060698503302262
248.94630943556075,33.91993567421084
249.0733876945886,39.97184221137755
249.20046595361646,34.469319937599316
249.3275442126443,29.312027464940197
249.45462247167217,25.190779799152512
249.58170073070002,36.82901404849528
249.70877898972788,30.433509268848333
249.83585724875573,23.44130925590332
249.96293550778356,37.26487071728113
250.0900137668114,27.241070361220135
250.21709202583926,27.954207021423255
250.34417028486712,36.932546367157016
250.47124854389497,34.92290567012949
250.59832680292283,37.31067884310813
250.72540506195068,35.946905867397945
250.85248332097854,36.54091087732247
250.9795615800064,33.281762109653606
251.10663983903424,30.152246500511534
251.23371809806207,37.46809311285448
251.36079635708992,29.929943708664467
251.48787461611778,29.09364310976441
251.61495287514563,36.56678089121975
251.7420311341735,25.564405364913426
251.86910939320134,29.84005891352534
251.9961876522292,27.786998102321395
252.12326591125705,24.979064598723156
252.2503441702849,31.428456043972055
252.37742242931273,27.763979136565993
252.50450068834058,34.838442498081825
252.63157894736844,26.054433883641398
252.7586572063963,26.20626356289444
252.88573546542415,30.944815992416146
253.012813724452,31.961844896069394
253.13989198347986,28.704347982563167
253.2669702425077,35.718275855386715
253.39404850153556,23.774462288140025
253.52112676056342,34.41465178547913
253.64820501959124,21.917613829200427
253.7752832786191,39.07388611531813
253.90236153764695,19.497170979470766
254.0294397966748,35.695842983860224
254.15651805570266,35.53583276852442
254.28359631473052,39.46979013486786
254.41067457375837,30.068618525472473
254.53775283278623,35.076136759391645
254.66483109181408,29.173253447533536
254.7919093508419,28.372515464807897
254.91898760986976,35.30006154971218
255.0460658688976,24.291475515038503
255.17314412792547,27.260647054142275
255.30022238695332,35.98764567733706
255.42730064598118,32.45528504905776
255.55437890500903,29.265609751914628
255.68145716403689,30.90054086313162
255.80853542306474,33.359438960476155
255.9356136820926,23.980580179355933
256.0626919411204,26.575911500004242
256.1897702001483,31.8330076970203
256.31684845917613,23.821523675211676
256.443926718204,32.30871357155981
256.57100497723184,43.94334391698007
256.69808323625966,23.97626929957339
256.82516149528755,41.32886150272952
256.95223975431537,23.813331424171377
257.07931801334325,43.149339767192544
257.2063962723711,32.32987641659628
257.33347453139896,39.57895284904109
257.4605527904268,40.6494122564392
257.58763104945467,30.92206291181685
257.7147093084825,26.180701305375557
257.8417875675103,31.15581610791186
257.9688658265382,32.8700435358187
258.09594408556603,36.73642727966253
258.2230223445939,38.0909042029568
258.35010060362174,29.24426529330409
258.4771788626496,35.6886201105286
258.60425712167745,32.36790316668307
258.73133538070533,29.424142432542265
258.85841363973316,32.33952628659338
258.98549189876104,24.857857578310806
259.11257015778887,27.40142246214719
259.2396484168167,28.68850898028694
259.3667266758446,30.22746727989009
259.4938049348724,24.904694094062503
259.6208831939003,29.66355173171564
259.7479614529281,37.9107509177095
259.875039711956,28.066512697742716
260.0021179709838,28.950373221118518
260.1291962300117,34.51591601502611
260.2562744890395,23.843334390138523
260.38335274806735,25.845742483037693
260.51043100709524,31.086808238862798
260.63750926612306,28.78529235537468
260.76458752515094,18.045497936042807
260.89166578417877,41.19210272111219
261.01874404320665,30.437834214415204
261.1458223022345,31.657823101029315
261.27290056126236,27.661130276478257
261.3999788202902,21.512398351163554
261.527057079318,28.328329595983664
261.6541353383459,32.20732633047952
261.7812135973737,32.768742552819994
261.9082918564016,18.674955007619054
262.03537011542943,25.41288011974988
262.1624483744573,20.56995209206432
262.28952663348514,38.89756864892159
262.416604892513,39.95981177502985
262.54368315154085,35.50932085670909
262.67076141056873,29.179306313497435
262.79783966959656,29.774303159228506
262.9249179286244,37.12382987724248
263.05199618765226,35.389283918897526
263.1790744466801,40.210747217143975
263.306152705708,26.81391370803994
263.4332309647358,23.276940998178883
263.5603092237637,30.43717034950318
263.6873874827915,34.43263756389533
263.8144657418194,32.17073595666337
263.9415440008472,27.584080791804265
264.06862225987504,29.234097403917527
264.1957005189029,34.52600087598856
264.32277877793075,29.416065796776714
264.44985703695863,22.126206948208644
264.57693529598646,25.205550824965663
264.70401355501434,28.974641142939884
264.83109181404217,30.276792555081535
264.95817007307005,35.906906983583205
265.0852483320979,33.89598581950429
265.2123265911257,29.66458952504865
265.3394048501536,44.497601556056935
265.4664831091814,27.652087878632365
265.5935613682093,33.85431829517313
265.7206396272371,18.363590861156823
265.847717886265,35.277382540266764
265.9747961452928,27.730325733598065
266.1018744043207,29.713078296569115
266.22895266334854,20.9924200880102
266.35603092237636,32.217096231849304
266.48310918140425,36.93965071704366
266.61018744043207,33.087227014058506
266.73726569945995,36.52295603637
266.8643439584878,39.4326143121628
266.99142221751566,25.434486336400244
267.1185004765435,34.26349059979539
267.24557873557137,32.73196450781935
267.3726569945992,28.694419727815095
267.4997352536271,28.333182046623662
267.6268135126549,25.933406267620832
267.75389177168273,29.135651320279756
267.8809700307106,26.479496907138017
268.00804828973844,35.22855344474982
268.1351265487663,31.02908019718279
268.26220480779415,26.128179588812788
268.38928306682203,21.072508695939835
268.51636132584986,28.721430366982766
268.64343958487774,27.826246095403025
268.77051784390557,20.73396786292703
268.8975961029334,21.878032364756574
269.0246743619613,35.09789618378943
269.1517526209891,33.585486928733914
269.278830880017,25.33647116315012
269.4059091390448,27.42681377908655
269.5329873980727,20.94885295239265
269.6600656571005,32.84544075228182
269.7871439161284,25.264545762754125
269.9142221751562,32.3744342505467
270.04130043418405,33.441888477273416
270.16837869321193,37.5670109175963
270.29545695223976,28.33687202222995
270.42253521126764,30.862876929362788
270.54961347029547,23.61062885311919
270.67669172932335,27.700439635095197
270.8037699883512,34.358970838419566
270.93084824737906,30.15765040872187
271.0579265064069,29.775231236003783
271.18500476543477,32.40373693585955
271.3120830244626,32.371759581205076
271.4391612834904,28.69487205536475
271.5662395425183,29.08045528622371
271.69331780154613,25.729854190548245
271.820396060574,31.06318821010985
271.94747431960184,24.047066095818387
272.0745525786297,24.2530240731318
272.20163083765755,30.059657206130158
272.32870909668543,38.24215330426098
272.45578735571326,23.785825502858895
272.5828656147411,35.82936440908997
272.70994387376896,32.85172922975933
272.8370221327968,37.63209592679179
272.9641003918247,26.164268876604645
273.0911786508525,37.59301031745536
273.2182569098804,20.281318468494412
273.3453351689082,29.566723700037564
273.4724134279361,23.10127956581768
273.5994916869639,31.015060408036224
273.72656994599174,39.942744195092835
273.8536482050196,39.031741035151754
273.98072646404745,26.112081067146768
274.10780472307533,21.868943347354556
274.23488298210316,27.71874235865134
274.36196124113104,35.53270447852948
274.48903950015887,27.086324903265403
274.61611775918675,23.855705699583407
274.7431960182146,35.746111978467894
274.8702742772424,29.797048139041106
274.9973525362703,43.285808060259555
275.1244307952981,30.256295058274063
275.251509054326,35.41812535359067
275.3785873133538,32.17040677773755
275.5056655723817,25.720400258755078
275.6327438314095,25.441714638632345
275.7598220904374,28.689201443323906
275.88690034946524,38.4572468197708
276.0139786084931,33.418229437605056
276.14105686752094,33.97377831204219
276.26813512654877,31.511271465820442
276.39521338557665,32.40952654891217
276.5222916446045,37.50182265886282
276.64936990363236,28.941152748224194
276.7764481626602,37.218083661150615
276.90352642168807,31.70791321136856
277.0306046807159,29.68641918410855
277.1576829397438,35.552416608417296
277.2847611987716,37.8816334380343
277.41183945779943,33.76104689483831
277.5389177168273,38.51184348362443
277.66599597585514,34.735052764225365
277.793074234883,46.5798995994795
277.92015249391085,42.05973268374041
278.04723075293873,38.96503108813668
278.17430901196656,37.13401894513671
278.30138727099444,42.79523220963689
278.42846553002227,35.50771962818391
278.5555437890501,42.37385350135321
278.682622048078,38.64838959086735
278.8097003071058,34.93758599414754
278.9367785661337,33.604921049399934
279.0638568251615,27.845546032072207
279.1909350841894,37.90552143809896
279.3180133432172,38.26217537629701
279.4450916022451,42.69416304611594
279.5721698612729,35.492190187801484
279.6992481203008,28.51899996117983
279.82632637932863,42.33940378513337
279.95340463835646,49.39162210435281
280.08048289738434,47.10087643215644
280.20756115641217,36.1671401258541
280.33463941544005,51.22486970867913
280.4617176744679,40.91283965384987
280.58879593349576,47.93119703610161
280.7158741925236,30.073671803604043
280.84295245155147,52.109799502627176
280.9700307105793,45.27847141262514
281.0971089696071,42.76301132734868
281.224187228635,56.89280223056505
281.35126548766283,43.26439733148529
281.4783437466907,43.66837308798253
281.60542200571854,45.984507322548524
281.7325002647464,38.43221245200787
281.85957852377425,47.03861300844983
281.98665678280213,47.14640997077059
282.11373504182995,48.81189915593557
282.2408133008578,40.13068940766347
282.36789155988566,41.37024387912164
282.4949698189135,46.85261352463917
282.6220480779414,44.57584649397667
282.7491263369692,44.85392859391024
282.8762045959971,53.039184031609786
283.0032828550249,54.0552742212265
283.1303611140528,51.424709141826625
283.2574393730806,46.773617486985046
283.38451763210844,48.21774211397286
283.5115958911363,43.06765073891822
283.63867415016415,47.27925812276554
283.76575240919203,58.88945002231504
283.89283066821986,52.31510818033337
284.01990892724774,63.464709081664594
284.14698718627557,43.32352597930081
284.27406544530345,46.14344524896992
284.4011437043313,60.52271003054534
284.52822196335916,62.70749252799888
284.655300222387,63.42797202307111
284.7823784814148,54.952537332932664
284.9094567404427,64.17295247717593
285.0365349994705,57.339761571323024
285.1636132584984,53.21941134022627
285.2906915175262,60.11548961070289
285.4177697765541,60.63262529530985
285.54484803558194,67.1196677351071
285.6719262946098,53.988727142316094
285.79900455363764,66.52514600694595
285.92608281266547,61.920809638155845
286.05316107169335,61.06191735963158
286.1802393307212,67.60443139319193
286.30731758974906,63.519837080625486
286.4343958487769,76.36815971085139
286.56147410780477,68.15895202394216
286.6885523668326,65.10982993418403
286.8156306258605,70.20920782842602
286.9427088848883,65.29789569696548
287.06978714391613,66.41281195246738
287.196865402944,67.6605376097988
287.32394366197184,65.95743426608442
287.4510219209997,67.49359008662144
287.57810018002755,74.30544102129082
287.70517843905543,65.13029552815078
287.83225669808326,60.068507940142254
287.95933495711114,72.37663983258993
288.08641321613896,74.3294752632415
288.21349147516685,69.79858728472524
288.3405697341947,71.32680048564018
288.4676479932225,73.10541146498272
288.5947262522504,73.78676154464041
288.7218045112782,70.32693503810522
288.8488827703061,71.78126427528099
288.9759610293339,67.4965470221411
289.1030392883618,77.76526515316166
289.2301175473896,75.24447832821649
289.3571958064175,86.52787792525571
289.48427406544533,77.41464777990264
289.61135232447316,73.82978421306161
289.73843058350104,80.51375361574914
289.86550884252887,85.97632596805016
289.99258710155675,71.63623293260785
290.1196653605846,79.97299337700737
290.24674361961246,87.56763870603038
290.3738218786403,79.31673398530035
290.50090013766817,82.9326409114845
290.627978396696,81.7118866456537
290.7550566557238,83.19298174489086
290.8821349147517,85.5084967695945
291.00921317377953,85.94028621319598
291.1362914328074,85.0765620176862
291.26336969183524,76.4447699031164
291.3904479508631,88.18302363088218
291.51752620989095,82.56191164371295
291.6446044689188,89.18582326420534
291.77168272794665,93.99243215614426
291.8987609869745,79.57040310647469
292.02583924600236,83.31895631520014
292.1529175050302,85.85935371307335
292.27999576405807,83.93729646273371
292.4070740230859,86.76028468782121
292.5341522821138,92.8394582850703
292.6612305411416,87.5714160541862
292.7883088001695,79.83772192752872
292.9153870591973,86.23819355424263
293.0424653182252,83.78504220699583
293.169543577253,86.02272211376048
293.29662183628085,97.93863267047291
293.42370009530873,86.82481849401131
293.55077835433656,85.70579643222165
293.67785661336444,86.17023213611941
293.80493487239227,89.47556342677444
293.93201313142015,90.25685809603867
294.059091390448,94.23582842591617
294.18616964947586,87.03718196168846
294.3132479085037,91.35445713391556
294.4403261675315,95.582216269971
294.5674044265594,81.83001902007388
294.6944826855872,88.20537288498775
294.8215609446151,80.14159796042317
294.9486392036429,84.59147735469477
295.0757174626708,87.4279580573184
295.20279572169864,82.70153755546234
295.3298739807265,94.13716757930018
295.45695223975434,92.3994365098157
295.58403049878217,82.14168032090973
295.71110875781005,89.45044912080701
295.8381870168379,95.81959662175308
295.96526527586576,94.35214544083145
296.0923435348936,89.64395825788779
296.21942179392147,92.65501279768583
296.3465000529493,89.47635866317378
296.4735783119772,89.87498750404558
296.600656571005,90.25401036113036
296.7277348300329,87.42112611835518
296.8548130890607,98.73015153418878
296.98189134808854,95.36079660609323
297.1089696071164,89.98818499307143
297.23604786614425,84.3147807991871
297.36312612517213,81.34914806999917
297.49020438419996,85.21006601317848
297.61728264322784,83.87384383522948
297.74436090225566,85.55442787846117
297.87143916128355,81.56451066935415
297.9985174203114,79.08730124719717
298.1255956793392,89.6539086670677
298.2526739383671,81.78634861622199
298.3797521973949,91.01530985753664
298.5068304564228,88.00214879923195
298.6339087154506,84.11725015070336
298.7609869744785,88.67418828122489
298.8880652335063,79.26286892200287
299.0151434925342,81.70515358268841
299.14222175156203,76.55829835171845
299.26930001058986,87.27404936491044
299.39637826961774,83.50808646067469
299.52345652864557,83.23382464752444
299.65053478767345,75.290834628775
299.7776130467013,75.99919604582118
299.90469130572916,79.28215583194648
300.031769564757,85.94775390735977
300.15884782378487,79.40582193516276
300.2859260828127,72.51019442569334
300.4130043418405,77.87400177916913
300.5400826008684,81.08646810485666
300.6671608598962,69.68415197836889
300.7942391189241,80.19118083893034
300.92131737795194,85.99959017749475
301.0483956369798,80.88906912052968
301.17547389600765,71.98426698384588
301.3025521550355,69.11498558588654
301.42963041406335,79.75675686506284
301.55670867309124,77.67850551592608
301.68378693211906,70.90962670561667
301.8108651911469,69.16604366485731
301.93794345017477,65.110453031771
302.0650217092026,69.99512244053318
302.1920999682305,70.36341238534828
302.3191782272583,69.71211623844077
302.4462564862862,69.28128568007803
302.573334745314,72.56881436618278
302.7004130043419,65.41621591322607
302.8274912633697,75.67287748682413
302.95456952239755,66.6306803996444
303.08164778142543,67.56985907849916
303.20872604045326,68.55912738110521
303.33580429948114,68.4433618937091
303.46288255850897,59.168684834730186
303.58996081753685,60.872136036145946
303.7170390765647,69.32598928700884
303.84411733559256,63.00025851180892
303.9711955946204,56.88989827623054
304.0982738536482,62.524580573806944
304.2253521126761,69.75366389287525
304.3524303717039,63.11597633381476
304.4795086307318,59.67313760692667
304.6065868897596,50.63331925870706
304.7336651487875,53.99026703998376
304.86074340781533,56.783624560702805
304.9878216668432,63.75742009214027
305.11489992587104,57.44146226746331
305.2419781848989,58.42486896519669
305.36905644392675,57.86163502854965
305.4961347029546,47.66703362201282
305.62321296198246,52.73855126783074
305.7502912210103,41.714941915060805
305.87736948003817,57.02120681417635
306.004447739066,53.994215650249515
306.1315259980939,45.382081461089
306.2586042571217,49.450834811614854
306.3856825161496,49.493244611310324
306.5127607751774,57.02235486204826
306.63983903420524,47.70796036879892
306.7669172932331,59.21073738147241
306.89399555226095,48.547301424912625
307.02107381128883,49.841624494487654
307.14815207031666,54.46397704094796
307.27523032934454,47.15461385520423
307.40230858837236,47.78833702639831
307.52938684740025,45.882994791387674
307.6564651064281,47.874149530439595
307.7835433654559,40.94732788488676
307.9106216244838,47.995862775295016
308.0376998835116,44.47117913592888
308.1647781425395,43.27784001303414
308.2918564015673,46.64232536541303
308.4189346605952,45.932213886376935
308.546012919623,44.22845932603944
308.6730911786509,43.88406185421381
308.80016943767873,43.784725819553934
308.92724769670656,44.54072750217062
309.05432595573444,50.1591316725673
309.18140421476227,29.999559974691966
309.30848247379015,46.041078985472836
309.435560732818,47.97815256144867
309.56263899184586,46.68960691037391
309.6897172508737,44.24019353086106
309.81679550990157,47.44520650234453
309.9438737689294,44.95098954629053
310.0709520279573,32.7276298595526
310.1980302869851,33.08288852043458
310.3251085460129,43.7917050772572
310.4521868050408,36.46504620297314
310.57926506406864,47.061770525746624
310.7063433230965,38.83877257631886
310.83342158212434,31.19136391991099
310.9604998411522,34.90013237592519
311.08757810018005,36.2678645841806
311.21465635920794,32.76274091585422
311.34173461823576,40.071805421024
311.4688128772636,36.551720000413106
311.59589113629147,40.66602125599808
311.7229693953193,40.45748382761341
311.8500476543472,40.037615116388025
311.977125913375,32.708851018607064
312.1042041724029,26.03439990754354
312.2312824314307,47.35636441287127
312.3583606904586,37.34250197482247
312.4854389494864,39.654097017508185
312.61251720851425,39.1569173977842
312.73959546754213,34.74233564815252
312.86667372656996,24.4640329625745
312.99375198559784,35.45853464473489
313.12083024462567,37.018120030889854
313.24790850365355,35.76240483480693
313.3749867626814,33.369215621819095
313.50206502170926,33.61786978901349
313.6291432807371,31.532162567405447
313.75622153976497,34.4977213779116
313.8832997987928,30.531262251568634
314.0103780578206,37.18705664312525
314.1374563168485,38.204753665977584
314.2645345758763,29.578255429777734
314.3916128349042,34.64436249959446
314.51869109393203,33.163529511907974
314.6457693529599,30.571376885875566
314.77284761198774,34.93428037408314
314.8999258710156,36.776577090173994
315.02700413004345,38.2767346595106
315.1540823890713,31.57091363813012
315.28116064809916,26.253515986722494
315.408238907127,31.795865118362137
315.53531716615487,31.969370634347758
315.6623954251827,28.70099415993539
315.7894736842106,37.06928184222081
315.9165519432384,34.21470361199002
316.0436302022663,26.520656010367254
316.1707084612941,14.156226620271983
316.29778672032194,23.346086313455405
316.4248649793498,33.74200947601976
316.55194323837765,37.30622321879103
316.67902149740553,35.80422962633984
316.80609975643335,32.849144999289365
316.93317801546124,34.54197345850018
317.06025627448906,28.96735225568178
317.18733453351695,38.64116427510809
317.3144127925448,23.151186810227948
317.4414910515726,14.688518175094199
317.5685693106005,34.21061826070336
317.6956475696283,28.242372986189682
317.8227258286562,31.68576543645448
317.949804087684,35.1727389036041
318.0768823467119,29.752797741079235
318.2039606057397,37.658940995621954
318.3310388647676,26.565263599737836
318.45811712379543,34.24133840439146
318.5851953828233,30.400566016462616
318.71227364185114,30.926582314319525
318.83935190087897,42.20579368615443
318.96643015990685,26.80307517905952
319.0935084189347,30.088629415883386
319.22058667796256,35.27172997391882
319.3476649369904,33.803049395594456
319.47474319601827,31.401121654062557
319.6018214550461,27.699710760459492
319.728899714074,39.437743374309726
319.8559779731018,27.038887660519084
319.9830562321296,24.483169198207335
320.1101344911575,29.644622473309077
320.23721275018534,33.888161179106746
320.3642910092132,24.951869103474028
320.49136926824104,29.49329335226591
320.6184475272689,28.77699737096285
320.74552578629675,29.307753627875485
320.87260404532464,26.46277678706098
320.99968230435246,34.70757721135978
321.1267605633803,32.243128883088396
321.25383882240817,30.68196127268471
321.380917081436,26.031612793712974
321.5079953404639,34.149574378058915
321.6350735994917,28.17055266870227
321.7621518585196,26.512525138146994
321.8892301175474,31.521476493206496
322.0163083765753,36.93676799203879
322.1433866356031,27.755078130520516
322.270464894631,33.55017531365041
322.39754315365883,23.03543913129854
322.52462141268666,30.026815149045298
322.65169967171454,34.24729435345949
322.77877793074236,28.683486132162546
322.90585618977025,26.877153533375512
323.0329344487981,33.73013737095505
323.16001270782596,31.499952871109464
323.2870909668538,31.740655792940693
323.41416922588166,32.07254135410482
323.5412474849095,29.21214498599098
323.6683257439373,29.828673731239505
323.7954040029652,36.712808520729496
323.922482261993,34.06456704462904
324.0495605210209,30.868686930768344
324.17663878004873,22.608345093019917
324.3037170390766,27.235642658384133
324.43079529810444,41.74177364502878
324.5578735571323,35.85921913151415
324.68495181616015,40.41785905319948
324.812030075188,31.53100943352387
324.93910833421586,25.727536693560992
325.0661865932437,36.31791923309069
325.19326485227157,32.07653807482735
325.3203431112994,28.846944698090557
325.4474213703273,32.38204811156099
325.5744996293551,33.68885578299478
325.701577888383,24.11766925700583
325.8286561474108,30.57538828066757
325.95573440643864,24.83025331894585
326.0828126654665,39.09978301633697
326.20989092449435,29.776259807450593
326.3369691835222,30.073658475230143
326.46404744255005,41.201040109847725
326.59112570157794,33.1518524662891
326.71820396060576,27.079228031853386
326.84528221963365,38.33017488759828
326.97236047866147,27.29328872604613
327.09943873768935,30.2077347526639
327.2265169967172,30.009809502123602
327.353595255745,32.51263607442852
327.4806735147729,34.08703984001022
327.6077517738007,27.366613399541663
327.7348300328286,35.2385048553284
327.8619082918564,36.38768893669781
327.9889865508843,34.15435161916556
328.11606480991213,34.71359606041244
328.24314306894,38.339841964831635
328.37022132796784,26.001040675673842
328.49729958699567,31.341827105698727
328.62437784602355,35.42965090671093
328.7514561050514,45.117136037396364
328.87853436407926,37.8326553163009
329.0056126231071,29.1384892837228
329.13269088213497,28.15197048306169
329.2597691411628,32.148656214092334
329.3868474001907,25.512216017345203
329.5139256592185,37.9132321629516
329.6410039182463,27.20963503280107
329.7680821772742,25.07039833616914
329.89516043630204,20.021015330799123
330.0222386953299,25.912584819893247
330.14931695435774,42.42559538699725
330.2763952133856,22.175655925991812
330.40347347241345,32.836658797013776
330.53055173144134,27.63496733932786
330.65762999046916,28.68627004959936
330.78470824949704,27.48934093399524
330.91178650852487,37.26398693360528
331.0388647675527,36.344300335457774
331.1659430265806,25.84705527388422
331.2930212856084,25.46788425664208
331.4200995446363,29.83074139228927
331.5471778036641,37.69564351858542
331.674256062692,24.380080711464686
331.8013343217198,25.22814260751577
331.9284125807477,33.5480936717057
332.05549083977553,24.90160708225551
332.18256909880336,28.126847228952983
332.30964735783124,28.286068596912475
332.43672561685906,21.395787835916813
332.56380387588695,32.12431608882546
332.6908821349148,31.382249954844127
332.81796039394266,23.820089478538147
332.9450386529705,29.815083256850507
333.07211691199836,35.0249485335211
333.1991951710262,21.451519426811352
333.326273430054,32.40690193260963
333.4533516890819,31.191167028469092
333.5804299481097,29.961548727523876
333.7075082071376,32.89788708030704
333.83458646616543,23.919336325777408
333.9616647251933,36.783599869054036
334.08874298422114,25.87178413793508
334.215821243249,29.959323822668726
334.34289950227685,31.016065297427254
334.4699777613047,33.08481561127306
334.59705602033256,27.308829156815204
334.7241342793604,36.439573222974815
334.85121253838827,32.72440058183577
334.9782907974161,28.337805914792
335.105369056444,35.18467849051232
335.2324473154718,32.780685346037274
335.3595255744997,28.497499088973104
335.4866038335275,28.729721524474638
335.6136820925554,37.167710970841085
335.7407603515832,32.80602666127196
335.86783861061105,24.75506009715985
335.9949168696389,29.905428864160417
336.12199512866675,31.824332971813597
336.24907338769464,28.903663048134423
336.37615164672246,35.10159971697223
336.50322990575035,37.35538648257916
336.63030816477817,24.49426326506235
336.75738642380605,29.884391280054533
336.8844646828339,30.846457833709078
337.0115429418617,33.06047190859489
337.1386212008896,29.775833233732484
337.2656994599174,33.02976739089696
337.3927777189453,28.03802861587275
337.5198559779731,33.96293679537547
337.646934237001,33.80810795860281
337.77401249602883,27.372180607173163
337.9010907550567,26.94658820247526
338.02816901408454,34.54615337345839
338.15524727311237,23.60438113784527
338.28232553214025,32.173833450257284
338.4094037911681,25.124881954673285
338.53648205019596,27.647319039539873
338.6635603092238,37.20960392901107
338.79063856825167,20.797430189017017
338.9177168272795,31.899703693286824
339.0447950863074,33.0117832418445
339.1718733453352,22.69532070633027
339.2989516043631,24.035538982722905
339.4260298633909,39.694321375531715
339.55310812241873,28.241185226467902
339.6801863814466,33.43399647826255
339.80726464047444,31.15917843798068
339.9343428995023,37.72153225824833
340.06142115853015,32.21153825054432
340.18849941755803,23.145315255820996
340.31557767658586,28.392353863401254
340.44265593561374,34.75243111576037
340.56973419464157,33.39575956390349
340.6968124536694,27.307584287552267
340.8238907126973,27.767329141031997
340.9509689717251,37.26122740285777
341.078047230753,25.776828038704608
341.2051254897808,26.46451632806551
341.3322037488087,26.668375361737453
341.4592820078365,22.696151521842346
341.5863602668644,32.72691359160201
341.71343852589223,31.451329451688046
341.84051678492006,39.21840055709468
341.96759504394794,21.350031633404804
342.09467330297576,30.352845426649733
342.22175156200365,31.988601134590283
342.3488298210315,31.554376161624067
342.47590808005936,19.43930021431502
342.6029863390872,32.991783137401015
342.73006459811506,31.347448582451776
342.8571428571429,30.13303956259967
342.9842211161707,28.8579857216755
343.1112993751986,27.46685215302373
343.2383776342264,31.559010628479005
343.3654558932543,36.14699442813216
343.49253415228213,34.69879668421655
343.61961241131,33.34082892009493
343.74669067033784,24.13175955541875
343.8737689293657,29.063092722683862
344.00084718839355,26.840746964992878
344.12792544742143,25.881916773789666
344.25500370644926,34.95212643339435
344.3820819654771,34.96962511379355
344.50916022450497,23.866822011951495
344.6362384835328,24.255620235411662
344.7633167425607,34.36859746159246
344.8903950015885,30.89722100007407
345.0174732606164,25.009980619077393
345.1445515196442,30.53090552164241
345.2716297786721,40.64905939971129
345.3987080376999,34.38511197893189
345.52578629672774,29.61755701642974
345.6528645557556,35.80299987484652
345.77994281478345,35.849081426127086
345.90702107381134,25.34598632812178
346.03409933283916,36.7082372046756
346.16117759186704,33.17304011223757
346.28825585089487,29.859430086490775
346.41533410992275,28.050008155958693
346.5424123689506,29.888635979529607
346.6694906279784,28.406010126459645
346.7965688870063,22.662468476416382
346.9236471460341,34.864610138215724
347.050725405062,33.84933807416997
347.1778036640898,25.68668339655419
347.3048819231177,28.60980726971291
347.43196018214553,33.38856118545004
347.5590384411734,34.95267069829724
347.68611670020124,31.625745679833784
347.8131949592291,29.555301068555423
347.94027321825695,36.93220846952886
348.0673514772848,30.198267158695888
348.19442973631266,25.759417630370237
348.3215079953405,22.253391247008555
348.44858625436837,23.430757824631225
348.5756645133962,26.2966472933565
348.7027427724241,26.872380207127293
348.8298210314519,38.751878627169845
348.9568992904798,33.41087945149076
349.0839775495076,36.48646815713017
349.21105580853543,24.278771408450332
349.3381340675633,36.741278406521616
349.46521232659114,32.255480810232775
349.592290585619,31.469390819065122
349.71936884464685,33.9825558589421
349.84644710367473,35.12703903044239
349.97352536270256,31.02392115316125
350.10060362173044,33.778059425845186
350.22768188075827,26.038775997534295
350.3547601397861,16.789137466272265
350.481838398814,32.33917457201445
350.6089166578418,29.654530732235834
350.7359949168697,31.10590816775673
350.8630731758975,33.02737043416497
350.9901514349254,24.096988156803647
351.1172296939532,28.165906809732945
351.2443079529811,27.40574443406894
351.37138621200893,27.240067279043362
351.49846447103675,29.146446251220333
351.62554273006464,30.395242232809025
351.75262098909246,27.944572241024343
351.87969924812035,21.721577735455377
352.0067775071482,30.03651145827489
352.13385576617605,35.41179293549625
352.2609340252039,27.857198545953175
352.38801228423176,32.478877249630585
352.5150905432596,34.32801047042041
352.6421688022875,32.19279360703091
352.7692470613153,31.214814343991186
352.8963253203431,34.09807487374894
353.023403579371,35.375969905883046
353.15048183839883,16.9876494408077
353.2775600974267,31.566856370028336
353.40463835645454,37.022961934425965
353.5317166154824,27.682228445941202
353.65879487451025,32.63125513486533
353.78587313353813,38.917884134267304
353.91295139256596,37.2878685722022
354.0400296515938,32.561066531417275
354.16710791062167,22.448585948901083
354.2941861696495,40.351108988879346
354.4212644286774,39.044775350682634
354.5483426877052,39.55325954331787
354.6754209467331,26.68802971710143
354.8024992057609,34.66823008375418
354.9295774647888,25.7502323638932
355.0566557238166,29.28306319643262
355.18373398284444,19.645917266782234
355.3108122418723,26.862907733546383
355.43789050090015,30.384009799455324
355.56496875992804,31.789273473189144
355.69204701895586,30.4300379869557
355.81912527798374,30.01531677967174
355.94620353701157,34.22450398728754
356.07328179603945,32.14536711325119
356.2003600550673,33.8494204526261
356.32743831409516,30.024723084585137
356.454516573123,28.843553987171354
356.5815948321508,27.23408013869639
356.7086730911787,36.61380895368266
356.8357513502065,21.030469244446074
356.9628296092344,29.48626887217415
357.08990786826223,31.440307394668626
357.2169861272901,28.734017191977816
357.34406438631794,36.01051590518152
357.4711426453458,26.435747740495835
357.59822090437365,32.24883571009655
357.7252991634015,35.12721008587811
357.85237742242936,26.808028725241847
357.9794556814572,35.86604798495004
358.10653394048506,28.827118013843766
358.2336121995129,24.60779784232496
358.3606904585408,30.204289043930945
358.4877687175686,34.9020648600909
358.6148469765965,37.97702130078711
358.7419252356243,30.640311705922695
358.86900349465213,36.68281196482701
358.99608175368,32.45037178291352
359.12316001270784,36.375117014461004
359.2502382717357,37.73697342179518
359.37731653076355,33.5241647128868
359.50439478979143,27.622819036544694
359.63147304881926,32.25073088958075
359.75855130784714,26.73066801020206
359.88562956687497,32.93702632261785
360.0127078259028,28.20521743484006
360.1397860849307,28.415279678163945
360.2668643439585,31.323577818901683
360.3939426029864,31.933642840438967
360.5210208620142,36.095308648372516
360.6480991210421,36.14569157113453
360.7751773800699,32.952639463883855
360.9022556390978,31.90875914425089
361.0293338981256,39.88133556411625
361.1564121571535,33.11497694706089
361.28349041618134,28.219087169284403
361.41056867520916,36.18978004700889
361.53764693423705,22.578177192585102
361.66472519326487,30.919092182981892
361.79180345229275,36.15623425825554
361.9188817113206,31.898120980689182
362.04595997034846,30.64796400663348
362.1730382293763,39.431373596936545
362.30011648840417,30.482289629681585
362.427194747432,28.1768191135032
362.5542730064598,36.31210373635223
362.6813512654877,28.38018772080805
362.80842952451553,29.45583579080619
362.9355077835434,28.618157984384645
363.06258604257124,30.42009958357756
363.1896643015991,29.335222572290053
363.31674256062695,26.942346122198543
363.44382081965483,29.798245175852628
363.57089907868266,37.90300537849702
363.6979773377105,34.579619194626574
363.82505559673837,31.59938757374476
363.9521338557662,42.426644470896726
364.0792121147941,30.728888212445675
364.2062903738219,30.077337906082093
364.3333686328498,22.404568559653384
364.4604468918776,36.42599466250469
364.5875251509055,37.089199416111256
364.7146034099333,30.0767066482069
364.8416816689612,27.885239036562428
364.968759927989,34.98304313977389
365.09583818701685,32.19963211481942
365.22291644604474,43.641745476855
365.34999470507256,42.34079087989691
365.47707296410044,42.48233356498507
365.60415122312827,28.600743191966902
365.73122948215615,31.032003724362188
365.858307741184,40.294032728796545
365.98538600021186,43.33471923414336
366.1124642592397,29.30003864871923
366.2395425182675,29.92983179225937
366.3666207772954,38.302480580679344
366.4936990363232,31.34235624146031
366.6207772953511,29.16684625559533
366.74785555437893,39.03677147974178
366.8749338134068,25.316198788965234
367.00201207243464,35.13736198065484
367.1290903314625,38.71670639266546
367.25616859049035,41.94205097935972
367.3832468495182,38.04537354916214
367.51032510854606,30.58557513126991
367.6374033675739,37.0823471390153
367.76448162660176,30.884983698939912
367.8915598856296,36.824915682887315
368.0186381446575,32.52021932687846
368.1457164036853,36.3308911964291
368.2727946627132,31.368693988635577
368.399872921741,46.0448503727577
368.52695118076883,31.892584477344567
368.6540294397967,36.52814823437496
368.78110769882454,35.653887219175786
368.9081859578524,40.67135052550066
369.03526421688025,43.653762342712355
369.16234247590813,40.87350660600057
369.28942073493596,43.26834148255014
369.41649899396384,43.12844302656866
369.54357725299167,40.091952291282
369.67065551201955,37.184626406239985
369.7977337710474,38.92944084743021
369.9248120300752,51.014214394964824
370.0518902891031,43.02819845681402
370.1789685481309,47.84478021557833
370.3060468071588,36.91512486921976
370.4331250661866,38.18447589681343
370.5602033252145,37.1369059085403
370.6872815842423,40.77127610472862
370.8143598432702,39.24527091091817
370.94143810229804,40.7664156783825
371.06851636132586,39.182958153816486
371.19559462035375,43.25747579054162
371.32267287938157,45.08635005618936
371.44975113840945,36.79352728594655
371.5768293974373,34.13659738323533
371.70390765646516,40.121269080748945
371.830985915493,44.18934995370255
371.95806417452087,42.38830054825138
372.0851424335487,42.67180607520817
372.2122206925765,45.09084319292007
372.3392989516044,48.22611374326612
372.46637721063223,52.65240667745544
372.5934554696601,47.11580078843078
372.72053372868794,50.6924843160368
372.8476119877158,44.71825050606007
372.97469024674365,49.58297768409447
373.10176850577153,52.290492075099806
373.22884676479936,54.701399909901255
373.35592502382724,54.27103098059678
373.48300328285507,53.81962284464342
373.6100815418829,55.88482836882731
373.7371598009108,42.97557027763533
373.8642380599386,56.39725544432575
373.9913163189665,48.58294761662897
374.1183945779943,53.01485487346682
374.2454728370222,47.867392262094285
374.37255109605,59.06974390952837
374.4996293550779,59.80367712392758
374.6267076141057,67.00890143806663
374.75378587313355,55.32851223252456
374.88086413216143,61.47338755371599
375.00794239118926,67.11147896776237
375.13502065021714,57.55118373521649
375.26209890924497,53.647848688753356
375.38917716827285,60.99333762188601
375.5162554273007,64.10774312885445
375.64333368632856,69.14336114756779
375.7704119453564,58.41912379007069
375.8974902043842,72.24100691989587
376.0245684634121,57.55711817935959
376.1516467224399,70.44455612241454
376.2787249814678,70.40282000654068
376.40580324049563,63.2966540974884
376.5328814995235,68.41280653402167
376.65995975855134,65.16264184246224
376.7870380175792,65.90934644528008
376.91411627660705,57.1492627753281
377.0411945356349,63.47195894561995
377.16827279466276,65.82353898842075
377.2953510536906,71.21992829939785
377.42242931271846,59.21150283187387
377.5495075717463,79.64184319698043
377.6765858307742,79.70651915896018
377.803664089802,71.1849493738876
377.9307423488299,74.02788309358124
378.0578206078577,68.93806900242953
378.1848988668856,70.312536834262
378.3119771259134,72.13723524732424
378.43905538494124,71.87446980229194
378.5661336439691,76.67392240298025
378.69321190299695,74.84899447803491
378.82029016202483,69.55866042447492
378.94736842105266,67.72516780342661
379.07444668008054,71.77114530156496
379.20152493910837,77.96912190260478
379.32860319813625,88.43871104453669
379.4556814571641,80.53794031824714
379.5827597161919,72.97938214714857
379.7098379752198,83.42098301945018
379.8369162342476,72.85182169553302
379.9639944932755,77.20139265286217
380.0910727523033,68.24629010799129
380.2181510113312,85.43700260063211
380.345229270359,76.52952418324807
380.4723075293869,76.08874204992341
380.59938578841474,80.28511447393089
380.72646404744256,81.80026586812349
380.85354230647044,84.40989570607624
380.98062056549827,84.61414497439846
381.10769882452615,87.56104259091667
381.234777083554,81.69336157342957
381.36185534258186,92.06783418553704
381.4889336016097,88.54095207758951
381.61601186063757,92.64508833510479
381.7430901196654,84.68053124139075
381.8701683786933,84.42873275616006
381.9972466377211,86.78939679231692
382.12432489674893,85.19318364599384
382.2514031557768,80.9603582847569
382.37848141480464,86.43128402012633
382.5055596738325,94.1038617641081
382.63263793286035,77.33379099663998
382.75971619188823,89.34194015732237
382.88679445091606,90.84138152793298
383.01387270994394,86.37097749767047
383.14095096897177,89.12997475725066
383.2680292279996,93.50811986498218
383.3951074870275,92.43549045167403
383.5221857460553,96.37371161595573
383.6492640050832,81.08346776739135
383.776342264111,96.97852666493634
383.9034205231389,88.70268436749775
384.0304987821667,88.95104261886303
384.1575770411946,85.08953577378261
384.2846553002224,92.01843606619485
384.41173355925025,83.68564286939562
384.53881181827813,82.39941059083465
384.66589007730596,88.28997347168487
384.79296833633384,80.33189117718106
384.92004659536167,94.33584906342115
385.04712485438955,100.0
385.1742031134174,83.03125249531395
385.30128137244526,91.18660662668245
385.4283596314731,93.10199266338674
385.5554378905009,97.87309521217489
385.6825161495288,93.78926702338998
385.8095944085566,91.56111097111088
385.9366726675845,93.77998133197084
386.06375092661233,90.56039789168541
386.1908291856402,84.54587405788294
386.31790744466804,87.47681969753393
386.4449857036959,88.74029212715577
386.57206396272375,89.76559842179317
386.69914222175163,95.32216900195507
386.82622048077945,92.10647418407208
386.9532987398073,87.0354477673676
387.08037699883516,89.15260374716546
387.207455257863,92.49965106896329
387.3345335168909,75.91614167395124
387.4616117759187,81.26122069387304
387.5886900349466,77.7178936487816
387.7157682939744,85.43228074547596
387.8428465530023,81.06816218820325
387.9699248120301,84.60803774668481
388.09700307105794,83.55630893849128
388.2240813300858,88.42042547092966
388.35115958911365,90.62589044933037
388.47823784814153,86.53749621707337
388.60531610716936,82.2085277456689
388.73239436619724,86.5795873447605
388.85947262522507,91.73543099498855
388.98655088425295,78.40894061946678
389.1136291432808,77.27668798864369
389.2407074023086,83.7530861785502
389.3677856613365,83.14927875400821
389.4948639203643,71.27028846977893
389.6219421793922,85.20653134907496
389.74902043842,80.2569806685743
389.8760986974479,77.84918120412729
390.0031769564757,87.32036489226762
390.1302552155036,84.0205586660984
390.25733347453144,79.72592250710302
390.3844117335593,77.50333893447441
390.51148999258714,78.48653653469941
390.63856825161497,76.855803157977
390.76564651064285,71.9926045323279
390.8927247696707,67.5066321262274
391.01980302869856,75.27723112833843
391.1468812877264,67.35213664276552
391.27395954675427,71.66527242058615
391.4010378057821,78.14625776642042
391.52811606481,67.50191772368865
391.6551943238378,73.49063602701321
391.78227258286563,72.39707263064514
391.9093508418935,74.03737465375977
392.03642910092134,69.77588446980768
392.1635073599492,67.54403356809317
392.29058561897705,65.55660465127482
392.41766387800493,67.9105029752687
392.54474213703276,68.61959591004415
392.67182039606064,61.08440478605962
392.79889865508846,65.0538226828613
392.9259769141163,69.13201930182606
393.0530551731442,68.06663642070319
393.180133432172,68.18541117184597
393.3072116911999,59.67216913606313
393.4342899502277,70.1540298076923
393.5613682092556,53.07365306013448
393.6884464682834,60.73463360429476
393.8155247273113,62.529044756407195
393.9426029863391,57.21032906705408
394.06968124536695,66.53525092818964
394.19675950439483,67.65155134374446
394.32383776342266,57.64143664686084
394.45091602245054,53.367722213746546
394.57799428147837,57.80304948271058
394.70507254050625,59.85974279190587
394.8321507995341,49.67092621400042
394.95922905856196,59.20794720342428
395.0863073175898,57.225066055850775
395.21338557661767,54.33358302405473
395.3404638356455,51.94101330696391
395.4675420946733,64.22265380637825
395.5946203537012,56.99385068424668
395.721698612729,49.51111892543448
395.8487768717569,57.67151198399899
395.97585513078474,44.045388072644016
396.1029333898126,55.070906161162064
396.23001164884045,58.86666494988695
396.3570899078683,54.70283555799311
396.48416816689615,42.07761214363269
396.611246425924,53.17383453548109
396.73832468495186,48.471585625628215
396.8654029439797,51.099809263041934
396.99248120300757,44.20910573358794
397.1195594620354,50.58721987774139
397.2466377210633,44.322305035479346
397.3737159800911,49.02376832017944
397.500794239119,39.32444949078133
397.6278724981468,48.64613634142792
397.75495075717464,43.28861158485451
397.8820290162025,49.2940737310222
398.00910727523035,50.363618592959995
398.13618553425823,45.334116639971306
398.26326379328606,49.75268927021317
398.39034205231394,39.498379476006065
398.51742031134177,42.37045163743575
398.64449857036965,40.33824926835561
398.7715768293975,43.96804278350908
398.8986550884253,39.92785368991299
399.0257333474532,44.30104420132004
399.152811606481,41.79222230148035
399.2798898655089,38.2445663102808
399.4069681245367,46.33879792286595
399.5340463835646,44.4834524550114
399.6611246425924,43.116595076270116
399.7882029016203,37.27738314418275
399.91528116064814,43.49344408592044
400.042359419676,44.440189522275496
400.16943767870384,43.06807744398114
400.29651593773167,43.8897536618104
400.42359419675955,35.162937173141245
400.5506724557874,43.454424060575505
400.67775071481526,37.838133385185195
400.8048289738431,35.2453701331106
400.93190723287097,44.14613066498778
401.0589854918988,32.08034398691308
401.1860637509267,35.57606560236674
401.3131420099545,32.44453606233359
401.44022026898233,34.65175540746946
401.5672985280102,32.5679200706467
401.69437678703804,38.76708975070517
401.8214550460659,45.0032151327992
401.94853330509375,41.178493173508684
402.07561156412163,41.89458390271279
402.20268982314946,34.07454919841019
402.32976808217734,45.37368601453023
402.45684634120516,31.6025001971152
402.583924600233,34.24973792293125
402.7110028592609,33.33026695863654
402.8380811182887,25.138180367250452
402.9651593773166,24.176736913731403
403.0922376363444,33.44388749640148
403.2193158953723,34.38935877532728
403.3463941544001,40.094338329380726
403.473472413428,30.572547588654352
403.6005506724558,29.0318378750066
403.7276289314837,36.492664527783575
403.85470719051153,43.80006825395246
403.98178544953936,28.412161386672633
404.10886370856724,34.852437393018064
404.23594196759507,33.32853527954882
404.36302022662295,30.22050136449451
404.4900984856508,37.226203249444886
404.61717674467866,32.489411767854556
404.7442550037065,35.01556854570412
404.87133326273437,29.601581025116943
404.9984115217622,27.74102723124097
405.12548978079,40.435009840403595
405.2525680398179,37.008592454319825
405.3796462988457,29.945954236451062
405.5067245578736,38.213673774536154
405.63380281690144,31.77847760588461
405.7608810759293,24.7688015155709
405.88795933495715,33.96302062150802
406.015037593985,33.40599467915676
406.14211585301285,32.93754364822358
406.2691941120407,38.56902070012053
406.39627237106856,30.07012409173592
406.5233506300964,32.86473090462233
406.65042888912427,37.21011331032264
406.7775071481521,39.10274280134661
406.90458540718,30.530321875806905
407.0316636662078,31.216361233268664
407.1587419252357,27.26906517321549
407.2858201842635,42.23231649200345
407.41289844329134,39.08826023261714
407.5399767023192,30.354738539115413
407.66705496134705,26.691440453141727
407.79413322037493,33.40796526695129
407.92121147940276,22.249150250049052
408.04828973843064,36.79364352101397
408.17536799745847,32.80858848520232
408.30244625648635,25.580783952621307
408.4295245155142,38.96560123564541
408.55660277454206,28.403568667351628
408.6836810335699,25.230312590121258
408.8107592925977,37.731294418200726
408.9378375516256,22.961145841571682
409.0649158106534,30.293567500446187
409.1919940696813,34.24190124355357
409.3190723287091,31.448972387117756
409.446150587737,22.708649704184037
409.57322884676483,30.99277186421768
409.7003071057927,31.583055852241355
409.82738536482054,21.276601419664416
409.95446362384837,30.60238555881872
410.08154188287625,31.433217444798174
410.2086201419041,34.7639035598151
410.33569840093196,22.64252432407678
410.4627766599598,31.161959885570994
410.58985491898767,27.79556167411736
410.7169331780155,29.73368299748155
410.8440114370434,37.75834739296039
410.9710896960712,35.125593412634366
411.09816795509903,38.07783791193801
411.2252462141269,21.41528395683663
411.35232447315474,39.0263821082746
411.4794027321826,34.59814203803585
411.60648099121045,30.65861596923043
411.73355925023833,32.841862635568475
411.86063750926616,32.3974707103339
411.98771576829404,37.863509036974875
412.11479402732186,33.25896359401066
412.24187228634975,23.059449872592747
412.3689505453776,36.27518965218192
412.4960288044054,26.468889546358493
412.6231070634333,35.24626355290327
412.7501853224611,28.188964595882144
412.877263581489,33.58670828680201
413.0043418405168,17.629936095555266
413.1314200995447,23.159737153463627
413.2584983585725,21.635196158697994
413.3855766176004,40.816799241417904
413.51265487662823,26.17469233504493
413.63973313565606,24.512427987773137
413.76681139468394,23.354709687257575
413.89388965371177,36.35839302257019
414.02096791273965,42.107252964228294
414.1480461717675,35.281357048658464
414.27512443079536,34.96265812260237
414.4022026898232,26.47798339237099
414.52928094885107,36.410945475248994
414.6563592078789,33.27508811391147
414.7834374669067,36.2686031200689
414.9105157259346,35.960802606025396
415.0375939849624,23.484318870466257
415.1646722439903,30.525273235278707
415.29175050301814,29.077908165278753
415.418828762046,32.90191387761584
415.54590702107384,29.147185418324455
415.6729852801017,24.447448463562854
415.80006353912955,28.583465427805027
415.9271417981574,31.57361737440911
416.05422005718526,36.606814762418054
416.1812983162131,33.98853944036059
416.30837657524097,28.678998280538195
416.4354548342688,28.239902286314404
416.5625330932967,31.240151953997923
416.6896113523245,38.37170088522097
416.8166896113524,34.310081704210276
416.9437678703802,31.91138298762995
417.0708461294081,33.160520429353134
417.1979243884359,32.58841703171774
417.32500264746375,27.434725220557276
417.45208090649163,36.404207555209084
417.57915916551946,33.132149595315916
417.70623742454734,29.602780275495014
417.83331568357517,27.083512599138192
417.96039394260305,28.713264655428997
418.0874722016309,33.364631382227
418.21455046065876,26.570933240753707
418.3416287196866,33.24799171452607
418.4687069787144,30.83418576903715
418.5957852377423,33.47946723537994
418.7228634967701,20.293504054336204
418.849941755798,27.74071009197448
418.9770200148258,18.549811221769684
419.1040982738537,30.848990099092084
419.23117653288153,36.867212560805164
419.3582547919094,24.301714766962963
419.48533305093724,37.88163485094082
419.61241130996507,22.3500399408357
419.73948956899295,24.816978957134076
419.8665678280208,31.554017754420055
419.99364608704866,28.948546904901075
420.1207243460765,32.87123226864355
420.24780260510437,29.48540393265841
420.3748808641322,29.17593407080653
420.5019591231601,37.246553261985525
420.6290373821879,33.26726399200311
420.7561156412158,31.841803455211753
420.8831939002436,35.448878810753556
421.01027215927144,22.92131073460415
421.1373504182993,27.353757527585806
421.26442867732715,23.97447224225339
421.39150693635503,22.43188680414638
421.51858519538285,28.1670840201223
421.64566345441074,34.21804193295675
421.77274171343856,25.452720023457765
421.89981997246645,26.97896997228771
422.0268982314943,30.699192887422747
422.1539764905221,28.322801939534312
422.28105474955,23.606687975014925
422.4081330085778,22.238178315962948
422.5352112676057,28.910460342972353
422.6622895266335,31.9365610076684
422.7893677856614,31.976923788998292
422.9164460446892,30.192658674726534
423.0435243037171,38.542631550141735
423.17060256274493,29.408078431342116
423.29768082177276,33.116922549657914
423.42475908080064,31.10770289264442
423.55183733982847,31.432045686492515
423.67891559885635,25.651822652874518
423.8059938578842,25.113095238667768
423.93307211691206,31.696638041083137
424.0601503759399,34.35705338880338
424.18722863496777,37.11245494112036
424.3143068939956,18.854508312235524
424.4413851530234,29.062956588762717
424.5684634120513,33.524689483229785
424.6955416710791,23.854025512067473
424.822619930107,30.050380167832795
424.94969818913484,41.26878105024498
425.0767764481627,34.01620296734885
425.20385470719054,31.422897889693697
425.3309329662184,23.59393397727401
425.45801122524625,30.384396298739997
425.58508948427414,31.002708530549093
425.71216774330196,37.96862437606996
425.8392460023298,39.861704061146796
425.96632426135767,23.426408673291306
426.0934025203855,26.559772879726044
426.2204807794134,34.347972360969344
426.3475590384412,34.06550927063422
426.4746372974691,26.121137440887793
426.6017155564969,33.979103470943905
426.7287938155248,32.34574650778138
426.8558720745526,23.090110301613933
426.98295033358045,24.266377588150927
427.11002859260833,29.33996048368033
427.23710685163616,25.39012654808314
427.36418511066404,24.426899076254184
427.49126336969186,30.255991189610878
427.61834162871975,28.838261878632096
427.7454198877476,30.010102201649552
427.87249814677546,34.70434449472859
427.9995764058033,17.552112462988134
428.1266546648311,28.92585476534072
428.253732923859,34.73764771570977
428.3808111828868,19.01241881875375
428.5078894419147,23.69542916694817
428.6349677009425,35.6001237885878
428.7620459599704,27.960918964315795
428.88912421899823,32.53612678309317
429.0162024780261,24.720089042829933
429.14328073705394,32.05678938505433
429.2703589960818,29.66574907696964
429.39743725510965,30.06925912160756
429.5245155141375,21.363156444316864
429.65159377316536,34.39331333494665
429.7786720321932,33.032456549312016
429.90575029122107,36.71819654245152
430.0328285502489,24.57000658131348
430.1599068092768,26.73814399019079
430.2869850683046,23.921634154778147
430.4140633273325,29.55155087793992
430.5411415863603,35.50599837296752
430.66821984538814,23.74977062516541
430.795298104416,32.39629428310776
430.92237636344385,28.53055670630771
431.0494546224717,30.4713632184218
431.17653288149955,30.161156289653768
431.30361114052744,29.384882337351065
431.43068939955526,24.313576807384525
431.55776765858315,26.49194211070577
431.68484591761097,27.99370326161812
431.8119241766388,33.976867818249474
431.9390024356667,29.74123496454324
432.0660806946945,34.27909038481742
432.1931589537224,38.5488719820999
432.3202372127502,34.53223389958506
432.4473154717781,32.82440360706428
432.5743937308059,26.149132810719216
432.7014719898338,35.112111374244456
432.82855024886163,37.100732113061355
432.95562850788946,31.404154697508275
433.08270676691734,25.321776670108946
433.20978502594517,28.805704722690912
433.33686328497305,27.29842061797508
433.4639415440009,32.95741644554411
433.59101980302876,30.037932874630602
433.7180980620566,26.781522425071604
433.84517632108447,31.19044327311949
433.9722545801123,30.176065808381807
434.0993328391402,35.25277373462488
434.226411098168,26.33377485590882
434.3534893571958,38.34599544424776
434.4805676162237,30.917353855793106
434.60764587525154,27.04896785728892
434.7347241342794,24.302369749551076
434.86180239330724,26.890546362472346
434.9888806523351,30.244394934175524
435.11595891136295,28.243143433273055
435.24303717039083,34.50519588133438
435.37011542941866,28.172580794807985
435.4971936884465,20.00704599494504
435.62427194747437,34.724387204863504
435.7513502065022,34.11611130055905
435.8784284655301,31.36727236018399
436.0055067245579,25.81322171212407
436.1325849835858,42.85655062477789
436.2596632426136,16.65492342050039
436.3867415016415,33.299420110230045
436.5138197606693,36.31006521076671
436.64089801969715,32.0371550688642
436.76797627872503,20.575298932122955
436.89505453775286,18.795239218134398
437.02213279678074,25.07749203276485
437.14921105580856,25.83445167826084
437.27628931483645,34.76098867270388
437.4033675738643,32.49805352417912
437.53044583289216,28.745383152707667
437.65752409192,30.709404428417717
437.78460235094786,26.9424707014397
437.9116806099757,30.713586888052063
438.0387588690035,35.382889067082615
438.1658371280314,23.14425508660713
438.2929153870592,27.538687924479703
438.4199936460871,39.571998917192694
438.54707190511493,32.25073637448544
438.6741501641428,31.02539123934057
438.80122842317064,26.665793806212033
438.9283066821985,27.703058792430106
439.05538494122635,32.521980072277245
439.1824632002542,42.0917277881391
439.30954145928206,33.79120247789609
439.4366197183099,21.877218589348686
439.56369797733777,31.9338304546405
439.6907762363656,33.45983613502495
439.8178544953935,18.69727402097685
439.9449327544213,24.07742797330872
440.0720110134492,41.620169471838615
440.199089272477,25.58313988066026
440.32616753150484,30.77300298568524
440.4532457905327,30.597148160044526
440.58032404956055,22.56225057995037
440.7074023085884,39.034748977723495
440.83448056761625,34.0969565593215
440.96155882664414,25.720113708271754
441.08863708567196,37.0534422899523
441.21571534469984,29.29805623919166
441.34279360372767,24.566557055735164
441.4698718627555,27.079464545393108
441.5969501217834,41.71958151132799
441.7240283808112,32.495009051865146
441.8511066398391,24.43335721400036
441.9781848988669,28.556342297904663
442.1052631578948,27.920839913159593
442.2323414169226,42.226173931457964
442.3594196759505,25.67257045184093
442.48649793497833,37.05886877099242
442.6135761940062,32.6458759359217
442.74065445303404,21.208655850846633
442.86773271206187,37.78438002143907
442.99481097108975,26.994282322008225
443.1218892301176,23.53491068201903
443.24896748914546,24.898288400123935
443.3760457481733,37.297078372217854
443.50312400720117,28.434663669149522
443.630202266229,29.299819369182867
443.7572805252569,33.574304345345006
443.8843587842847,34.3239095600903
444.0114370433125,37.053751013006355
444.1385153023404,23.840725216061085
444.26559356136823,28.300877710978902
444.3926718203961,19.614173013006603
444.51975007942394,34.824471499736006
444.6468283384518,27.874069995726455
444.77390659747965,26.22218669352627
444.90098485650753,27.298765103414105
445.02806311553536,29.514029694201653
445.1551413745632,40.279481635720586
445.28221963359107,34.75307615725803
445.4092978926189,17.660447991864825
445.5363761516468,30.32346652123343
445.6634544106746,32.79993734642794
445.7905326697025,30.867654014077964
445.9176109287303,28.22825409993504
446.0446891877582,28.759601256194333
446.171767446786,29.244085936100994
446.2988457058139,36.21220432790179
446.42592396484173,26.09637837081425
446.55300222386956,28.85530568313539
446.68008048289744,34.32070690026875
446.80715874192526,31.34877657282507
446.93423700095315,29.092622899423798
447.061315259981,30.868685417001362
447.18839351900886,33.926088517664624
447.3154717780367,33.360761696472565
447.44255003706456,33.75159975658417
447.5696282960924,29.42618103361859
447.6967065551202,28.070501652528183
447.8237848141481,30.891665366026405
447.9508630731759,37.652276595918146
448.0779413322038,31.421821271223898
448.20501959123163,27.636718650310176
448.3320978502595,34.15000883321519
448.45917610928734,28.20152043423679
448.5862543683152,28.066510097918663
448.71333262734305,27.20541343831415
448.8404108863709,22.850045661148705
448.96748914539876,33.541824399128075
449.0945674044266,24.611059904693864
449.22164566345447,34.78251695455406
449.3487239224823,28.07993268811194
449.4758021815102,30.917667705986368
449.602880440538,26.58555342044614
449.7299586995659,32.8730731637062
449.8570369585937,29.92820992538906
449.98411521762154,34.51800236912775
450.1111934766494,27.730337054935738
450.23827173567724,31.241565635230526
450.3653499947051,28.666873696949366
450.49242825373295,35.55333772803677
450.61950651276084,28.963587032316987
450.74658477178866,40.577153258272396
450.87366303081654,31.063567907320415
451.00074128984437,33.78396098288253
451.12781954887225,38.19646211498633
451.2548978079001,24.8246020472623
451.3819760669279,35.95169499094032
451.5090543259558,28.81956722099065
451.6361325849836,30.348192971190663
451.7632108440115,29.328516001494368
451.8902891030393,27.233032952525864
452.0173673620672,28.452219551335336
452.14444562109503,28.225490777356235
452.2715238801229,20.194962876814593
452.39860213915074,22.160580423846536
452.52568039817857,32.62542496138406
452.65275865720645,44.84409882274229
452.7798369162343,30.203636025566585
452.90691517526216,24.443401183998738
453.03399343429,31.375598744076502
453.16107169331787,30.63699330404352
453.2881499523457,35.74645881703386
453.4152282113736,28.525762201936544
453.5423064704014,30.534642692638425
453.6693847294292,29.575675874403117
453.7964629884571,32.44559632041252
453.92354124748493,30.069298872101644
454.0506195065128,31.334058634748896
454.17769776554064,33.27541174394633
454.3047760245685,30.56940164531734
454.43185428359635,24.985747415932593
454.55893254262423,23.10770634713568
454.68601080165206,37.046504766599696
454.81308906067994,39.76719068434685
454.94016731970777,36.11992186941614
455.0672455787356,41.760273090735474
455.1943238377635,34.844684311345965
455.3214020967913,41.7394949101402
455.4484803558192,28.418950487105043
455.575558614847,35.40145773678113
455.7026368738749,23.41470041863574
455.8297151329027,32.07133201477378
455.9567933919306,35.51630192428673
456.08387165095843,35.52757155232068
456.21094990998625,25.450263621186572
456.33802816901414,31.032243571701237
456.46510642804196,31.8779219461237
456.59218468706985,25.998240907458992
456.7192629460977,36.892177229063
456.84634120512555,32.19388292260222
456.9734194641534,28.032570145687288
457.10049772318126,33.60911032771985
457.2275759822091,36.010541287793345
457.3546542412369,34.806062847718856
457.4817325002648,43.1056488667011
457.6088107592926,29.74227497472059
457.7358890183205,36.78034832682732
457.86296727734833,27.211459068972125
457.9900455363762,42.24452346573116
458.11712379540404,33.50542092662744
458.2442020544319,41.062065796269195
458.37128031345975,46.97984738127229
458.4983585724876,26.87266660873434
458.62543683151546,31.424279250660444
458.7525150905433,42.614985215311336
458.87959334957117,35.808168199861484
459.006671608599,36.0230091206696
459.1337498676269,36.88151912874891
459.2608281266547,44.028637530273826
459.3879063856826,42.042465566826884
459.5149846447104,38.69553873609678
459.6420629037383,45.751942814771
459.7691411627661,23.219523740526583
459.89621942179394,44.05039816971011
460.0232976808218,40.826324018564485
460.15037593984965,45.084988253907625
460.27745419887754,48.16206421947833
460.40453245790536,41.790131414375985
460.53161071693324,48.42830135052415
460.65868897596107,43.649104691754836
460.78576723498895,42.598648907669975
460.9128454940168,50.03356656536024
461.0399237530446,32.33437284727234
461.1670020120725,45.777937741166845
461.2940802711003,44.742578494623466
461.4211585301282,45.616508103736265
461.548236789156,49.75634926858189
461.6753150481839,43.33527627762088
461.80239330721173,49.50674897373098
461.9294715662396,40.38367230662823
462.05654982526744,42.94740458584388
462.18362808429526,52.041514376075774
462.31070634332315,58.021840145270716
462.437784602351,42.368115644458896
462.56486286137886,43.71789613046048
462.6919411204067,52.55154058715095
462.81901937943456,45.031724318680475
462.9460976384624,51.33917513870057
463.0731758974903,45.877426272706415
463.2002541565181,52.360464487561075
463.327332415546,58.3376975006351
463.4544106745738,50.14117869546265
463.58148893360163,50.08793537762634
463.7085671926295,53.08735755217023
463.83564545165734,55.431386710738316
463.9627237106852,50.60549607557233
464.08980196971305,52.07961611637138
464.21688022874093,49.06703959920519
464.34395848776876,56.06102161335995
464.47103674679664,63.45102091588821
464.59811500582447,58.48971739362387
464.7251932648523,62.15568610284923
464.8522715238802,60.822658024980406
464.979349782908,61.3866146067251
465.1064280419359,67.4425738544446
465.2335063009637,62.22037146337893
465.3605845599916,62.2919142312447
465.4876628190194,63.795121250833496
465.6147410780473,65.87032384206819
465.7418193370751,55.01568842726344
465.86889759610295,70.14602796505778
465.99597585513084,56.71182715825826
466.12305411415866,60.64344541424917
466.25013237318655,64.91588857834132
466.37721063221437,73.62851211874202
466.50428889124225,62.61517150007782
466.6313671502701,52.02749508113805
466.75844540929796,60.523445662947424
466.8855236683258,59.73054982458095
467.0126019273536,77.283756233752
467.1396801863815,63.86982858732226
467.2667584454093,72.619690309357
467.3938367044372,71.30954079673688
467.52091496346503,69.14842148310856
467.6479932224929,77.03720456106058
467.77507148152074,72.05564567637782
467.9021497405486,61.995759523439496
468.02922799957645,72.08784884994515
468.15630625860433,70.7904250281311
468.28338451763216,75.95430215156145
468.41046277666,67.17441075144617
468.53754103568787,69.53570852145243
468.6646192947157,78.04792931925067
468.7916975537436,85.10696008985343
468.9187758127714,72.33121788538861
469.0458540717993,76.63496968641796
469.1729323308271,65.99659409539494
469.300010589855,78.84945472683735
469.4270888488828,74.4267300013657
469.55416710791064,76.01465270727343
469.6812453669385,82.56904998040272
469.80832362596635,79.35404412554976
469.93540188499423,81.45739657945154
470.06248014402206,78.20051677603604
470.18955840304994,90.13817050859394
470.31663666207777,72.90074973039947
470.44371492110565,79.66872441252859
470.5707931801335,80.67098823296938
470.6978714391613,80.12484200267266
470.8249496981892,88.92704258408203
470.952027957217,75.09866366475576
471.0791062162449,92.9318618896386
471.2061844752727,79.97245279037998
471.3332627343006,81.14818492819248
471.46034099332843,82.93453197293135
471.5874192523563,81.25383467194763
471.71449751138414,84.42391529632158
471.841575770412,72.45947024477337
471.96865402943985,84.10759791328584
472.0957322884677,87.03818024731922
472.22281054749556,84.52993383441951
472.3498888065234,87.55498752158374
472.47696706555126,88.88726860661131
472.6040453245791,88.2123294330158
472.731123583607,88.52644044564065
472.8582018426348,95.82475570452223
472.9852801016627,81.40122942363507
473.1123583606905,89.8311591923502
473.23943661971833,91.82685843365468
473.3665148787462,83.18436686434833
473.49359313777404,97.51201707758153
473.6206713968019,91.27553787177845
473.74774965582975,93.34322035332701
473.87482791485763,97.06050947657516
474.00190617388546,87.09421736357518
474.12898443291334,88.8783704381693
474.25606269194117,83.84017564887903
474.383140950969,98.04187601169326
474.5102192099969,84.28674189191713
474.6372974690247,95.8436109358434
474.7643757280526,86.11463978985186
474.8914539870804,94.26596108651722
475.0185322461083,85.22214077718868
475.1456105051361,89.12326067291258
475.272688764164,77.51742395272623
475.3997670231918,94.49674641118902
475.52684528221965,97.725533204534
475.65392354124754,81.31986871766667
475.78100180027536,83.23608075985979
475.90808005930324,81.98337952204051
476.03515831833107,99.5105856970012
476.16223657735895,93.97128334501012
476.2893148363868,90.53034057722475
476.41639309541466,90.9668124398581
476.5434713544425,86.00978261143972
476.67054961347037,86.88593279301634
476.7976278724982,95.91942965636309
476.924706131526,87.78727964550129
477.0517843905539,91.08459661441991
477.17886264958173,76.64746255550206
477.3059409086096,87.4956632288889
477.43301916763744,84.42353910496222
477.5600974266653,80.66084898762401
477.68717568569315,82.86437476041303
477.81425394472103,93.71264358617759
477.94133220374886,78.51877865953608
478.0684104627767,87.47200864848497
478.19548872180457,87.44316871822795
478.3225669808324,82.17285473955053
478.4496452398603,90.32313836059109
478.5767234988881,83.16933082736111
478.703801757916,81.90612865300834
478.8308800169438,86.51668855340571
478.9579582759717,88.8982256248075
479.0850365349995,76.36650415924822
479.21211479402734,82.9570494560432
479.3391930530552,93.39404566811201
479.46627131208305,86.89581260298394
479.59334957111093,88.40255983346145
479.72042783013876,73.70461459062264
479.84750608916664,84.72556939013378
479.97458434819447,80.19890223876993
480.10166260722235,89.19806121297898
480.2287408662502,79.84179070497099
480.35581912527806,79.16503546267148
480.4828973843059,74.13206300683322
480.6099756433337,76.21887499795073
480.7370539023616,75.93590579373213
480.8641321613894,69.14314595377473
480.9912104204173,72.34702277692764
481.11828867944513,75.54579558071669
481.245366938473,80.24803989315866
481.37244519750084,68.17129934224798
481.4995234565287,69.40467371524834
481.62660171555655,64.65965718611194
481.7536799745844,66.736275887296
481.88075823361226,69.50268566583301
482.0078364926401,70.50972135923892
482.13491475166796,67.3901957817946
482.2619930106958,74.17767339640648
482.3890712697237,71.19209378031081
482.5161495287515,67.24080866042333
482.6432277877794,68.7445031198946
482.7703060468072,65.22322201407954
482.89738430583503,72.20294394957108
483.0244625648629,63.777119866865796
483.15154082389074,59.78699565536504
483.2786190829186,65.36342430858448
483.40569734194645,63.927024319980035
483.53277560097433,60.71157380616603
483.65985386000216,61.488046835812696
483.78693211903004,64.87409068987158
483.91401037805787,62.69163515104647
484.0410886370857,61.058535875882015
484.1681668961136,62.66502411482571
484.2952451551414,62.18934268675183
484.4223234141693,57.66049776848749
484.5494016731971,62.976576574822744
484.676479932225,56.537407726411274
484.8035581912528,55.34539347422064
484.9306364502807,57.106551713258426
485.0577147093085,52.90649622551485
485.1847929683364,54.95838238229882
485.31187122736424,50.13304044611692
485.43894948639206,57.7831855679398
485.56602774541994,64.30865057096125
485.69310600444777,52.710494380597694
485.82018426347565,54.66158454257387
485.9472625225035,55.17644256426907
486.07434078153136,53.91769186275796
486.2014190405592,50.069981532319986
486.32849729958707,53.332024806114234
486.4555755586149,51.45153499916849
486.5826538176427,49.431945386939084
486.7097320766706,50.321033234761245
486.83681033569843,50.87381221175722
486.9638885947263,57.599815763638134
487.09096685375414,43.26907035961085
487.218045112782,52.38801412537299
487.34512337180985,54.83377390123232
487.47220163083773,47.27633857524428
487.59927988986556,52.88281040192406
487.7263581488934,49.59880600352645
487.85343640792127,37.76989852938821
487.9805146669491,45.94006187719929
488.107592925977,53.930814174145
488.2346711850048,54.72508416286324
488.3617494440327,46.91400455899722
488.4888277030605,36.47696022563926
488.6159059620884,44.21718031165065
488.7429842211162,57.61738248896629
488.8700624801441,43.145146852584205
488.9971407391719,42.37545107810372
489.12421899819975,45.801970012312054
489.25129725722763,40.424666674803504
489.37837551625546,41.20263271934733
489.50545377528334,35.73755416724558
489.63253203431117,37.939951935704684
489.75961029333905,38.53104532652178
489.8866885523669,43.04492271607689
490.01376681139476,35.49868020851793
490.1408450704226,41.695910506382454
490.2679233294504,45.51410431121927
490.3950015884783,39.85118708163344
490.5220798475061,35.875449376761786
490.649158106534,38.34230272120934
490.77623636556183,43.285917346663936
490.9033146245897,34.4031076983729
491.03039288361754,29.206068301955302
491.1574711426454,39.07667321491069
491.28454940167325,43.991663850268154
491.4116276607011,34.8472848127517
491.53870591972895,37.32150520161839
491.6657841787568,34.81679827676882
491.79286243778466,40.38864681603232
491.9199406968125,37.97787561298173
492.0470189558404,38.93402961553436
492.1740972148682,46.209419551583544
492.3011754738961,29.130330680968576
492.4282537329239,36.17244738064375
492.55533199195173,28.864082161551174
492.6824102509796,43.977119882894954
492.80948851000744,30.25088338889559
492.9365667690353,34.30759009880125
493.06364502806315,30.78367851232019
493.19072328709103,36.295245412428805
493.31780154611886,34.29947127675088
493.44487980514674,39.53370146585124
493.57195806417457,34.45732420251211
493.69903632320245,36.954851876153676
493.8261145822303,35.405046373323806
493.9531928412581,31.576025201402086
494.080271100286,37.418450660706895
494.2073493593138,33.53235579883304
494.3344276183417,39.56290913219781
494.4615058773695,38.654998400271076
494.5885841363974,39.19506091640168
494.7156623954252,32.99855230601183
494.8427406544531,38.87392857925013
494.96981891348094,33.81484816744169
495.09689717250876,36.73030205226398
495.22397543153664,21.284607322191803
495.35105369056447,30.372530946671368
495.47813194959235,29.76836510481076
495.6052102086202,26.79076248611903
495.73228846764806,37.0094332913777
495.8593667266759,30.682363828512866
495.98644498570377,25.2429827671413
496.1135232447316,33.530896392886746
496.2406015037594,31.374753823345355
496.3676797627873,33.19026320708531
496.49475802181513,33.58178116799413
496.621836280843,24.16631063534877
496.74891453987084,38.049919849392126
496.8759927988987,32.83210540530428
497.00307105792655,30.073903376343985
497.13014931695443,25.208140790462732
497.25722757598226,29.912877886714018
497.38430583501014,33.24761989559656
497.51138409403796,30.636037442797875
497.6384623530658,35.9951133380459
497.7655406120937,24.66926446700383
497.8926188711215,25.58784339803095
498.0196971301494,34.75080062442931
498.1467753891772,28.674803378545445
498.2738536482051,31.877861009784453
498.4009319072329,32.66382852882816
498.5280101662608,27.96886369870643
498.6550884252886,29.98203791564716
498.78216668431645,30.60540342383778
498.90924494334433,29.014346797413474
499.03632320237216,34.95868198812721
499.16340146140004,29.59022378199855
499.29047972042787,33.453822988839214
499.41755797945575,20.02236367666117
499.5446362384836,23.636527605925053
499.67171449751146,25.304182524642396
499.7987927565393,33.02695810570211
499.9258710155671,28.85158387977114
500.052949274595,31.237597603567973
500.1800275336228,29.60489785381405
500.3071057926507,25.275565001348504
500.4341840516785,34.11357731688242
500.5612623107064,32.507514605366154
500.68834056973424,29.846967794426586
500.8154188287621,28.35370850507465
500.94249708778995,31.553428419304076
501.06957534681777,33.578058882891014
501.19665360584565,19.905978437943062
501.3237318648735,29.311849888660397
501.45081012390136,31.4431518597413
501.5778883829292,30.87560945441352
501.70496664195707,24.564038187948405
501.8320449009849,27.29116398203067
501.9591231600128,22.714390596756473
502.0862014190406,24.576666162646262
502.2132796780685,20.174732668013156
502.3403579370963,26.320711587193674
502.46743619612414,29.296073332104577
502.594514455152,31.932101892978945
502.72159271417985,17.123128498766917
502.84867097320773,26.55246602108905
502.97574923223556,24.803034481642772
503.10282749126344,24.78638121367586
503.22990575029127,25.26140965998691
503.35698400931915,29.053507829307073
503.484062268347,32.80327253988074
503.6111405273748,26.807395749474495
503.7382187864027,36.644016761806185
503.8652970454305,23.281177181794668
503.9923753044584,26.43286319024059
504.1194535634862,23.37721075558449
504.2465318225141,25.314924728249267
504.3736100815419,26.404786974611742
504.5006883405698,25.18212162082876
504.62776659959763,34.21632311523266
504.75484485862546,33.52376542621566
504.88192311765334,27.247849350765158
505.00900137668117,33.240877737317255
505.13607963570905,28.75923208387344
505.2631578947369,27.842246438217856
505.39023615376476,36.55462781523802
505.5173144127926,34.683497963558935
505.64439267182047,31.544497186876747
505.7714709308483,31.649203452968223
505.8985491898762,41.24080684982384
506.025627448904,23.815018547220774
506.15270570793183,32.50996389429384
506.2797839669597,27.85901929050206
506.40686222598754,26.57670373751656
506.5339404850154,24.30919326525623
506.66101874404325,26.71603997062087
506.78809700307113,34.77041698380112
506.91517526209896,29.70273434675455
507.04225352112684,29.98655619914481
507.16933178015466,26.405595237825306
507.2964100391825,19.70961396119941
507.4234882982104,28.925037173738794
507.5505665572382,33.20470368588012
507.6776448162661,36.23022032308879
507.8047230752939,18.955242217092795
507.9318013343218,21.403465570442314
508.0588795933496,28.10970746432355
508.1859578523775,27.89276993777799
508.3130361114053,25.552758704101247
508.44011437043315,29.69827657865966
508.56719262946103,36.50874687467904
508.69427088848886,30.207386924372834
508.82134914751674,25.747330778510623
508.94842740654457,23.09527703727829
509.07550566557245,29.182706416515675
509.2025839246003,26.933919035300374
509.32966218362816,19.007183433615612
509.456740442656,26.869749459201774
509.5838187016838,30.395146059145535
509.7108969607117,27.549752380473315
509.8379752197395,30.81076384150074
509.9650534787674,30.142194149236495
510.0921317377952,33.353829824691466
510.2192099968231,35.08935803550743
510.34628825585094,33.03229237578209
510.4733665148788,22.78911731545748
510.60044477390664,30.31069895090812
510.7275230329345,28.276637959701088
510.85460129196235,35.15576869643885
510.9816795509902,28.211874093295545
511.10875781001806,39.21437941956236
511.2358360690459,26.84627727201104
511.36291432807377,28.96196074612045
511.4899925871016,28.48507445248293
511.6170708461295,32.75259631391916
511.7441491051573,34.95414945520322
511.8712273641852,30.26013472840539
511.998305623213,31.32707015156905
512.1253838822408,29.690650559470015
512.2524621412687,33.8409760098975
512.3795404002966,26.875513698529318
512.5066186593244,28.65391442538306
512.6336969183523,27.008764818719236
512.7607751773801,28.43510653267329
512.887853436408,34.537524229372494
513.0149316954358,27.66153999839519
513.1420099544637,29.726241651146545
513.2690882134915,20.417102359757056
513.3961664725193,32.45808841181396
513.5232447315473,29.650829455232056
513.6503229905751,32.43259242438532
513.7774012496029,34.97298635404613
513.9044795086307,31.64675479296153
514.0315577676587,33.05059242597761
514.1586360266865,30.93644915984666
514.2857142857143,29.031374580769324
514.4127925447422,30.09932113434104
514.53987080377,32.84243739432743
514.6669490627979,27.70029711610158
514.7940273218258,28.577386804433072
514.9211055808536,35.55340960512533
515.0481838398814,40.17565648380686
515.1752620989093,35.17421863103929
515.3023403579372,32.691689770351715
515.429418616965,23.52031208672507
515.5564968759928,27.116163855592394
515.6835751350206,25.091170921360092
515.8106533940486,29.155061609751236
515.9377316530764,25.829591821215395
516.0648099121042,30.012444166040357
516.1918881711321,24.4085896063352
516.31896643016,30.514633361093257
516.4460446891878,29.507639400048276
516.5731229482157,28.22421319294999
516.7002012072435,32.031747324213335
516.8272794662714,26.319244041770144
516.9543577252992,29.137061031446898
517.0814359843271,24.013177948620367
517.2085142433549,37.538790409049575
517.3355925023827,35.548820645129446
517.4626707614107,32.191567226188766
517.5897490204385,25.884063132316882
517.7168272794663,25.19458587887923
517.8439055384941,34.92945164200345
517.9709837975221,35.659937481385924
518.0980620565499,36.540272855274395
518.2251403155777,25.64345400080809
518.3522185746056,28.201140965211287
518.4792968336334,37.425601536911586
518.6063750926613,21.940682098166242
518.7334533516891,30.620538329465543
518.860531610717,27.117714229900372
518.9876098697448,26.216680132725365
519.1146881287727,29.726112518856173
519.2417663878006,37.50540869171672
519.3688446468284,27.543006014530423
519.4959229058562,29.244919044897813
519.623001164884,29.404137003649826
519.750079423912,35.17608072981235
519.8771576829398,27.340134786438558
520.0042359419676,38.62554559602817
520.1313142009955,33.85863204123318
520.2583924600234,31.971100218322107
520.3854707190512,31.962568605836644
520.512548978079,33.52580135563842
520.6396272371069,22.04746603022619
520.7667054961347,31.231394041303037
520.8937837551626,32.29449590038323
521.0208620141905,27.31848096933896
521.1479402732183,28.04025667656684
521.2750185322461,23.936454830223475
521.4020967912741,25.333124180346314
521.5291750503019,38.02456289889365
521.6562533093297,31.142047921443627
521.7833315683575,35.69641278651513
521.9104098273854,31.076941444843595
522.0374880864133,16.58135027454858
522.1645663454411,24.87104161503281
522.291644604469,28.853421065438265
522.4187228634968,25.17802083176291
522.5458011225247,31.650305593265646
522.6728793815525,26.340423714999407
522.7999576405804,33.732908021151154
522.9270358996082,29.122476580412844
523.054114158636,26.055973926229193
523.181192417664,33.5230330080325
523.3082706766918,22.418994357636322
523.4353489357196,32.18762547185075
523.5624271947474,29.3864784282348
523.6895054537754,31.91282669984933
523.8165837128032,29.147417368365723
523.943661971831,36.443929158591004
524.0707402308589,32.53155250286149
524.1978184898867,33.13756385957491
524.3248967489146,26.668614473325174
524.4519750079425,27.47042462488937
524.5790532669703,34.46473980223176
524.7061315259981,21.503385046484333
524.833209785026,33.456083639333485
524.9602880440539,27.510574705314088
525.0873663030817,39.234446778364145
525.2144445621095,29.980987585798438
525.3415228211375,32.32573682997918
525.4686010801653,28.364964180614923
525.5956793391931,26.592184639604632
525.7227575982209,28.724058717936657
525.8498358572488,20.562626100869004
525.9769141162767,31.528834264474693
526.1039923753045,29.862760188528906
526.2310706343324,33.96169500207203
526.3581488933602,25.327772469780744
526.4852271523881,25.495837450779
526.612305411416,33.644390931964324
526.7393836704438,30.681621665929764
526.8664619294716,17.171955609729334
526.9935401884994,27.30854074672773
527.1206184475274,33.44215787908395
527.2476967065552,29.805776755216584
527.374774965583,24.44041209642492
527.5018532246108,26.920532197675342
527.6289314836388,32.02816570402854
527.7560097426666,31.665903732480942
527.8830880016944,32.7643461433726
528.0101662607223,28.464050451343077
528.1372445197501,33.19906301547521
528.264322778778,29.35348343781694
528.3914010378058,36.34765354779284
528.5184792968337,38.8691351125915
528.6455575558615,28.782205184292437
528.7726358148894,33.08183251768628
528.8997140739173,35.44685935696577
529.0267923329451,29.1628824878587
529.1538705919729,21.172646895694328
529.2809488510007,25.62804323586718
529.4080271100287,35.80487386297182
529.5351053690565,29.74498199980276
529.6621836280843,39.8801293488728
529.7892618871122,29.92159610048636
529.9163401461401,27.8411367994724
530.0434184051679,24.583971699245282
530.1704966641958,21.502256158366404
530.2975749232236,32.95926026437252
530.4246531822514,31.204661812594082
530.5517314412793,35.58730597049128
530.6788097003072,33.100368969001636
530.805887959335,32.321891805207585
530.9329662183628,27.812246215045214
531.0600444773908,29.139976039304802
531.1871227364186,30.93569448540863
531.3142009954464,35.95611667232531
531.4412792544742,26.730544456977942
531.5683575135021,31.00627290277234
531.69543577253,25.0886866592027
531.8225140315578,31.39327419610118
531.9495922905857,30.63748508568227
532.0766705496135,33.79154599593816
532.2037488086414,31.484543807242613
532.3308270676692,30.456627168562825
532.4579053266971,35.624283212816714
532.5849835857249,28.204088361887464
532.7120618447527,34.735902283179826
532.8391401037807,33.8893432058277
532.9662183628085,29.705026370214433
533.0932966218363,28.203096913856125
533.2203748808641,28.1105990870627
533.3474531398921,33.679611381689234
533.4745313989199,34.05153258922951
533.6016096579477,32.353054873902146
533.7286879169756,33.57993658329254
533.8557661760035,23.637326849951965
533.9828444350313,32.36340411774522
534.1099226940592,36.33764912635475
534.237000953087,22.914186269421602
534.3640792121148,38.239758743798824
534.4911574711427,27.103331725842857
534.6182357301706,28.956002715971394
534.7453139891984,29.196136123253172
534.8723922482262,31.345346256715175
534.9994705072542,22.88038168729371
535.126548766282,25.842993521742684
535.2536270253098,26.9018485969013
535.3807052843376,23.928719440600005
535.5077835433655,27.892768600779206
535.6348618023934,29.283392540724673
535.7619400614212,31.21248424160857
535.889018320449,28.274774591550887
536.0160965794769,20.77550286467003
536.1431748385048,33.99894629570431
536.2702530975326,33.645483006639836
536.3973313565605,36.21940875952208
536.5244096155883,41.32154845492496
536.6514878746161,29.632642847007908
536.7785661336441,31.070680152522982
536.9056443926719,30.010332314798422
537.0327226516997,29.106546743985916
537.1598009107275,25.68122472950369
537.2868791697555,24.896635956765625
537.4139574287833,27.54371395960304
537.5410356878111,29.881611181057785
537.668113946839,27.82773369297114
537.7951922058668,27.1898566476293
537.9222704648947,33.61495620630242
538.0493487239225,32.50508098218335
538.1764269829504,23.53741454682858
538.3035052419782,32.391020415192926
538.4305835010061,29.124740685484674
538.557661760034,34.11192729355124
538.6847400190618,23.922994285303893
538.8118182780896,35.88015602315147
538.9388965371174,27.873254962457867
539.0659747961454,34.30396850152839
539.1930530551732,27.73708787536082
539.320131314201,35.79799828810231
539.4472095732289,33.48113770298676
539.5742878322568,23.933532672259222
539.7013660912846,33.81553487699715
539.8284443503125,34.60369097074102
539.9555226093403,34.92578488700757
540.0826008683681,29.544234123402944
540.209679127396,25.08712200063154
540.3367573864239,29.6189727558611
540.4638356454517,23.76876347244817
540.5909139044795,34.508601645813386
540.7179921635075,25.628942313890622
540.8450704225353,30.69480255530849
540.9721486815631,26.736934147860747
541.0992269405909,34.024484940988714
541.2263051996188,34.60271473992629
541.3533834586467,33.50028902163247
541.4804617176745,36.65429019366191
541.6075399767024,36.327700237262334
541.7346182357302,25.894467528142584
541.8616964947581,28.465034510047566
541.988774753786,30.38197654391479
542.1158530128138,39.01604821952584
542.2429312718416,25.86927077522253
542.3700095308695,29.83874897200172
542.4970877898974,34.61546883691471
542.6241660489252,28.202170754941555
542.751244307953,32.00636077594114
542.8783225669808,29.21972906309968
543.0054008260088,21.72315888646983
543.1324790850366,32.538518481813064
543.2595573440644,22.96907910238843
543.3866356030923,41.823066110605964
543.5137138621202,31.84298112452177
543.640792121148,23.88094994930377
543.7678703801759,30.21438673015622
543.8949486392037,35.32046090682467
544.0220268982315,28.28304651637177
544.1491051572594,32.660352554103895
544.2761834162873,32.86597245870496
544.4032616753151,21.05459738794514
544.5303399343429,22.18507738185192
544.6574181933709,26.95754016165923
544.7844964523987,27.200435706679706
544.9115747114265,35.59051657565129
545.0386529704543,28.807366909597512
545.1657312294822,40.06942574555952
545.2928094885101,40.23633581553774
545.4198877475379,31.68840017677334
545.5469660065658,28.325040397863457
545.6740442655936,28.82260443296147
545.8011225246215,35.64054525758878
545.9282007836493,33.014999363757184
546.0552790426772,33.95577796672454
546.182357301705,42.89162606348322
546.3094355607328,34.67263644198267
546.4365138197608,32.39566995953806
546.5635920787886,35.11548715695823
546.6906703378164,36.6090267719044
546.8177485968442,25.533786249834403
546.9448268558722,39.35202960106876
547.0719051149,36.411100500305096
547.1989833739278,20.34905071490791
547.3260616329557,45.584389464607916
547.4531398919835,24.840526292988745
547.5802181510114,41.441447862690396
547.7072964100392,38.86920990424598
547.8343746690671,33.479091845824634
547.9614529280949,28.505015217314206
548.0885311871228,34.98824150003492
548.2156094461507,28.729518820429824
548.3426877051785,37.955208519959136
548.4697659642063,44.141648230690514
548.5968442232341,40.093401996096404
548.7239224822621,40.76709422965371
548.8510007412899,49.345435595801156
548.9780790003177,37.2378723377607
549.1051572593456,34.50176368354326
549.2322355183735,42.37514961032292
549.3593137774013,41.387206806850806
549.4863920364292,49.75648243293982
549.613470295457,38.81953428160489
549.7405485544848,33.93090246393162
549.8676268135127,36.84928595401479
549.9947050725406,35.819871821761325
550.1217833315684,36.0295285304409
550.2488615905962,40.85964192854774
550.3759398496242,47.94588624727553
550.503018108652,48.06476198684848
550.6300963676798,42.61326599902784
550.7571746267076,42.59380766931168
550.8842528857356,45.63007377772085
551.0113311447634,42.99824117741243
551.1384094037912,46.67412137406941
551.265487662819,39.63519803597746
551.3925659218469,44.54234913704025
551.5196441808748,46.69936036578304
551.6467224399026,45.48822339662604
551.7738006989305,52.48276634473521
551.9008789579583,49.27680937004365
552.0279572169862,39.046993114197996
552.1550354760141,47.816234415578386
552.2821137350419,43.62198138716926
552.4091919940697,41.694654149017786
552.5362702530975,56.18882969056091
552.6633485121255,48.78845679128064
552.7904267711533,50.153307106119655
552.9175050301811,49.745240896397334
553.044583289209,47.24109165835971
553.1716615482369,46.537681584434154
553.2987398072647,40.48514847370204
553.4258180662925,57.82388511261571
553.5528963253204,49.42016577444949
553.6799745843482,49.0115231937003
553.8070528433761,60.87899446261345
553.934131102404,51.9068667000647
554.0612093614318,55.527295062531515
554.1882876204596,55.94129943400213
554.3153658794876,57.47472376584747
554.4424441385154,51.09966602935981
554.5695223975432,62.4070948057087
554.696600656571,57.37247744795597
554.8236789155989,58.67138925608443
554.9507571746268,63.87396482991156
555.0778354336546,59.98783506306182
555.2049136926825,58.0931697014417
555.3319919517103,60.808919010549175
555.4590702107382,54.87746066613403
555.586148469766,59.70802940310671
555.7132267287939,55.98740433580697
555.8403049878217,64.77807296388801
555.9673832468495,62.64107088057679
556.0944615058775,59.53702582434394
556.2215397649053,68.58708119293658
556.3486180239331,61.69544587398255
556.4756962829609,69.36506028878047
556.6027745419889,67.6944317364532
556.7298528010167,72.13259349206223
556.8569310600445,69.75650621590873
556.9840093190724,73.9665569838663
557.1110875781002,72.69707226628327
557.2381658371281,79.02579332942233
557.365244096156,64.34663563727699
557.4923223551838,57.67227100236277
557.6194006142116,66.34479374787925
557.7464788732395,66.852835249138
557.8735571322674,67.34884018436121
558.0006353912952,77.09919399669755
558.127713650323,65.6288270900959
558.2547919093508,72.64957592465507
558.3818701683788,78.75758256753355
558.5089484274066,65.82206545344937
558.6360266864344,70.28321393186971
558.7631049454623,78.51397620988719
558.8901832044902,69.33447588279068
559.017261463518,71.47990881752158
559.1443397225459,72.16689040368684
559.2714179815737,76.05442274876566
559.3984962406016,81.99926749318556
559.5255744996294,72.64790810808454
559.6526527586573,86.1120768607679
559.7797310176851,78.08591035609209
559.9068092767129,85.08259428770532
560.0338875357409,70.00919448015162
560.1609657947687,86.86076499358609
560.2880440537965,76.38613254160722
560.4151223128243,77.26330714668059
560.5422005718523,79.11816423423971
560.6692788308801,83.24143774579065
560.7963570899079,81.43425013869337
560.9234353489358,86.76509226956543
561.0505136079636,80.43405498150466
561.1775918669915,82.74154407687432
561.3046701260193,89.73189364493803
561.4317483850472,84.60657326930337
561.558826644075,83.64325660028146
561.6859049031029,82.96703165710275
561.8129831621308,85.8369169288477
561.9400614211586,91.01630041067978
562.0671396801864,85.83154932944092
562.1942179392142,91.42490201753151
562.3212961982422,81.3478505109501
562.44837445727,80.03166390495818
562.5754527162978,84.47396333726222
562.7025309753257,91.30256453263357
562.8296092343536,81.72377111001242
562.9566874933814,89.19262462365936
563.0837657524092,87.06724736695763
563.2108440114371,85.24197827353571
563.3379222704649,86.85439676440059
563.4650005294928,77.67129997798236
563.5920787885207,90.8813348337383
563.7191570475485,91.09215440641985
563.8462353065763,96.39295768584964
563.9733135656043,93.15329842892936
564.1003918246321,88.09657595211863
564.2274700836599,93.62108921607508
564.3545483426877,91.60861429716266
564.4816266017156,85.17871540639294
564.6087048607435,92.79050699872565
564.7357831197713,93.79140109242265
564.8628613787992,87.7348056621581
564.989939637827,86.7725443128938
565.1170178968549,93.97801418971575
565.2440961558827,89.03016885688835
565.3711744149106,91.30686551048723
565.4982526739384,89.14251730060596
565.6253309329662,90.86437719099598
565.7524091919942,89.74957755646491
565.879487451022,90.3630428563226
566.0065657100498,99.79502949682676
566.1336439690776,90.15293562267551
566.2607222281056,97.17235633204754
566.3878004871334,85.16649915102462
566.5148787461612,93.04086231335802
566.641957005189,90.4824268078379
566.7690352642169,94.12683749425673
566.8961135232448,92.72990465345347
567.0231917822726,91.39216361396561
567.1502700413005,84.03953126690722
567.2773483003283,91.59270409701995
567.4044265593562,92.27885100796499
567.5315048183841,80.98598006786487
567.6585830774119,97.54482617589949
567.7856613364397,86.18983481587756
567.9127395954677,88.62756151485254
568.0398178544955,83.85261247113046
568.1668961135233,73.34206124207685
568.2939743725511,85.82510318230803
568.421052631579,84.94227423760158
568.5481308906069,89.67267210577924
568.6752091496347,87.53327166842256
568.8022874086626,78.35474888328125
568.9293656676904,78.64228295753153
569.0564439267183,82.63219061448385
569.1835221857461,81.07697298167461
569.310600444774,81.25244705640138
569.4376787038018,77.17846178898357
569.5647569628296,78.7771569665787
569.6918352218576,76.20588679227876
569.8189134808854,81.86169351857563
569.9459917399132,78.74119697657285
570.073069998941,79.47685493560645
570.200148257969,75.80598074965732
570.3272265169968,76.57541594529323
570.4543047760246,71.95130028574239
570.5813830350525,87.61739083415594
570.7084612940803,77.65602583796047
570.8355395531082,76.47514670829602
570.962617812136,76.8318060973823
571.0896960711639,73.31612422814337
571.2167743301917,75.30210180533155
571.3438525892196,71.5382640192002
571.4709308482475,72.79295467419796
571.5980091072753,67.51907039741906
571.7250873663031,70.97989867150702
571.8521656253309,69.73813201973314
571.9792438843589,70.84489806373442
572.1063221433867,70.45345292551724
572.2334004024145,67.11711851634854
572.3604786614424,64.9174360454038
572.4875569204703,67.22271953438809
572.6146351794981,64.90962649287484
572.741713438526,71.22489059592621
572.8687916975538,68.31338308389219
572.9958699565816,69.77788901781192
573.1229482156095,70.039418564199
573.2500264746374,60.216308684101804
573.3771047336652,66.97465691421218
573.504182992693,63.45331393071308
573.631261251721,53.72680124385254
573.7583395107488,55.20223780434013
573.8854177697766,63.41886855817249
574.0124960288044,52.861312160924555
574.1395742878323,61.13539282957696
574.2666525468602,60.79121380206576
574.393730805888,58.276303687572835
574.5208090649159,63.8901775752054
574.6478873239437,56.36522169944778
574.7749655829716,59.44126941521313
574.9020438419994,61.619576455198185
575.0291221010273,58.104287814524355
575.1562003600551,61.17324925489142
575.2832786190829,59.59760034536774
575.4103568781109,56.09393518716642
575.5374351371387,54.096426238610846
575.6645133961665,54.906167764498115
575.7915916551943,57.50176796027794
575.9186699142223,54.37665930327006
576.0457481732501,60.90304241087217
576.1728264322779,53.46678780188654
576.2999046913058,58.68741051412991
576.4269829503337,52.35687989682742
576.5540612093615,51.07167170977163
576.6811394683893,47.590274886523645
576.8082177274172,47.57869631356981
576.935295986445,49.67969603693763
577.0623742454729,49.449211995945696
577.1894525045008,54.49210405922075
577.3165307635286,51.84768563290217
577.4436090225564,37.986349304853704
577.5706872815844,51.580989248182256
577.6977655406122,48.262304881393206
577.82484379964,50.07806462352347
577.9519220586678,37.54572707438587
578.0790003176957,45.560543287929534
578.2060785767236,41.38595837594997
578.3331568357514,51.849864163280586
578.4602350947793,33.37877265791086
578.5873133538071,37.8923390003729
578.714391612835,43.635371363433535
578.8414698718628,43.63198761869238
578.9685481308907,39.373298520228374
579.0956263899185,41.72901966124013
579.2227046489463,41.54710497532774
579.3497829079743,36.13065827240387
579.4768611670021,36.05101537754807
579.6039394260299,34.347353115184916
579.7310176850577,45.97824792855805
579.8580959440857,40.16325548834649
579.9851742031135,30.559588143993835
580.1122524621413,40.65863030071838
580.2393307211692,41.5239709727689
580.366408980197,36.09891947227475
580.4934872392249,40.969455660659705
580.6205654982527,47.54474816517627
580.7476437572806,32.46617312883626
580.8747220163084,27.661524337421667
581.0018002753363,46.33730135128278
581.1288785343642,38.62662295398311
581.255956793392,26.25070346670676
581.3830350524198,33.480288997616746
581.5101133114476,27.46893678642452
581.6371915704756,31.926155037240562
581.7642698295034,31.97920598693852
581.8913480885312,41.626451271372446
582.0184263475591,40.96818530012681
582.145504606587,34.10069640021433
582.2725828656148,43.67330333605721
582.3996611246426,28.65945137612718
582.5267393836705,37.516359613854725
582.6538176426983,43.221169642472034
582.7808959017262,32.849564681705544
582.9079741607541,35.67650424781063
583.0350524197819,38.25876959908474
583.1621306788097,33.418579370042224
583.2892089378377,29.807588202465936
583.4162871968655,35.3958659878979
583.5433654558933,30.097879600371133
583.6704437149211,27.049064173609903
583.797521973949,23.84680030050614
583.9246002329769,34.95125804556007
584.0516784920047,38.51991077438089
584.1787567510326,39.2041674258694
584.3058350100604,37.5551138193
584.4329132690883,25.74422568572479
584.5599915281161,42.99342241458157
584.687069787144,27.815228735396254
584.8141480461718,41.00393981811045
584.9412263051997,36.77624823905952
585.0683045642276,29.746856106954453
585.1953828232554,35.309338231230974
585.3224610822832,43.180734473207664
585.449539341311,39.276655614684884
585.576617600339,27.680104249107572
585.7036958593668,34.3854402372787
585.8307741183946,33.370603253531854
585.9578523774225,26.609626997966807
586.0849306364504,32.111969483101596
586.2120088954782,30.83682814058957
586.339087154506,22.516740559863976
586.4661654135339,26.232255433706403
586.5932436725617,31.855478395558702
586.7203219315896,32.4565355379437
586.8474001906175,30.448807870121907
586.9744784496453,36.32236809184
587.1015567086731,31.548842019683857
587.228634967701,34.81622036458112
587.3557132267289,31.36593962196263
587.4827914857567,22.21307827441303
587.6098697447845,29.05893790341281
587.7369480038124,40.40120851792207
587.8640262628403,29.27510875412032
587.9911045218681,22.941005308645188
588.118182780896,39.493867020650875
588.2452610399238,29.518650572588825
588.3723392989517,34.17884820727483
588.4994175579795,32.61183190533951
588.6264958170074,25.28675386712118
588.7535740760352,26.13192538640869
588.880652335063,32.600894325249186
589.007730594091,35.805239072183205
589.1348088531188,33.15434312168421
589.2618871121466,22.964852235612337
589.3889653711744,25.091510846165953
589.5160436302024,33.995808942190756
589.6431218892302,29.614459801936636
589.770200148258,37.3502885581627
589.8972784072859,24.570368140234613
590.0243566663137,33.37416907106108
590.1514349253416,31.36101648096284
590.2785131843694,31.762052788491566
590.4055914433973,28.445672824266772
590.5326697024251,24.82686678387161
590.659747961453,20.76754454993344
590.7868262204809,29.220953901120907
590.9139044795087,28.156733083205584
591.0409827385365,25.354814160865192
591.1680609975643,33.43269517393858
591.2951392565923,26.618571303752187
591.4222175156201,25.190298869803964
591.5492957746479,36.1017951055284
591.6763740336758,29.89613867973048
591.8034522927037,32.2231093279441
591.9305305517315,30.935663199791517
592.0576088107593,30.98214118694639
592.1846870697872,35.01249973749055
592.311765328815,24.744724199429662
592.4388435878429,27.62217075138181
592.5659218468708,23.962976518266622
592.6930001058986,21.3402123696166
592.8200783649264,24.482370886073255
592.9471566239544,32.091998985278885
593.0742348829822,33.82674429782397
593.20131314201,35.48860494493505
593.3283914010378,38.8826276624455
593.4554696600658,32.058456378160706
593.5825479190936,31.98949334807454
593.7096261781214,30.058620783409243
593.8367044371493,27.980890502364982
593.9637826961771,31.275970534058658
594.090860955205,28.388707432621803
594.2179392142328,27.49192000769407
594.3450174732607,25.18631323072933
594.4720957322885,23.356564080299023
594.5991739913164,26.67694947270286
594.7262522503443,23.55904541153174
594.8533305093721,33.04027967504269
594.9804087683999,30.970851966863542
595.1074870274277,25.934013629575425
595.2345652864557,27.133967906684685
595.3616435454835,32.12952083361367
595.4887218045113,23.35885834325218
595.6158000635392,40.98768034832247
595.7428783225671,29.433738379377573
595.8699565815949,21.883103746259557
595.9970348406227,30.107201802486067
596.1241130996506,31.96775789635206
596.2511913586784,28.303149012386797
596.3782696177063,22.95627476947436
596.5053478767342,27.67782864987451
596.632426135762,35.494167751663404
596.7595043947898,28.87100223389938
596.8865826538178,40.1754665218288
597.0136609128456,34.71592367768399
597.1407391718734,33.98252276568733
597.2678174309012,33.70843159462288
597.3948956899291,32.077030909562595
597.521973948957,29.565816898029034
597.6490522079848,31.492547409905715
597.7761304670126,22.817814531418364
597.9032087260405,28.321650653300306
598.0302869850684,40.227806244526555
598.1573652440962,31.25590992684536
598.2844435031241,29.359165205393378
598.4115217621519,30.49517099643736
598.5386000211797,24.6887718518709
598.6656782802077,24.659729657639275
598.7927565392355,34.65457078026494
598.9198347982633,36.52466841706358
599.0469130572911,31.583761114499204
599.1739913163191,26.34710593606735
599.3010695753469,31.045673130184912
599.4281478343747,39.66918928552493
599.5552260934026,42.96698764432972
599.6823043524304,27.214941304862293
599.8093826114583,33.719558269056904
599.9364608704861,19.777963890558148
600.063539129514,71.84332812287596
600.1906173885418,70.13254897955488
600.3176956475697,68.18400713435152
600.4447739065976,71.01185726278233
600.5718521656254,71.40396554554009
600.6989304246532,72.14806453826976
600.826008683681,65.12015402039648
600.953086942709,77.32790194948448
601.0801652017368,63.470973855411565
601.2072434607646,65.6659404581816
601.3343217197925,73.86940190031396
601.4613999788204,66.91507677186509
601.5884782378482,74.73214542994474
601.715556496876,68.9875830830786
601.8426347559039,67.1816466138416
601.9697130149318,72.46878908191323
602.0967912739596,68.12215169858578
602.2238695329875,65.69981721307207
602.3509477920153,68.89485323996793
602.4780260510431,72.82671784868651
602.605104310071,66.59605729536194
602.7321825690989,67.82929269901831
602.8592608281267,72.85486683126719
602.9863390871545,65.44197159430173
603.1134173461825,70.98185698643911
603.2404956052103,78.45734900212115
603.3675738642381,70.41802989595888
603.494652123266,81.12453839033464
603.6217303822938,62.27661139395619
603.7488086413217,67.01692591831434
603.8758869003495,69.2879627397765
604.0029651593774,63.782560425577
604.1300434184052,65.74590768005797
604.2571216774331,65.92844825125157
604.384199936461,61.0306459219697
604.5112781954888,63.02049789179284
604.6383564545166,68.95031110653615
604.7654347135444,74.17172911120393
604.8925129725724,72.73203817017881
605.0195912316002,73.66811745787709
605.146669490628,67.74444978788125
605.2737477496559,75.3678523653195
605.4008260086838,67.32001481497448
605.5279042677116,69.05169642205337
605.6549825267394,70.64940538747766
605.7820607857673,67.75664522946133
605.9091390447951,65.57908043694958
606.036217303823,65.42485664944623
606.1632955628509,64.46531213603748
606.2903738218787,63.671638960427984
606.4174520809065,73.31540261058507
606.5445303399345,69.49408013381729
606.6716085989623,74.18625745047967
606.7986868579901,69.27859625811897
606.9257651170179,78.49678556155109
607.0528433760458,63.51002008113693
607.1799216350737,71.21500715338453
607.3069998941015,65.377379618471
607.4340781531293,65.45068655640338
607.5611564121572,77.52406567282537
607.6882346711851,64.451465798014
607.8153129302129,68.87678866645255
607.9423911892408,69.41057164410114
608.0694694482686,70.85115292557532
608.1965477072964,71.13348880843185
608.3236259663244,63.79807445597724
608.4507042253522,65.76753363964572
608.57778248438,69.2779919221549
608.7048607434078,58.694370686791416
608.8319390024358,68.23656159107247
608.9590172614636,67.87880126040724
609.0860955204914,65.43662531186445
609.2131737795193,65.21500240438596
609.3402520385471,75.28972745767123
609.467330297575,73.42970568951323
609.5944085566028,73.06996920139758
609.7214868156307,67.16081976016434
609.8485650746585,68.50727749989056
609.9756433336864,67.83602027623516
610.1027215927143,55.277748108051014
610.2297998517421,65.59319472271733
610.3568781107699,69.73406182267757
610.4839563697979,79.05046914380351
610.6110346288257,75.92642465124936
610.7381128878535,70.38667928772071
610.8651911468813,68.40596008481087
610.9922694059092,72.03869512553287
611.1193476649371,68.98886566149864
611.2464259239649,70.83071611713743
611.3735041829927,65.35562977181107
611.5005824420206,68.5563717530545
611.6276607010485,64.77398535309324
611.7547389600763,69.7405836968659
611.8818172191042,79.14521735673378
612.008895478132,68.87454197219873
612.1359737371598,78.52905924814057
612.2630519961878,71.83474016160766
612.3901302552156,64.14938635254015
612.5172085142434,73.69571655376751
612.6442867732712,69.79574053862824
612.7713650322992,72.73865603712964
612.898443291327,69.58648320372322
613.0255215503548,66.5319490069718
613.1525998093827,63.61565034988269
613.2796780684105,75.5637236739655
613.4067563274384,73.97489813236953
613.5338345864662,78.598308847036
613.6609128454941,66.46882325311165
613.7879911045219,67.45065177866043
613.9150693635498,73.23010921549387
614.0421476225777,71.3632900545461
614.1692258816055,69.58136598174244
614.2963041406333,69.1865609386866
614.4233823996611,72.29087253896088
614.5504606586891,67.2174021740175
614.6775389177169,61.91465279871943
614.8046171767447,66.59253319399247
614.9316954357726,70.03897939473724
615.0587736948005,72.91060217201832
615.1858519538283,70.34457319728608
615.3129302128561,65.86772520792508
615.440008471884,73.07369402007022
615.5670867309118,76.87966693251528
615.6941649899397,65.95455514321614
615.8212432489676,77.63190958626689
615.9483215079954,62.98196469243575
616.0753997670232,73.09470957349458
616.2024780260512,62.77295933813372
616.329556285079,68.94341880714461
616.4566345441068,71.67608169795314
616.5837128031346,74.74073491066204
616.7107910621625,74.98802132671389
616.8378693211904,70.75485506186203
616.9649475802182,69.0000225000726
617.092025839246,69.25034524273558
617.2191040982739,83.36342009684121
617.3461823573018,62.21407699450806
617.4732606163296,67.95557362538437
617.6003388753575,71.26854188740339
617.7274171343853,65.28515642567581
617.8544953934131,76.53574398940565
617.981573652441,62.450659856670526
618.1086519114689,68.32287737753786
618.2357301704967,65.58693424048059
618.3628084295245,67.81027326919785
618.4898866885525,61.99436309794757
618.6169649475803,76.81108587719925
618.7440432066081,76.76336489439228
618.871121465636,70.41142722033317
618.9981997246639,70.83064660044693
619.1252779836917,71.64361437818837
619.2523562427195,66.02765742248945
619.3794345017474,71.8194240092346
619.5065127607752,53.63174943488192
619.6335910198031,71.00047557910908
619.760669278831,70.52851916007603
619.8877475378588,64.79898456534868
620.0148257968866,73.64087883011408
620.1419040559146,71.07649238177113
620.2689823149424,68.7921140345744
620.3960605739702,72.02469322892136
620.523138832998,72.12995919262278
620.6502170920259,73.74092297921304
620.7772953510538,80.39797115041462
620.9043736100816,60.903679066165935
621.0314518691094,66.4513922822663
621.1585301281373,72.55363778683864
621.2856083871652,67.5139851522541
621.412686646193,71.61162943709937
621.5397649052209,66.6473681252562
621.6668431642487,71.47499320376646
621.7939214232765,68.22684592869676
621.9209996823045,63.284541479998765
622.0480779413323,68.49906830369423
622.1751562003601,81.59439489323233
622.3022344593879,69.77894645066425
622.4293127184159,74.59504664040819
622.5563909774437,68.07698338804316
622.6834692364715,73.24464872052734
622.8105474954993,67.02655492359291
622.9376257545272,72.35319312760393
623.0647040135551,62.52679331270988
623.1917822725829,68.32705382036035
623.3188605316108,72.21080147079859
623.4459387906386,71.78154087817484
623.5730170496665,76.71240587286634
623.7000953086944,68.10456476787701
623.8271735677222,69.97866277541709
623.95425182675,65.38581803392732
624.0813300857778,67.99896674653246
624.2084083448058,70.92436750687966
624.3354866038336,70.44919506082512
624.4625648628614,77.00424837320863
624.5896431218893,66.03780644275645
624.7167213809172,69.45824342278091
624.843799639945,74.27065302410733
624.9708778989728,73.5581793421614
625.0979561580007,76.67815037161373
625.2250344170285,69.40571070013539
625.3521126760564,65.65574746549277
625.4791909350843,72.30750954059059
625.6062691941121,74.64562088923844
625.7333474531399,68.02446222894699
625.8604257121679,66.41923187102832
625.9875039711957,81.5272837215849
626.1145822302235,66.74362022070014
626.2416604892513,63.04570845428563
626.3687387482792,69.82505127068391
626.4958170073071,81.07042720863714
626.6228952663349,79.70554984108566
626.7499735253627,74.38954437453559
626.8770517843906,65.52578576708035
627.0041300434185,70.05957649711218
627.1312083024463,64.00482178688742
627.2582865614742,69.0351506766639
627.385364820502,72.71803408835876
627.5124430795299,76.51037913381406
627.6395213385578,66.83900822073889
627.7665995975856,72.98552014745898
627.8936778566134,64.53162652087877
628.0207561156412,71.1064261778572
628.1478343746692,77.06482851154351
628.274912633697,73.12297813809263
628.4019908927248,72.5890866859956
628.5290691517527,71.43277237284072
628.6561474107806,72.7930894781469
628.7832256698084,68.88693875988352
628.9103039288362,73.89104582352634
629.0373821878641,61.684025340918254
629.1644604468919,65.84106992913428
629.2915387059198,69.97180428725511
629.4186169649477,68.86596163776258
629.5456952239755,66.30775188712363
629.6727734830033,73.08319904914998
629.7998517420313,67.1995012029056
629.9269300010591,65.92228653731293
630.0540082600869,75.45669329875412
630.1810865191147,66.94610448379574
630.3081647781426,80.45837628654984
630.4352430371705,68.79989129683904
630.5623212961983,69.14531542412723
630.6893995552261,73.21752488642436
630.816477814254,68.71903674240284
630.9435560732819,75.40250863979776
631.0706343323097,72.84838457422053
631.1977125913376,67.06105001742395
631.3247908503654,64.10114054023023
631.4518691093932,71.118647733488
631.5789473684212,62.523700172145325
631.706025627449,76.13598025835172
631.8331038864768,73.8000652760546
631.9601821455046,73.11229035137211
632.0872604045326,63.0954313899704
632.2143386635604,67.80830874880573
632.3414169225882,68.65521873493701
632.468495181616,64.92324965804234
632.5955734406439,83.00198232676537
632.7226516996718,72.22513611631123
632.8497299586996,59.677546761945315
632.9768082177275,68.04248733686435
633.1038864767553,70.35386323281261
633.2309647357832,71.99195596067882
633.3580429948111,67.01947477917074
633.4851212538389,70.40441337954829
633.6121995128667,73.84125415664685
633.7392777718945,76.02349494389104
633.8663560309225,79.01213762464182
633.9934342899503,64.6414797145975
634.1205125489781,64.78719132864045
634.247590808006,71.32419795350123
634.3746690670339,63.88218008764872
634.5017473260617,76.98117376589217
634.6288255850895,72.50734381912511
634.7559038441174,69.98703455157084
634.8829821031452,75.05456590459139
635.0100603621731,84.1654399315246
635.137138621201,73.065807378394
635.2642168802288,69.62939974765966
635.3912951392566,82.75799459293263
635.5183733982846,69.09719232470928
635.6454516573124,70.17944148063995
635.7725299163402,78.36920825132871
635.899608175368,65.5694866263432
636.026686434396,77.08336190371713
636.1537646934238,69.09148210216263
636.2808429524516,73.77420074106377
636.4079212114794,70.32974065263707
636.5349994705073,75.1351489105948
636.6620777295352,78.42117363671827
636.789155988563,65.45623856699297
636.9162342475909,80.73308477667987
637.0433125066187,73.93442890549602
637.1703907656466,78.05708889163628
637.2974690246745,71.37118770514049
637.4245472837023,78.42070993330539
637.5516255427301,82.62892173528408
637.6787038017579,80.7612175291014
637.8057820607859,74.49351902417612
637.9328603198137,84.16926108183866
638.0599385788415,73.42239233388455
638.1870168378694,78.96131583942865
638.3140950968973,77.05938946210557
638.4411733559251,71.54073124245306
638.5682516149529,78.8453894355347
638.6953298739808,79.25288912219753
638.8224081330086,78.86691694633186
638.9494863920365,73.26779211566007
639.0765646510644,80.94625982365169
639.2036429100922,81.41750138500642
639.33072116912,92.03973458855857
639.457799428148,87.1931523355286
639.5848776871758,69.51340461176305
639.7119559462036,81.46785387934568
639.8390342052314,74.60815447858845
639.9661124642593,83.11416122313383
640.0931907232872,81.4537516679566
640.220268982315,85.80965715279194
640.3473472413428,82.47091463781535
640.4744255003707,86.04505323320546
640.6015037593986,81.83246065638829
640.7285820184264,86.94091260420558
640.8556602774543,93.56611725890224
640.9827385364821,82.23304845750104
641.1098167955099,84.75754949390945
641.2368950545379,90.31679513848319
641.3639733135657,83.3897731489414
641.4910515725935,87.45889706060746
641.6181298316213,87.41209350695914
641.7452080906493,85.12744928512545
641.8722863496771,98.23948962956948
641.9993646087049,81.62043581280975
642.1264428677327,92.28176037477061
642.2535211267606,83.80041220276965
642.3805993857885,91.25227264129478
642.5076776448163,79.93591770918489
642.6347559038442,100.0
642.761834162872,93.70228985048755
642.8889124218999,89.36525656340652
643.0159906809278,92.02537115811009
643.1430689399556,93.16310907544732
643.2701471989834,98.36485774179388
643.3972254580112,100.0
643.5243037170392,83.32424672522961
643.651381976067,87.26993468503541
643.7784602350948,93.08983986471165
643.9055384941227,80.76351978812968
644.0326167531506,93.11632705847337
644.1596950121784,99.08707969904168
644.2867732712062,92.75338416472638
644.4138515302341,92.4176749911245
644.540929789262,92.51426606504191
644.6680080482898,97.40864459100686
644.7950863073177,100.0
644.9221645663455,99.69575371562118
645.0492428253733,99.31243126635619
645.1763210844013,94.03363676552485
645.3033993434291,96.264114897347
645.4304776024569,95.98228543864721
645.5575558614847,95.40804569735228
645.6846341205127,97.29305690418981
645.8117123795405,97.21915520577082
645.9387906385683,100.0
646.0658688975961,100.0
646.192947156624,100.0
646.3200254156519,99.2871763000552
646.4471036746797,100.0
646.5741819337076,100.0
646.7012601927354,100.0
646.8283384517633,95.48284652336278
646.9554167107912,100.0
647.082494969819,100.0
647.2095732288468,100.0
647.3366514878746,100.0
647.4637297469026,100.0
647.5908080059304,100.0
647.7178862649582,100.0
647.844964523986,100.0
647.972042783014,100.0
648.0991210420418,100.0
648.2261993010696,100.0
648.3532775600975,100.0
648.4803558191253,100.0
648.6074340781532,100.0
648.7345123371811,100.0
648.8615905962089,100.0
648.9886688552367,100.0
649.1157471142647,100.0
649.2428253732925,100.0
649.3699036323203,100.0
649.4969818913481,100.0
649.624060150376,100.0
649.7511384094039,100.0
649.8782166684317,100.0
650.0052949274595,100.0
650.1323731864874,100.0
650.2594514455153,100.0
650.3865297045431,100.0
650.513607963571,100.0
650.6406862225988,100.0
650.7677644816266,100.0
650.8948427406546,100.0
651.0219209996824,100.0
651.1489992587102,100.0
651.276077517738,100.0
651.403155776766,100.0
651.5302340357938,100.0
651.6573122948216,100.0
651.7843905538494,100.0
651.9114688128773,100.0
652.0385470719052,100.0
652.165625330933,100.0
652.2927035899609,100.0
652.4197818489887,100.0
652.5468601080166,100.0
652.6739383670445,100.0
652.8010166260723,100.0
652.9280948851001,100.0
653.055173144128,100.0
653.1822514031559,100.0
653.3093296621837,100.0
653.4364079212115,100.0
653.5634861802394,100.0
653.6905644392673,100.0
653.8176426982951,100.0
653.9447209573229,100.0
654.0717992163508,100.0
654.1988774753787,100.0
654.3259557344065,100.0
654.4530339934344,100.0
654.5801122524622,100.0
654.70719051149,100.0
654.834268770518,100.0
654.9613470295458,100.0
655.0884252885736,100.0
655.2155035476014,100.0
655.3425818066294,100.0
655.4696600656572,100.0
655.596738324685,100.0
655.7238165837128,100.0
655.8508948427407,100.0
655.9779731017686,100.0
656.1050513607964,100.0
656.2321296198243,100.0
656.3592078788521,100.0
656.48628613788,100.0
656.6133643969079,100.0
656.7404426559357,100.0
656.8675209149635,100.0
656.9945991739913,100.0
657.1216774330193,100.0
657.2487556920471,100.0
657.3758339510749,100.0
657.5029122101027,100.0
657.6299904691307,100.0
657.7570687281585,100.0
657.8841469871863,100.0
658.0112252462142,100.0
658.138303505242,100.0
658.2653817642699,100.0
658.3924600232978,100.0
658.5195382823256,100.0
658.6466165413534,100.0
658.7736948003813,100.0
658.9007730594092,100.0
659.027851318437,100.0
659.1549295774648,100.0
659.2820078364927,100.0
659.4090860955206,100.0
659.5361643545484,100.0
659.6632426135762,100.0
659.7903208726041,100.0
659.917399131632,100.0
660.0444773906598,100.0
660.1715556496877,100.0
660.2986339087155,100.0
660.4257121677433,100.0
660.5527904267713,100.0
660.6798686857991,100.0
660.8069469448269,100.0
660.9340252038547,100.0
661.0611034628827,100.0
661.1881817219105,100.0
661.3152599809383,100.0
661.4423382399661,100.0
661.5694164989941,100.0
661.6964947580219,100.0
661.8235730170497,100.0
661.9506512760776,100.0
662.0777295351054,100.0
662.2048077941333,100.0
662.3318860531612,100.0
662.458964312189,100.0
662.5860425712168,100.0
662.7131208302447,99.71723434694675
662.8401990892726,100.0
662.9672773483004,100.0
663.0943556073282,100.0
663.221433866356,100.0
663.348512125384,100.0
663.4755903844118,99.31603109162629
663.6026686434396,99.61663492263011
663.7297469024675,100.0
663.8568251614954,100.0
663.9839034205232,98.17581078000066
664.1109816795511,98.02943027152119
664.2380599385789,100.0
664.3651381976067,93.29032482035964
664.4922164566347,96.67119788063967
664.6192947156625,93.20292887530562
664.7463729746903,100.0
664.8734512337181,91.44205360317955
665.0005294927461,100.0
665.1276077517739,96.33716580390191
665.2546860108017,100.0
665.3817642698295,96.51488738468106
665.5088425288574,97.12385179269175
665.6359207878853,100.0
665.7629990469131,97.37711214709533
665.890077305941,84.49305726513889
666.0171555649688,91.76025109164992
666.1442338239967,90.30413418595563
666.2713120830246,91.69412938113072
666.3983903420524,100.0
666.5254686010802,98.2862776693968
666.652546860108,95.1833184074969
666.779625119136,78.45002893704336
666.9067033781638,86.8596689268374
667.0337816371916,84.75930573316924
667.1608598962194,99.28651728111016
667.2879381552474,92.75031918620155
667.4150164142752,83.93175287923673
667.542094673303,90.10811846614408
667.6691729323309,86.37241149551404
667.7962511913587,82.23982194789775
667.9233294503866,87.80727672402469
668.0504077094145,80.83476178193557
668.1774859684423,79.37047313957048
668.3045642274701,96.10910037170062
668.431642486498,86.32241506144166
668.5587207455259,87.10442754020121
668.6857990045537,83.5651604737551
668.8128772635815,89.07748210396434
668.9399555226094,85.11737925460248
669.0670337816373,94.25550893003752
669.1941120406651,81.5242658841089
669.321190299693,82.71388117310548
669.4482685587208,77.83683285867593
669.5753468177487,80.8709824485037
669.7024250767765,73.64192364793433
669.8295033358044,73.99223490976142
669.9565815948322,82.03532189340157
670.0836598538601,75.0196438243603
670.210738112888,72.81468924518386
670.3378163719158,79.71320496279235
670.4648946309436,77.54571006785538
670.5919728899714,73.66999302879407
670.7190511489994,70.04876654143305
670.8461294080272,74.31965675752231
670.973207667055,70.35996901476788
671.1002859260828,82.8238266974236
671.2273641851108,71.56910447695938
671.3544424441386,67.00812904018714
671.4815207031664,84.2774067571482
671.6085989621943,71.5743022241627
671.7356772212221,78.71920011159813
671.86275548025,76.34579028341217
671.9898337392779,76.19189263312533
672.1169119983057,78.93299813760188
672.2439902573335,79.15617882494058
672.3710685163614,74.39418950725825
672.4981467753893,70.74420207559061
672.6252250344171,80.5386093231105
672.7523032934449,63.446344562936574
672.8793815524728,69.16377721584281
673.0064598115007,69.80541593939448
673.1335380705285,79.78598672261596
673.2606163295563,74.79911595752269
673.3876945885842,85.99652706907727
673.5147728476121,74.36768303680721
673.6418511066399,68.4062636903848
673.7689293656678,76.55159732093881
673.8960076246956,72.55779403247202
674.0230858837234,71.32116979907568
674.1501641427514,69.08904621746173
674.2772424017792,70.50033770850901
674.404320660807,73.72274815351108
674.5313989198348,76.57411264265295
674.6584771788628,77.93832293037467
674.7855554378906,70.84128375130055
674.9126336969184,67.89123260619681
675.0397119559462,68.8627134720318
675.1667902149741,71.57662634708872
675.293868474002,76.15815487779331
675.4209467330298,72.04984434917756
675.5480249920577,74.47503898925498
675.6751032510855,70.01407097644046
675.8021815101134,74.20547780898228
675.9292597691413,67.52125931867522
676.0563380281691,73.20270176427857
676.1834162871969,76.69686685630998
676.3104945462247,86.61055095445755
676.4375728052527,68.75453514642143
676.5646510642805,66.05539497643208
676.6917293233083,78.59409132141764
676.8188075823361,65.6251566570179
676.9458858413641,70.52651146290468
677.0729641003919,69.73881523899799
677.2000423594197,69.9278610464737
677.3271206184476,66.84713906007082
677.4541988774754,72.30874580049348
677.5812771365033,78.43449725621922
677.7083553955312,69.28346902515308
677.835433654559,72.09976261372888
677.9625119135868,66.88246773705613
678.0895901726147,73.8124455992191
678.2166684316426,84.07828281162024
678.3437466906704,66.726936805605
678.4708249496982,72.485509641257
678.5979032087262,69.43885576296553
678.724981467754,70.01153750117754
678.8520597267818,76.37579890844603
678.9791379858096,72.46976945611942
679.1062162448375,63.95934752093884
679.2332945038654,69.86910124526806
679.3603727628932,68.54586962027346
679.4874510219211,76.28783450125407
679.6145292809489,63.509734769252425
679.7416075399768,64.69785074226596
679.8686857990047,74.40124258657434
679.9957640580325,75.76237102841176
680.1228423170603,69.7019088704364
680.2499205760881,69.88229763130343
680.3769988351161,61.1187038943328
680.5040770941439,69.69937964676595
680.6311553531717,66.19115819205214
680.7582336121995,75.48342324805903
680.8853118712275,71.88032676731673
681.0123901302553,71.16760927475653
681.1394683892831,70.80212697253629
681.266546648311,70.12275674220616
681.3936249073388,66.82178846265445
681.5207031663667,71.17102495494402
681.6477814253946,71.3210816596143
681.7748596844224,72.75645355423939
681.9019379434502,74.50157552218226
682.0290162024781,72.6468679940223
682.156094461506,71.97786902273853
682.2831727205338,72.9468917873574
682.4102509795616,65.62213930309406
682.5373292385895,63.07642508682433
682.6644074976174,69.02876563594637
682.7914857566452,68.7122309830371
682.918564015673,69.39457638922264
683.0456422747009,77.34817416808951
683.1727205337288,65.82711200299792
683.2997987927566,65.22152458379657
683.4268770517845,77.82829734225976
683.5539553108123,63.646176273908225
683.6810335698401,70.16780854650719
683.808111828868,67.94290960784852
683.9351900878959,61.93378936172671
684.0622683469237,68.3395624595502
684.1893466059515,74.10660481216848
684.3164248649795,71.95400755118114
684.4435031240073,73.98071834496807
684.5705813830351,70.07212302199233
684.697659642063,77.57227979656273
684.8247379010908,72.51651225190308
684.9518161601187,65.82318348440185
685.0788944191465,71.80505385741384
685.2059726781744,62.64879331750414
685.3330509372022,61.644862789785414
685.4601291962301,69.65148758070401
685.587207455258,72.48814122515884
685.7142857142858,69.78114095614492
685.8413639733136,67.72244573411402
685.9684422323414,66.55664015573115
686.0955204913694,68.14899990596962
686.2225987503972,70.1703856939165
686.349677009425,72.07346406956496
686.4767552684528,60.811727639802946
686.6038335274808,75.58899049549458
686.7309117865086,69.93173264539541
686.8579900455364,70.45953459290556
686.9850683045643,69.95726932924944
687.1121465635922,69.62496635623151
687.23922482262,67.26308305451154
687.3663030816479,72.1912589305103
687.4933813406757,68.51484464888756
687.6204595997035,70.46394061328846
687.7475378587314,70.19864380281626
687.8746161177593,68.82479268653043
688.0016943767871,67.13120192244834
688.1287726358149,67.11218727057151
688.2558508948429,68.44883039054868
688.3829291538707,72.86391954980161
688.5100074128985,62.992355544293275
688.6370856719263,61.22989264211319
688.7641639309542,59.39037147945635
688.8912421899821,71.4648568158567
689.0183204490099,63.191253842810376
689.1453987080378,73.92691847623932
689.2724769670656,79.8717774811839
689.3995552260935,76.35578306888502
689.5266334851214,72.39841776181203
689.6537117441492,67.84675275804716
689.780790003177,79.69911635250806
689.9078682622048,77.09064975707264
690.0349465212328,70.89337203683272
690.1620247802606,74.67862836446898
690.2891030392884,71.67005941582775
690.4161812983162,78.60886978919727
690.5432595573442,71.28676674090417
690.670337816372,65.61770811247577
690.7974160753998,69.96060618989328
690.9244943344277,69.3488168258857
691.0515725934555,73.06828986787605
691.1786508524834,67.01339284834906
691.3057291115113,63.73236456022836
691.4328073705391,60.30686554600703
691.5598856295669,73.7932573403688
691.6869638885948,60.12351893963452
691.8140421476227,76.30223283794298
691.9411204066505,69.3532166230336
692.0681986656783,75.9645016185092
692.1952769247061,75.76039053333724
692.3223551837341,72.45661512940572
692.4494334427619,71.2016163187168
692.5765117017897,67.11421157588433
692.7035899608176,69.6611055388334
692.8306682198455,65.39410626671258
692.9577464788733,67.13357007463584
693.0848247379012,60.30273686859391
693.211902996929,72.57450073639427
693.3389812559568,75.50302942431156
693.4660595149847,71.78173909878917
693.5931377740126,73.26698014244946
693.7202160330404,68.2282360841831
693.8472942920682,69.44714717129689
693.9743725510962,66.94948081284129
694.101450810124,66.80410094625391
694.2285290691518,63.418031826993435
694.3556073281796,69.66992630395204
694.4826855872075,73.21234461423201
694.6097638462354,69.01510433466002
694.7368421052632,68.83028873516889
694.8639203642911,69.34755494504842
694.9909986233189,69.19069420989256
695.1180768823468,69.31001357360178
695.2451551413747,74.16280209706008
695.3722334004025,59.3673110800037
695.4993116594303,67.5486342153472
695.6263899184582,69.06377597292423
695.7534681774861,66.746288057308
695.8805464365139,70.02564888382987
696.0076246955417,66.40050124776913
696.1347029545695,74.07690388018784
696.2617812135975,81.33072209642016
696.3888594726253,79.96109031279019
696.5159377316531,73.37741122907768
696.643015990681,73.80982520288585
696.7700942497089,67.04115235021733
696.8971725087367,76.21263112880943
697.0242507677646,66.61201331751319
697.1513290267924,71.64336046474334
697.2784072858202,59.32707004423299
697.4054855448481,65.53572883698972
697.532563803876,78.24000205511355
697.6596420629038,78.39427818889664
697.7867203219316,72.25107291683427
697.9137985809596,73.3550730040495
698.0408768399874,68.62791946738058
698.1679550990152,78.3333004801591
698.295033358043,70.8459360548455
698.4221116170709,72.26250333067622
698.5491898760988,75.64255453503795
698.6762681351266,73.05852054271682
698.8033463941545,71.56301903543714
698.9304246531823,74.10621841992081
699.0575029122102,68.10903144587138
699.184581171238,78.36562893025445
699.3116594302659,62.95105560708164
699.4387376892937,71.05211844720353
699.5658159483215,67.42374332224506
699.6928942073495,71.71062911214452
699.8199724663773,69.96729183702601
699.9470507254051,65.36714654996928
700.074128984433,85.5755637910703
700.2012072434609,72.72310782865678
700.3282855024887,68.7205596232699
700.4553637615165,66.20220147987953
700.5824420205444,66.80512218358977
700.7095202795722,76.19341090278107
700.8365985386001,62.681337375940416
700.963676797628,71.20161641406118
701.0907550566558,74.18313302525783
701.2178333156836,72.87059071495138
701.3449115747115,64.03055571211861
701.4719898337394,70.68997688953921
701.5990680927672,68.80833903168754
701.726146351795,59.41331320006473
701.8532246108228,66.84231482047983
701.9803028698508,73.93711504695307
702.1073811288786,74.90302702660179
702.2344593879064,79.42319286442233
702.3615376469343,69.01900721929267
702.4886159059622,72.99107444015883
702.61569416499,63.57539793063013
702.7427724240179,65.06637457640286
702.8698506830457,71.4382209175702
702.9969289420735,77.18209722969644
703.1240072011014,75.16359933110672
703.2510854601293,68.53052700089964
703.3781637191571,66.8677994995155
703.5052419781849,72.10524672171914
703.6323202372129,69.99047075231631
703.7593984962407,65.2060360287497
703.8864767552685,62.472174357442796
704.0135550142963,70.44627787685572
704.1406332733243,70.7113214434898
704.2677115323521,69.93284265456168
704.3947897913799,75.67769557870855
704.5218680504078,71.52768988211623
704.6489463094356,72.84062180013419
704.7760245684635,71.93064140292024
704.9031028274914,65.47286918591756
705.0301810865192,73.35965177708465
705.157259345547,75.42901319628649
705.284337604575,68.3708139331377
705.4114158636028,73.60407718255678
705.5384941226306,83.91305078791201
705.6655723816584,68.18125361147878
705.7926506406862,68.77847534624627
705.9197288997142,74.25005287531567
706.046807158742,74.94575817992167
706.1738854177698,66.3954019286501
706.3009636767977,67.73044680795974
706.4280419358256,71.31886826982418
706.5551201948534,69.66569087368622
706.6821984538813,66.86206809955286
706.8092767129091,74.19941141082963
706.9363549719369,67.59076383102101
707.0634332309648,75.30928354671903
707.1905114899927,59.65424511415611
707.3175897490205,77.91813514292502
707.4446680080483,68.86739681600623
707.5717462670763,59.214089167063335
707.6988245261041,66.53361193862585
707.8259027851319,69.7411124491554
707.9529810441597,69.71049883859928
708.0800593031876,61.99977036787068
708.2071375622155,72.18636139102387
708.3342158212433,67.22310637535152
708.4612940802712,65.60863915753808
708.588372339299,77.18249745541883
708.7154505983269,69.94985391150743
708.8425288573548,80.16393933144914
708.9696071163826,71.15896988704276
709.0966853754104,67.54630843401144
709.2237636344382,70.94936619341428
709.3508418934662,75.15945577467741
709.477920152494,71.62972039775684
709.6049984115218,70.24180562157717
709.7320766705496,67.09674924732458
709.8591549295776,75.82432450119686
709.9862331886054,73.79776642547371
710.1133114476332,65.60214513751365
710.2403897066611,68.16980795791254
710.3674679656889,60.16393035802686
710.4945462247168,71.36748848023097
710.6216244837447,62.166157299765814
710.7487027427725,74.07362096898476
710.8757810018003,62.00041011041911
711.0028592608282,83.69308726982334
711.1299375198561,74.07619578268276
711.2570157788839,77.70898007367926
711.3840940379117,72.930731077974
711.5111722969395,60.45238030804884
711.6382505559675,75.41476779189014
711.7653288149953,75.92982082808228
711.8924070740231,62.71967529438575
712.019485333051,66.30433322199086
712.1465635920789,67.39426239733122
712.2736418511067,72.06280817950304
712.4007201101346,70.38026152716122
712.5277983691624,69.48125152151705
712.6548766281903,74.49703709381353
712.7819548872181,75.13787676136968
712.909033146246,74.08351499344357
713.0361114052738,72.34535295463628
713.1631896643016,68.22095839475185
713.2902679233296,75.97057763563518
713.4173461823574,75.64256403771995
713.5444244413852,71.12733274565765
713.671502700413,72.27785038840909
713.798580959441,69.05742148080886
713.9256592184688,68.52477295552089
714.0527374774966,71.53612354409606
714.1798157365245,71.03338356902734
714.3068939955523,75.81023421435918
714.4339722545802,66.4735692375829
714.561050513608,74.52441963526063
714.6881287726359,70.5695028471467
714.8152070316637,61.55210329426079
714.9422852906916,64.55012305820017
715.0693635497195,65.9921661029559
715.1964418087473,78.52759446634474
715.3235200677751,78.38716920038573
715.450598326803,66.93184213320492
715.5776765858309,69.99392294863773
715.7047548448587,77.33669331370007
715.8318331038865,65.23110902516632
715.9589113629144,66.84413998432386
716.0859896219423,65.48937307819641
716.2130678809701,71.9746500069455
716.340146139998,76.49932378056657
716.4672243990258,63.884258170240855
716.5943026580536,69.16589776493348
716.7213809170815,78.97629825625046
716.8484591761094,69.33017023260336
716.9755374351372,73.46157325022959
717.102615694165,76.78917134912874
717.229693953193,71.18303149022017
717.3567722122208,72.87216484112625
717.4838504712486,71.0390491951108
717.6109287302764,67.76309857901919
717.7380069893043,62.86139003072837
717.8650852483322,72.85813092443598
717.99216350736,66.90816622287251
718.1192417663879,78.5172407341677
718.2463200254157,62.47308802410812
718.3733982844436,70.96132248292443
718.5004765434714,58.94782752269383
718.6275548024993,70.95809436203847
718.7546330615271,76.28074118726964
718.8817113205549,59.66333226686898
719.0087895795829,63.39528446895275
719.1358678386107,67.20679371534828
719.2629460976385,66.36583867844246
719.3900243566663,70.80986240248197
719.5171026156943,74.03435886868769
719.6441808747221,60.46040795253113
719.7712591337499,68.78623520812091
719.8983373927778,73.08769515861297
720.0254156518056,73.038885059477
720.1524939108335,73.08800646763143
720.2795721698614,63.84206646142645
720.4066504288892,74.90981759095575
720.533728687917,67.11896131538077
720.660806946945,63.18022026896565
720.7878852059728,77.78377836477729
720.9149634650006,74.53275547866879
721.0420417240284,77.50120035900058
721.1691199830564,67.61589972802635
721.2961982420842,71.1191467097543
721.423276501112,73.3005832920497
721.5503547601398,69.33714804248719
721.6774330191677,74.76370919734752
721.8045112781956,68.61045043869764
721.9315895372234,67.74023882223656
722.0586677962513,73.50650646941828
722.1857460552791,75.29369818671799
722.312824314307,77.52297043180401
722.4399025733348,67.07853065169135
722.5669808323627,74.33238972818754
722.6940590913905,68.89924847964893
722.8211373504183,80.39161605147011
722.9482156094463,73.45502553404815
723.0752938684741,68.48464977413664
723.2023721275019,59.73998155150318
723.3294503865297,73.65531294269466
723.4565286455577,79.8447809225605
723.5836069045855,75.53925601281024
723.7106851636133,69.34604136308064
723.8377634226412,68.67941525931442
723.964841681669,66.23183806508499
724.0919199406969,72.83583148280364
724.2189981997248,77.02134222682508
724.3460764587526,77.43212242697763
724.4731547177804,74.37332541037131
724.6002329768083,73.81125872769975
724.7273112358362,59.09589050005482
724.854389494864,79.6969370066322
724.9814677538918,72.10704538757133
725.1085460129196,68.76779278031178
725.2356242719476,74.18323386474164
725.3627025309754,63.228611021745515
725.4897807900032,76.39284694935516
725.6168590490311,72.58046888652682
725.743937308059,69.43369279006015
725.8710155670868,84.00913240434039
725.9980938261147,77.72852240019502
726.1251720851425,81.66735255953466
726.2522503441703,78.00613801164727
726.3793286031982,69.92625375307658
726.5064068622261,76.6102428297016
726.6334851212539,76.16957052668444
726.7605633802817,77.68866275101817
726.8876416393097,81.9400671804203
727.0147198983375,78.57147906146879
727.1417981573653,73.46774935654415
727.2688764163931,82.20491471301206
727.395954675421,76.33479683207345
727.5230329344489,81.45038815999713
727.6501111934767,74.39697236173001
727.7771894525046,74.62935029588407
727.9042677115324,75.13433330988957
728.0313459705603,76.5062496809001
728.1584242295881,71.35071906272968
728.285502488616,75.87859710674117
728.4125807476438,75.86163939035163
728.5396590066716,72.11751089005038
728.6667372656996,80.82501719930512
728.7938155247274,80.9957387912353
728.9208937837552,79.94125904032705
729.047972042783,70.3047733239857
729.175050301811,74.70108165466951
729.3021285608388,80.72575563418997
729.4292068198666,81.19711180152436
729.5562850788945,67.82695357711577
729.6833633379224,77.80681356730412
729.8104415969502,75.45975624212056
729.937519855978,86.7124189064967
730.0645981150059,80.87711746713292
730.1916763740337,80.88151848102598
730.3187546330616,78.00827035121995
730.4458328920895,83.82778687401456
730.5729111511173,80.7230128229479
730.6999894101451,79.33245305448139
730.8270676691731,74.89336197055484
730.9541459282009,81.19129972450538
731.0812241872287,82.40857042623831
731.2083024462565,79.99555000799191
731.3353807052844,78.21323352659522
731.4624589643123,83.97909389942087
731.5895372233401,89.73742834158497
731.716615482368,77.72335973437487
731.8436937413958,83.19259344159592
731.9707720004237,96.80153359934283
732.0978502594515,89.79021181858414
732.2249285184794,92.27186298118568
732.3520067775072,93.18752556834468
732.479085036535,92.24830881691813
732.606163295563,89.59783205797734
732.7332415545908,90.90739888383605
732.8603198136186,92.58122243491279
732.9873980726464,85.85060381005019
733.1144763316744,92.88599939813415
733.2415545907022,98.08474924601693
733.36863284973,83.2994623990266
733.4957111087579,94.01714503468844
733.6227893677857,91.87512573856297
733.7498676268136,93.65194303370946
733.8769458858415,94.29746595237819
734.0040241448693,97.24126332653304
734.1311024038971,97.80549248072161
734.258180662925,100.0
734.3852589219529,94.4722178007058
734.5123371809807,96.95162856183427
734.6394154400085,95.12780689793118
734.7664936990363,89.29935714902143
734.8935719580643,93.52022501526673
735.0206502170921,98.64146175680887
735.1477284761199,100.0
735.2748067351478,94.40221660615151
735.4018849941757,100.0
735.5289632532035,100.0
735.6560415122314,100.0
735.7831197712592,96.11358662955186
735.910198030287,93.36046487928641
736.037276289315,100.0
736.1643545483428,94.98110863968768
736.2914328073706,100.0
736.4185110663984,100.0
736.5455893254264,95.36917917689712
736.6726675844542,100.0
736.799745843482,100.0
736.9268241025098,100.0
737.0539023615377,100.0
737.1809806205656,100.0
737.3080588795934,100.0
737.4351371386213,100.0
737.5622153976491,100.0
737.689293656677,100.0
737.8163719157048,100.0
737.9434501747327,100.0
738.0705284337605,100.0
738.1976066927884,100.0
738.3246849518163,100.0
738.4517632108441,100.0
738.5788414698719,100.0
738.7059197288997,100.0
738.8329979879277,100.0
738.9600762469555,100.0
739.0871545059833,100.0
739.2142327650112,100.0
739.3413110240391,100.0
739.4683892830669,100.0
739.5954675420948,100.0
739.7225458011226,100.0
739.8496240601504,100.0
739.9767023191783,100.0
740.1037805782062,100.0
740.230858837234,100.0
740.3579370962618,100.0
740.4850153552898,100.0
740.6120936143176,100.0
740.7391718733454,100.0
740.8662501323732,100.0
740.9933283914011,100.0
741.120406650429,100.0
741.2474849094568,100.0
741.3745631684847,100.0
741.5016414275125,100.0
741.6287196865404,100.0
741.7557979455682,100.0
741.8828762045961,100.0
742.0099544636239,100.0
742.1370327226517,100.0
742.2641109816797,100.0
742.3911892407075,100.0
742.5182674997353,100.0
742.6453457587631,100.0
742.7724240177911,100.0
742.8995022768189,100.0
743.0265805358467,100.0
743.1536587948746,100.0
743.2807370539024,100.0
743.4078153129303,100.0
743.5348935719582,100.0
743.661971830986,100.0
743.7890500900138,100.0
743.9161283490417,100.0
744.0432066080696,100.0
744.1702848670974,100.0
744.2973631261252,100.0
744.424441385153,100.0
744.551519644181,100.0
744.6785979032088,100.0
744.8056761622366,100.0
744.9327544212645,100.0
745.0598326802924,100.0
745.1869109393202,100.0
745.313989198348,100.0
745.4410674573759,100.0
745.5681457164037,100.0
745.6952239754316,100.0
745.8223022344595,100.0
745.9493804934873,100.0
746.0764587525151,100.0
746.2035370115431,100.0
746.3306152705709,100.0
746.4576935295987,100.0
746.5847717886265,100.0
746.7118500476545,100.0
746.8389283066823,100.0
746.9660065657101,100.0
747.093084824738,100.0
747.2201630837658,100.0
747.3472413427937,100.0
747.4743196018215,100.0
747.6013978608494,100.0
747.7284761198772,100.0
747.8555543789051,100.0
747.982632637933,100.0
748.1097108969608,100.0
748.2367891559886,100.0
748.3638674150164,100.0
748.4909456740444,100.0
748.6180239330722,100.0
748.7451021921,100.0
748.8721804511279,100.0
748.9992587101558,100.0
749.1263369691836,100.0
749.2534152282115,100.0
749.3804934872393,100.0
749.5075717462671,100.0
749.634650005295,100.0
749.7617282643229,100.0
749.8888065233507,100.0
750.0158847823785,73.79620745783592
750.1429630414065,73.02806491106958
750.2700413004343,79.96381315479607
750.3971195594621,65.92602943158465
750.5241978184899,72.35405431695193
750.6512760775178,81.20845929167416
750.7783543365457,78.17010828357887
750.9054325955735,70.58264401777934
751.0325108546014,78.57005380097262
751.1595891136292,68.21701071894812
751.2866673726571,67.56975991396804
751.413745631685,67.91588875897696
751.5408238907128,70.71317331374195
751.6679021497406,75.57786325504395
751.7949804087684,66.3856345965672
751.9220586677964,66.58591127780288
752.0491369268242,72.68651629991918
752.176215185852,61.659780651535186
752.3032934448798,69.89145056177867
752.4303717039078,69.13423684846502
752.5574499629356,67.70933864726797
752.6845282219634,74.08941577598787
752.8116064809913,61.534288242179436
752.9386847400191,68.22903477883813
753.065762999047,65.74760386863684
753.1928412580748,63.90715950576314
753.3199195171027,68.28273042401312
753.4469977761305,62.896780933829625
753.5740760351584,59.97574126076632
753.7011542941863,56.3668926215112
753.8282325532141,65.32262852017175
753.9553108122419,66.17941650892118
754.0823890712697,64.28689241674768
754.2094673302977,62.0666016704014
754.3365455893255,58.07389400450921
754.4636238483533,57.160225779222614
754.5907021073812,58.49147183437546
754.7177803664091,67.07882200684566
754.8448586254369,47.44964039111211
754.9719368844648,50.09186228878602
755.0990151434926,56.01830103629348
755.2260934025205,52.7227525716665
755.3531716615483,61.3892083074984
755.4802499205762,51.9175931922902
755.607328179604,51.8441529721385
755.7344064386318,41.07036088556869
755.8614846976598,59.22567955607202
755.9885629566876,43.08175660138882
756.1156412157154,48.90490408160025
756.2427194747432,42.21660379071665
756.3697977337712,51.31905993685619
756.496875992799,40.55814164208728
756.6239542518268,46.62975865674069
756.7510325108547,46.80765534193731
756.8781107698825,41.685530275308565
757.0051890289104,55.32814400123733
757.1322672879382,41.00030705098
757.2593455469661,45.00459675589144
757.3864238059939,39.03275466150474
757.5135020650218,43.98513140583248
757.6405803240497,50.613606924840525
757.7676585830775,37.93492147471816
757.8947368421053,47.70830029767403
758.0218151011331,51.625682003268494
758.1488933601611,41.06243074763783
758.2759716191889,39.68592301986021
758.4030498782167,39.70577097938016
758.5301281372446,39.156421364470944
758.6572063962725,41.824099116917495
758.7842846553003,44.68509927465293
758.9113629143282,40.69899657945858
759.038441173356,50.48959649336136
759.1655194323838,46.993405751904305
759.2925976914117,43.232006873711114
759.4196759504396,44.179735127959134
759.5467542094674,43.69273854854359
759.6738324684952,41.98679512552857
759.8009107275232,38.01629644101128
759.927988986551,46.50925728285406
760.0550672455788,36.38123720035306
760.1821455046066,39.118039404697996
760.3092237636345,38.67477437647788
760.4363020226624,35.773068622339025
760.5633802816902,43.246516288288674
760.690458540718,31.666386741543675
760.8175367997459,42.9854796249069
760.9446150587738,35.78235222608194
761.0716933178016,33.53574293549198
761.1987715768295,34.74571482259143
761.3258498358573,40.388887889866595
761.4529280948851,42.458903682344
761.5800063539131,40.44998037656714
761.7070846129409,36.739541253364365
761.8341628719687,39.56123787118494
761.9612411309965,36.731160685857645
762.0883193900245,35.92692225881666
762.2153976490523,40.767936922951016
762.3424759080801,35.33362845693677
762.469554167108,40.56086487709935
762.5966324261358,44.456277251346876
762.7237106851637,35.83455994375155
762.8507889441915,31.32032822082875
762.9778672032194,35.055032342051156
763.1049454622472,38.921776391761234
763.2320237212751,35.19731999911649
763.359101980303,37.3195368676597
763.4861802393308,39.49268740275308
763.6132584983586,40.384492307582505
763.7403367573866,38.50999000770077
763.8674150164144,33.12187769696388
763.9944932754422,33.65298895355989
764.12157153447,33.3385517703662
764.2486497934979,29.5298121464945
764.3757280525258,32.38390211739646
764.5028063115536,34.37640838176153
764.6298845705815,31.35463240707269
764.7569628296093,41.94168158035342
764.8840410886372,37.12519924191705
765.011119347665,40.638743844988895
765.1381976066929,32.680367859342965
765.2652758657207,36.533031147986975
765.3923541247485,28.154419789523587
765.5194323837765,43.416694822582926
765.6465106428043,44.311056055452624
765.7735889018321,30.533944761069243
765.9006671608599,25.36476501351033
766.0277454198879,37.42313883964752
766.1548236789157,30.947146947657505
766.2819019379435,25.451948514375538
766.4089801969714,29.7151553511097
766.5360584559992,30.96586179227322
766.6631367150271,24.439024152430402
766.790214974055,27.65452917461492
766.9172932330828,37.260290802967965
767.0443714921106,27.5883786900778
767.1714497511385,34.142561463217724
767.2985280101664,32.315838542734035
767.4256062691942,30.495473315009903
767.552684528222,38.080629111092165
767.6797627872498,31.247478712866418
767.8068410462778,33.861000557586756
767.9339193053056,37.13597462466821
768.0609975643334,26.337471598260123
768.1880758233613,35.0385808512001
768.3151540823892,32.26968329763689
768.442232341417,40.45350567808302
768.5693106004449,33.1051001706222
768.6963888594727,39.60000914436087
768.8234671185005,33.54820971700786
768.9505453775284,30.979624282249596
769.0776236365563,24.647940119267712
769.2047018955841,30.588914358655682
769.3317801546119,35.392298416727925
769.4588584136399,34.64503744691492
769.5859366726677,31.646095673023297
769.7130149316955,31.348613918008496
769.8400931907233,30.957453673925006
769.9671714497512,26.053966423440485
770.0942497087791,28.872379837205163
770.2213279678069,35.62954024323737
770.3484062268348,28.276150540793182
770.4754844858626,24.174153119071516
770.6025627448905,25.3918358654593
770.7296410039183,29.910362232219658
770.8567192629462,40.80320956770585
770.983797521974,30.55285220909912
771.1108757810018,34.03727241749374
771.2379540400298,33.182889421219706
771.3650322990576,31.343744832594126
771.4921105580854,39.789607633004714
771.6191888171132,32.5789801601883
771.7462670761412,31.475359358017098
771.873345335169,27.07870002606877
772.0004235941968,28.189025671641005
772.1275018532247,33.78926784168072
772.2545801122526,24.61291770493264
772.3816583712804,30.93618127487567
772.5087366303082,31.63415965238854
772.6358148893361,34.54567484934121
772.7628931483639,26.786233648894196
772.8899714073918,26.468994611165957
773.0170496664197,25.94497386506044
773.1441279254475,33.311448083576416
773.2712061844753,33.35461653753408
773.3982844435033,31.82083403922747
773.5253627025311,28.84427649218432
773.6524409615589,19.681727747459526
773.7795192205867,22.610346528312938
773.9065974796146,28.98419083207587
774.0336757386425,36.83281417524525
774.1607539976703,23.287493313573922
774.2878322566982,34.59316931310245
774.414910515726,27.04072246121531
774.5419887747539,29.308334928833794
774.6690670337817,25.31987033348613
774.7961452928096,30.225930261274694
774.9232235518374,36.439633687053885
775.0503018108652,25.090754497206937
775.1773800698932,19.437737161620845
775.304458328921,27.9234498047361
775.4315365879488,26.372997541684743
775.5586148469766,31.05841832891215
775.6856931060046,19.89817089431142
775.8127713650324,34.89842073371106
775.9398496240602,36.43538209047425
776.066927883088,29.295189702563302
776.1940061421159,25.999669116435875
776.3210844011438,32.10579111116016
776.4481626601716,36.264291850466215
776.5752409191995,31.486372922715834
776.7023191782273,37.276275312293805
776.8293974372552,35.29662022303602
776.9564756962831,34.16760084155971
777.0835539553109,37.11461280190279
777.2106322143387,33.16620709217296
777.3377104733665,18.64566005578671
777.4647887323945,31.214922619397207
777.5918669914223,32.52298082539795
777.7189452504501,25.20485332994289
777.846023509478,36.46553394093517
777.9731017685059,27.19953255735787
778.1001800275337,34.59485340888135
778.2272582865616,29.145059680051006
778.3543365455894,23.916115183258746
778.4814148046172,30.455670628150717
778.6084930636451,28.195871678008686
778.735571322673,42.68430975464656
778.8626495817008,29.526649655545015
778.9897278407286,26.380978769983027
779.1168060997566,31.902253154879197
779.2438843587844,33.1233344371501
779.3709626178122,33.09434560858473
779.49804087684,18.32505396967693
779.6251191358679,38.54965498044323
779.7521973948958,22.048788657178534
779.8792756539236,31.0808856467546
780.0063539129515,24.51026761758774
780.1334321719793,34.89597972858114
780.2605104310072,21.906844649535852
780.387588690035,30.948826638007827
780.5146669490629,23.14598795714736
780.6417452080907,34.97878012023946
780.7688234671186,25.741105771545662
780.8959017261465,31.502971485820158
781.0229799851743,32.707623823742786
781.1500582442021,43.264759659820484
781.2771365032299,27.872560018186846
781.4042147622579,28.7798589289283
781.5312930212857,30.30144554433278
781.6583712803135,32.10360095663001
781.7854495393414,26.004352869426015
781.9125277983693,25.87932670989229
782.0396060573971,31.89728380051195
782.166684316425,25.297615954695722
782.2937625754528,33.183132963968205
782.4208408344806,32.842691621461356
782.5479190935085,28.302734574281093
782.6749973525364,30.06448850912045
782.8020756115642,25.267170338182655
782.929153870592,28.971580738659295
783.05623212962,27.472775203521593
783.1833103886478,32.7889198178297
783.3103886476756,29.951767479346987
783.4374669067034,17.0119718841243
783.5645451657313,22.09877244335665
783.6916234247592,32.911436514368454
783.818701683787,19.00904269169864
783.9457799428149,22.03717259779037
784.0728582018427,28.38225403503518
784.1999364608706,41.64979517030908
784.3270147198984,19.306340270870713
784.4540929789263,32.6159832562871
784.5811712379541,27.90610535490935
784.7082494969819,31.13484591648826
784.8353277560099,26.11068997564939
784.9624060150377,35.24050176052893
785.0894842740655,27.76435437852455
785.2165625330933,24.465455584244978
785.3436407921213,27.972153350955985
785.4707190511491,21.662933740187427
785.5977973101769,26.523730778347574
785.7248755692048,34.68201162840447
785.8519538282326,34.938169872876074
785.9790320872605,32.67690082323147
786.1061103462883,27.908678515396346
786.2331886053162,30.24238836892477
786.360266864344,33.13260467805056
786.4873451233719,24.065568691787238
786.6144233823998,31.191523314470846
786.7415016414276,34.87417591201107
786.8685799004554,30.390629197191984
786.9956581594832,39.86307823097628
787.1227364185112,32.068865898226974
787.249814677539,35.12051464505085
787.3768929365668,26.740948156927637
787.5039711955947,24.292199913160953
787.6310494546226,30.916096420234375
787.7581277136504,36.17863797130392
787.8852059726782,31.072872320613403
788.0122842317061,20.211842171091092
788.1393624907339,30.28533448110757
788.2664407497618,30.318100841166924
788.3935190087897,26.568617037983838
788.5205972678175,24.295537632535726
788.6476755268453,29.19672429665774
788.7747537858733,32.6414406897254
788.9018320449011,25.425241243424914
789.0289103039289,29.079121886744577
789.1559885629567,33.729690507508295
789.2830668219846,36.2547619405353
789.4101450810125,32.15351310607582
789.5372233400403,28.643501662199206
789.6643015990682,29.804609292820444
789.791379858096,23.067101839846693
789.9184581171239,31.503639879118595
790.0455363761517,32.44903510118697
790.1726146351796,18.439000929081324
790.2996928942074,29.838252965755927
790.4267711532353,23.240897189411214
790.5538494122632,33.007888765470625
790.680927671291,32.02412527059671
790.8080059303188,27.8344264049867
790.9350841893466,31.679850128335563
791.0621624483746,38.80487916660079
791.1892407074024,33.907736180726374
791.3163189664302,34.90177565652242
791.443397225458,23.730768365765083
791.570475484486,31.20735706259877
791.6975537435138,26.458068603925398
791.8246320025416,29.649431659065524
791.9517102615695,35.161347168229504
792.0787885205973,39.425531337109035
792.2058667796252,35.44128318253623
792.3329450386531,29.32454120873687
792.4600232976809,22.43723441115862
792.5871015567087,27.16773461022171
792.7141798157367,25.627795372720776
792.8412580747645,29.92567584219499
792.9683363337923,20.153617139637113
793.0954145928201,29.978335387005494
793.222492851848,25.496710727498577
793.3495711108759,31.107307294877735
793.4766493699037,25.365814382817774
793.6037276289316,26.156474844659495
793.7308058879594,28.169740921943976
793.8578841469873,30.76549856902113
793.9849624060151,30.225579152976913
794.112040665043,35.10381297225999
794.2391189240708,32.39328040627707
794.3661971830986,41.402862673196154
794.4932754421266,34.68403671828478
794.6203537011544,23.813112454198418
794.7474319601822,38.46852287184247
794.87451021921,30.002353002724057
795.001588478238,28.736858321115776
795.1286667372658,25.161317071613837
795.2557449962936,35.56357168167468
795.3828232553215,26.840434227349636
795.5099015143493,24.1037507922762
795.6369797733772,27.051887059334504
795.764058032405,27.21319301318876
795.8911362914329,25.901700876969926
796.0182145504607,17.947782423670482
796.1452928094886,30.523150432668643
796.2723710685165,20.297084253723654
796.3994493275443,36.36820069953838
796.5265275865721,30.95425357669195
796.6536058455999,21.045697016530532
796.7806841046279,25.821447672429816
796.9077623636557,27.988563882326712
797.0348406226835,33.591596312993126
797.1619188817114,41.75635118668534
797.2889971407393,37.01145995416078
797.4160753997671,23.776414508019354
797.543153658795,31.810456783891656
797.6702319178228,25.09989004734567
797.7973101768506,34.008537939534435
797.9243884358785,26.604431856359017
798.0514666949064,29.371055011399953
798.1785449539342,22.07282583604902
798.305623212962,30.343374949442378
798.43270147199,30.17112145549798
798.5597797310178,27.294555790880647
798.6868579900456,33.29143453599408
798.8139362490734,26.34287405605555
798.9410145081014,35.29377446258612
799.0680927671292,22.15591949479444
799.195171026157,28.769750409942557
799.3222492851849,30.24539493156767
799.4493275442127,40.93264614058177
799.5764058032406,29.166757382477456
799.7034840622684,27.198669199629965
799.8305623212963,27.382428571916293
799.9576405803241,23.95873990033824
800.084718839352,22.819176929893484
800.2117970983799,20.521987471516756
800.3388753574077,25.97069482248829
800.4659536164355,33.176952700669716
800.5930318754633,30.571807667372642
800.7201101344913,26.79708810230194
800.8471883935191,36.67704592506957
800.9742666525469,26.34905713166926
801.1013449115748,35.6204417867625
801.2284231706027,29.24358885033635
801.3555014296305,28.97779411092269
801.4825796886583,22.684814807780455
801.6096579476862,34.076591118916
801.736736206714,31.078523951655356
801.8638144657419,26.617129946065177
801.9908927247698,32.017065543359394
802.1179709837976,32.923512285835294
802.2450492428254,37.60551694768502
802.3721275018534,31.022404096125626
802.4992057608812,24.74293734292653
802.626284019909,26.858005643192485
802.7533622789368,27.68457629553027
802.8804405379647,28.863710954043196
803.0075187969926,29.70112032139131
803.1345970560204,28.44549202903622
803.2616753150483,43.507509324319486
803.3887535740761,29.82725035607601
803.515831833104,25.102805827758793
803.6429100921318,32.3240331873607
803.7699883511597,34.329682799669264
803.8970666101875,27.942242041127805
804.0241448692153,33.27229767086117
804.1512231282433,29.36569463704578
804.2783013872711,28.867909997308047
804.4053796462989,29.422934028741075
804.5324579053267,25.220223212335
804.6595361643547,27.94065892701087
804.7866144233825,28.86240384463966
804.9136926824103,31.829636713254075
805.0407709414382,30.964238778910982
805.167849200466,18.847954159852424
805.2949274594939,28.15810331506019
805.4220057185217,28.90535553004234
805.5490839775496,27.306004820793333
805.6761622365774,30.976273465718425
805.8032404956053,27.465196812207914
805.9303187546332,31.268599401033722
806.057397013661,28.80849596741747
806.1844752726888,28.41398383860052
806.3115535317166,35.48561898176216
806.4386317907446,26.744192121918598
806.5657100497724,38.83459891867353
806.6927883088002,31.09446059862984
806.8198665678281,31.276453794133353
806.946944826856,27.642602550058275
807.0740230858838,29.972817969773555
807.2011013449116,24.965343111904403
807.3281796039395,27.404756247290404
807.4552578629674,30.6235930010899
807.5823361219952,36.67240219192642
807.7094143810231,24.17883153824705
807.8364926400509,13.418815354617575
807.9635708990787,36.19061615310601
808.0906491581067,31.67659661896328
808.2177274171345,24.16335754439304
808.3448056761623,31.63773377577254
808.4718839351901,30.090342336033775
808.5989621942181,30.732248713671876
808.7260404532459,26.02120329301311
808.8531187122737,32.49436183424285
808.9801969713016,27.823592750988517
809.1072752303294,31.97131256176151
809.2343534893573,31.134268837613178
809.3614317483851,29.286845873074302
809.488510007413,26.48667230325457
809.6155882664408,33.69075638712543
809.7426665254687,34.21475792678283
809.8697447844966,27.959374220764687
809.9968230435244,17.697978346847545
810.1239013025522,29.497539856964412
810.25097956158,23.154830294962576
810.378057820608,33.77070081930821
810.5051360796358,37.80188523322089
810.6322143386636,28.725468761067415
810.7592925976915,28.767119523084016
810.8863708567194,26.808759216360368
811.0134491157472,28.531056276500497
811.140527374775,32.238894254187954
811.2676056338029,36.72438093733954
811.3946838928307,30.907717168768755
811.5217621518586,22.93826661438165
811.6488404108865,36.928351697731046
811.7759186699143,27.14117362200781
811.9029969289421,35.66387571993838
812.03007518797,29.53864171711936
812.1571534469979,28.095769081040935
812.2842317060257,31.584144317881798
812.4113099650535,16.500410221199438
812.5383882240814,34.52730460758676
812.6654664831093,44.571865424055964
812.7925447421371,32.544662086348126
812.919623001165,28.86165561958601
813.0467012601928,29.299725746945196
813.1737795192207,34.893937675893
813.3008577782485,34.041315011280155
813.4279360372764,29.703238726763754
813.5550142963042,34.92127652780537
813.682092555332,34.453570767691865
813.80917081436,26.867216114688453
813.9362490733878,35.41121804884022
814.0633273324156,34.28426010600494
814.1904055914434,34.862139638244855
814.3174838504714,43.261360939904414
814.4445621094992,32.79984350889737
814.571640368527,33.547857463955204
814.6987186275549,25.63971582595764
814.8257968865827,39.82110844177051
814.9528751456106,32.88135281111781
815.0799534046384,27.777217670804127
815.2070316636663,37.59344784532204
815.3341099226941,35.109367880475986
815.461188181722,32.240822775537
815.5882664407499,31.0312965377798
815.7153446997777,37.981995228884585
815.8424229588055,28.12945308972132
815.9695012178335,37.72117627763469
816.0965794768613,30.841952328281444
816.2236577358891,35.04906386025509
816.3507359949169,32.50621173985741
816.4778142539448,37.57467226475526
816.6048925129727,35.13815457806963
816.7319707720005,31.50426927356188
816.8590490310283,34.75500987165082
816.9861272900562,43.567631180302676
817.1132055490841,34.29877265431032
817.2402838081119,31.73641517518841
817.3673620671398,27.565621469557446
817.4944403261676,35.10289787275587
817.6215185851954,37.66962597990152
817.7485968442234,37.90253062745443
817.8756751032512,24.915006715709485
818.002753362279,40.72791215189884
818.1298316213068,42.773461549477744
818.2569098803348,44.481711550888015
818.3839881393626,41.11687144062425
818.5110663983904,37.38978712263123
818.6381446574183,40.66808526665947
818.7652229164461,30.6202816201357
818.892301175474,31.720424181538995
819.0193794345018,32.3445999759419
819.1464576935297,41.7990870812854
819.2735359525575,50.951722392267676
819.4006142115854,43.16163971765683
819.5276924706133,45.65533552379401
819.6547707296411,35.23273495039418
819.7818489886689,41.388130585367904
819.9089272476967,36.309314138890265
820.0360055067247,44.64945635476748
820.1630837657525,42.89620165832151
820.2901620247803,36.29530735645192
820.4172402838082,42.22177314421254
820.5443185428361,39.28438919485126
820.6713968018639,43.73619442419332
820.7984750608917,41.06748590584289
820.9255533199196,41.00891106998778
821.0526315789474,42.16916410417302
821.1797098379753,41.76579179414717
821.3067880970032,48.314229692891196
821.433866356031,38.65109847145368
821.5609446150588,40.68115954536191
821.6880228740868,35.99014349619517
821.8151011331146,46.57163915889802
821.9421793921424,40.31019273212024
822.0692576511702,51.896286114815304
822.1963359101981,54.919492741792524
822.323414169226,49.94598408802553
822.4504924282538,49.403760831472205
822.5775706872816,46.2910657188885
822.7046489463095,47.55902282594571
822.8317272053374,53.72547821069638
822.9588054643652,49.9540226893718
823.0858837233931,50.891226505126845
823.2129619824209,48.12347259967774
823.3400402414487,53.499964902031465
823.4671185004767,50.57625449114588
823.5941967595045,50.1357009620664
823.7212750185323,58.66790189249507
823.8483532775601,54.08630697956095
823.9754315365881,54.27331721969646
824.1025097956159,59.78805404756132
824.2295880546437,47.13188844508423
824.3566663136716,54.23050118816481
824.4837445726995,48.47266483989326
824.6108228317273,61.985657451263556
824.7379010907551,56.82757189569364
824.864979349783,51.64386079657189
824.9920576088108,56.10270165026887
825.1191358678387,62.534899915865125
825.2462141268666,65.28368103490523
825.3732923858944,66.78260805387018
825.5003706449222,67.86631431768923
825.6274489039502,61.774589915455635
825.754527162978,65.08259786565658
825.8816054220058,68.27282345611657
826.0086836810336,60.0012274150633
826.1357619400615,60.269151954422476
826.2628401990894,69.37663971366304
826.3899184581172,62.89320118110881
826.516996717145,69.60092735731267
826.6440749761729,67.2491700479458
826.7711532352008,65.67280794693785
826.8982314942286,76.20760593168102
827.0253097532565,70.69484696636485
827.1523880122843,70.31771072402279
827.2794662713121,62.73561957126624
827.40654453034,61.220589377685656
827.5336227893679,69.40675000294875
827.6607010483957,67.78865206485268
827.7877793074235,70.71008413749416
827.9148575664515,64.15214653945985
828.0419358254793,72.16890968200377
828.1690140845071,79.8978079190043
828.296092343535,80.40011573867972
828.4231706025628,72.23090526290768
828.5502488615907,74.21741778211558
828.6773271206185,76.60001584792734
828.8044053796464,78.46500158696216
828.9314836386742,72.54816592139491
829.0585618977021,74.72113139282126
829.18564015673,77.5067286127956
829.3127184157578,81.08409982035877
829.4397966747856,78.83311349512485
829.5668749338134,78.52749173702074
829.6939531928414,78.45047251836642
829.8210314518692,77.21261254909314
829.948109710897,66.65741715615934
830.0751879699249,85.1469267502043
830.2022662289528,88.11376071111923
830.3293444879806,79.34112302759547
830.4564227470084,80.31870392540164
830.5835010060363,82.05564582080467
830.7105792650641,82.0347809293922
830.837657524092,82.16666498926367
830.9647357831199,87.54694759353535
831.0918140421477,88.08104807674658
831.2188923011755,77.61743947880474
831.3459705602035,89.36190013783948
831.4730488192313,91.20867828129025
831.6001270782591,92.52801456673703
831.7272053372869,90.26494562987605
831.8542835963148,90.47613786137528
831.9813618553427,87.33547808384444
832.1084401143705,87.83111225200804
832.2355183733983,81.93386809823492
832.3625966324262,89.77671531369086
832.4896748914541,87.88075254966884
832.6167531504819,87.90735319202679
832.7438314095098,76.83831137289252
832.8709096685376,87.33919625945289
832.9979879275655,95.02674393673276
833.1250661865934,90.67057954879047
833.2521444456212,86.57710587775006
833.379222704649,83.08195746739906
833.5063009636768,84.37605775737815
833.6333792227048,91.3208805244113
833.7604574817326,91.43574308189409
833.8875357407604,90.97924918359462
834.0146139997883,98.95234617412899
834.1416922588162,92.51320576995141
834.268770517844,96.48553207653148
834.3958487768718,93.7587038895492
834.5229270358997,97.50636940168218
834.6500052949275,97.19198118150305
834.7770835539554,97.04035433063046
834.9041618129833,84.12541708484639
835.0312400720111,90.32778486614329
835.1583183310389,94.88074061280633
835.2853965900669,83.30057319022302
835.4124748490947,93.16272492497393
835.5395531081225,93.57489893161298
835.6666313671503,93.13649364568442
835.7937096261782,90.29597186488695
835.9207878852061,93.48900221819113
836.0478661442339,90.12552559724053
836.1749444032617,86.03137971603255
836.3020226622896,81.60314117688361
836.4291009213175,91.29241589109546
836.5561791803453,96.4179742914155
836.6832574393732,87.51604654042285
836.810335698401,85.2704734234186
836.9374139574288,93.30520623211025
837.0644922164568,90.73112962493566
837.1915704754846,87.54260609520637
837.3186487345124,88.76728558495307
837.4457269935402,85.87936534894766
837.5728052525682,88.97101836522327
837.699883511596,83.08079105393003
837.8269617706238,87.7479467458233
837.9540400296517,99.81894347656952
838.0811182886795,79.33425892808187
838.2081965477074,83.48410921656293
838.3352748067352,80.60944564762413
838.4623530657631,84.15579317849625
838.5894313247909,89.20552548129717
838.7165095838188,90.08715190479347
838.8435878428467,90.35903674876106
838.9706661018745,81.03652658653209
839.0977443609023,74.11124591544996
839.2248226199301,73.60674054691009
839.3519008789581,84.14359886357016
839.4789791379859,83.21767727006727
839.6060573970137,76.78865565643069
839.7331356560416,76.85863306313135
839.8602139150695,78.6649527995681
839.9872921740973,80.10863352720811
840.1143704331251,76.62373563858333
840.241448692153,78.69265280400536
840.3685269511808,75.05369698633909
840.4956052102087,77.55974117452618
840.6226834692366,77.79998803762996
840.7497617282644,73.94956919306387
840.8768399872922,69.54834128321657
841.0039182463202,70.43832140366462
841.130996505348,79.49881202409223
841.2580747643758,69.95423239717913
841.3851530234036,70.50299441722447
841.5122312824316,75.97274337105496
841.6393095414594,68.50642838547324
841.7663878004872,75.03408959321483
841.893466059515,72.44560266637775
842.0205443185429,67.18600822712756
842.1476225775708,73.6262310693259
842.2747008365986,69.57929661176757
842.4017790956265,62.61443915932796
842.5288573546543,65.95084351877703
842.6559356136822,73.73691052682551
842.7830138727101,69.47544298373722
842.9100921317379,63.70818632101893
843.0371703907657,69.61976713352695
843.1642486497935,56.46111687427927
843.2913269088215,64.73666218147343
843.4184051678493,60.975050732393726
843.5454834268771,64.018232660443
843.672561685905,55.13812539956274
843.7996399449329,68.35547043057524
843.9267182039607,58.77151967774813
844.0537964629885,60.30134199748689
844.1808747220164,49.83346379452722
844.3079529810442,53.68012191449539
844.4350312400721,64.58882644903608
844.5621094991,59.84077099634094
844.6891877581278,57.80000481386042
844.8162660171556,62.372536468037445
844.9433442761836,56.54200172187134
845.0704225352114,51.80509999204178
845.1975007942392,65.11597867874922
845.324579053267,62.20747332961494
845.4516573122949,60.17548502802991
845.5787355713228,45.33593108660156
845.7058138303506,44.76799747118082
845.8328920893784,49.358319816530376
845.9599703484063,58.60340046878254
846.0870486074342,57.59235011402122
846.214126866462,54.19237473248033
846.3412051254899,59.70461912178665
846.4682833845177,55.682947999390905
846.5953616435455,52.40175508072104
846.7224399025735,47.60206244988678
846.8495181616013,49.617027272852006
846.9765964206291,46.99584798831779
847.1036746796569,49.65745629664582
847.2307529386849,45.76232729318683
847.3578311977127,50.161302318969476
847.4849094567405,45.72440150815149
847.6119877157684,49.57850685525703
847.7390659747962,46.012399951197445
847.8661442338241,47.30607639783494
847.9932224928519,42.16148470080532
848.1203007518798,53.6040457973035
848.2473790109076,48.15242234289282
848.3744572699355,46.99199975214429
848.5015355289634,37.028470797220095
848.6286137879912,40.82788923563308
848.755692047019,44.65750378965195
848.8827703060468,38.25377245984548
849.0098485650748,41.16473867383685
849.1369268241026,41.9508878439333
849.2640050831304,40.49692159202698
849.3910833421583,44.12063845036623
849.5181616011862,39.78450575942713
849.645239860214,39.36052319250411
849.7723181192418,35.17065674944578
849.8993963782697,40.3011588137407
850.0264746372976,43.22522176597319
850.1535528963254,43.6834892759806
850.2806311553533,38.96403125014578
850.4077094143811,44.264129394992686
850.5347876734089,41.42260079569316
850.6618659324369,36.68637986457071
850.7889441914647,38.13313360608042
850.9160224504925,41.43318308138959
851.0431007095203,27.343275046773293
851.1701789685483,31.726271267284545
851.2972572275761,37.48539339448402
851.4243354866039,37.655910519618544
851.5514137456317,29.60581243087829
851.6784920046596,30.465114627141556
851.8055702636875,46.89109389028144
851.9326485227153,44.667891890391715
852.0597267817432,30.053870560970665
852.186805040771,47.278892526491084
852.3138832997989,45.57983472093459
852.4409615588268,40.20326661234279
852.5680398178546,31.013517365030037
852.6951180768824,28.29854044721941
852.8221963359102,40.70664936644833
852.9492745949382,41.308594460531445
853.076352853966,41.78350315025804
853.2034311129938,28.729682117458708
853.3305093720217,36.90120814783037
853.4575876310496,36.83602569525558
853.5846658900774,31.344760581518237
853.7117441491052,39.38616052141242
853.8388224081331,40.368440707414045
853.9659006671609,25.401157053972312
854.0929789261888,28.077756140086695
854.2200571852167,27.098219819085084
854.3471354442445,32.817001254229005
854.4742137032723,40.8754638301727
854.6012919623003,30.77938471506305
854.7283702213281,39.57277185746245
854.8554484803559,32.5554624716255
854.9825267393837,29.344141833396883
855.1096049984116,27.002107721539872
855.2366832574395,36.038560947562466
855.3637615164673,28.631523213384224
855.4908397754951,30.34685805379152
855.617918034523,34.11180296753337
855.7449962935509,37.4444671788248
855.8720745525787,24.820453365647097
855.9991528116066,33.23250763458759
856.1262310706344,33.82735759730513
856.2533093296622,30.443597258607017
856.3803875886902,35.70858392825249
856.507465847718,35.61796221557273
856.6345441067458,29.833319932365253
856.7616223657736,27.64858751713821
856.8887006248016,31.765000689893984
857.0157788838294,25.14865630127105
857.1428571428572,27.2480606161182
857.269935401885,27.930615612635368
857.3970136609129,36.68276571095554
857.5240919199408,29.688843433604198
857.6511701789686,28.500306652293535
857.7782484379965,36.387075802921586
857.9053266970243,37.79691082847419
858.0324049560522,28.937672838297892
858.1594832150801,29.85351423344627
858.2865614741079,43.1010771822486
858.4136397331357,33.9241689469092
858.5407179921636,27.364542028979233
858.6677962511915,25.96805613192206
858.7948745102193,31.620675094470975
858.9219527692471,34.32633700179527
859.049031028275,22.72630879054181
859.1761092873029,32.68976305288981
859.3031875463307,19.406566143014874
859.4302658053585,34.78318762012838
859.5573440643864,29.831240414481794
859.6844223234143,34.137380540473735
859.8115005824421,28.131421259172853
859.93857884147,28.855639738067993
860.0656571004978,26.80274288397883
860.1927353595256,31.041857443897204
860.3198136185536,35.81445349100805
860.4468918775814,26.10698256200458
860.5739701366092,40.29585548597142
860.701048395637,27.59180365289405
860.828126654665,33.41471289861726
860.9552049136928,37.4466373089927
861.0822831727206,27.496840234955652
861.2093614317484,34.78593992286135
861.3364396907763,36.59833072210808
861.4635179498042,33.26226464058901
861.590596208832,28.135751707087557
861.7176744678599,29.262972791894935
861.8447527268877,37.30259057203237
861.9718309859156,30.148871535405277
862.0989092449435,30.300189237702174
862.2259875039713,24.68957739461414
862.3530657629991,24.107378535460317
862.4801440220269,27.395964485427346
862.6072222810549,30.314606736166898
862.7343005400827,26.82619324631587
862.8613787991105,36.808056111429494
862.9884570581384,30.06788787558531
863.1155353171663,30.288693800687195
863.2426135761941,30.085061671837263
863.3696918352219,29.887983901097815
863.4967700942498,32.20826270687134
863.6238483532776,37.86305480369199
863.7509266123055,32.17068914748631
863.8780048713334,30.444812468658423
864.0050831303612,32.4560444750143
864.132161389389,31.534787601285466
864.259239648417,32.64848336668932
864.3863179074448,26.813078819895225
864.5133961664726,35.88588527793842
864.6404744255004,19.802172125970664
864.7675526845283,26.261915678638733
864.8946309435562,27.319847536223037
865.021709202584,32.11153573700956
865.1487874616118,24.189374276152545
865.2758657206397,29.398723948773192
865.4029439796676,29.999124852863474
865.5300222386954,28.05566621987087
865.6571004977233,31.504007543390486
865.7841787567511,24.44944063283379
865.9112570157789,29.895651361732142
866.0383352748069,25.916715476067097
866.1654135338347,29.14570529455191
866.2924917928625,25.067069708018924
866.4195700518903,32.393891369369676
866.5466483109183,36.69527380759794
866.6737265699461,28.9248328905549
866.8008048289739,25.362230883239775
866.9278830880017,25.600185695430127
867.0549613470297,29.732911457917353
867.1820396060575,34.43987881207845
867.3091178650853,33.56304422515568
867.4361961241132,31.95402890677139
867.563274383141,25.309735080101955
867.6903526421689,36.470669940107776
867.8174309011968,32.58022032554882
867.9445091602246,27.645954893560884
868.0715874192524,39.201720713061135
868.1986656782803,28.893452130329322
868.3257439373082,17.925260130513305
868.452822196336,32.46306547428118
868.5799004553638,34.09843158650331
868.7069787143917,33.022516180859924
868.8340569734196,30.145370936885843
868.9611352324474,33.280150568432695
869.0882134914752,26.90499593839231
869.2152917505031,39.09453429051157
869.342370009531,30.57948500472495
869.4694482685588,40.66123784184724
869.5965265275867,23.340845721644214
869.7236047866145,38.438903536523185
869.8506830456423,35.90802448311023
869.9777613046703,22.87126193513294
870.1048395636981,17.7533666922713
870.2319178227259,29.77456831748352
870.3589960817537,27.603362145424736
870.4860743407817,32.733968482277845
870.6131525998095,31.262370603898642
870.7402308588373,28.657654765183928
870.8673091178651,36.569414803045206
870.994387376893,24.690927859431806
871.1214656359209,29.52074752586671
871.2485438949487,35.51407578615043
871.3756221539766,37.24682248636155
871.5027004130044,38.19960939859679
871.6297786720323,31.56539667729589
871.7568569310602,38.183245287459734
871.883935190088,22.529558931716522
872.0110134491158,27.491146605804513
872.1380917081436,29.51761425576346
872.2651699671716,35.12106377476313
872.3922482261994,31.424831469892492
872.5193264852272,27.91280338118022
872.646404744255,26.351331922892676
872.773483003283,27.982118317523707
872.9005612623108,28.441645021355928
873.0276395213386,22.025232485671214
873.1547177803665,33.041331013613195
873.2817960393943,37.63382541320262
873.4088742984222,29.0076092437607
873.5359525574501,34.21373473946293
873.6630308164779,38.64589369236026
873.7901090755057,37.29059228600036
873.9171873345337,39.3689567120326
874.0442655935615,36.67132030746236
874.1713438525893,30.82766921935119
874.2984221116171,27.717880769914515
874.425500370645,25.632336134133524
874.5525786296729,23.25993743732557
874.6796568887007,33.011371544388226
874.8067351477285,25.328487202098408
874.9338134067564,33.356913730195565
875.0608916657843,30.967972433064368
875.1879699248121,28.534319650614385
875.31504818384,25.714954542598065
875.4421264428678,20.449802084015364
875.5692047018957,30.265636151962653
875.6962829609236,31.499229845640986
875.8233612199514,29.726980045326112
875.9504394789792,34.94202216918887
876.077517738007,19.564413395734768
876.204595997035,26.14962662228421
876.3316742560628,33.03646434749154
876.4587525150906,24.46769777503072
876.5858307741184,28.274083642995798
876.7129090331464,28.347662307065264
876.8399872921742,36.92325873513372
876.967065551202,29.691138405725923
877.0941438102299,23.568250462375453
877.2212220692577,35.27788872789004
877.3483003282856,26.15910543582533
877.4753785873135,28.83385437822912
877.6024568463413,31.58704409226682
877.7295351053691,38.36193537858655
877.856613364397,24.70933440633931
877.9836916234249,23.649907871374985
878.1107698824527,28.840047701908496
878.2378481414805,28.747769508623666
878.3649264005084,23.899297348952302
878.4920046595363,38.00504545853578
878.6190829185641,26.068792883800846
878.746161177592,36.47073852875752
878.8732394366198,23.163981581651765
879.0003176956477,33.567911062820706
879.1273959546755,30.930112886887525
879.2544742137034,29.487750085561128
879.3815524727312,32.23103365444731
879.508630731759,21.05337970245295
879.635708990787,25.406645483460082
879.7627872498148,33.56578296551103
879.8898655088426,29.784238884368186
880.0169437678704,26.602491185472303
880.1440220268984,28.094347955055177
880.2711002859262,31.965358254482144
880.398178544954,28.130813490367387
880.5252568039818,21.293887112476035
880.6523350630097,35.720222474927674
880.7794133220376,30.746876354688293
880.9064915810654,38.437696807126606
881.0335698400933,29.597685217807605
881.1606480991211,30.95475754504946
881.287726358149,34.39318813599567
881.4148046171769,24.28490079394593
881.5418828762047,26.46049638182202
881.6689611352325,29.20630888019176
881.7960393942603,31.861071450591908
881.9231176532883,27.544113875953673
882.0501959123161,38.07054357501038
882.1772741713439,31.77086946808554
882.3043524303718,32.97487853831667
882.4314306893997,29.78946820177938
882.5585089484275,32.371242755597834
882.6855872074553,28.106338324694782
882.8126654664832,28.39264601906048
882.939743725511,32.12299251639996
883.0668219845389,25.468427664446676
883.1939002435668,27.71919205371708
883.3209785025946,30.88382325687423
883.4480567616224,34.28180445655529
883.5751350206504,29.35132531432224
883.7022132796782,33.06776578963637
883.829291538706,21.59717722698685
883.9563697977338,22.924103262891816
884.0834480567618,37.476508224423206
884.2105263157896,26.753573470719
884.3376045748174,35.27582776778956
884.4646828338452,26.69438508472184
884.5917610928731,33.86023870030366
884.718839351901,35.88204849191111
884.8459176109288,26.592510010299616
884.9729958699567,22.837762479377744
885.1000741289845,18.959392460727955
885.2271523880124,24.148067362754823
885.3542306470403,36.89859747419496
885.4813089060681,28.323625343361005
885.6083871650959,36.003491638303444
885.7354654241237,37.083445701965246
885.8625436831517,27.24316295240257
885.9896219421795,30.025416087867423
886.1167002012073,26.864898555339945
886.2437784602351,32.505592737870565
886.3708567192631,24.818702269474116
886.4979349782909,25.712944037167357
886.6250132373187,27.330576932647332
886.7520914963466,33.668603802593964
886.8791697553744,21.24640951095085
887.0062480144023,33.164676972188964
887.1333262734302,31.698497532774333
887.260404532458,30.753748799456794
887.3874827914858,35.861795624329275
887.5145610505137,29.919599606659048
887.6416393095416,32.63959142637391
887.7687175685694,30.43178338830492
887.8957958275972,36.03695270343431
888.022874086625,29.409940821097262
888.149952345653,25.081227025616002
888.2770306046808,32.5094326677582
888.4041088637086,36.45699422429015
888.5311871227365,29.06215808567747
888.6582653817644,31.02970421667347
888.7853436407922,32.57081339265195
888.9124218998201,31.355782426706252
889.0395001588479,28.24284456636839
889.1665784178757,33.52973601715782
889.2936566769037,37.633606618517454
889.4207349359315,39.556813240333035
889.5478131949593,30.5907984286881
889.6748914539871,33.5125484864099
889.8019697130151,33.98989996375538
889.9290479720429,36.727728223191086
890.0561262310707,33.02388452238639
890.1832044900985,19.653509066287114
890.3102827491264,30.26088948177832
890.4373610081543,27.42007562096125
890.5644392671821,18.233376902196447
890.69151752621,23.466478807684222
890.8185957852378,24.92847573290404
890.9456740442657,32.79296231783994
891.0727523032936,27.110323814517923
891.1998305623214,23.78184461503839
891.3269088213492,36.815392210716546
891.453987080377,34.25600093629613
891.581065339405,36.81283528957221
891.7081435984328,28.077030439986256
891.8352218574606,35.97225580235992
891.9623001164884,29.305391022864413
892.0893783755164,31.840286910777017
892.2164566345442,41.62358062474033
892.343534893572,26.275151077031396
892.4706131525999,33.962909045287816
892.5976914116278,27.391601594790778
892.7247696706556,31.046906520029278
892.8518479296835,34.67023108206483
892.9789261887113,34.36027684364309
893.1060044477391,32.78628620587635
893.233082706767,27.732221971388697
893.3601609657949,29.12361786672833
893.4872392248227,39.243640184260514
893.6143174838505,37.14455322299593
893.7413957428785,25.628835288433763
893.8684740019063,20.925770634565048
893.9955522609341,34.26919184794143
894.122630519962,31.67840941812705
894.2497087789898,30.787649802453725
894.3767870380177,25.56273407098187
894.5038652970455,29.045570051887065
894.6309435560734,33.19705849248241
894.7580218151012,35.60357449133018
894.8851000741291,34.746658078621856
895.012178333157,29.035853362654716
895.1392565921848,26.349721916957115
895.2663348512126,37.59674100096787
895.3934131102404,32.98047868213827
895.5204913692684,24.20514725706406
895.6475696282962,39.62017329425811
895.774647887324,31.61578885870025
895.9017261463518,30.31993540719559
896.0288044053798,28.920541444920907
896.1558826644076,38.22247996910063
896.2829609234354,31.201440411576666
896.4100391824633,28.280577438602265
896.5371174414911,26.011539623494983
896.664195700519,30.55151563752697
896.7912739595469,32.03094438811667
896.9183522185747,25.88067854347556
897.0454304776025,29.112818822684375
897.1725087366304,27.791235900130577
897.2995869956583,29.622711171491822
897.4266652546861,28.55466891970803
897.5537435137139,31.498757354249673
897.6808217727418,34.47823060950086
897.8079000317697,32.2950427138868
897.9349782907975,28.914196284931293
898.0620565498253,21.248766040805023
898.1891348088532,31.650892580700457
898.3162130678811,27.9301819943112
898.4432913269089,29.78748017152852
898.5703695859368,28.472879268888075
898.6974478449646,31.679509294825078
898.8245261039924,26.86713474251485
898.9516043630204,34.18957096132502
899.0786826220482,28.407020322871297
899.205760881076,27.2426631579091
899.3328391401038,26.985600245874295
899.4599173991318,28.579127263034522
899.5869956581596,24.602660719257187
899.7140739171874,35.8170483782623
899.8411521762152,32.020522944158415
899.9682304352431,28.07345623460096
900.095308694271,27.613872474484953
900.2223869532988,24.222130840532515
900.3494652123267,26.10741896266304
900.4765434713545,25.792799809864153
900.6036217303824,28.01547696209207
900.7306999894103,44.29797354863933
900.8577782484381,32.907631592628206
900.9848565074659,22.89701980333507
901.1119347664938,30.423852276233088
901.2390130255217,29.968245195082872
901.3660912845495,35.165255074409494
901.4931695435773,32.93337463501887
901.6202478026051,34.65501562528297
901.7473260616331,36.204782081450794
901.8744043206609,32.47492327597363
902.0014825796887,30.71573151345662
902.1285608387166,23.43263757383343
902.2556390977445,30.76948826979872
902.3827173567723,24.964601571699482
902.5097956158002,37.23285028985901
902.636873874828,30.090152194874335
902.7639521338558,38.218206923007635
902.8910303928837,37.611182603340644
903.0181086519116,33.072958591737944
903.1451869109394,30.585066337028472
903.2722651699672,32.955080809122066
903.3993434289952,35.875937643776254
903.526421688023,26.199282497006593
903.6534999470508,44.09434336740236
903.7805782060786,37.42043851591936
903.9076564651065,36.82284733774023
904.0347347241344,24.920174864030578
904.1618129831622,33.84942539860384
904.2888912421901,32.8584146154733
904.4159695012179,27.31314812862313
904.5430477602458,26.176468924050912
904.6701260192737,39.65917194475434
904.7972042783015,37.3015071902018
904.9242825373293,29.650959859958462
905.0513607963571,33.19281748440847
905.1784390553851,30.24396858046305
905.3055173144129,37.764766472521465
905.4325955734407,41.47207679233121
905.5596738324685,28.51302858464828
905.6867520914965,40.52017807558185
905.8138303505243,25.86160276910433
905.9409086095521,36.93048610121457
906.06798686858,32.08756850090418
906.1950651276078,39.13031693848197
906.3221433866357,23.023642608939078
906.4492216456636,42.04344149262717
906.5762999046914,28.87654519180508
906.7033781637192,31.93355119321364
906.8304564227471,41.853113979423476
906.957534681775,35.12651210879474
907.0846129408028,34.18064057976083
907.2116911998306,34.96535450528353
907.3387694588585,38.3672271853103
907.4658477178864,33.454410070860504
907.5929259769142,38.376023664238275
907.720004235942,34.80981703293352
907.8470824949699,38.28853261581207
907.9741607539978,41.96925186919255
908.1012390130256,43.682877592751765
908.2283172720535,42.19141736995668
908.3553955310813,37.97529478523598
908.4824737901091,33.94664275045319
908.609552049137,29.429443459141666
908.7366303081649,32.74090182660598
908.8637085671927,37.680132991895896
908.9907868262205,51.523645840073215
909.1178650852485,45.38048589729424
909.2449433442763,37.784552832841996
909.3720216033041,31.823504219432433
909.499099862332,43.4132704709358
909.6261781213599,41.828981670214645
909.7532563803877,41.04135568423139
909.8803346394155,45.8995224565003
910.0074128984434,39.81487945092317
910.1344911574712,38.35727377748432
910.2615694164991,42.438178882421155
910.388647675527,48.22910248386914
910.5157259345548,34.05823065377114
910.6428041935826,42.97910157780729
910.7698824526105,32.84541300122631
910.8969607116384,39.82861911604528
911.0240389706662,52.24559090895309
911.151117229694,40.6947129430817
911.2781954887218,44.89850293719665
911.4052737477498,41.56900973010879
911.5323520067776,45.02607479215443
911.6594302658054,44.082122524905984
911.7865085248333,46.22078683536961
911.9135867838612,47.919029255868
912.040665042889,49.148507876829704
912.1677433019169,43.16353890193724
912.2948215609447,54.63390857869764
912.4218998199725,40.737413284560276
912.5489780790004,35.69160258196614
912.6760563380283,50.23574229572214
912.8031345970561,49.88965606242277
912.9302128560839,44.33894308022817
913.0572911151119,52.39273164359558
913.1843693741397,58.11407779409646
913.3114476331675,52.15796365561974
913.4385258921953,53.520795374581894
913.5656041512232,59.9917735788995
913.6926824102511,53.401414029131374
913.8197606692789,56.11986277246079
913.9468389283068,52.0349567438282
914.0739171873346,61.03981335145889
914.2009954463625,55.222678192585754
914.3280737053904,48.67571523279229
914.4551519644182,59.13300611018415
914.582230223446,68.17279776356693
914.7093084824738,56.34352869943343
914.8363867415018,73.31490374236317
914.9634650005296,62.53667040695498
915.0905432595574,51.46780098815272
915.2176215185852,58.24029523851968
915.3446997776132,60.45665627201164
915.471778036641,60.6403543780463
915.5988562956688,59.398866325603514
915.7259345546967,59.69580492653934
915.8530128137245,56.04345477017803
915.9800910727524,62.77303717334585
916.1071693317803,68.20546535516488
916.2342475908081,72.65614517111797
916.3613258498359,66.96750456925832
916.4884041088638,70.5580946084599
916.6154823678917,67.19993103996126
916.7425606269195,75.04959080312976
916.8696388859473,57.35951103746898
916.9967171449752,60.5095291450794
917.1237954040031,67.2539515027482
917.2508736630309,69.0755833774669
917.3779519220587,78.88489872273888
917.5050301810866,71.73374895227202
917.6321084401145,73.89198604279785
917.7591866991423,69.78111804299851
917.8862649581702,74.06046647069135
918.013343217198,78.98852685740744
918.1404214762259,70.9574375601975
918.2674997352538,79.54136010074532
918.3945779942816,68.42544758243704
918.5216562533094,72.58352555443639
918.6487345123372,84.35727136023226
918.7758127713652,72.81194288928418
918.902891030393,77.32292072123674
919.0299692894208,81.08298444805936
919.1570475484486,76.37972108063538
919.2841258074766,76.8767203880229
919.4112040665044,81.86139972957147
919.5382823255322,76.01112674512855
919.6653605845601,71.62399165132243
919.7924388435879,89.90226769785995
919.9195171026158,75.82236951156099
920.0465953616437,81.79344883575583
920.1736736206715,85.05196392214432
920.3007518796993,89.46339783782007
920.4278301387272,84.6997473698601
920.5549083977551,80.8234163409026
920.6819866567829,77.07292479658489
920.8090649158107,76.0890960910665
920.9361431748385,81.75936815244026
921.0632214338665,80.86690394174157
921.1902996928943,75.86626576194686
921.3173779519221,76.35316293533297
921.44445621095,89.05445691116003
921.5715344699779,82.96993375439803
921.6986127290057,86.09892613265423
921.8256909880336,84.76619817622075
921.9527692470614,85.14680625494911
922.0798475060892,91.51772762407977
922.2069257651171,82.55654225896288
922.334004024145,85.95289031873668
922.4610822831728,90.95127232383933
922.5881605422006,100.0
922.7152388012286,85.10933044952321
922.8423170602564,80.23248466161925
922.9693953192842,93.78590763697275
923.096473578312,91.21387890179474
923.2235518373399,85.58092841064033
923.3506300963678,85.87439922677926
923.4777083553956,96.19935487014108
923.6047866144235,89.69076331152604
923.7318648734513,88.516991419459
923.8589431324792,94.82801708660293
923.986021391507,89.41158598053406
924.1130996505349,93.57384892435945
924.2401779095627,88.20071824062093
924.3672561685905,94.68092962488866
924.4943344276185,97.09682625455522
924.6214126866463,87.99863798120398
924.7484909456741,100.0
924.875569204702,86.62412995956441
925.0026474637299,91.03462326584746
925.1297257227577,91.03572622669387
925.2568039817855,78.75573066073645
925.3838822408134,90.81822150570027
925.5109604998412,92.2040052299848
925.6380387588691,92.38001303451853
925.765117017897,92.19862924907386
925.8921952769248,92.40912770139008
926.0192735359526,92.33015596261542
926.1463517949805,88.82282566158845
926.2734300540084,86.5601123703486
926.4005083130362,86.69687218317404
926.527586572064,92.01441531949408
926.654664831092,87.37866557972357
926.7817430901198,89.4205913550583
926.9088213491476,96.29490717511297
927.0358996081754,88.91481468203747
927.1629778672033,89.10696115033383
927.2900561262312,85.44262343485242
927.417134385259,93.64265502625722
927.5442126442869,82.78743273853974
927.6712909033147,86.89422414644976
927.7983691623426,86.83578623124872
927.9254474213704,88.20942632697653
928.0525256803983,83.27943845839883
928.1796039394261,81.91004596051087
928.3066821984539,87.4033330819608
928.4337604574819,97.4693065923269
928.5608387165097,78.68323836999639
928.6879169755375,82.63412896504227
928.8149952345653,89.69168121554225
928.9420734935933,84.11094825207066
929.0691517526211,81.77470817956643
929.1962300116489,79.32662509751486
929.3233082706768,78.2546362549067
929.4503865297046,84.38659032923995
929.5774647887325,77.27784771728848
929.7045430477604,77.92825120864956
929.8316213067882,89.02015301477309
929.958699565816,80.3209038823792
930.085777824844,90.44915027799917
930.2128560838718,76.9130490090172
930.3399343428996,84.48919820213457
930.4670126019274,78.02037174714596
930.5940908609552,76.99105243391969
930.7211691199832,79.75656448412465
930.848247379011,84.18573608914234
930.9753256380388,74.9553177500539
931.1024038970667,70.7561191012698
931.2294821560946,80.00192964192786
931.3565604151224,68.44243382538032
931.4836386741503,65.89677400036231
931.6107169331781,67.39477032219
931.7377951922059,64.55180220019254
931.8648734512338,66.01190165726392
931.9919517102617,68.33846649811278
932.1190299692895,70.38101177285431
932.2461082283173,69.63153692867779
932.3731864873453,67.37835586468114
932.5002647463731,63.2526796039707
932.6273430054009,68.57583223122008
932.7544212644287,81.5850123920851
932.8814995234566,64.69378624572903
933.0085777824845,71.202998918336
933.1356560415123,56.85004828692121
933.2627343005402,62.41885622846451
933.389812559568,64.85908829625842
933.5168908185959,59.90963443076407
933.6439690776238,63.01968017127737
933.7710473366516,63.434754375049465
933.8981255956794,62.363766412281635
934.0252038547072,62.1240949882618
934.1522821137352,61.89351472455428
934.279360372763,59.085316577641954
934.4064386317908,57.41793578148061
934.5335168908186,59.53239335526327
934.6605951498466,58.49209425127613
934.7876734088744,62.301441957144114
934.9147516679022,63.03384390240795
935.0418299269301,61.31116821312355
935.168908185958,65.54692693532175
935.2959864449858,53.182172713155595
935.4230647040137,53.36560310669808
935.5501429630415,57.56927467564227
935.6772212220693,41.675340739953086
935.8042994810972,40.774090810744696
935.9313777401251,58.59944882678815
936.0584559991529,51.16216526958004
936.1855342581807,47.81701403950467
936.3126125172087,55.11001871815115
936.4396907762365,62.946848974929395
936.5667690352643,50.992090582400635
936.6938472942921,49.68291631568357
936.82092555332,48.65814564752572
936.9480038123479,54.01696645835992
937.0750820713757,50.85366760075705
937.2021603304036,43.90341169202601
937.3292385894314,35.021634138499735
937.4563168484593,42.727243226736576
937.5833951074871,46.42612752269109
937.710473366515,41.77702565062819
937.8375516255428,37.35205199787506
937.9646298845706,36.21596876918862
938.0917081435986,44.310207816370536
938.2187864026264,50.370847077793414
938.3458646616542,45.71191908294455
938.472942920682,43.38772280386556
938.60002117971,43.074876570527074
938.7270994387378,39.985350843944346
938.8541776977656,42.7973271233122
938.9812559567935,37.93239241258088
939.1083342158213,42.33270290466032
939.2354124748492,41.383580323518814
939.362490733877,40.53994373057881
939.4895689929049,36.1215150407714
939.6166472519327,42.628080079227274
939.7437255109606,40.60571687804542
939.8708037699885,32.24043574340944
939.9978820290163,43.997458095519015
940.1249602880441,40.52945224465366
940.252038547072,49.06173786662683
940.3791168060999,39.13133860354569
940.5061950651277,44.84797805400433
940.6332733241555,45.2052619227787
940.7603515831834,35.29079380966884
940.8874298422113,33.90128852056294
941.0145081012391,39.278644755041455
941.141586360267,42.05855690846775
941.2686646192948,35.552823513365816
941.3957428783226,33.00454251990547
941.5228211373505,41.313889779292786
941.6498993963784,39.186965423158924
941.7769776554062,29.3914293025091
941.904055914434,43.434143061949094
942.031134173462,36.144371072308026
942.1582124324898,40.36105246913569
942.2852906915176,38.47014688451479
942.4123689505454,38.795659080171724
942.5394472095733,34.25074169736947
942.6665254686012,37.661250858546715
942.793603727629,36.22833513440878
942.9206819866569,38.28863564270895
943.0477602456847,40.164910661769305
943.1748385047126,33.64104934513141
943.3019167637405,40.641112000681595
943.4289950227683,30.181420052360355
943.5560732817961,31.94725615204934
943.683151540824,32.560778247930116
943.8102297998519,37.71364538578766
943.9373080588797,36.03166966783707
944.0643863179075,39.28110970534749
944.1914645769353,34.151129112171276
944.3185428359633,41.12568883032336
944.4456210949911,30.012609328983242
944.5726993540189,30.505253324660913
944.6997776130468,33.626935542507766
944.8268558720747,26.572600713106407
944.9539341311025,26.103794156730736
945.0810123901304,30.974278304918045
945.2080906491582,27.714004804098195
945.335168908186,32.45569390610149
945.462247167214,25.608541356785956
945.5893254262418,30.337488721750976
945.7164036852696,33.8226841954378
945.8434819442974,29.71952637549002
945.9705602033254,35.134555955224926
946.0976384623532,21.622058684882468
946.224716721381,34.42516532112085
946.3517949804088,33.320694066428445
946.4788732394367,30.915492895022567
946.6059514984646,31.270790993493275
946.7330297574924,27.688456744192184
946.8601080165203,23.57858452111261
946.9871862755481,23.569157728970016
947.114264534576,46.75337702937641
947.2413427936038,26.78882570913929
947.3684210526317,19.305705338581323
947.4954993116595,29.21373699558153
947.6225775706873,28.05622145778056
947.7496558297153,31.198105826322486
947.8767340887431,38.98046434167309
948.0038123477709,38.097225372465715
948.1308906067987,29.917565470294395
948.2579688658267,38.40632489750132
948.3850471248545,33.781965257051056
948.5121253838823,34.87405521174193
948.6392036429102,23.250812489388878
948.766281901938,31.28657089509144
948.8933601609659,29.52642067969482
949.0204384199938,33.010274549640044
949.1475166790216,29.481460848727473
949.2745949380494,37.53238982607383
949.4016731970773,31.11399847749754
949.5287514561052,35.33005921632177
949.655829715133,24.89585188594963
949.7829079741608,27.94747039997105
949.9099862331886,34.067801659681905
950.0370644922166,31.575006075112412
950.1641427512444,30.511670518281974
950.2912210102722,36.623637594332564
950.4182992693001,40.03603094937787
950.545377528328,36.77297817539821
950.6724557873558,30.308965244266922
950.7995340463837,32.17476574296185
950.9266123054115,30.697888378161576
951.0536905644393,30.556161841423688
951.1807688234672,23.855766106781704
951.3078470824951,30.074780463378193
951.4349253415229,32.027438432211014
951.5620036005507,19.719634601227266
951.6890818595787,30.803705054910132
951.8161601186065,26.800008752129656
951.9432383776343,32.42426220670411
952.0703166366621,28.054234008611434
952.1973948956901,26.30012391313842
952.3244731547179,28.835272432730154
952.4515514137457,26.97724061727619
952.5786296727736,31.063389274880493
952.7057079318014,26.612028634685316
952.8327861908293,31.32061352145839
952.9598644498572,30.357359918354003
953.086942708885,30.800381052547312
953.2140209679128,14.117974063928461
953.3410992269407,35.042278589675135
953.4681774859686,24.988570892265045
953.5952557449964,25.690915009234907
953.7223340040242,33.91892647519048
953.849412263052,34.004008169148356
953.97649052208,30.325165836378627
954.1035687811078,29.804235595421666
954.2306470401356,28.52940435444819
954.3577252991635,29.201727640842318
954.4848035581914,29.847515657472197
954.6118818172192,24.53285598849972
954.738960076247,30.439952588148145
954.8660383352749,31.081911360646085
954.9931165943027,22.16902010024677
955.1201948533306,26.61593920359694
955.2472731123585,28.75387553103294
955.3743513713863,35.9412182976208
955.5014296304141,44.82341928254279
955.6285078894421,31.30369865070693
955.7555861484699,31.558557530192033
955.8826644074977,40.62062704852639
956.0097426665255,29.13279614734794
956.1368209255534,32.775769148332
956.2638991845813,30.64261608681453
956.3909774436091,26.138866462092054
956.518055702637,26.71318824155948
956.6451339616648,37.36927729400882
956.7722122206927,32.93952301539362
956.8992904797205,33.553069343471215
957.0263687387484,31.14850132993808
957.1534469977762,21.931942123383166
957.280525256804,27.714398635565747
957.407603515832,33.002783044095274
957.5346817748598,30.469964761979888
957.6617600338876,22.25218032926294
957.7888382929154,27.143505963037434
957.9159165519434,31.396081366188717
958.0429948109712,34.758747693599545
958.170073069999,38.71226930325635
958.2971513290269,24.331868527729075
958.4242295880547,23.399983291353237
958.5513078470826,32.097510821957755
958.6783861061105,30.087427662079925
958.8054643651383,28.949004805761472
958.9325426241661,33.99229516066509
959.059620883194,20.961623574179313
959.1866991422219,29.745331717680674
959.3137774012497,35.881707755656784
959.4408556602775,33.091076586152106
959.5679339193053,30.91872806205591
959.6950121783333,25.064152140052077
959.8220904373611,37.11051457469221
959.9491686963889,36.036024237292935
960.0762469554168,33.663586898914936
960.2033252144447,27.696296654269876
960.3304034734725,29.22650055610362
960.4574817325004,36.27180379710898
960.5845599915282,32.00959948910959
960.7116382505561,23.561830274302714
960.838716509584,27.015453148565
960.9657947686118,37.81435925840602
961.0928730276396,25.63516131202613
961.2199512866674,29.435363866536676
961.3470295456954,34.56885182576163
961.4741078047232,23.44328750489856
961.601186063751,29.408745515737028
961.7282643227788,26.914875651600912
961.8553425818068,33.91081425159042
961.9824208408346,27.320973698344126
962.1094990998624,33.851492143170404
962.2365773588903,26.36038100673573
962.3636556179181,31.133362955248902
962.490733876946,24.481696693424905
962.6178121359738,20.868811574496267
962.7448903950017,30.55649647035362
962.8719686540295,27.105461835915218
962.9990469130574,26.578633305769166
963.1261251720853,25.308266777151292
963.2532034311131,29.370830109921464
963.3802816901409,26.803843877294867
963.5073599491687,33.6026196289434
963.6344382081967,31.365641752523143
963.7615164672245,26.300071266804448
963.8885947262523,24.103244144649892
964.0156729852802,20.757680714634578
964.1427512443081,24.752380898386278
964.2698295033359,29.938363604319132
964.3969077623638,22.91957861724378
964.5239860213916,25.927398165682867
964.6510642804194,27.439539656999358
964.7781425394473,28.629958823236507
964.9052207984752,37.22370367792619
965.032299057503,28.31664143343801
965.1593773165308,32.44023676928295
965.2864555755588,34.76010797577809
965.4135338345866,32.58154559029412
965.5406120936144,29.160588351113507
965.6676903526422,32.31339793097291
965.7947686116701,22.47083220301928
965.921846870698,33.68957116834542
966.0489251297258,25.624279528949828
966.1760033887537,33.638158992690016
966.3030816477815,34.31781724059701
966.4301599068094,32.8395960154569
966.5572381658372,36.65723566945141
966.6843164248651,31.83342053895265
966.8113946838929,32.87889667086
966.9384729429207,32.99713176801377
967.0655512019487,32.43447548960491
967.1926294609765,33.535733158779365
967.3197077200043,28.04807196194165
967.4467859790321,32.57287936674501
967.5738642380601,29.721784472370164
967.7009424970879,29.839957234375415
967.8280207561157,32.74450522830684
967.9550990151436,29.693485708376706
968.0821772741714,24.67784883535688
968.2092555331993,26.96024883429143
968.3363337922272,35.09678692877935
968.463412051255,28.77801126195569
968.5904903102828,35.840685231864555
968.7175685693107,35.22791732381583
968.8446468283386,25.74001318814664
968.9717250873664,27.714226525992846
969.0988033463942,32.142639739061515
969.2258816054222,26.967264673144907
969.35295986445,39.02838928196278
969.4800381234778,33.14476364584387
969.6071163825056,21.70798782636907
969.7341946415335,33.17835397627877
969.8612729005614,34.14810090554925
969.9883511595892,20.50675404110996
970.115429418617,30.24492662718518
970.2425076776449,30.48888988365143
970.3695859366728,27.16420795779888
970.4966641957006,35.17248906545849
970.6237424547285,33.661279745614074
970.7508207137563,22.8523520318984
970.8778989727841,25.04552201914351
971.0049772318121,29.828896965235476
971.1320554908399,15.525478150466572
971.2591337498677,24.961148334809323
971.3862120088955,39.76261209874397
971.5132902679235,32.71225767622922
971.6403685269513,28.62932294539275
971.7674467859791,27.22955568739696
971.894525045007,31.408600827368367
972.0216033040348,20.917580339279425
972.1486815630627,30.08891039606948
972.2757598220905,23.16743458436085
972.4028380811184,32.27266671684507
972.5299163401462,40.456874568265015
972.6569945991741,36.254022166515284
972.784072858202,31.730943690926225
972.9111511172298,29.857789430897732
973.0382293762576,29.072158903807555
973.1653076352854,29.430027761248724
973.2923858943134,39.92076043731683
973.4194641533412,31.12444472101901
973.546542412369,31.7761278824025
973.6736206713969,34.14338441936761
973.8006989304248,33.860361262796
973.9277771894526,31.052490082038208
974.0548554484805,28.542603329221922
974.1819337075083,38.97305620848175
974.3090119665361,33.694451106836894
974.436090225564,24.00101889543231
974.5631684845919,31.208267076385553
974.6902467436197,31.16561401856505
974.8173250026475,22.876470710213077
974.9444032616755,14.187778334372423
975.0714815207033,32.68103020177651
975.1985597797311,30.404720341954445
975.3256380387589,29.605693635239323
975.4527162977868,35.694059022350956
975.5797945568147,23.92624597103797
975.7068728158425,26.654640596483624
975.8339510748704,31.899023191555795
975.9610293338982,26.94139612534745
976.0881075929261,25.390206433241552
976.215185851954,24.791703148146972
976.3422641109818,29.88867580318291
976.4693423700096,26.738852689625798
976.5964206290374,28.20847190839067
976.7234988880654,35.68848038818416
976.8505771470932,32.350136403156355
976.977655406121,24.31276868451625
977.1047336651488,30.12065156728887
977.2318119241768,26.357932784706893
977.3588901832046,35.27810045676369
977.4859684422324,31.460373936472344
977.6130467012603,27.863660298132118
977.7401249602882,27.282415774826074
977.867203219316,26.17616661592873
977.9942814783439,31.23499986505245
978.1213597373717,35.39240540274727
978.2484379963995,31.251499554590012
978.3755162554274,30.03580366952886
978.5025945144553,37.863831992030136
978.6296727734831,23.83909076776081
978.7567510325109,39.64920207284095
978.8838292915389,34.29502090542236
979.0109075505667,28.583114088649307
979.1379858095945,34.19354085613995
979.2650640686223,30.99778294902391
979.3921423276502,28.928339120968474
979.5192205866781,21.757427478731174
979.6462988457059,26.376953701634168
979.7733771047338,23.450659009048508
979.9004553637616,32.31972457735665
980.0275336227895,36.95915172282158
980.1546118818173,20.013825405617077
980.2816901408452,31.42726773577269
980.408768399873,20.269077329728564
980.5358466589008,37.03499075667208
980.6629249179288,25.878110112904793
980.7900031769566,37.70692268285234
980.9170814359844,22.576197520064703
981.0441596950122,20.7421100898897
981.1712379540402,37.10833737092982
981.298316213068,20.01666551759405
981.4253944720958,40.69373376472612
981.5524727311237,27.899442528205107
981.6795509901515,25.227156231655606
981.8066292491794,32.33889562909783
981.9337075082072,23.580870325219117
982.0607857672351,24.014724605888127
982.1878640262629,29.024167578845645
982.3149422852908,24.767564567927355
982.4420205443187,24.91508646005412
982.5690988033465,36.40492326952992
982.6961770623743,30.12296750643328
982.8232553214021,28.02457865898285
982.9503335804301,23.470130737161643
983.0774118394579,25.18571342933795
983.2044900984857,26.860376872918632
983.3315683575136,23.747078541120235
983.4586466165415,42.12328799790298
983.5857248755693,20.289884628332732
983.7128031345972,28.591266477606222
983.839881393625,31.500522106754325
983.9669596526528,30.607746570517836
984.0940379116807,25.30336504245255
984.2211161707086,37.59896595003423
984.3481944297364,31.842923097869313
984.4752726887642,18.427344165216986
984.6023509477922,26.43733280486358
984.72942920682,23.092252942625148
984.8565074658478,29.684321898480892
984.9835857248756,28.151109138277686
985.1106639839035,27.76526151593395
985.2377422429314,35.85040074508291
985.3648205019592,31.814614831100446
985.491898760987,29.549497712672597
985.6189770200149,26.26242995959704
985.7460552790428,35.09337389816468
985.8731335380706,35.61254984257924
986.0002117970985,31.043426471767994
986.1272900561263,29.68714545356007
986.2543683151542,29.169740716117918
986.3814465741821,27.849937482468086
986.5085248332099,29.359591371624713
986.6356030922377,39.52019539091472
986.7626813512655,38.387205647544064
986.8897596102935,38.592865593702555
987.0168378693213,39.058422612488926
987.1439161283491,23.706336941955968
987.270994387377,27.203693359620722
987.3980726464049,22.61839913754252
987.5251509054327,21.309574729115255
987.6522291644606,23.54988976234347
987.7793074234884,30.150759074170843
987.9063856825162,25.569156658792778
988.0334639415441,23.616668328641076
988.160542200572,28.467083321836053
988.2876204595998,31.79482036449544
988.4146987186276,29.146080793910578
988.5417769776556,27.925499884937423
988.6688552366834,25.97423316290373
988.7959334957112,33.28452969127562
988.923011754739,31.145776572363737
989.0500900137669,25.790132553009563
989.1771682727948,26.80905659072708
989.3042465318226,27.268009707530705
989.4313247908505,36.53936756141754
989.5584030498783,23.743782653386777
989.6854813089062,23.800425256591662
989.812559567934,27.575136524444012
989.9396378269619,33.12376532451786
990.0667160859897,35.50097955100863
990.1937943450175,35.69282126875365
990.3208726040455,34.186396661970065
990.4479508630733,31.7103109556184
990.5750291221011,30.098637553860993
990.7021073811289,23.78033271774687
990.8291856401569,25.858157338634303
990.9562638991847,34.77114605316923
991.0833421582125,31.80985676335097
991.2104204172404,28.051333260840988
991.3374986762682,31.62222731921181
991.4645769352961,36.4765200580805
991.591655194324,37.90683810208578
991.7187334533518,33.68646376290521
991.8458117123796,31.07001022488396
991.9728899714075,29.63695829195651
992.0999682304354,25.52810632970007
992.2270464894632,28.920747581070103
992.354124748491,24.833223257485876
992.4812030075188,25.57942567748163
992.6082812665468,26.97143362075744
992.7353595255746,25.951643332835577
992.8624377846024,29.77631850192216
992.9895160436303,26.01741395558441
993.1165943026582,28.565613966587474
993.243672561686,30.923863452659333
993.3707508207139,30.642435767503596
993.4978290797417,21.254799923193524
993.6249073387695,32.07539125564808
993.7519855977974,39.92103213778338
993.8790638568253,31.609571937030523
994.0061421158531,25.955719006041235
994.1332203748809,18.42360134855401
994.2602986339089,31.102304119196845
994.3873768929367,37.344934597144096
994.5144551519645,27.528491435733326
994.6415334109923,27.78178999821855
994.7686116700203,30.42246316998923
994.8956899290481,31.46253798449947
995.0227681880759,33.3877609308049
995.1498464471038,33.610179930871745
995.2769247061316,29.86914166931086
995.4040029651595,31.484208340987404
995.5310812241873,40.35908738270886
995.6581594832152,32.23217962802742
995.785237742243,32.568446678810574
995.9123160012709,40.7554569558431
996.0393942602988,26.15203433080955
996.1664725193266,36.72108801272232
996.2935507783544,34.210801152869365
996.4206290373822,35.338365239068516
996.5477072964102,36.263005684928444
996.674785555438,43.166346122595996
996.8018638144658,44.88344996269778
996.9289420734937,33.995892748516994
997.0560203325216,33.06758962998367
997.1830985915494,31.733279953201837
997.3101768505772,33.15575144889064
997.4372551096051,34.35789562147693
997.5643333686329,33.353918774608886
997.6914116276608,37.50429856709755
997.8184898866887,35.55989709585921
997.9455681457165,38.559492118051004
998.0726464047443,38.65674920228457
998.1997246637723,38.823992682483514
998.3268029228001,37.65546509203679
998.4538811818279,32.69015837089423
998.5809594408557,37.57688472381802
998.7080376998836,38.49993227037698
998.8351159589115,31.567733701480286
998.9621942179393,28.017057434501105
999.0892724769672,49.21594557466452
999.216350735995,39.82760311148116
999.3434289950229,42.89548062797856
999.4705072540507,33.074222041212074
999.5975855130786,42.91605094191223
999.7246637721064,39.60003157774359
999.8517420311342,36.38145278953892
999.9788202901622,31.284247439987823
1000.10589854919,36.94546499299789
1000.2329768082178,39.28659432994451
1000.3600550672456,46.732522696656986
1000.4871333262736,52.17611732279592
1000.6142115853014,51.20664011137255
1000.7412898443292,38.941774613072596
1000.868368103357,44.28881601546215
1000.9954463623849,47.28649518596918
1001.1225246214128,40.660886065173386
1001.2496028804406,51.59042133574726
1001.3766811394685,56.60519952487002
1001.5037593984963,51.3752099257965
1001.6308376575242,44.18694680851709
1001.7579159165521,45.72466649303483
1001.8849941755799,34.93963280342575
1002.0120724346077,48.56532232696909
1002.1391506936355,42.351358956767235
1002.2662289526635,47.627745466019704
1002.3933072116913,55.17940168409923
1002.5203854707191,48.72701251816673
1002.647463729747,53.16813256807786
1002.7745419887749,46.35619687103484
1002.9016202478027,40.77480041027535
1003.0286985068306,53.49507525228795
1003.1557767658584,46.30640901939978
1003.2828550248863,54.76615827932575
1003.4099332839141,52.06040563798838
1003.537011542942,50.242040787242345
1003.6640898019698,59.99332136706106
1003.7911680609976,55.7813306575173
1003.9182463200256,48.59049924798758
1004.0453245790534,52.34459450124067
1004.1724028380812,62.660321801112204
1004.299481097109,59.87459914673448
1004.426559356137,60.23384260995249
1004.5536376151648,58.86467189255664
1004.6807158741926,61.96304862993091
1004.8077941332205,50.13079973721004
1004.9348723922483,55.912371269114196
1005.0619506512762,57.26780545475761
1005.189028910304,63.28418665880284
1005.3161071693319,65.79870636387025
1005.4431854283597,61.015692447625604
1005.5702636873876,60.47960488155156
1005.6973419464155,54.04862414868677
1005.8244202054433,67.71593518986376
1005.9514984644711,64.83308402862805
1006.0785767234989,65.2049737676524
1006.2056549825269,67.10485699050561
1006.3327332415547,57.071728449899524
1006.4598115005825,70.13885916991792
1006.5868897596104,63.00638345801824
1006.7139680186383,69.16696233970598
1006.8410462776661,70.22642887462834
1006.968124536694,74.64376447187514
1007.0952027957218,68.6810534484006
1007.2222810547496,68.03433583896643
1007.3493593137775,79.96356423951062
1007.4764375728054,70.02012130702397
1007.6035158318332,75.9378604431725
1007.730594090861,78.71975337403829
1007.857672349889,65.89746204430755
1007.9847506089168,68.25457907696243
1008.1118288679446,71.72288235907075
1008.2389071269724,74.24121363077873
1008.3659853860003,71.02892864379768
1008.4930636450282,78.40042817313264
1008.620141904056,75.35282523392918
1008.7472201630839,73.94774866817217
1008.8742984221117,81.30709662549629
1009.0013766811396,80.96182652479152
1009.1284549401674,74.1028153011109
1009.2555331991953,75.25860334798915
1009.3826114582231,93.45973691661601
1009.5096897172509,78.88724736571439
1009.6367679762789,80.6575019275522
1009.7638462353067,77.02637735703424
1009.8909244943345,81.53618151249937
1010.0180027533623,87.94721052628628
1010.1450810123903,80.3189326065547
1010.2721592714181,75.11009940372742
1010.3992375304459,80.70354497074953
1010.5263157894738,79.66325068948262
1010.6533940485016,83.89903935087857
1010.7804723075295,75.23291303740518
1010.9075505665573,81.45221866581382
1011.0346288255852,85.78457123676853
1011.161707084613,83.01083118829656
1011.2887853436409,86.17480639161064
1011.4158636026688,92.19530275306587
1011.5429418616966,82.08075081964135
1011.6700201207244,86.2974932106875
1011.7970983797524,88.33269788519934
1011.9241766387802,90.0210354658208
1012.051254897808,94.06691102389865
1012.1783331568358,84.12927840787418
1012.3054114158637,79.46482140013813
1012.4324896748916,82.6302361258908
1012.5595679339194,88.32441619606912
1012.6866461929473,94.10838215365017
1012.8137244519751,84.71295370940737
1012.940802711003,90.81887285392293
1013.0678809700308,88.81382256517409
1013.1949592290587,97.83628632810607
1013.3220374880865,84.36627096609986
1013.4491157471143,87.87227803619598
1013.5761940061423,88.02511373055123
1013.7032722651701,88.825044156695
1013.8303505241979,87.97803189319461
1013.9574287832257,92.24374746285751
1014.0845070422537,85.04494689155081
1014.2115853012815,89.36122364838235
1014.3386635603093,92.39833943835187
1014.4657418193372,95.0170322630288
1014.592820078365,86.29444792755221
1014.7198983373929,90.18494119909181
1014.8469765964207,92.588831497772
1014.9740548554486,87.94556568497785
1015.1011331144764,86.06128726721656
1015.2282113735043,86.34205724118604
1015.3552896325322,100.0
1015.48236789156,97.29640628172571
1015.6094461505878,93.90511582658827
1015.7365244096156,79.66246705147276
1015.8636026686436,86.84906054969811
1015.9906809276714,84.9489812999857
1016.1177591866992,87.11526037163443
1016.2448374457271,83.32798829830105
1016.371915704755,100.0
1016.4989939637828,86.03894489898994
1016.6260722228106,78.86449492655723
1016.7531504818385,84.87476667464986
1016.8802287408663,91.04263679601908
1017.0073069998942,88.51221425742219
1017.1343852589221,85.86583800713996
1017.2614635179499,90.43745622230009
1017.3885417769777,81.76149579801577
1017.5156200360057,84.96608699662329
1017.6426982950335,87.98306402867749
1017.7697765540613,86.32398434740074
1017.8968548130891,85.85961859825365
1018.023933072117,82.21297399358227
1018.1510113311449,86.93859635773046
1018.2780895901727,82.59727054283411
1018.4051678492006,87.55068428388395
1018.5322461082284,87.48683999561214
1018.6593243672563,76.85903562969398
1018.7864026262841,78.6826237536595
1018.913480885312,78.40580016114578
1019.0405591443398,78.5107929517776
1019.1676374033676,77.98229326533195
1019.2947156623956,84.29994824066699
1019.4217939214234,81.02604738517009
1019.5488721804512,75.0424431040924
1019.675950439479,85.44917130198152
1019.803028698507,84.64973778014826
1019.9301069575348,71.14187754693714
1020.0571852165626,71.26054415036955
1020.1842634755905,72.6993521017007
1020.3113417346184,75.82570009764932
1020.4384199936462,80.84560338589813
1020.565498252674,69.249196808928
1020.6925765117019,75.18350870279868
1020.8196547707297,72.37000285405495
1020.9467330297576,78.83138123367905
1021.0738112887855,76.40682389102227
1021.2008895478133,69.9685396237488
1021.3279678068411,70.89972218905277
1021.455046065869,61.843516414124316
1021.5821243248969,80.26170489524432
1021.7092025839247,71.41886928677306
1021.8362808429525,72.78728445648065
1021.9633591019804,66.12398075488532
1022.0904373610083,65.03566525493467
1022.2175156200361,63.177729233137285
1022.344593879064,59.78114214480388
1022.4716721380918,57.97458274791617
1022.5987503971197,71.71691389392905
1022.7258286561475,73.72660260492772
1022.8529069151754,66.46967349967798
1022.9799851742032,70.90829590855154
1023.107063433231,59.51621155188823
1023.234141692259,66.64416248400204
1023.3612199512868,59.97704919348598
1023.4882982103146,55.473236977929105
1023.6153764693424,60.70037142157652
1023.7424547283704,62.04684332484748
1023.8695329873982,54.19674945009036
1023.996611246426,61.1449403104712
1024.123689505454,60.69201540181025
1024.2507677644817,65.54722034252978
1024.3778460235096,52.988089404885855
1024.5049242825373,67.05934791394466
1024.6320025415653,59.875280107129214
1024.7590808005932,52.507343877628486
1024.886159059621,54.09553693420584
1025.0132373186489,48.718604833521994
1025.1403155776768,56.52750747726789
1025.2673938367045,54.94787756008738
1025.3944720957325,63.57264039263141
1025.5215503547602,66.83856602784155
1025.648628613788,52.09252389221841
1025.775706872816,50.11707939312319
1025.9027851318438,53.27107392002061
1026.0298633908717,53.44385918658792
1026.1569416498994,50.58500217088131
1026.2840199089273,47.64105285827445
1026.4110981679553,46.87866824661092
1026.538176426983,42.59834425514461
1026.665254686011,52.62671526122152
1026.7923329450387,52.33054084648973
1026.9194112040666,43.07703766001392
1027.0464894630945,48.74726824515697
1027.1735677221222,53.562339340724236
1027.3006459811502,49.879379114855546
1027.4277242401781,47.69130131513846
1027.5548024992058,47.30736136339649
1027.6818807582338,49.004992958154695
1027.8089590172615,45.513775046703024
1027.9360372762894,45.745544384941304
1028.0631155353174,42.799399269833614
1028.190193794345,43.574266192019635
1028.317272053373,40.93198924773531
1028.4443503124007,38.15083920130397
1028.5714285714287,48.079274824022605
1028.6985068304566,50.02830827812892
1028.8255850894843,35.811997988504345
1028.9526633485123,42.77967752336163
1029.07974160754,42.2660106491804
1029.206819866568,43.25979799590387
1029.3338981255959,38.665259825135436
1029.4609763846236,41.66830774627349
1029.5880546436515,41.8622641427887
1029.7151329026794,39.7915883726826
1029.8422111617072,47.11729524340591
1029.969289420735,34.954452281202606
1030.0963676797628,36.849092588106856
1030.2234459387907,38.61026762434716
1030.3505241978187,37.20712615229635
1030.4776024568464,42.35767486079894
1030.6046807158743,30.28660141588299
1030.731758974902,36.89403121697546
1030.85883723393,39.44692387040031
1030.985915492958,40.189078553718076
1031.1129937519856,33.37415178410096
1031.2400720110136,44.96830374898394
1031.3671502700413,42.38498818624798
1031.4942285290692,36.40383206855639
1031.6213067880972,36.340169821283496
1031.7483850471249,40.33770408000987
1031.8754633061528,35.41423549262467
1032.0025415651808,38.28675733967823
1032.1296198242085,46.33658441447926
1032.2566980832364,37.4120646897833
1032.3837763422641,37.89518337268318
1032.510854601292,31.744527359215063
1032.63793286032,39.33107365644809
1032.7650111193477,28.675672662681947
1032.8920893783757,46.506460164301
1033.0191676374034,30.419995041978822
1033.1462458964313,38.9831555109867
1033.2733241554592,38.238755414984254
1033.400402414487,39.8939880280361
1033.527480673515,41.82846193292072
1033.6545589325428,34.99665194006877
1033.7816371915706,36.181501573849864
1033.9087154505985,20.94040066006409
1034.0357937096262,37.42767257735879
1034.1628719686541,30.512180783242396
1034.289950227682,29.186897129022544
1034.4170284867098,27.16418445523656
1034.5441067457377,40.90230836726032
1034.6711850047654,33.50661266037793
1034.7982632637934,29.662810748989333
1034.9253415228213,25.125895766234724
1035.052419781849,30.104890413632162
1035.179498040877,24.932600840111768
1035.3065762999047,38.14989375133918
1035.4336545589326,38.37042756152299
1035.5607328179606,24.61717892162608
1035.6878110769883,43.48251166854635
1035.8148893360162,35.06620855458016
1035.9419675950442,33.26505105336325
1036.0690458540719,34.47605136232999
1036.1961241130998,33.99398085538733
1036.3232023721275,34.610826767391075
1036.4502806311555,31.632903160311848
1036.5773588901834,34.01561704526998
1036.7044371492111,36.024708632245684
1036.831515408239,35.32383479801533
1036.9585936672668,34.405743746581706
1037.0856719262947,22.436306526938946
1037.2127501853226,28.549664392757418
1037.3398284443504,22.75661803188507
1037.4669067033783,39.2647474603221
1037.593984962406,29.977505997665165
1037.721063221434,29.44735607888491
1037.848141480462,37.316695130474706
1037.9752197394896,30.03242419579811
1038.1022979985175,23.668313151210164
1038.2293762575455,30.457973452736308
1038.3564545165732,24.10504098893022
1038.4835327756011,26.596380258526402
1038.6106110346288,26.700212454266072
1038.7376892936568,32.52125423743602
1038.8647675526847,26.85006627946401
1038.9918458117124,20.110238044038912
1039.1189240707404,29.837176060313016
1039.246002329768,25.417562448103407
1039.373080588796,28.191653765204816
1039.500158847824,29.79376612371406
1039.6272371068517,24.679377062961507
1039.7543153658796,36.79054267463829
1039.8813936249073,24.37943169120379
1040.0084718839353,31.130238305898917
1040.1355501429632,28.263434670165168
1040.262628401991,24.295788250253686
1040.3897066610189,33.271581201103594
1040.5167849200468,23.665103031129977
1040.6438631790745,31.396406022395745
1040.7709414381025,37.060922293016134
1040.8980196971302,28.291793950463898
1041.025097956158,23.529775880318144
1041.152176215186,27.541267084143435
1041.2792544742138,32.90606133011878
1041.4063327332417,20.503197375064758
1041.5334109922694,31.78303959279483
1041.6604892512973,28.28263936871963
1041.7875675103253,29.651310041496842
1041.914645769353,23.19929666947118
1042.041724028381,34.34076949031479
1042.1688022874089,35.44224016331623
1042.2958805464366,28.903826904658015
1042.4229588054645,28.647189904471016
1042.5500370644922,34.99933458788707
1042.6771153235202,23.965956624671
1042.8041935825481,29.00980107842046
1042.9312718415758,26.79315497309205
1043.0583501006038,31.74665613061481
1043.1854283596315,27.6840051161534
1043.3125066186594,26.890806259849285
1043.4395848776874,27.479673031828483
1043.566663136715,27.414665010502855
1043.693741395743,30.73840585987146
1043.8208196547707,28.81875657323532
1043.9478979137987,29.357102974920853
1044.0749761728266,34.356277271628215
1044.2020544318543,36.053060117317244
1044.3291326908823,39.12371955477432
1044.4562109499102,42.45534939755156
1044.583289208938,38.39638258800904
1044.7103674679659,27.249687734094433
1044.8374457269936,27.597998943753083
1044.9645239860215,34.8384368178076
1045.0916022450494,25.533087857628992
1045.2186805040772,27.597367065962338
1045.345758763105,36.14453946484818
1045.4728370221328,28.329798557916135
1045.5999152811607,37.51060771485867
1045.7269935401887,30.74655901271037
1045.8540717992164,30.811567015789155
1045.9811500582443,36.6214661244663
1046.108228317272,31.111236024915886
1046.2353065763,27.62213458919928
1046.362384835328,30.74474080593047
1046.4894630943556,32.51660211227394
1046.6165413533836,31.564913952689675
1046.7436196124115,31.576556748230058
1046.8706978714392,25.530299626748473
1046.9977761304672,32.801322953186336
1047.1248543894949,21.243554183532908
1047.2519326485228,24.037599544267177
1047.3790109075508,25.466821923366496
1047.5060891665785,30.213434385729325
1047.6331674256064,32.22699474995346
1047.7602456846341,31.502951621605657
1047.887323943662,25.924322274084158
1048.01440220269,29.473543663978283
1048.1414804617177,32.19627626352002
1048.2685587207457,29.45527622661306
1048.3956369797734,31.346802920109845
1048.5227152388013,23.202261260465924
1048.6497934978293,30.489264114207412
1048.776871756857,25.137910018938967
1048.903950015885,27.162682380747007
1049.0310282749128,38.62012303534835
1049.1581065339406,36.66678221323909
1049.2851847929685,23.429230585729268
1049.4122630519962,19.534453166463948
1049.5393413110241,21.318135866176355
1049.666419570052,33.25063871511012
1049.7934978290798,27.806416460154075
1049.9205760881077,35.40348739968484
1050.0476543471354,33.639041564713885
1050.1747326061634,27.0481395760007
1050.3018108651913,39.02490829053692
1050.428889124219,35.890909963543834
1050.555967383247,33.51589231785612
1050.683045642275,36.828990392996005
1050.8101239013026,36.85208232067884
1050.9372021603306,33.62307807460929
1051.0642804193583,29.68139195207854
1051.1913586783862,23.094284096426758
1051.3184369374142,34.20379621383608
1051.4455151964419,26.433095556025282
1051.5725934554698,24.902031012582572
1051.6996717144975,21.859292785408144
1051.8267499735255,25.84919001794096
1051.9538282325534,31.982356890423386
1052.0809064915811,28.963517451448023
1052.207984750609,21.623310005531067
1052.3350630096368,27.653658670017478
1052.4621412686647,34.639037717348
1052.5892195276926,28.16204519025178
1052.7162977867204,20.34042816231944
1052.8433760457483,22.11482359586382
1052.9704543047762,36.220148894452194
1053.097532563804,30.747977777982385
1053.224610822832,37.63494238504562
1053.3516890818596,25.877946583483528
1053.4787673408875,30.85747125660913
1053.6058455999155,36.23026096989671
1053.7329238589432,29.77142555889008
1053.8600021179711,27.94834777705305
1053.9870803769988,31.100108541620777
1054.1141586360268,25.896292446167422
1054.2412368950547,27.12120204114596
1054.3683151540824,23.936806971172032
1054.4953934131104,36.07982016063808
1054.622471672138,23.383320076562185
1054.749549931166,27.915925276550027
1054.876628190194,23.143478572817195
1055.0037064492217,22.70063628971916
1055.1307847082496,34.15887512279795
1055.2578629672776,34.20432152924902
1055.3849412263053,36.3012080158481
1055.5120194853332,26.096356059057307
1055.639097744361,27.048069115749296
1055.7661760033889,27.435510497776253
1055.8932542624168,25.03688577428221
1056.0203325214445,28.105840250679016
1056.1474107804725,34.779686587185495
1056.2744890395002,31.708758946229906
1056.401567298528,32.07607432754146
1056.528645557556,14.343982549363727
1056.6557238165838,34.802467461723296
1056.7828020756117,30.480988336225796
1056.9098803346394,28.03308203983532
1057.0369585936674,27.4883634871745
1057.1640368526953,25.93436124267027
1057.291115111723,29.052471851031054
1057.418193370751,34.06849353275737
1057.5452716297789,30.890921108692627
1057.6723498888066,19.262912070394712
1057.7994281478345,31.145725282168343
1057.9265064068622,15.740828642349285
1058.0535846658902,41.51940163168051
1058.1806629249181,24.884951306256173
1058.3077411839458,32.803659814767286
1058.4348194429738,26.471651710318664
1058.5618977020015,20.811418070684415
1058.6889759610294,32.13829052552858
1058.8160542200574,32.01175859335634
1058.943132479085,25.22875272234031
1059.070210738113,28.577175060433042
1059.197288997141,23.72273052970795
1059.3243672561687,25.26606410980056
1059.4514455151966,28.40445190400138
1059.5785237742243,32.29345282893097
1059.7056020332523,27.73477707268172
1059.8326802922802,29.877762269620757
1059.959758551308,32.51734626406749
1060.0868368103359,39.67956507128264
1060.2139150693636,34.09899117390214
1060.3409933283915,22.260348153875572
1060.4680715874194,35.12200601411698
1060.5951498464472,27.792860003563348
1060.722228105475,47.74346300291403
1060.8493063645028,30.564719365067866
1060.9763846235307,27.760653420883724
1061.1034628825587,30.911365863928168
1061.2305411415864,33.10275878294253
1061.3576194006143,31.821924932931463
1061.4846976596423,36.066427282087076
1061.61177591867,23.09856038794493
1061.738854177698,40.231296162621874
1061.8659324367256,28.42274472423508
1061.9930106957536,23.192903160146326
1062.1200889547815,32.61127849384178
1062.2471672138092,26.430437072637034
1062.3742454728372,17.21135795365725
1062.5013237318649,25.69072536056121
1062.6284019908928,25.702143503094003
1062.7554802499208,23.407253439183062
1062.8825585089485,27.31543512061976
1063.0096367679764,35.457528731542226
1063.1367150270041,16.60839761714616
1063.263793286032,39.27200280225553
1063.39087154506,18.37235472340614
1063.5179498040877,27.31961783105504
1063.6450280631157,27.351177393626998
1063.7721063221436,30.430825590259968
1063.8991845811713,40.117125969287194
1064.0262628401993,28.94126484182153
1064.153341099227,32.307030709422484
1064.280419358255,25.97996599594557
1064.4074976172828,29.48032885504651
1064.5345758763106,25.753331788007312
1064.6616541353385,29.563095041353705
1064.7887323943662,20.840023296495474
1064.9158106533941,17.43582555970013
1065.042888912422,32.015067988857645
1065.1699671714498,26.663323521562518
1065.2970454304777,27.08082372232505
1065.4241236895054,23.79322119521045
1065.5512019485334,23.083360682052493
1065.6782802075613,39.370348915263556
1065.805358466589,40.56204395091417
1065.932436725617,38.81643503838299
1066.059514984645,31.732110052298886
1066.1865932436726,33.88545343707244
1066.3136715027006,28.690743613279466
1066.4407497617283,29.826780870488935
1066.5678280207562,34.961594725387314
1066.6949062797842,28.811675616975304
1066.8219845388119,33.61554613844341
1066.9490627978398,25.989783209304875
1067.0761410568675,25.960074121155714
1067.2032193158955,29.40055724837182
1067.3302975749234,30.880135903588044
1067.4573758339511,40.43205292789437
1067.584454092979,26.20203295622921
1067.711532352007,18.240045435638162
1067.8386106110347,30.014633208221174
1067.9656888700626,30.167481845900323
1068.0927671290904,32.890616573044355
1068.2198453881183,26.674888741519425
1068.3469236471462,24.49292192468534
1068.474001906174,30.620382955202686
1068.601080165202,36.026540810077904
1068.7281584242296,31.60939231804061
1068.8552366832575,39.07296816499806
1068.9823149422855,25.73248548440924
1069.1093932013132,22.65986181053213
1069.2364714603411,23.251701394395987
1069.3635497193688,30.955472101554548
1069.4906279783968,39.0584091891834
1069.6177062374247,35.48613459390987
1069.7447844964524,25.36828415010234
1069.8718627554804,26.51569142947408
1069.9989410145083,29.65323257320965
1070.126019273536,39.63135043334821
1070.253097532564,24.38712657613886
1070.3801757915917,30.127460972111233
1070.5072540506196,33.896697533663165
1070.6343323096476,26.387429209381253
1070.7614105686753,29.825608141932577
1070.8884888277032,31.882448283653805
1071.015567086731,28.47057320149715
1071.1426453457589,28.00640987928946
1071.2697236047868,30.480142797289126
1071.3968018638145,23.55143050131788
1071.5238801228425,33.49058452424989
1071.6509583818702,36.67664550949529
1071.778036640898,23.1475329529877
1071.905114899926,34.488074832856434
1072.0321931589538,24.985286061461967
1072.1592714179817,23.886258062915633
1072.2863496770096,31.798394804793368
1072.4134279360374,28.638408706129326
1072.5405061950653,27.727516393621112
1072.667584454093,32.163921021377334
1072.794662713121,33.54000168571378
1072.9217409721489,20.748733606824324
1073.0488192311766,32.99141523133039
1073.1758974902045,42.90345350295499
1073.3029757492322,36.528253198552115
1073.4300540082602,29.3048338309901
1073.5571322672881,27.902965656170046
1073.6842105263158,31.01449455980409
1073.8112887853438,26.383825872069202
1073.9383670443715,26.000648566038034
1074.0654453033994,35.903848499152915
1074.1925235624274,26.579644056347895
1074.319601821455,37.54403415523795
1074.446680080483,22.91824101694925
1074.573758339511,26.932502092936836
1074.7008365985387,31.005402245938228
1074.8279148575666,23.18869956599429
1074.9549931165943,34.310932434721025
1075.0820713756223,29.19942476017226
1075.2091496346502,26.880170447925156
1075.336227893678,30.213466668600564
1075.4633061527059,33.517559906798574
1075.5903844117336,29.56265485645896
1075.7174626707615,30.104585841013737
1075.8445409297894,35.35242683328357
1075.9716191888172,30.43774852031698
1076.098697447845,31.437420592043573
1076.225775706873,24.84870945067754
1076.3528539659007,32.97222140674455
1076.4799322249287,34.54320137563874
1076.6070104839564,33.38211732078528
1076.7340887429843,31.290586008801856
1076.8611670020123,33.41950395052629
1076.98824526104,33.62631575241591
1077.115323520068,24.123464931482097
1077.2424017790956,19.882278522346404
1077.3694800381236,31.869287724817386
1077.4965582971515,38.114131903112394
1077.6236365561792,29.786845556082763
1077.7507148152072,34.360613087860784
1077.877793074235,30.397967793157246
1078.0048713332628,30.344202985738495
1078.1319495922908,26.92862157430218
1078.2590278513185,31.19956631461551
1078.3861061103464,35.59469696455609
1078.5131843693744,31.4284512121658
1078.640262628402,31.582389813056135
1078.76734088743,34.23994163881366
1078.8944191464577,29.279941879101802
1079.0214974054857,33.11992900780603
1079.1485756645136,26.268437490998178
1079.2756539235413,22.931744368439148
1079.4027321825693,32.07893557172194
1079.529810441597,25.41185662744809
1079.656888700625,31.92398306765637
1079.7839669596528,23.223832926042082
1079.9110452186806,40.57811000797175
1080.0381234777085,30.743198701536038
1080.1652017367362,31.648969512393858
1080.2922799957641,26.902996343736714
1080.419358254792,38.10033066947227
1080.5464365138198,32.437622387519106
1080.6735147728477,25.82996105002873
1080.8005930318757,32.777742811702204
1080.9276712909034,35.51630327049092
1081.0547495499313,19.585663221798924
1081.181827808959,27.707983716832942
1081.308906067987,31.7010172697871
1081.435984327015,31.146700443758
1081.5630625860426,32.892404283547314
1081.6901408450706,31.38603392393833
1081.8172191040983,34.35077047818273
1081.9442973631262,35.189412942341555
1082.0713756221542,38.44784555195742
1082.1984538811819,31.48783020337846
1082.3255321402098,24.81314092031019
1082.4526103992375,27.92100516642268
1082.5796886582655,26.268650135371367
1082.7067669172934,32.874129515220545
1082.8338451763211,39.7094766786257
1082.960923435349,33.962379168043
1083.088001694377,30.871726711156057
1083.2150799534047,35.58026161662978
1083.3421582124327,36.41858005024738
1083.4692364714604,33.7061988786829
1083.5963147304883,35.22889606219524
1083.7233929895162,33.38058294048736
1083.850471248544,29.977726761656704
1083.977549507572,31.23135481461184
1084.1046277665996,29.349265728937098
1084.2317060256275,23.165026773876082
1084.3587842846555,34.96049187028472
1084.4858625436832,25.839913420690515
1084.6129408027111,32.704670113919676
1084.740019061739,37.29552760416413
1084.8670973207668,34.06373045770514
1084.9941755797947,32.625657811296726
1085.1212538388224,31.945870057391776
1085.2483320978504,33.61685398518768
1085.3754103568783,31.798761513844052
1085.502488615906,40.72367044143141
1085.629566874934,36.35557143442355
1085.7566451339617,41.671210063351374
1085.8837233929896,31.887666241102764
1086.0108016520176,35.28498004354944
1086.1378799110453,38.20428809967873
1086.2649581700732,33.626640575076486
1086.392036429101,33.26968709347025
1086.5191146881289,31.94465441696807
1086.6461929471568,32.96351948840885
1086.7732712061845,29.24037136957824
1086.9003494652125,35.3539991283492
1087.0274277242404,29.746154341305548
1087.154505983268,30.577610723215845
1087.281584242296,36.45994491924908
1087.4086625013238,45.42418142991251
1087.5357407603517,39.03891599496561
1087.6628190193796,32.89775687386899
1087.7898972784074,33.92174318050098
1087.9169755374353,43.460731982416384
1088.044053796463,41.925833691310324
1088.171132055491,44.9993256299964
1088.2982103145189,40.91760777620427
1088.4252885735466,33.552306981583996
1088.5523668325745,41.31759508341708
1088.6794450916022,32.36898818529699
1088.8065233506302,33.23882197780886
1088.9336016096581,40.25979176966027
1089.0606798686858,33.14541664890693
1089.1877581277138,39.0166970891692
1089.3148363867417,34.13022055290735
1089.4419146457694,42.372528766425035
1089.5689929047974,39.71300849244744
1089.696071163825,48.83918948883341
1089.823149422853,34.99666366906666
1089.950227681881,36.0114285084209
1090.0773059409087,45.23456747336312
1090.2043841999366,35.323533033958604
1090.3314624589643,42.83201394447133
1090.4585407179923,41.64933303545123
1090.5856189770202,43.698780748090535
1090.712697236048,46.15587764890244
1090.8397754950759,45.38215119288814
1090.9668537541036,39.335011679386334
1091.0939320131315,44.0691058647944
1091.2210102721594,44.32018284518629
1091.3480885311872,45.69065365330085
1091.475166790215,45.95863691730669
1091.602245049243,46.646981104856984
1091.7293233082708,43.50896715789138
1091.8564015672987,40.928109372319014
1091.9834798263264,47.659685533621555
1092.1105580853543,49.42793144205396
1092.2376363443823,47.14205256844721
1092.36471460341,54.69684156080494
1092.491792862438,40.921960586416105
1092.6188711214656,51.28903128031085
1092.7459493804936,54.30652175388019
1092.8730276395215,52.21457301837944
1093.0001058985492,47.21600982759453
1093.1271841575772,48.33900043535711
1093.2542624166051,52.9977080249226
1093.3813406756328,48.53287099445705
1093.5084189346608,56.439501660040605
1093.6354971936885,48.0008055478803
1093.7625754527164,51.021932365571146
1093.8896537117444,53.74509798027135
1094.016731970772,60.20859308984916
1094.1438102298,51.181402433776114
1094.2708884888277,53.177624574945746
1094.3979667478557,59.02915618540697
1094.5250450068836,50.19930624025464
1094.6521232659113,50.164921498803714
1094.7792015249393,59.74453333424722
1094.906279783967,53.53829636673275
1095.033358042995,65.65079299412844
1095.1604363020228,57.921234651869305
1095.2875145610506,60.12970313662704
1095.4145928200785,55.9688441728603
1095.5416710791064,61.72533770779475
1095.6687493381341,62.74872787646238
1095.795827597162,59.8056123675824
1095.9229058561898,63.98273545982606
1096.0499841152177,70.26669884889498
1096.1770623742457,60.832730005433426
1096.3041406332734,61.758607694023745
1096.4312188923013,60.93089029109193
1096.558297151329,68.31727428037932
1096.685375410357,71.4427277126749
1096.812453669385,66.51008853008193
1096.9395319284126,65.64485830824756
1097.0666101874406,75.40780860861426
1097.1936884464683,82.41256540354118
1097.3207667054962,74.61105752813211
1097.4478449645242,72.66582110455232
1097.5749232235519,62.19623017015636
1097.7020014825798,63.11341255789827
1097.8290797416078,74.32616507353426
1097.9561580006355,66.28299006734406
1098.0832362596634,79.10216681116682
1098.2103145186911,78.47501724701655
1098.337392777719,86.52838321107518
1098.464471036747,74.91110960091257
1098.5915492957747,79.60553677547932
1098.7186275548027,67.84453630100013
1098.8457058138304,77.75707742334818
1098.9727840728583,78.03644175754569
1099.0998623318862,74.85437214744171
1099.226940590914,73.91214158372955
1099.354018849942,73.55855460069884
1099.4810971089696,79.37492788858805
1099.6081753679975,75.91665073130923
1099.7352536270255,72.57780605552682
1099.8623318860532,85.78481798872998
1099.9894101450811,81.59513243983612
1100.116488404109,77.29385387069965
1100.2435666631368,71.71786633931147
1100.3706449221647,85.54862053076695
1100.4977231811924,77.93033758862407
1100.6248014402204,74.22544693174257
1100.7518796992483,89.74727198207682
1100.878957958276,78.95664856857616
1101.006036217304,83.712468433255
1101.1331144763317,83.97596062788169
1101.2601927353596,95.97684788608218
1101.3872709943876,82.91770682422177
1101.5143492534153,79.04938631788113
1101.6414275124432,88.50744770827086
1101.7685057714712,87.29296811369355
1101.8955840304989,85.95736334166715
1102.0226622895268,74.8975857976677
1102.1497405485545,85.15994399144775
1102.2768188075825,83.8605360797956
1102.4038970666104,81.39022624773588
1102.530975325638,84.624419128453
1102.658053584666,90.49042370871058
1102.7851318436938,98.1585196563862
1102.9122101027217,84.52785992260154
1103.0392883617496,84.97418412717187
1103.1663666207774,94.66269124383747
1103.2934448798053,87.75278077795015
1103.420523138833,88.96420038459837
1103.547601397861,82.45645158954854
1103.6746796568889,99.58320807587839
1103.8017579159166,85.41391836977407
1103.9288361749445,92.99709285632132
1104.0559144339725,96.9049403950563
1104.1829926930002,92.79916215401025
1104.3100709520281,85.17863464856362
1104.4371492110558,87.04544197673054
1104.5642274700838,83.25306529569983
1104.6913057291117,95.18950928727295
1104.8183839881394,92.2332476018761
1104.9454622471674,83.30214262512192
1105.072540506195,94.2001238186197
1105.199618765223,93.34048843198079
1105.326697024251,89.32398360066655
1105.4537752832787,90.7421568975051
1105.5808535423066,85.63463686386675
1105.7079318013343,92.19692249318531
1105.8350100603623,83.95008748895481
1105.9620883193902,87.91483600783562
1106.089166578418,89.90618430997783
1106.2162448374459,85.62123526295773
1106.3433230964738,98.4161529803481
1106.4704013555015,91.35196625080467
1106.5974796145294,86.4739078992404
1106.7245578735572,80.53034536211788
1106.851636132585,76.86184797709917
1106.978714391613,82.32179751728867
1107.1057926506408,96.52391505399507
1107.2328709096687,86.92005236227824
1107.3599491686964,83.07570919144766
1107.4870274277243,93.69541874731661
1107.6141056867523,79.68449137776958
1107.74118394578,79.50289512599922
1107.868262204808,81.28539267905617
1107.9953404638356,82.26413532954928
1108.1224187228636,67.96679761353852
1108.2494969818915,83.70428102477294
1108.3765752409192,81.10714857646438
1108.5036534999472,75.52002065369422
1108.6307317589751,83.52434172641614
1108.7578100180028,77.6260363536958
1108.8848882770308,81.20984641350388
1109.0119665360585,91.1543236009494
1109.1390447950864,76.84826350743134
1109.2661230541144,77.64218142980761
1109.393201313142,75.8574805734457
1109.52027957217,92.7210879548372
1109.6473578311977,79.03357558684144
1109.7744360902257,76.41946836520862
1109.9015143492536,81.67085471718119
1110.0285926082813,78.11951252448826
1110.1556708673093,78.54879908525393
1110.2827491263372,79.74131542930175
1110.409827385365,72.79746159279539
1110.5369056443928,72.94419888463071
1110.6639839034206,71.17318499312978
1110.7910621624485,77.87144552238163
1110.9181404214764,75.76818876747062
1111.0452186805041,66.39371709377261
1111.172296939532,68.49206124319308
1111.2993751985598,73.94260741656598
1111.4264534575877,72.44935674829891
1111.5535317166157,76.20076931974572
1111.6806099756434,64.43704422558076
1111.8076882346713,71.3355842031741
1111.934766493699,60.74197515433628
1112.061844752727,58.55425137741307
1112.188923011755,61.75701137643674
1112.3160012707826,66.82778138008317
1112.4430795298106,69.89984877868929
1112.5701577888385,57.30131862331503
1112.6972360478662,64.14258179600381
1112.8243143068942,56.41748442896396
1112.9513925659219,57.21193579057111
1113.0784708249498,68.26214158560714
1113.2055490839778,63.77338733513327
1113.3326273430055,69.4245684064542
1113.4597056020334,59.21989048799186
1113.5867838610611,60.29477712643436
1113.713862120089,64.01545750804945
1113.840940379117,61.13452942866441
1113.9680186381447,60.92323328907575
1114.0950968971727,61.0406843105048
1114.2221751562004,57.06325779060002
1114.3492534152283,57.47159996490622
1114.4763316742562,57.73483513092523
1114.603409933284,57.03240236599213
1114.730488192312,52.461557120631646
1114.8575664513398,62.711040662456625
1114.9846447103675,62.14374718192242
1115.1117229693955,60.32350121381891
1115.2388012284232,52.57432232783971
1115.3658794874511,45.95152323884432
1115.492957746479,56.62520055343189
1115.6200360055068,53.41172128432667
1115.7471142645347,51.77842279249433
1115.8741925235624,54.93025993646791
1116.0012707825904,51.329030847305184
1116.1283490416183,43.12548532693806
1116.255427300646,51.04001767243527
1116.382505559674,55.85623325975972
1116.5095838187017,42.79083535751322
1116.6366620777296,48.31785404784715
1116.7637403367576,48.9697645198821
1116.8908185957853,47.618185548153775
1117.0178968548132,44.86785127034669
1117.1449751138412,45.293302929100555
1117.2720533728689,45.93133367533157
1117.3991316318968,43.11277067490266
1117.5262098909245,49.606033055014834
1117.6532881499525,39.32208239623799
1117.7803664089804,46.29183487937635
1117.907444668008,34.59397424711213
1118.034522927036,35.8372060238237
1118.1616011860638,40.16935572040782
1118.2886794450917,43.926095319468715
1118.4157577041196,39.8581241759237
1118.5428359631474,45.95912967462791
1118.6699142221753,45.18699636397295
1118.7969924812032,44.78841581377125
1118.924070740231,43.05966097439267
1119.0511489992589,43.239408737299385
1119.1782272582866,43.126330335792446
1119.3053055173145,46.4610587143047
1119.4323837763425,44.93454919208031
1119.5594620353702,50.41661700600534
1119.6865402943981,46.443351636727996
1119.8136185534258,43.806580414686
1119.9406968124538,46.898455601030925
1120.0677750714817,48.74252482684947
1120.1948533305094,43.8831743702076
1120.3219315895374,30.720497855998545
1120.449009848565,39.36859947614062
1120.576088107593,35.11677192464489
1120.703166366621,41.89629711287238
1120.8302446256487,27.831956635944312
1120.9573228846766,43.99418530282027
1121.0844011437046,44.76080670338847
1121.2114794027323,36.67450574762623
1121.3385576617602,39.74598242928275
1121.465635920788,39.59523542875275
1121.5927141798159,32.35358153396572
1121.7197924388438,36.026041366043145
1121.8468706978715,32.51070174106167
1121.9739489568994,35.328518145876366
1122.1010272159272,30.047184130848066
1122.228105474955,39.965929500201675
1122.355183733983,35.77063284811065
1122.4822619930108,31.53216323187401
1122.6093402520387,33.57256892045707
1122.7364185110664,38.324304103269654
1122.8634967700943,27.6886230171909
1122.9905750291223,39.39114797086085
1123.11765328815,39.72514857283758
1123.244731547178,30.292140270946593
1123.3718098062059,39.37241209550863
1123.4988880652336,30.65326419267884
1123.6259663242615,26.460985700073376
1123.7530445832892,35.13015923057932
1123.8801228423172,29.210511295604903
1124.0072011013451,28.054475700285586
1124.1342793603728,28.91274334142803
1124.2613576194008,36.297519112508866
1124.3884358784285,36.531567535060084
1124.5155141374564,38.26332309064385
1124.6425923964844,37.3100557201008
1124.769670655512,35.97739340832401
1124.89674891454,31.686064515069944
1125.0238271735677,26.813437160708148
1125.1509054325957,32.500149210089916
1125.2779836916236,33.08653834166692
1125.4050619506513,32.54992853436665
1125.5321402096793,34.40902071587464
1125.6592184687072,41.347301357290135
1125.786296727735,26.354405980850068
1125.9133749867628,28.600467466470054
1126.0404532457906,36.07854752203033
1126.1675315048185,33.500720842257074
1126.2946097638464,29.68197968654938
1126.4216880228742,33.74040599115642
1126.548766281902,37.374443107998836
1126.6758445409298,27.08034481671036
1126.8029227999577,29.920580103800066
1126.9300010589857,39.267738385864895
1127.0570793180134,24.617735999920196
1127.1841575770413,32.15402409879832
1127.3112358360693,27.881729889699507
1127.438314095097,37.55335059030217
1127.565392354125,24.751571104873186
1127.6924706131526,37.070714851733094
1127.8195488721806,41.21201538545637
1127.9466271312085,35.262718341208206
1128.0737053902362,30.029570360418568
1128.2007836492642,32.139637239239036
1128.3278619082919,30.141533056273964
1128.4549401673198,36.42625346365
1128.5820184263478,37.09402579384388
1128.7090966853755,22.774981065651932
1128.8361749444034,34.76168270340096
1128.9632532034311,35.67307538818073
1129.090331462459,28.019236493318832
1129.217409721487,32.54862236823668
1129.3444879805147,28.17014016532401
1129.4715662395427,26.600849966391102
1129.5986444985706,32.702585120163626
1129.7257227575983,20.427501287096728
1129.8528010166262,26.250809340226972
1129.979879275654,43.85980085789559
1130.106957534682,22.405633713738332
1130.2340357937098,25.644519923354416
1130.3611140527375,31.359756853875346
1130.4881923117655,26.626955135903618
1130.6152705707932,31.509783985010777
1130.7423488298211,27.63693078795853
1130.869427088849,27.454703800326595
1130.9965053478768,34.39410983523763
1131.1235836069047,34.68859683224238
1131.2506618659324,28.08024941254372
1131.3777401249604,30.407714151583296
1131.5048183839883,23.418439896688504
1131.631896643016,33.94786678492505
1131.758974902044,33.09834443951672
1131.886053161072,39.93034650800158
1132.0131314200996,31.600834554757988
1132.1402096791276,37.51722226966686
1132.2672879381553,29.67551897295417
1132.3943661971832,36.371255667419106
1132.5214444562112,32.64791836951708
1132.6485227152389,30.45423314999206
1132.7756009742668,32.50186125670376
1132.9026792332945,28.02933053373697
1133.0297574923225,35.02604177177614
1133.1568357513504,32.6353348929713
1133.283914010378,26.800461541517933
1133.410992269406,33.402644509851044
1133.5380705284338,33.03975931304081
1133.6651487874617,30.992393257399485
1133.7922270464896,35.04615450708369
1133.9193053055174,32.27015682953051
1134.0463835645453,33.00657206107615
1134.1734618235732,43.222831618194014
1134.300540082601,26.568820990084934
1134.4276183416289,31.55242862038471
1134.5546966006566,33.27214888264772
1134.6817748596845,24.853476658609836
1134.8088531187125,27.077651900379056
1134.9359313777402,30.902771946175278
1135.0630096367681,31.805384526148483
1135.1900878957958,31.68321767776321
1135.3171661548238,38.635591109244956
1135.4442444138517,27.581037428848855
1135.5713226728794,26.305599633743782
1135.6984009319074,27.70290021920911
1135.8254791909353,37.52288649616138
1135.952557449963,36.31674927571576
1136.079635708991,28.008295100758396
1136.2067139680187,34.22489217771172
1136.3337922270466,28.86939702521633
1136.4608704860746,27.676657679805757
1136.5879487451023,29.830978154581313
1136.7150270041302,24.13985881089058
1136.842105263158,24.503015618773773
1136.9691835221859,30.774538805898175
1137.0962617812138,25.922313002752624
1137.2233400402415,33.120539939110685
1137.3504182992694,28.89395682065449
1137.4774965582972,34.065046813313955
1137.604574817325,31.473076616416204
1137.731653076353,31.17796746377049
1137.8587313353808,28.71974013207249
1137.9858095944087,31.73380555412937
1138.1128878534366,39.34534164060842
1138.2399661124643,28.803091521477295
1138.3670443714923,30.30082354271682
1138.49412263052,30.047343625011987
1138.621200889548,36.74891955594737
1138.7482791485759,27.81319591764268
1138.8753574076036,20.590967267438636
1139.0024356666315,37.12230213226916
1139.1295139256592,32.088143562210995
1139.2565921846872,25.88215570711249
1139.3836704437151,26.39641981366825
1139.5107487027428,19.333613008384983
1139.6378269617708,24.441842684889178
1139.7649052207985,32.65396735866089
1139.8919834798264,29.783049066347495
1140.0190617388544,30.266598571066336
1140.146139997882,28.8914300191261
1140.27321825691,23.424475513177132
1140.400296515938,32.30935226963401
1140.5273747749657,26.485356974982736
1140.6544530339936,29.282457166742812
1140.7815312930213,19.26055145749905
1140.9086095520493,26.025265092676186
1141.0356878110772,23.911911777612545
1141.162766070105,29.61233261094391
1141.2898443291328,29.073426414176453
1141.4169225881606,31.65260393369138
1141.5440008471885,26.190772515338523
1141.6710791062164,25.540565986913023
1141.7981573652442,21.749857812545564
1141.925235624272,29.960130882528055
1142.0523138832998,28.387473125362703
1142.1793921423277,34.308577952819235
1142.3064704013557,32.95907497604896
1142.4335486603834,27.723331288545655
1142.5606269194113,25.360028379485552
1142.6877051784393,35.96658778018576
1142.814783437467,28.866830085211735
1142.941861696495,38.407541357668265
1143.0689399555226,27.538498727498542
1143.1960182145506,32.062102909052676
1143.3230964735785,22.33932205515699
1143.4501747326062,36.272820402572165
1143.5772529916342,21.483438999255483
1143.7043312506619,26.925187274323577
1143.8314095096898,39.468746607267285
1143.9584877687178,22.796393964844924
1144.0855660277455,29.82494025361423
1144.2126442867734,26.839153904844196
1144.3397225458014,32.285800130216714
1144.466800804829,30.03523365450903
1144.593879063857,36.881592669012534
1144.7209573228847,29.244400834554614
1144.8480355819127,24.06719964869211
1144.9751138409406,30.506746887720084
1145.1021920999683,33.411337015792554
1145.2292703589962,29.793039323940267
1145.356348618024,24.042410221765493
1145.483426877052,33.02058501054842
1145.6105051360798,26.393896579702687
1145.7375833951075,26.18304164036355
1145.8646616541355,29.51844778726129
1145.9917399131632,28.801393503880284
1146.1188181721911,25.185537671382548
1146.245896431219,23.50452949176661
1146.3729746902468,31.215921365956177
1146.5000529492747,25.900299996184295
1146.6271312083027,35.11352317105161
1146.7542094673304,31.18364978771022
1146.8812877263583,34.62055729273175
1147.008365985386,37.44436930564438
1147.135444244414,33.63788972816721
1147.262522503442,34.13452152020088
1147.3896007624696,19.014586474540785
1147.5166790214976,28.25019796181421
1147.6437572805253,33.48486309468778
1147.7708355395532,22.00883724302797
1147.8979137985812,28.71531256175594
1148.0249920576089,36.22435997027022
1148.1520703166368,33.06341783074083
1148.2791485756645,29.212242523484807
1148.4062268346925,23.806464972285568
1148.5333050937204,23.174018980605823
1148.660383352748,35.94389346737566
1148.787461611776,26.666350801066233
1148.914539870804,35.036738901573955
1149.0416181298317,34.78978101471632
1149.1686963888596,29.482182075465236
1149.2957746478874,27.651762115064535
1149.4228529069153,22.836572561588717
1149.5499311659432,26.922928124141507
1149.677009424971,21.385962108466238
1149.804087683999,31.534445495189793
1149.9311659430266,34.01976152836646
1150.0582442020545,29.996786330492036
1150.1853224610825,29.468469844288713
1150.3124007201102,25.33042268761431
1150.4394789791381,29.9909003098626
1150.5665572381658,28.46412757994056
1150.6936354971938,32.77928172396522
1150.8207137562217,25.192161996280607
1150.9477920152494,25.83402492900121
1151.0748702742774,19.754836279054977
1151.2019485333053,28.155361016267122
1151.329026792333,25.44238525572515
1151.456105051361,32.47496043895306
1151.5831833103887,27.611294228069276
1151.7102615694166,31.80957443812591
1151.8373398284446,35.31107313840675
1151.9644180874723,31.576487336554557
1152.0914963465002,25.093086854198127
1152.218574605528,22.33881172336952
1152.3456528645559,32.38742735188967
1152.4727311235838,30.061518376030953
1152.5998093826115,28.193557948224026
1152.7268876416395,36.40019231405533
1152.8539659006674,23.72465845251675
1152.981044159695,30.369722893084955
1153.108122418723,24.602988498479483
1153.2352006777508,30.856891783775573
1153.3622789367787,29.506873627671023
1153.4893571958066,30.81829840447228
1153.6164354548343,23.611252770836252
1153.7435137138623,29.906439899270808
1153.87059197289,26.817827490258868
1153.997670231918,36.49135808372683
1154.1247484909459,28.5527501470592
1154.2518267499736,26.919662467806724
1154.3789050090015,31.9718753641558
1154.5059832680292,37.30624883724588
1154.6330615270572,35.130926272913555
1154.7601397860851,32.46803008245807
1154.8872180451128,27.299370000360724
1155.0142963041408,29.34107913296569
1155.1413745631687,21.061879818000115
1155.2684528221964,25.376377567728223
1155.3955310812244,25.36322011712534
1155.522609340252,28.49679756473163
1155.64968759928,34.02415292507393
1155.776765858308,35.483511969104384
1155.9038441173357,31.93706418188117
1156.0309223763636,31.29603408229175
1156.1580006353913,23.009944941860805
1156.2850788944193,26.522209474711474
1156.4121571534472,28.521152865834548
1156.539235412475,32.84226774827085
1156.6663136715028,28.290147106179766
1156.7933919305306,32.7184585144741
1156.9204701895585,23.610793915870644
1157.0475484485864,28.289915541274368
1157.1746267076142,29.299364255401645
1157.301704966642,26.299982122963677
1157.42878322567,35.4620662095073
1157.5558614846977,23.377090045551085
1157.6829397437257,27.558505506611187
1157.8100180027534,31.720643958166754
1157.9370962617813,29.324869395446566
1158.0641745208093,28.434889568008323
1158.191252779837,29.19625929739388
1158.318331038865,25.058070344773252
1158.4454092978926,28.778696729417337
1158.5724875569206,34.86539696658204
1158.6995658159485,32.63703463531757
1158.8266440749762,32.0814804378757
1158.9537223340042,31.247879308538497
1159.0808005930319,33.634271126882794
1159.2078788520598,35.23588697932629
1159.3349571110878,21.10787796514945
1159.4620353701155,31.643342072260907
1159.5891136291434,37.95766707509067
1159.7161918881714,30.41081255280252
1159.843270147199,27.57273875849687
1159.970348406227,28.976609881356318
1160.0974266652547,31.08093455327994
1160.2245049242827,33.20360196347961
1160.3515831833106,24.75633551453133
1160.4786614423383,37.277079677711605
1160.6057397013662,33.63243328868546
1160.732817960394,32.82580554216781
1160.859896219422,34.11738979534678
1160.9869744784498,30.07499796920364
1161.1140527374776,33.44651223108869
1161.2411309965055,32.262815680069494
1161.3682092555334,24.056537323709243
1161.4952875145611,39.18433383390496
1161.622365773589,35.94615755648616
1161.7494440326168,27.92254090501533
1161.8765222916447,29.577295034875824
1162.0036005506727,33.623699765431695
1162.1306788097004,28.14667381911707
1162.2577570687283,38.985175161403674
1162.384835327756,29.553107542624357
1162.511913586784,32.40789998067727
1162.638991845812,26.15663519305782
1162.7660701048396,35.29931227650647
1162.8931483638676,35.353955935668566
1163.0202266228953,29.79270828581039
1163.1473048819232,32.447860923859956
1163.2743831409512,29.95202884178671
1163.4014613999789,28.338242729345435
1163.5285396590068,31.519071607825772
1163.6556179180347,29.05641729213593
1163.7826961770625,31.024581298060244
1163.9097744360904,33.80191637437412
1164.0368526951181,33.944021306832354
1164.163930954146,28.952243974373093
1164.291009213174,29.93643616907283
1164.4180874722017,27.778548037576314
1164.5451657312296,30.344284909997004
1164.6722439902574,34.402660707832155
1164.7993222492853,32.09941638177773
1164.9264005083132,27.277711569837713
1165.053478767341,18.929624745789628
1165.180557026369,32.01547595039147
1165.3076352853966,34.1968755682175
1165.4347135444245,35.27050056269775
1165.5617918034525,34.10489753477163
1165.6888700624802,25.773258661839307
1165.8159483215081,27.899540723856806
1165.943026580536,29.35671243795947
1166.0701048395638,30.119020742821835
1166.1971830985917,29.569897564091423
1166.3242613576194,24.049717425151428
1166.4513396166474,34.798564342753764
1166.5784178756753,28.806747408610182
1166.705496134703,31.385796632453847
1166.832574393731,27.26184392595497
1166.9596526527587,21.915640884567452
1167.0867309117866,35.686281729862
1167.2138091708146,27.194756274638763
1167.3408874298423,27.48953485229697
1167.4679656888702,37.60065068125543
1167.595043947898,30.60288013715373
1167.7221222069259,23.174452377290656
1167.8492004659538,34.633473942322915
1167.9762787249815,31.815183415902823
1168.1033569840095,28.621254808063604
1168.2304352430374,25.184944162800775
1168.357513502065,20.87437476094523
1168.484591761093,22.04350703499039
1168.6116700201208,34.35470932207475
1168.7387482791487,32.943280310003544
1168.8658265381766,30.60341124696935
1168.9929047972043,28.42863788705018
1169.1199830562323,30.97504881789094
1169.24706131526,31.641016954382987
1169.374139574288,32.89401454946482
1169.5012178333159,13.610142898816594
1169.6282960923436,25.411033007465917
1169.7553743513715,29.454221203185327
1169.8824526103995,31.798625058778462
1170.0095308694272,22.64295631310824
1170.1366091284551,29.934921995127755
1170.2636873874828,29.5231687835193
1170.3907656465108,31.19682482814503
1170.5178439055387,36.02906308806096
1170.6449221645664,23.519025067277056
1170.7720004235944,34.96557957345478
1170.899078682622,35.34550649472819
1171.02615694165,27.57461776746055
1171.153235200678,29.338548787939402
1171.2803134597057,31.49928930650752
1171.4073917187336,30.803391748223152
1171.5344699777613,30.291943722917413
1171.6615482367893,30.706044656166757
1171.7886264958172,32.55764482682025
1171.915704754845,35.54972787414134
1172.0427830138728,23.29099333816183
1172.1698612729008,28.293648982806282
1172.2969395319285,38.205696051155115
1172.4240177909564,33.267358086310324
1172.5510960499842,30.160305532318056
1172.678174309012,36.964817792032626
1172.80525256804,29.684299012348674
1172.9323308270677,41.1153657107876
1173.0594090860957,31.32441927129388
1173.1864873451234,35.48595525848503
1173.3135656041513,37.238353062887676
1173.4406438631793,27.945337916655987
1173.567722122207,28.00134212682179
1173.694800381235,38.680109619561954
1173.8218786402626,28.75540183961793
1173.9489568992906,35.61752305820639
1174.0760351583185,36.63356254120331
1174.2031134173462,33.277599304797526
1174.3301916763742,26.232351633644146
1174.457269935402,34.214847743676174
1174.5843481944298,23.713310541621823
1174.7114264534578,39.140969459614865
1174.8385047124855,28.363349070332397
1174.9655829715134,29.140118464652858
1175.0926612305414,33.98531255885835
1175.219739489569,34.04942041752097
1175.346817748597,35.24376073080165
1175.4738960076247,40.48371030008803
1175.6009742666527,32.894060656396114
1175.7280525256806,35.3202991990131
1175.8551307847083,31.86257730967447
1175.9822090437362,36.15138945266615
1176.109287302764,27.9739032892829
1176.236365561792,30.52912414637158
1176.3634438208198,36.26118936222162
1176.4905220798476,36.27927165669242
1176.6176003388755,35.8515864295976
1176.7446785979034,35.387190284402955
1176.8717568569311,36.714623402067275
1176.998835115959,35.60767647691282
1177.1259133749868,36.301028507631834
1177.2529916340147,33.508473581650335
1177.3800698930427,42.650819020000995
1177.5071481520704,36.53417094722789
1177.6342264110983,24.601719528125166
1177.761304670126,33.5540437389802
1177.888382929154,35.77161345300262
1178.015461188182,37.9645557303304
1178.1425394472096,34.02250553855931
1178.2696177062376,35.5897709840687
1178.3966959652655,36.10937410630798
1178.5237742242932,40.95753739882297
1178.6508524833212,34.52950905351667
1178.7779307423489,42.14140171803163
1178.9050090013768,47.56578974064801
1179.0320872604048,40.90268434364831
1179.1591655194325,34.15889230597126
1179.2862437784604,38.54987043362978
1179.4133220374881,38.40859734993296
1179.540400296516,43.60097870688403
1179.667478555544,45.878218443578476
1179.7945568145717,43.74793825864079
1179.9216350735996,41.682528084454376
1180.0487133326274,36.76819466584962
1180.1757915916553,41.35654611703336
1180.3028698506832,48.989005942710776
1180.429948109711,40.0346896740357
1180.557026368739,51.44259051157476
1180.6841046277668,45.056558096816445
1180.8111828867945,39.34088509843855
1180.9382611458225,41.38044181452014
1181.0653394048502,54.74262864532125
1181.1924176638781,44.94852742002342
1181.319495922906,43.782762529647954
1181.4465741819338,41.40678764630593
1181.5736524409617,44.7677307743194
1181.7007306999894,52.91596753412849
1181.8278089590174,48.18800773247023
1181.9548872180453,49.378089722894515
1182.081965477073,43.58442320921452
1182.209043736101,49.49181097116987
1182.3361219951287,45.96853417447437
1182.4632002541566,51.9943963497332
1182.5902785131846,47.02275498002978
1182.7173567722123,50.096033108065434
1182.8444350312402,62.11638534546165
1182.9715132902681,50.69978946242476
1183.0985915492959,58.45326980500033
1183.2256698083238,48.680246075445254
1183.3527480673515,42.47517055090788
1183.4798263263795,50.71299034887922
1183.6069045854074,52.164724888516226
1183.733982844435,51.568953096036715
1183.861061103463,46.88729317427814
1183.9881393624908,48.04063370541077
1184.1152176215187,59.395028724303415
1184.2422958805466,54.21235373094386
1184.3693741395743,52.60453506912123
1184.4964523986023,48.2008327857529
1184.62353065763,56.240833445839144
1184.750608916658,52.42740086518667
1184.8776871756859,61.673409078186914
1185.0047654347136,53.07945097370839
1185.1318436937415,67.21866264708083
1185.2589219527695,61.60273204398429
1185.3860002117972,61.54146241583308
1185.5130784708251,52.5254083896416
1185.6401567298528,64.25210432669687
1185.7672349888808,59.74570909522539
1185.8943132479087,69.22033551158077
1186.0213915069364,64.12125213886172
1186.1484697659644,65.20687385203891
1186.275548024992,57.97851555166615
1186.40262628402,65.4726325983375
1186.529704543048,73.68329769619265
1186.6567828020757,64.01355268514916
1186.7838610611036,74.51168612699585
1186.9109393201315,63.40665005076669
1187.0380175791593,74.83731096957193
1187.1650958381872,66.1471328816741
1187.292174097215,66.2262733764225
1187.4192523562429,66.72518884702149
1187.5463306152708,74.81085573681551
1187.6734088742985,67.85384604661303
1187.8004871333264,70.52803378386918
1187.9275653923542,67.22816095746427
1188.054643651382,63.19606115608636
1188.18172191041,78.69370132321396
1188.3088001694377,67.24465992839683
1188.4358784284657,69.63709937247353
1188.5629566874934,76.3366796054908
1188.6900349465213,67.63320693053805
1188.8171132055493,76.27529655478104
1188.944191464577,67.8634414066959
1189.071269723605,73.00287137970831
1189.1983479826329,82.14255828006651
1189.3254262416606,80.51791597446271
1189.4525045006885,82.54964397579433
1189.5795827597162,75.91268631234063
1189.7066610187442,79.42544301555766
1189.833739277772,80.85810435817723
1189.9608175367998,85.88308708906311
1190.0878957958278,76.38374295931038
1190.2149740548555,84.75947666727909
1190.3420523138834,84.0479783517484
1190.4691305729114,85.29506311091805
1190.596208831939,80.86892005340916
1190.723287090967,81.56367523021991
1190.8503653499947,90.1387451357963
1190.9774436090227,82.77705897875163
1191.1045218680506,84.52561287580313
1191.2316001270783,86.38923239754143
1191.3586783861062,78.3610520810832
1191.4857566451342,82.91032385198478
1191.612834904162,84.94986425675796
1191.7399131631898,86.80365635403692
1191.8669914222176,87.76358006162016
1191.9940696812455,77.57058124281309
1192.1211479402734,84.87425050323556
1192.2482261993011,90.65908848132122
1192.375304458329,94.43899627062399
1192.5023827173568,85.46309927668577
1192.6294609763847,78.81385200099739
1192.7565392354127,97.59247767998723
1192.8836174944404,85.44157745344934
1193.0106957534683,83.61609030962552
1193.137774012496,96.31323998983123
1193.264852271524,85.38956573491535
1193.391930530552,97.43884847733626
1193.5190087895796,91.83747650477183
1193.6460870486076,90.30117230408358
1193.7731653076355,90.78716957862031
1193.9002435666632,100.0
1194.0273218256912,95.10076181892339
1194.1544000847189,75.99849257249275
1194.2814783437468,88.78224814392037
1194.4085566027748,86.84899977031934
1194.5356348618025,99.56557093377803
1194.6627131208304,97.5551786413198
1194.7897913798581,94.6831789348395
1194.916869638886,91.91743170194538
1195.043947897914,87.31826085316146
1195.1710261569417,90.99931196718933
1195.2981044159696,91.7447103324559
1195.4251826749976,91.91599394394623
1195.5522609340253,95.41919502301957
1195.6793391930532,88.89773767675558
1195.806417452081,84.41422645809841
1195.933495711109,92.23166815210736
1196.0605739701368,87.83947080426985
1196.1876522291645,88.06877900306675
1196.3147304881925,82.08090163715858
1196.4418087472202,86.35458873877378
1196.5688870062481,100.0
1196.695965265276,91.74201645428062
1196.8230435243038,90.53400416941415
1196.9501217833317,83.6643038483611
1197.0772000423594,82.96873387562707
1197.2042783013874,85.41358036406528
1197.3313565604153,84.8299066182166
1197.458434819443,88.7571648611388
1197.585513078471,84.415791506364
1197.712591337499,94.456347738007
1197.8396695965266,79.90926636875315
1197.9667478555546,84.20064740914711
1198.0938261145823,79.6727956435736
1198.2209043736102,89.14810808126578
1198.3479826326381,79.60219668545832
1198.4750608916659,81.93346891900966
1198.6021391506938,86.48625190693738
1198.7292174097215,81.63146801942402
1198.8562956687495,84.5943832717583
1198.9833739277774,70.79253959105685
1199.110452186805,82.01863088032387
1199.237530445833,78.55607081326251
1199.3646087048608,80.25527176132263
1199.4916869638887,78.32284566329943
1199.6187652229166,67.2740644114997
1199.7458434819443,82.61901904859704
1199.8729217409723,75.50744965763808
1200.0,76.4820352555874
