time_sec,value
5.462244,67.317708
5.589273,67.317708
5.716302,67.317708
5.843331,67.317708
5.97036,67.317708
6.097389,67.317708
6.224418,67.317708
6.351447,67.317708
6.478476,67.317708
6.605505,67.317708
6.732534,67.317708
6.859562,67.317708
6.986591,67.317708
7.240649,67.317708
7.367678,67.317708
7.494707,67.317708
7.621736,67.317708
7.748765,67.317708
7.875794,67.317708
8.002823,67.317708
8.129852,67.317708
8.256881,67.317708
8.38391,67.317708
8.510939,67.317708
8.637968,67.317708
9.019054,67.317708
9.146083,67.317708
9.273112,67.317708
9.400141,67.317708
9.52717,67.317708
9.654199,67.317708
9.781228,67.317708
9.908257,67.317708
10.035286,67.317708
10.162315,67.317708
10.289344,67.317708
10.416373,67.317708
10.543402,67.317708
10.67043,67.317708
10.797459,67.317708
10.924488,67.317708
11.051517,67.317708
11.178546,67.317708
12.067749,67.317708
12.194778,67.317708
12.321807,67.317708
12.448836,67.317708
12.575865,67.317708
12.702893,67.317708
12.829922,67.317708
12.956951,67.317708
13.08398,67.317708
13.211009,67.317708
13.338038,67.317708
15.878617,68.033854
16.005646,68.033854
16.132675,68.033854
16.259704,68.033854
16.386733,68.033854
16.513761,68.033854
16.64079,68.033854
16.894848,67.122396
17.021877,67.122396
17.148906,67.122396
17.275935,67.122396
17.402964,67.122396
17.529993,67.122396
17.657022,67.122396
17.784051,66.927083
17.91108,66.927083
18.038109,66.927083
18.165138,66.861979
19.308398,65.625
19.435427,65.625
19.562456,65.625
19.689485,65.625
19.816514,65.625
19.943543,65.625
20.070572,65.625
20.705716,64.192708
20.832745,64.192708
20.959774,64.192708
21.086803,64.192708
21.213832,64.192708
21.340861,64.192708
21.46789,64.192708
21.594919,64.192708
23.754411,63.020833
23.88144,63.020833
24.008469,63.020833
24.135498,63.020833
24.262526,63.020833
24.389555,63.020833
24.516584,63.020833
24.643613,62.955729
24.770642,62.174479
24.897671,62.174479
25.0247,62.174479
25.151729,62.174479
25.278758,62.174479
25.405787,62.174479
25.532816,62.174479
25.659845,62.174479
27.311221,61.914062
27.43825,61.914062
27.565279,61.914062
27.692308,61.914062
27.819337,61.914062
27.946366,61.914062
28.073394,61.914062
28.200423,61.914062
28.327452,61.848958
28.454481,61.783854
39.760056,62.304688
39.887085,62.304688
40.014114,62.304688
40.141143,62.304688
40.268172,62.304688
40.395201,62.304688
40.52223,62.304688
40.649259,62.304688
40.776288,62.304688
40.903317,62.304688
41.030346,62.304688
42.300635,58.138021
42.427664,58.138021
42.554693,58.138021
42.681722,58.138021
42.808751,58.138021
42.93578,58.138021
43.062809,58.138021
43.189838,58.138021
43.316867,58.138021
43.443896,58.138021
43.570924,58.072917
43.697953,58.007812
46.873677,56.901042
47.000706,56.966146
47.127735,56.966146
47.254764,56.966146
47.381793,56.966146
47.508821,56.966146
47.63585,56.966146
47.762879,56.966146
47.889908,56.901042
48.143966,56.901042
48.270995,56.966146
48.398024,56.966146
48.525053,56.966146
48.652082,56.966146
48.779111,56.966146
48.90614,56.966146
49.033169,56.966146
49.160198,56.966146
49.287227,56.966146
49.414255,56.966146
49.541284,56.966146
49.668313,56.966146
49.795342,56.966146
49.922371,56.966146
50.0494,56.966146
50.176429,56.966146
50.303458,56.966146
50.430487,56.966146
50.557516,56.966146
50.684545,56.966146
50.811574,56.966146
50.938603,56.966146
51.700776,57.942708
51.827805,57.942708
51.954834,57.942708
52.081863,57.942708
52.208892,57.942708
52.335921,57.942708
52.46295,57.942708
54.622442,58.007812
54.749471,58.007812
54.8765,58.007812
55.003529,58.007812
55.130558,58.007812
55.257586,58.007812
55.384615,58.007812
55.511644,58.007812
55.638673,58.007812
55.765702,58.007812
55.892731,58.007812
56.01976,58.007812
59.322512,58.007812
59.449541,58.072917
59.57657,58.072917
59.703599,58.072917
59.830628,58.072917
59.957657,58.072917
60.084686,58.072917
60.211715,58.072917
60.338744,58.072917
60.465773,58.072917
60.592802,58.072917
60.719831,58.072917
60.84686,58.072917
64.784757,57.942708
64.911785,57.942708
65.038814,57.942708
65.165843,57.942708
65.292872,57.942708
65.419901,58.007812
65.54693,58.072917
65.673959,58.072917
65.800988,58.072917
65.928017,58.072917
66.055046,58.072917
66.182075,58.072917
66.309104,58.072917
66.436133,58.072917
66.563162,58.072917
66.690191,58.072917
66.817219,57.942708
66.944248,57.942708
69.357798,57.942708
69.484827,57.942708
69.611856,57.942708
69.738885,57.942708
69.865914,57.942708
69.992943,57.942708
70.119972,57.942708
70.247001,57.942708
71.263232,57.226562
71.390261,57.226562
71.51729,57.226562
71.644319,57.226562
71.771348,57.226562
71.898377,57.226562
72.025406,57.226562
82.949894,57.291667
83.076923,57.291667
83.203952,57.291667
83.330981,57.291667
83.45801,57.291667
83.585039,57.291667
83.712068,57.291667
83.839097,57.291667
83.966126,57.291667
84.093155,57.291667
84.220183,57.291667
84.474241,57.291667
84.60127,57.291667
84.728299,57.291667
84.855328,57.291667
84.982357,57.291667
85.109386,57.291667
85.236415,57.291667
85.363444,57.291667
85.490473,57.291667
106.450247,56.184896
106.577276,56.184896
106.704305,56.184896
106.831334,56.184896
106.958363,56.184896
107.085392,56.184896
107.212421,56.184896
107.33945,56.184896
107.466478,56.184896
107.593507,56.184896
107.720536,56.184896
107.847565,56.184896
107.974594,56.184896
108.101623,56.184896
108.228652,56.184896
108.355681,56.184896
112.801694,55.273438
112.928723,55.273438
113.055752,55.273438
113.182781,55.273438
113.309809,55.273438
113.436838,55.273438
113.563867,55.273438
113.690896,55.273438
155.356387,55.013021
155.483416,55.013021
155.610445,55.013021
155.737474,55.013021
155.864502,55.013021
155.991531,55.013021
156.11856,55.013021
156.245589,54.947917
156.372618,54.947917
156.499647,54.947917
156.626676,54.947917
156.753705,54.947917
156.880734,54.947917
157.007763,54.947917
157.134792,54.947917
157.261821,54.947917
157.38885,54.882812
158.659139,54.882812
158.786168,54.947917
158.913197,54.947917
159.040226,54.947917
159.167255,54.947917
159.294284,54.947917
159.421313,54.947917
159.548342,54.947917
159.675371,54.947917
159.802399,54.947917
159.929428,54.882812
167.424135,56.770833
167.551164,56.770833
167.678193,56.770833
167.805222,56.770833
167.932251,56.770833
168.05928,56.770833
168.186309,56.770833
168.694425,56.901042
168.821454,56.901042
168.948483,56.901042
169.075512,56.901042
169.202541,56.901042
169.32957,56.901042
169.456598,56.901042
169.583627,56.901042
169.710656,56.901042
189.654199,54.882812
189.781228,54.882812
189.908257,54.882812
190.035286,54.882812
190.162315,54.882812
190.289344,54.882812
190.416373,54.882812
190.543402,54.882812
190.67043,55.013021
190.797459,55.013021
190.924488,55.013021
191.051517,55.013021
191.178546,55.013021
191.305575,55.013021
191.432604,55.013021
191.559633,55.013021
191.686662,55.013021
191.813691,55.013021
198.038109,56.966146
198.165138,56.966146
198.292167,56.966146
198.419195,56.966146
198.546224,56.966146
198.673253,56.966146
198.800282,56.966146
198.927311,56.966146
201.086803,51.888021
201.213832,51.888021
201.340861,51.888021
201.46789,51.888021
201.594919,51.888021
201.721948,51.888021
201.848977,51.888021
201.976006,51.888021
204.389555,29.882812
204.516584,29.882812
204.643613,29.882812
204.770642,29.882812
204.897671,29.882812
205.0247,29.882812
205.151729,29.882812
205.278758,29.882812
212.265349,14.127604
212.392378,14.127604
212.519407,14.127604
212.646436,14.127604
212.773465,14.127604
212.900494,14.127604
213.027523,14.127604
213.154552,14.127604
213.281581,14.127604
213.40861,14.127604
213.535639,14.127604
213.662668,14.127604
214.297812,14.0625
214.424841,14.0625
214.55187,14.0625
214.678899,14.0625
214.805928,14.0625
214.932957,14.0625
215.059986,14.0625
215.187015,14.0625
215.314044,14.0625
215.441073,14.0625
215.568102,14.0625
215.695131,14.0625
215.822159,14.0625
215.949188,14.0625
227.889908,37.239583
228.01693699999998,37.239583
228.14396599999998,37.239583
228.270995,37.239583
228.398024,37.239583
228.52505299999999,37.239583
228.65208099999998,37.239583
228.77911,37.239583
228.906139,37.239583
229.033168,37.239583
229.16019699999998,37.239583
229.287226,37.239583
231.31968899999998,38.802083
231.446718,38.802083
231.573747,38.802083
231.700776,38.802083
231.82780499999998,38.802083
231.954834,38.802083
232.081863,38.802083
249.357798,8.268229
249.484827,8.268229
249.611856,8.268229
249.73888499999998,8.268229
249.86591299999998,8.268229
249.992942,8.268229
250.119971,8.268229
250.24699999999999,8.268229
255.455187,35.351562
255.582216,35.351562
255.70924399999998,35.351562
255.836273,35.351562
255.963302,35.351562
256.090331,35.351562
256.21736,35.351562
256.344389,35.351562
256.47141799999997,35.351562
256.59844699999996,35.351562
256.725476,35.351562
256.852505,35.351562
256.979534,35.351562
257.106563,35.351562
257.233592,35.351562
257.360621,35.221354
257.48765,35.221354
257.61467799999997,35.221354
257.741707,35.221354
257.868736,35.221354
278.574453,38.28125
278.701482,38.346354
278.828511,38.346354
278.955539,38.346354
279.082568,38.346354
279.209597,38.346354
279.336626,38.346354
279.463655,38.346354
279.590684,38.346354
279.717713,38.346354
288.228652,38.671875
288.355681,38.671875
288.48271,38.671875
288.609738,38.671875
288.736767,38.671875
288.863796,38.671875
288.990825,38.671875
289.11785399999997,38.671875
289.24488299999996,38.671875
289.371912,38.671875
289.498941,38.802083
289.62597,38.802083
289.752999,38.802083
289.880028,38.802083
290.007057,38.802083
290.134086,38.802083
290.261115,38.802083
290.388144,38.802083
290.515172,38.671875
290.642201,38.671875
294.326041,39.453125
294.453069,39.453125
294.580098,39.453125
294.707127,39.453125
294.834156,39.453125
294.961185,39.453125
295.088214,39.453125
295.215243,39.453125
295.342272,39.453125
295.469301,39.453125
299.661256,39.453125
299.788285,39.453125
299.91531399999997,39.453125
300.04234299999996,39.453125
300.169371,39.453125
300.2964,39.453125
300.423429,39.453125
300.550458,39.453125
300.677487,39.453125
300.804516,39.453125
300.93154499999997,39.453125
301.058574,39.453125
301.185603,38.802083
301.312632,38.802083
301.439661,38.802083
301.56669,38.802083
301.693719,38.802083
301.820748,38.802083
301.947777,38.802083
302.07480599999997,38.802083
302.20183399999996,38.802083
302.328863,38.802083
306.52081799999996,38.671875
306.647847,38.671875
306.774876,38.671875
306.901905,38.671875
307.028934,38.671875
307.155963,38.671875
307.282992,38.671875
307.410021,38.671875
307.53705,38.671875
307.664079,38.671875
307.791108,38.671875
307.918136,38.671875
308.045165,38.671875
308.172194,38.671875
315.920959,42.578125
316.047988,42.578125
316.175017,42.578125
316.302046,42.578125
316.429075,42.578125
316.556104,42.578125
316.683133,42.578125
316.810162,42.578125
320.494001,40.625
320.62103,40.625
320.748059,40.625
320.875088,40.625
321.002117,40.625
321.129146,40.625
321.256175,40.625
321.383204,40.625
321.510232,40.625
321.63726099999997,40.625
321.76428999999996,40.625
321.891319,40.625
322.018348,40.625
322.145377,40.625
322.272406,40.625
322.399435,40.559896
322.526464,40.494792
323.288638,38.671875
323.415666,38.671875
323.542695,38.671875
323.669724,38.671875
323.79675299999997,38.671875
323.92378199999996,38.671875
324.050811,38.671875
324.17784,38.671875
324.304869,38.671875
324.431898,38.671875
324.558927,38.671875
324.685956,38.671875
324.812985,38.671875
324.940014,38.671875
325.067043,38.671875
326.845448,40.559896
326.972477,40.625
327.099506,40.625
327.226535,40.625
327.353563,40.625
327.480592,40.625
327.607621,40.625
327.73465,40.625
327.861679,42.122396
327.988708,42.122396
328.11573699999997,42.122396
328.24276599999996,42.122396
328.369795,42.122396
328.496824,42.122396
328.623853,42.122396
328.750882,42.122396
328.877911,41.731771
329.00494,41.731771
329.131969,41.731771
329.258997,41.731771
329.386026,41.731771
329.513055,41.731771
333.196894,45.247396
333.323923,45.247396
333.450952,45.247396
333.577981,45.247396
333.70501,45.247396
333.832039,45.247396
333.959068,45.247396
334.086097,45.247396
342.08892,45.638021
342.215949,45.638021
342.342978,45.638021
342.470007,45.638021
342.597036,45.638021
342.724064,45.638021
342.851093,45.638021
342.978122,45.638021
346.534933,43.684896
346.661961,43.684896
346.78899,43.684896
346.916019,43.684896
347.043048,43.684896
347.170077,43.684896
347.297106,43.684896
348.821453,44.401042
348.948482,44.401042
349.075511,44.401042
349.20254,44.401042
349.329569,44.401042
349.456598,44.401042
349.583627,44.401042
350.09174299999995,44.335938
350.218772,44.335938
350.345801,44.401042
350.472829,44.466146
350.599858,44.466146
350.72688700000003,44.466146
350.853916,44.466146
350.980945,44.466146
351.107974,44.466146
351.235003,44.466146
351.362032,44.466146
351.489061,44.466146
351.61609,44.466146
351.743119,44.466146
351.870148,44.466146
351.99717699999997,44.466146
352.12420599999996,44.466146
352.25123499999995,44.466146
352.378264,44.466146
352.505292,44.466146
352.632321,44.466146
352.75935,44.466146
352.88637900000003,44.466146
353.013408,44.466146
353.140437,44.466146
353.267466,44.466146
358.60268099999996,42.382812
358.72970999999995,42.447917
358.856739,42.513021
358.983768,42.513021
359.110797,42.513021
359.237826,42.513021
359.36485500000003,42.513021
359.491884,42.513021
359.618913,42.513021
359.745942,40.299479
359.872971,40.299479
360.0,40.299479
360.127029,40.299479
360.254057,37.565104
360.381086,37.565104
360.508115,37.565104
360.63514399999997,37.565104
365.20818599999996,36.132812
365.335215,36.328125
365.462244,36.393229
365.589273,36.393229
365.716302,36.393229
365.84333100000003,36.393229
365.97035900000003,36.393229
366.097388,36.393229
366.224417,36.393229
367.875794,38.020833
368.002822,38.085938
368.12985100000003,38.085938
368.25688,38.085938
368.383909,38.085938
368.510938,38.085938
368.637967,39.453125
368.764996,39.518229
368.892025,39.518229
369.019054,39.518229
369.146083,39.518229
369.27311199999997,39.518229
369.40014099999996,39.518229
369.52716999999996,39.518229
374.989414,51.822917
375.116443,51.822917
375.243472,51.953125
375.370501,51.953125
375.49753,51.953125
375.624559,51.953125
375.751587,51.953125
375.87861599999997,51.953125
376.00564499999996,51.953125
376.13267399999995,51.953125
376.259703,51.953125
376.386732,51.953125
376.513761,51.953125
376.64079,51.953125
376.76781900000003,51.888021
376.894848,51.822917
377.021877,51.822917
377.148906,51.822917
377.275935,51.822917
377.402964,51.822917
377.529993,51.822917
377.657021,51.822917
377.78405,51.692708
377.911079,51.692708
381.08680300000003,48.697917
381.213832,48.697917
381.340861,48.697917
381.467889,48.697917
381.594918,48.697917
381.721947,48.697917
381.848976,48.697917
381.976005,48.697917
382.103034,48.697917
382.230063,48.697917
382.35709199999997,48.697917
382.48412099999996,48.697917
382.61114999999995,48.697917
382.738179,48.697917
382.865208,48.697917
382.992237,48.697917
383.119266,48.697917
383.24629500000003,48.697917
383.373323,47.135417
383.500352,47.135417
383.627381,47.135417
383.75441,47.135417
383.881439,47.135417
384.008468,47.135417
384.135497,47.135417
384.262526,47.135417
384.389555,47.005208
384.51658399999997,47.005208
384.64361299999996,45.963542
384.77064199999995,45.963542
384.897671,45.963542
385.0247,45.963542
385.151729,45.963542
385.278758,45.963542
385.40578600000003,45.442708
385.532815,45.442708
385.659844,45.3125
385.786873,45.3125
385.913902,45.3125
386.040931,45.3125
386.16796,44.921875
386.294989,44.921875
386.422018,44.921875
386.549047,44.921875
386.67607599999997,44.401042
386.80310499999996,44.401042
386.93013399999995,44.270833
387.057163,44.270833
387.438249,40.625
387.56527800000003,40.625
387.692307,40.625
387.819336,40.625
387.946365,40.625
388.073394,40.625
388.200423,40.625
388.327452,40.625
388.454481,40.364583
388.58151,40.364583
388.708539,40.364583
388.83556799999997,40.364583
388.96259699999996,40.364583
389.08962599999995,40.364583
390.99505999999997,40.234375
391.12208799999996,40.234375
391.24911699999996,40.234375
391.376146,40.234375
391.503175,40.234375
391.630204,40.234375
391.757233,40.234375
391.884262,40.234375
392.011291,39.583333
392.13832,39.583333
392.265349,39.583333
392.392378,39.583333
392.519407,39.583333
392.646436,39.583333
392.773465,39.583333
392.900494,39.583333
393.027523,39.583333
393.15455099999997,39.583333
393.28157999999996,39.583333
393.40860899999996,39.583333
393.535638,39.583333
393.662667,39.583333
393.789696,39.583333
393.916725,39.583333
394.043754,39.583333
394.17078300000003,39.583333
394.55187,31.640625
394.678899,31.640625
394.805928,31.640625
394.932957,31.640625
395.059985,31.640625
395.187014,31.640625
395.31404299999997,31.640625
395.44107199999996,31.640625
396.584333,32.942708
396.711362,32.942708
396.838391,32.942708
396.965419,32.942708
397.092448,32.942708
397.219477,32.942708
397.346506,32.942708
397.47353499999997,32.942708
398.10868,35.807292
398.235709,35.807292
398.362738,35.9375
398.48976700000003,35.9375
398.616796,35.9375
398.743825,35.9375
398.870853,35.9375
398.997882,35.9375
399.124911,35.9375
399.25194,35.9375
399.378969,35.807292
399.505998,35.807292
399.63302699999997,35.677083
399.76005599999996,35.677083
400.141143,33.072917
400.268172,33.072917
400.395201,33.072917
400.52223,33.072917
400.64925900000003,33.072917
400.776288,33.072917
400.903316,33.072917
401.030345,33.072917
401.157374,32.682292
401.284403,32.682292
401.79251899999997,27.213542
401.91954799999996,27.213542
402.04657699999996,27.213542
402.17360599999995,27.213542
402.300635,27.213542
402.427664,27.213542
402.554693,27.213542
402.681722,26.692708
402.80875000000003,26.692708
402.935779,26.692708
403.062808,26.692708
403.189837,26.302083
403.316866,26.302083
403.443895,24.869792
403.570924,24.869792
403.697953,24.609375
403.824982,24.544271
403.95201099999997,24.479167
404.07903999999996,24.414062
404.20606899999996,22.265625
404.33309799999995,22.265625
404.460127,22.265625
404.587156,22.265625
404.714184,22.265625
404.841213,22.265625
404.96824200000003,22.265625
405.095271,22.265625
405.2223,22.265625
405.349329,22.265625
405.476358,22.265625
405.603387,22.265625
405.730416,22.265625
405.857445,22.265625
405.984474,22.265625
406.11150299999997,22.265625
406.23853199999996,22.265625
406.36556099999996,22.265625
406.49258999999995,22.265625
406.619618,22.200521
406.746647,22.135417
406.873676,22.200521
407.000705,22.265625
407.12773400000003,22.265625
407.254763,22.265625
407.381792,22.265625
407.508821,22.265625
407.63585,22.265625
407.762879,22.265625
407.889908,22.265625
408.016937,22.265625
408.143966,22.265625
408.27099499999997,22.265625
408.39802399999996,22.200521
408.52505299999996,22.135417
408.65208099999995,22.135417
408.77911,22.135417
408.906139,22.135417
409.033168,22.135417
409.160197,22.135417
409.28722600000003,22.135417
409.414255,22.200521
409.541284,22.265625
409.668313,22.265625
409.795342,22.265625
409.922371,22.265625
410.0494,22.265625
410.176429,22.265625
410.303458,22.265625
410.43048699999997,22.265625
410.55751499999997,22.265625
410.68454399999996,22.265625
410.81157299999995,22.265625
410.938602,22.265625
411.065631,22.265625
411.19266,22.265625
411.319689,22.265625
411.44671800000003,22.265625
411.573747,22.265625
411.700776,22.265625
411.827805,22.265625
411.954834,22.265625
412.081863,22.265625
412.208892,22.265625
412.335921,22.265625
412.462949,22.265625
412.589978,22.265625
412.71700699999997,22.265625
412.84403599999996,22.265625
412.97106499999995,22.265625
413.098094,22.265625
413.225123,22.200521
413.733239,22.981771
413.987297,25.585938
414.114326,25.585938
414.241355,25.585938
414.368383,25.585938
414.495412,26.692708
414.622441,27.34375
414.74947,27.34375
414.87649899999997,27.34375
415.00352799999996,27.34375
415.13055699999995,31.380208
415.257586,31.380208
415.384615,31.380208
415.511644,31.380208
415.638673,32.617188
415.76570200000003,32.682292
415.892731,33.789062
416.01976,33.854167
416.146789,33.919271
416.273817,33.984375
416.400846,34.049479
416.527875,34.049479
416.654904,34.049479
416.781933,34.049479
416.908962,34.049479
417.03599099999997,34.049479
417.16301999999996,34.049479
417.29004899999995,34.049479
417.417078,32.226562
417.544107,32.226562
417.671136,32.096354
417.798165,32.096354
417.92519400000003,30.924479
418.052223,30.924479
418.179252,28.320312
418.30628,28.320312
418.433309,28.320312
418.560338,28.320312
418.687367,27.278646
418.814396,27.278646
418.941425,26.888021
419.068454,26.888021
419.19548299999997,25.585938
419.32251199999996,25.585938
419.44954099999995,25.195312
419.57657,25.195312
419.703599,24.804688
419.830628,24.804688
419.957657,24.414062
420.08468600000003,24.21875
420.21171400000003,24.153646
420.338743,24.088542
420.465772,24.023438
420.592801,24.804688
420.71983,24.804688
420.846859,24.804688
420.973888,24.804688
421.100917,24.804688
421.227946,24.804688
421.35497499999997,24.804688
421.48200399999996,24.804688
422.625264,25.585938
422.752293,25.585938
422.879322,25.585938
423.006351,25.585938
423.13338,25.585938
423.260409,25.585938
423.387438,25.585938
423.51446699999997,25.585938
423.64149599999996,25.390625
423.76852499999995,24.21875
423.895554,24.21875
424.022582,24.21875
424.149611,24.21875
424.27664,24.153646
424.403669,24.088542
424.53069800000003,24.023438
424.657727,23.697917
424.784756,23.632812
424.911785,23.4375
425.038814,23.372396
425.165843,23.372396
425.292872,23.372396
425.419901,24.414062
425.54693,24.414062
425.67395899999997,24.414062
425.80098799999996,24.414062
425.92801699999995,24.414062
426.05504499999995,24.414062
426.182074,24.414062
426.309103,24.414062
431.00917400000003,28.320312
431.136203,28.320312
431.263232,28.320312
431.390261,40.429688
431.51729,40.429688
431.644319,40.429688
431.771347,40.429688
431.898376,40.429688
432.025405,40.429688
432.15243399999997,40.429688
432.27946299999996,40.429688
432.40649199999996,40.429688
432.53352099999995,40.429688
432.66055,40.429688
432.787579,40.429688
432.914608,40.429688
433.041637,40.429688
433.16866600000003,40.429688
433.295695,40.429688
433.422724,27.539062
433.549753,27.539062
433.676782,27.539062
433.80381,28.320312
433.930839,28.320312
434.057868,28.320312
434.184897,28.320312
434.31192599999997,28.320312
434.43895499999996,28.320312
434.56598399999996,32.226562
434.69301299999995,32.226562
434.820042,33.658854
434.947071,33.658854
435.0741,34.440104
435.201129,34.440104
435.32815800000003,35.026042
435.455187,35.026042
435.582216,35.286458
435.709244,35.286458
435.836273,35.286458
435.963302,35.286458
436.090331,36.067708
436.21736,36.067708
436.344389,36.458333
436.47141799999997,36.458333
436.59844699999996,36.458333
436.72547599999996,37.304688
436.85250499999995,37.304688
436.979534,37.304688
437.106563,37.304688
437.233592,37.304688
437.360621,37.304688
437.48765000000003,37.304688
437.614678,37.304688
437.741707,37.174479
437.868736,37.174479
437.995765,37.304688
438.122794,37.304688
438.249823,37.304688
438.376852,37.304688
438.503881,37.304688
438.63091,37.304688
438.75793899999996,37.304688
438.88496799999996,37.304688
439.01199699999995,37.304688
439.139026,37.304688
439.266055,37.174479
439.393084,37.174479
439.520112,37.174479
439.64714100000003,37.174479
439.77417,37.044271
439.901199,37.109375
440.028228,37.174479
440.155257,37.174479
440.282286,37.174479
440.409315,37.174479
440.536344,37.174479
440.663373,37.174479
440.790402,37.174479
440.91743099999997,37.174479
441.04445999999996,37.174479
441.17148899999995,37.174479
441.298518,37.174479
441.425547,37.174479
441.552575,37.174479
441.679604,37.239583
441.80663300000003,37.304688
441.933662,37.304688
442.060691,37.304688
442.18772,37.304688
442.314749,37.304688
442.441778,37.304688
442.568807,37.304688
442.695836,37.304688
442.822865,37.304688
442.949894,37.304688
443.07692299999997,37.304688
443.20395199999996,37.304688
443.33098099999995,37.304688
443.458009,37.304688
443.585038,37.304688
443.712067,37.304688
443.839096,37.304688
443.96612500000003,37.304688
444.093154,37.304688
444.220183,37.304688
444.347212,37.304688
444.474241,37.304688
444.60127,37.304688
444.728299,37.304688
444.855328,37.304688
444.982357,37.304688
445.109386,37.304688
445.23641499999997,37.304688
445.36344299999996,37.304688
445.49047199999995,37.304688
445.617501,37.304688
445.74453,37.304688
445.871559,37.304688
445.998588,37.304688
446.12561700000003,37.304688
446.252646,37.239583
446.379675,37.174479
446.506704,37.174479
446.633733,37.174479
446.760762,37.174479
447.776993,37.174479
447.904022,37.174479
448.031051,37.174479
448.15808,37.174479
448.28510900000003,37.174479
448.412138,37.174479
448.539167,37.239583
448.666196,37.304688
448.793225,37.304688
448.920254,37.304688
449.047283,37.304688
449.174312,37.304688
449.30134,37.304688
449.428369,37.304688
449.55539799999997,37.239583
449.68242699999996,37.174479
449.80945599999995,37.174479
449.936485,37.174479
450.063514,37.174479
450.190543,37.174479
450.317572,37.174479
450.44460100000003,37.174479
450.57163,36.914062
450.698659,36.914062
450.825688,36.914062
450.952717,36.914062
451.079746,36.653646
451.206774,36.653646
451.333803,36.523438
451.460832,36.523438
451.587861,36.523438
451.71488999999997,36.523438
451.96894799999995,35.221354
452.095977,35.416667
452.223006,35.481771
452.350035,36.458333
452.477064,36.523438
452.60409300000003,36.523438
452.731122,36.523438
452.858151,36.523438
452.98518,36.523438
453.112208,36.523438
453.239237,36.523438
453.366266,36.523438
453.493295,36.523438
454.509527,39.257812
454.636556,39.453125
454.76358500000003,39.518229
454.890614,39.518229
455.017642,39.518229
455.144671,39.518229
455.2717,39.518229
455.398729,40.299479
455.525758,40.299479
455.652787,40.299479
455.779816,40.299479
455.906845,40.625
456.03387399999997,40.690104
456.16090299999996,40.690104
456.28793199999996,40.690104
456.414961,41.015625
456.54199,41.080729
456.669019,41.276042
456.796048,41.341146
456.923076,41.796875
457.05010500000003,41.861979
457.177134,41.927083
457.304163,41.927083
457.431192,42.317708
457.558221,42.317708
457.68525,42.578125
457.812279,42.578125
457.939308,42.578125
458.066337,42.578125
458.19336599999997,42.578125
458.32039499999996,42.578125
458.44742399999996,42.578125
458.574453,42.578125
458.701482,42.578125
458.828511,42.578125
458.955539,42.578125
459.082568,42.578125
459.20959700000003,42.578125
459.336626,42.578125
459.463655,42.578125
459.590684,42.578125
459.717713,43.359375
459.844742,43.359375
459.971771,43.359375
460.0988,43.359375
460.225829,43.359375
460.35285799999997,43.359375
460.47988699999996,43.359375
460.60691599999996,43.359375
460.733945,43.359375
460.860973,43.359375
460.988002,43.359375
461.115031,42.96875
461.24206,42.96875
461.36908900000003,42.578125
461.496118,42.578125
461.623147,42.447917
461.750176,42.447917
462.004234,42.1875
462.131263,42.1875
462.258292,42.578125
462.385321,42.578125
462.51234999999997,42.578125
462.63937899999996,42.578125
462.76640699999996,42.578125
462.89343599999995,42.578125
463.020465,42.578125
463.147494,42.578125
463.274523,42.578125
463.401552,42.447917
463.52858100000003,42.447917
463.65561,41.796875
463.782639,41.796875
463.909668,41.796875
464.036697,41.796875
464.163726,41.796875
464.290755,41.796875
464.417784,41.796875
464.544813,41.796875
464.671841,41.796875
464.79886999999997,41.796875
464.92589899999996,41.796875
465.05292799999995,41.796875
465.179957,41.796875
465.306986,41.796875
465.434015,41.796875
465.561044,41.796875
465.68807300000003,41.796875
465.815102,41.796875
465.942131,41.796875
466.06916,42.578125
466.196189,42.578125
466.323218,42.578125
466.450247,42.578125
466.577276,42.578125
466.704304,42.578125
466.831333,42.578125
466.95836199999997,42.578125
467.08539099999996,42.578125
467.21241999999995,42.578125
467.339449,42.578125
467.466478,42.578125
467.593507,42.578125
467.720536,42.578125
467.84756500000003,42.578125
467.974594,42.578125
468.101623,42.578125
468.228652,42.578125
468.355681,42.578125
468.48271,42.578125
468.609738,42.578125
468.736767,42.578125
468.863796,42.578125
468.990825,42.578125
469.11785399999997,42.578125
469.24488299999996,42.578125
469.37191199999995,42.578125
469.498941,42.578125
469.62597,42.578125
469.752999,42.578125
469.880028,42.578125
470.00705700000003,42.578125
470.134086,42.578125
470.261115,42.578125
470.388144,42.513021
470.515172,42.447917
470.642201,42.578125
470.76923,42.578125
470.896259,42.578125
471.023288,42.578125
471.150317,42.578125
471.27734599999997,42.578125
471.40437499999996,42.578125
471.53140399999995,42.578125
471.658433,42.578125
471.785462,42.578125
471.912491,42.578125
472.03952,42.578125
472.166549,42.578125
472.29357799999997,42.578125
472.674664,45.442708
472.801693,45.442708
472.928722,45.572917
473.055751,45.572917
473.18278,45.703125
473.309809,45.703125
473.43683799999997,45.703125
473.563867,45.703125
473.690896,45.703125
473.817925,45.703125
473.944954,45.703125
474.071983,45.703125
474.199012,45.703125
474.326041,45.703125
474.45306899999997,45.703125
474.58009799999996,45.572917
474.707127,45.572917
474.834156,45.572917
474.961185,45.572917
475.088214,45.572917
475.215243,44.401042
475.342272,44.401042
475.469301,44.401042
475.59632999999997,44.401042
475.723359,43.229167
475.850388,43.229167
475.977417,41.927083
476.104446,41.927083
476.231475,41.927083
476.358503,41.927083
476.485532,41.666667
476.61256099999997,41.666667
476.73958999999996,35.286458
476.866619,35.286458
476.993648,35.286458
477.120677,35.286458
477.247706,35.286458
477.374735,35.286458
477.501764,32.682292
477.628793,32.682292
477.75582199999997,27.213542
477.882851,27.213542
478.00988,27.213542
478.136909,27.213542
478.263937,27.213542
478.390966,27.213542
478.517995,22.005208
478.645024,22.005208
478.77205299999997,21.744792
478.89908199999996,21.744792
479.026111,21.744792
479.15314,21.744792
479.280169,20.3125
479.407198,20.3125
479.534227,20.3125
479.661256,20.3125
479.788285,19.401042
479.91531399999997,19.401042
480.042343,17.578125
480.169371,17.578125
480.2964,17.578125
480.423429,17.578125
480.550458,17.578125
480.677487,17.578125
480.804516,17.578125
480.93154499999997,17.578125
481.05857399999996,17.447917
481.185603,17.447917
481.312632,17.1875
481.439661,17.1875
481.56669,17.1875
481.693719,17.1875
481.820748,17.1875
481.947777,17.1875
482.07480599999997,17.1875
482.201834,17.1875
482.328863,17.1875
482.455892,17.1875
482.582921,17.1875
482.70995,17.1875
482.836979,17.1875
482.964008,17.1875
483.091037,17.057292
483.21806599999996,17.057292
483.599153,15.234375
483.726182,87.109375
483.853211,87.109375
483.98024,87.109375
484.107268,87.109375
484.23429699999997,87.109375
484.361326,87.109375
484.488355,87.109375
484.615384,87.109375
484.742413,15.104167
484.869442,15.364583
484.996471,15.364583
485.1235,15.625
485.250529,15.625
485.37755799999996,15.625
485.504587,15.625
485.631616,15.625
485.758645,15.625
485.885674,15.625
486.012702,15.625
486.139731,15.625
486.26676,15.625
486.39378899999997,15.625
486.520818,15.625
486.647847,15.625
486.774876,15.625
486.901905,15.625
487.028934,15.625
487.155963,15.625
487.282992,15.625
487.410021,15.234375
487.53704999999997,15.234375
487.664079,15.234375
487.791108,15.234375
487.918136,15.234375
488.045165,15.234375
488.172194,15.234375
488.299223,15.234375
488.934368,16.276042
489.061397,16.276042
489.188426,16.40625
489.315455,16.40625
489.442484,16.40625
489.569513,16.40625
489.69654199999997,16.40625
489.82357,16.40625
489.950599,16.40625
490.077628,16.40625
490.204657,16.015625
490.331686,16.015625
490.458715,16.015625
490.585744,16.015625
490.71277299999997,16.015625
490.839802,16.015625
490.966831,16.015625
491.09386,16.015625
491.220889,16.015625
491.347918,16.015625
491.474947,16.015625
491.601976,16.015625
491.729005,15.885417
491.85603299999997,15.885417
492.999294,18.619792
493.126323,18.619792
493.253352,18.619792
493.380381,18.619792
493.50741,18.619792
493.634439,18.619792
493.761467,18.619792
493.888496,18.619792
494.01552499999997,18.619792
494.142554,18.619792
494.269583,17.96875
494.396612,17.96875
494.523641,17.96875
494.65067,17.96875
494.777699,17.96875
494.904728,17.96875
495.03175699999997,17.057292
495.158786,17.057292
495.285815,17.057292
495.412844,17.057292
495.539873,17.057292
495.666901,17.057292
495.79393,17.838542
495.920959,17.838542
496.047988,17.838542
496.17501699999997,17.838542
496.302046,17.838542
496.429075,17.838542
496.556104,17.838542
496.683133,17.838542
496.810162,17.838542
496.937191,17.838542
497.06422,17.838542
497.19124899999997,17.838542
497.318278,17.838542
497.445307,17.838542
497.572335,17.838542
497.699364,17.838542
497.826393,17.838542
497.953422,17.838542
498.080451,17.838542
498.20748,17.838542
498.33450899999997,17.838542
498.461538,17.838542
498.588567,17.838542
498.715596,17.838542
498.842625,17.838542
498.969654,17.838542
499.096683,17.838542
499.223712,17.838542
499.35074099999997,17.838542
499.47776999999996,17.838542
499.604798,17.838542
499.731827,17.838542
499.858856,17.838542
499.985885,17.838542
500.112914,17.838542
500.239943,17.773438
500.366972,17.1875
500.49400099999997,17.1875
500.62103,17.1875
500.748059,40.364583
500.875088,40.364583
501.002117,40.364583
501.129146,40.364583
501.256175,40.364583
501.383204,40.364583
501.510232,40.364583
501.63726099999997,17.057292
501.76429,17.057292
501.891319,17.057292
502.018348,17.057292
502.145377,17.057292
502.272406,17.057292
502.399435,17.057292
502.65349299999997,17.838542
502.780522,17.838542
502.907551,17.838542
503.03458,17.838542
503.161609,17.838542
503.288638,17.838542
503.415666,17.838542
504.17784,16.276042
504.304869,16.276042
504.431898,16.276042
504.558927,16.276042
504.685956,16.276042
504.81298499999997,16.276042
504.940014,16.276042
505.067043,16.145833
505.194072,16.145833
505.3211,16.015625
505.448129,16.015625
505.575158,16.015625
505.702187,16.015625
505.829216,16.015625
508.496824,14.908854
508.623853,14.908854
508.750882,14.908854
508.877911,14.908854
509.00494,14.908854
509.13196899999997,14.908854
509.25899699999997,14.908854
509.386026,14.908854
509.513055,13.997396
509.640084,13.997396
509.767113,13.997396
509.894142,13.997396
510.021171,13.867188
510.1482,13.867188
510.27522899999997,13.736979
510.402258,13.736979
510.529287,13.476562
510.656316,13.476562
510.783345,12.825521
510.910374,12.825521
511.037403,12.825521
511.164431,12.825521
511.29146,12.825521
511.41848899999997,12.825521
511.545518,12.825521
511.672547,12.825521
511.799576,12.825521
511.926605,12.825521
512.053634,12.695312
512.180663,12.695312
512.6887790000001,5.729167
512.8158080000001,5.729167
512.942837,5.729167
513.0698649999999,5.729167
513.1968939999999,5.729167
513.3239229999999,5.729167
513.4509519999999,5.729167
513.5779809999999,5.664062
513.70501,5.664062
513.832039,5.664062
513.959068,5.664062
514.086097,5.664062
514.213126,5.664062
514.340155,5.664062
515.4834149999999,12.825521
515.6104439999999,12.825521
515.7374729999999,12.825521
515.864502,12.825521
515.991531,12.825521
516.11856,12.825521
516.245589,12.825521
517.7699359999999,14.778646
517.8969649999999,14.778646
518.023994,14.778646
518.151023,14.778646
518.278052,14.778646
518.405081,14.778646
518.53211,14.778646
518.659139,14.778646
518.786168,14.778646
518.913196,14.778646
519.040225,14.778646
519.167254,14.778646
519.294283,14.778646
519.421312,14.778646
519.5483409999999,14.778646
519.6753699999999,14.778646
519.8023989999999,15.559896
519.9294279999999,15.559896
520.0564569999999,15.559896
520.183486,15.559896
520.310515,15.559896
520.437544,15.559896
520.564573,15.559896
524.3754409999999,14.908854
524.50247,14.908854
524.629499,14.908854
524.756527,14.908854
524.883556,14.908854
525.010585,14.908854
525.137614,14.908854
525.264643,14.778646
525.391672,14.778646
525.518701,14.778646
525.64573,14.778646
525.772759,14.778646
525.899788,14.778646
526.0268169999999,14.778646
526.1538459999999,14.778646
526.2808749999999,14.778646
526.4079039999999,14.778646
526.5349329999999,14.778646
526.661961,14.778646
526.78899,14.778646
526.916019,14.778646
527.043048,14.778646
527.170077,14.778646
527.297106,14.778646
527.424135,14.778646
527.551164,14.778646
527.678193,14.778646
527.805222,14.778646
527.932251,14.778646
528.05928,14.778646
528.1863089999999,14.778646
528.3133379999999,14.778646
528.4403669999999,14.778646
528.567395,14.778646
528.694424,14.778646
528.821453,14.778646
528.948482,14.778646
529.075511,14.778646
529.20254,14.778646
529.329569,14.778646
529.456598,14.778646
529.583627,14.778646
529.710656,14.778646
529.837685,14.778646
529.964714,14.778646
530.091743,14.778646
531.997177,13.997396
532.124206,13.997396
532.251235,13.997396
532.378264,13.997396
532.505292,13.997396
532.632321,13.997396
532.75935,14.127604
532.886379,14.127604
533.013408,14.127604
533.140437,14.127604
533.267466,14.127604
533.394495,14.127604
533.521524,14.127604
533.648553,14.127604
533.775582,13.476562
533.902611,13.476562
534.02964,13.476562
534.156669,13.476562
534.283698,13.476562
534.4107260000001,13.476562
534.5377550000001,13.346354
534.664784,13.346354
534.791813,13.671875
534.918842,13.736979
535.045871,13.736979
535.1729,13.736979
535.299929,13.736979
535.426958,13.736979
535.553987,13.736979
535.681016,13.736979
535.808045,13.736979
536.31616,15.625
536.4431890000001,15.690104
536.5702180000001,15.690104
536.6972470000001,15.690104
536.824276,15.690104
536.951305,15.690104
537.078334,15.690104
537.205363,15.690104
537.332392,15.690104
537.459421,15.690104
537.58645,15.690104
537.713479,15.690104
537.840508,15.690104
537.967537,15.690104
538.094566,15.690104
538.221594,15.690104
538.348623,15.690104
538.475652,15.690104
538.6026810000001,15.690104
538.7297100000001,15.690104
538.8567390000001,15.690104
538.983768,15.690104
539.110797,15.559896
539.237826,15.559896
539.364855,15.169271
539.491884,15.169271
539.618913,14.908854
539.745942,14.908854
539.872971,14.908854
540.0,14.908854
540.127029,14.908854
540.254057,14.908854
540.381086,14.908854
540.508115,14.908854
540.635144,14.908854
540.7621730000001,14.908854
540.8892020000001,14.908854
541.0162310000001,14.908854
541.14326,14.518229
541.270289,14.518229
541.397318,14.127604
541.524347,14.127604
541.651376,14.127604
541.778405,14.127604
541.905434,14.127604
542.032463,14.127604
542.159491,14.127604
542.28652,14.127604
542.413549,14.127604
542.540578,14.127604
542.667607,14.127604
542.794636,14.127604
542.9216650000001,14.127604
543.0486940000001,14.127604
543.1757230000001,14.127604
543.302752,14.127604
543.429781,14.127604
543.55681,14.127604
543.683839,14.127604
543.810868,14.127604
543.937897,14.127604
544.064925,14.127604
544.191954,14.127604
544.318983,14.127604
544.446012,13.216146
544.573041,13.216146
544.70007,13.216146
544.827099,13.216146
544.954128,13.216146
545.0811570000001,13.216146
545.2081860000001,12.955729
545.3352150000001,12.955729
545.462244,12.955729
545.589273,12.955729
545.716302,12.955729
545.843331,12.955729
545.9703589999999,12.955729
546.0973879999999,12.955729
546.224417,12.955729
546.351446,12.955729
546.478475,12.955729
546.605504,12.955729
546.732533,12.955729
546.859562,12.955729
546.986591,12.955729
547.11362,12.955729
547.2406490000001,13.671875
547.3676780000001,13.736979
547.4947070000001,13.736979
547.621736,13.736979
547.748765,13.736979
547.875794,13.736979
548.0028219999999,13.736979
548.1298509999999,13.736979
548.2568799999999,13.736979
548.383909,13.736979
548.510938,13.736979
548.637967,13.736979
548.764996,13.736979
548.892025,13.736979
549.019054,13.671875
549.146083,13.671875
549.273112,13.671875
549.4001410000001,13.671875
549.5271700000001,13.671875
549.6541990000001,13.671875
549.781228,13.671875
549.9082559999999,13.671875
550.0352849999999,13.671875
550.1623139999999,13.671875
550.2893429999999,13.671875
550.4163719999999,13.671875
550.543401,13.671875
550.67043,13.671875
550.797459,13.671875
550.924488,13.671875
551.051517,13.671875
551.178546,13.671875
551.5596330000001,14.973958
551.6866620000001,14.973958
551.81369,14.973958
551.940719,14.973958
552.0677479999999,14.973958
552.1947769999999,14.973958
552.3218059999999,14.973958
552.4488349999999,14.973958
552.5758639999999,14.973958
552.702893,14.973958
552.829922,14.908854
552.956951,14.84375
553.08398,14.84375
553.211009,14.84375
553.338038,14.84375
553.465067,14.84375
553.592096,14.84375
553.719124,14.84375
553.846153,14.84375
553.973182,14.84375
554.100211,14.84375
554.2272399999999,14.84375
554.3542689999999,14.84375
554.4812979999999,14.84375
554.6083269999999,14.778646
554.7353559999999,14.713542
554.862385,14.127604
554.989414,14.127604
555.116443,14.127604
555.243472,14.127604
555.370501,14.127604
555.49753,14.0625
555.624559,14.0625
555.751587,14.0625
555.878616,14.0625
556.005645,14.0625
556.132674,14.0625
556.259703,14.0625
556.3867319999999,14.0625
556.5137609999999,14.0625
556.6407899999999,14.0625
556.7678189999999,14.0625
556.8948479999999,14.0625
557.021877,14.0625
557.148906,14.0625
557.275935,14.0625
557.402964,14.0625
557.529993,14.0625
562.484121,13.020833
562.61115,13.020833
562.738179,13.020833
562.8652079999999,13.020833
562.9922369999999,13.020833
563.1192659999999,13.020833
563.2462949999999,13.020833
563.373323,13.020833
563.500352,13.020833
563.627381,13.020833
563.75441,12.109375
563.881439,12.109375
564.008468,12.109375
564.135497,12.109375
564.262526,12.109375
564.389555,12.109375
564.516584,12.5
564.643613,12.5
564.770642,12.5
564.897671,12.5
565.0246999999999,12.5
565.1517289999999,12.5
565.2787579999999,12.5
565.405786,12.5
565.532815,12.5
565.659844,12.5
565.786873,11.979167
565.913902,11.979167
566.040931,11.979167
566.16796,11.979167
566.294989,11.848958
566.422018,11.848958
566.549047,11.71875
566.676076,11.71875
566.803105,11.71875
566.930134,11.71875
570.359915,12.239583
570.486944,12.239583
570.613973,12.239583
570.741002,12.239583
570.868031,12.239583
570.99506,12.239583
571.1220880000001,12.239583
571.2491170000001,12.239583
578.743825,14.973958
578.870853,14.973958
578.997882,14.973958
579.124911,14.973958
579.25194,14.973958
579.378969,14.973958
579.505998,14.973958
579.633027,14.973958
579.7600560000001,14.973958
579.8870850000001,14.973958
580.0141140000001,14.973958
580.141143,14.973958
580.268172,14.973958
580.395201,14.973958
580.52223,14.973958
580.649259,14.973958
580.776288,14.973958
580.903316,14.973958
581.030345,14.973958
581.157374,14.973958
581.284403,14.973958
581.411432,14.973958
581.538461,14.973958
581.66549,14.973958
581.792519,14.973958
581.9195480000001,14.973958
582.0465770000001,14.973958
582.1736060000001,14.973958
582.300635,14.973958
582.427664,14.973958
582.554693,14.973958
582.681722,14.973958
582.8087499999999,14.973958
582.9357789999999,14.973958
583.062808,14.973958
583.189837,14.973958
583.316866,14.973958
583.443895,14.973958
583.570924,14.973958
583.697953,14.973958
583.824982,14.973958
583.952011,14.973958
584.0790400000001,14.973958
584.2060690000001,14.973958
584.3330980000001,14.973958
584.460127,14.973958
584.587156,14.973958
584.7141839999999,14.973958
584.8412129999999,14.973958
584.9682419999999,14.973958
585.0952709999999,14.84375
585.2223,14.84375
585.349329,14.973958
585.476358,14.973958
585.603387,14.973958
585.730416,14.973958
585.857445,14.973958
585.984474,14.973958
586.111503,14.973958
586.2385320000001,14.973958
589.4142549999999,15.429688
589.541284,15.494792
589.668313,15.494792
589.795342,15.494792
589.922371,15.494792
590.0494,15.494792
590.176429,15.494792
590.303458,15.494792
591.4467179999999,12.955729
591.5737469999999,12.955729
591.700776,12.955729
591.827805,12.955729
591.954834,12.955729
592.081863,12.955729
592.208892,12.955729
592.335921,12.955729
592.462949,12.955729
592.589978,12.955729
592.717007,12.955729
592.844036,12.955729
592.971065,12.955729
593.098094,12.955729
593.2251229999999,12.955729
593.3521519999999,12.955729
593.4791809999999,12.890625
593.6062099999999,12.825521
593.7332389999999,12.760417
593.987297,12.955729
594.114326,12.955729
594.241355,12.955729
594.368383,12.955729
594.495412,12.955729
594.622441,12.955729
594.74947,12.955729
594.876499,12.955729
595.003528,13.476562
595.130557,13.476562
595.257586,13.476562
595.3846149999999,13.476562
595.5116439999999,13.476562
595.6386729999999,13.476562
595.7657019999999,13.476562
595.8927309999999,13.476562
596.01976,12.955729
596.146789,12.955729
596.273817,12.955729
596.400846,12.955729
596.527875,12.955729
596.654904,12.955729
596.781933,12.955729
596.908962,12.955729
597.035991,12.955729
597.16302,12.955729
597.290049,12.955729
597.417078,12.955729
597.5441069999999,12.955729
597.6711359999999,12.955729
597.7981649999999,12.955729
597.9251939999999,12.955729
598.0522229999999,12.955729
598.179252,67.252604
598.30628,67.252604
598.433309,67.252604
598.560338,67.252604
598.687367,67.252604
598.814396,67.252604
598.941425,67.252604
599.068454,13.085938
599.195483,13.085938
599.322512,13.085938
599.449541,13.085938
599.57657,12.955729
599.7035989999999,12.955729
599.8306279999999,12.955729
599.9576569999999,12.955729
600.0846859999999,12.955729
600.211714,12.955729
600.338743,12.955729
600.465772,12.955729
600.592801,13.606771
600.71983,13.606771
600.846859,13.606771
600.973888,13.606771
601.100917,13.606771
601.227946,13.606771
601.354975,13.606771
601.482004,13.606771
601.609033,12.955729
601.736062,12.955729
601.8630909999999,12.955729
601.9901199999999,12.955729
602.117148,12.955729
602.244177,12.955729
602.371206,12.955729
602.498235,12.955729
602.625264,12.955729
602.752293,12.955729
602.879322,12.955729
603.006351,12.955729
603.13338,12.955729
603.260409,12.955729
603.387438,12.955729
603.514467,12.955729
603.641496,12.955729
603.768525,12.955729
603.895554,12.955729
604.022582,12.955729
604.149611,12.955729
604.27664,12.955729
604.403669,12.955729
604.530698,12.955729
604.657727,12.955729
604.784756,12.955729
604.911785,12.955729
605.038814,12.955729
605.165843,12.955729
605.292872,12.955729
606.944248,14.778646
607.071277,14.778646
607.198306,14.778646
607.325335,14.778646
607.452364,14.778646
607.579393,14.778646
607.706422,14.778646
607.833451,14.778646
607.9604790000001,14.778646
608.0875080000001,14.778646
608.976711,13.346354
609.10374,13.346354
609.230769,13.346354
609.357798,13.346354
609.484827,13.346354
609.611856,13.346354
609.738885,13.346354
609.865913,13.346354
609.992942,13.346354
610.119971,13.346354
610.2470000000001,13.736979
610.3740290000001,13.736979
610.5010580000001,13.736979
610.628087,13.736979
610.755116,13.736979
610.882145,13.736979
611.009174,13.736979
611.136203,13.736979
611.263232,12.955729
611.390261,12.955729
611.51729,12.955729
611.644319,12.955729
611.771347,12.955729
611.898376,12.955729
612.025405,12.955729
612.152434,12.955729
612.279463,12.955729
612.4064920000001,12.955729
612.5335210000001,12.955729
612.6605500000001,12.955729
614.311926,11.783854
614.438955,11.783854
614.5659840000001,11.783854
614.6930130000001,11.783854
614.8200420000001,11.783854
614.947071,11.783854
615.0741,11.783854
615.201129,11.783854
615.328158,11.783854
615.455187,11.783854
615.582216,11.783854
615.709244,11.783854
616.090331,11.783854
616.21736,11.783854
616.344389,11.783854
616.471418,11.783854
616.598447,11.783854
616.7254760000001,11.783854
616.8525050000001,11.783854
616.9795340000001,11.783854
617.106563,11.783854
617.233592,11.783854
617.360621,11.783854
617.48765,11.783854
617.6146779999999,11.783854
617.741707,11.783854
618.8849680000001,11.002604
619.0119970000001,11.002604
619.1390260000001,11.002604
619.266055,11.002604
619.393084,11.002604
619.5201119999999,11.002604
619.6471409999999,11.002604
619.7741699999999,11.002604
619.901199,11.002604
620.028228,11.002604
620.155257,11.002604
620.282286,11.002604
620.409315,11.002604
620.536344,11.002604
621.6796039999999,11.002604
621.8066329999999,11.002604
621.9336619999999,11.002604
622.060691,11.002604
622.18772,11.132812
622.314749,11.132812
622.441778,11.132812
622.568807,11.132812
622.695836,11.132812
622.822865,11.132812
622.949894,11.132812
623.076923,11.132812
623.2039520000001,11.132812
623.3309810000001,11.132812
623.458009,11.132812
623.5850379999999,11.132812
623.7120669999999,11.132812
623.8390959999999,11.132812
623.9661249999999,11.132812
624.0931539999999,11.132812
624.220183,11.132812
624.347212,11.132812
624.474241,11.132812
624.60127,11.132812
624.728299,11.132812
624.855328,11.132812
624.982357,11.002604
625.109386,11.002604
625.9985879999999,11.132812
626.1256169999999,11.132812
626.2526459999999,11.132812
626.379675,11.132812
626.506704,11.132812
626.633733,11.132812
626.760762,11.132812
626.887791,11.132812
627.01482,11.132812
627.141849,11.132812
627.268877,11.132812
627.395906,11.132812
627.522935,11.132812
627.649964,11.132812
627.776993,11.132812
627.9040219999999,11.132812
628.0310509999999,11.132812
628.1580799999999,11.132812
628.539167,11.002604
628.666196,11.002604
628.793225,11.002604
628.920254,11.002604
629.047283,11.002604
629.174312,11.002604
629.30134,11.002604
629.428369,11.002604
629.555398,11.002604
629.682427,11.002604
629.809456,11.002604
629.936485,11.002604
630.0635139999999,11.002604
630.1905429999999,11.002604
630.3175719999999,11.002604
630.4446009999999,11.002604
631.841919,11.653646
631.968948,11.653646
632.095977,11.783854
632.2230059999999,11.783854
632.3500349999999,11.783854
632.4770639999999,11.783854
632.6040929999999,11.783854
632.7311219999999,11.783854
632.858151,11.783854
632.98518,11.783854
633.112208,11.783854
633.239237,11.71875
633.366266,11.132812
633.493295,11.132812
633.620324,11.132812
633.747353,11.132812
633.874382,11.132812
634.001411,11.132812
634.12844,11.132812
634.255469,11.132812
634.3824979999999,11.067708
634.5095269999999,11.067708
634.6365559999999,11.067708
634.7635849999999,11.067708
634.8906139999999,11.067708
635.017642,11.067708
635.144671,11.067708
635.2717,11.067708
635.398729,11.067708
635.525758,11.067708
635.652787,10.9375
635.779816,10.9375
640.988002,10.9375
641.115031,10.9375
641.24206,10.9375
641.369089,10.9375
641.496118,10.9375
641.623147,10.9375
641.750176,10.9375
641.877205,10.9375
642.004234,10.9375
642.131263,10.9375
642.258292,10.9375
642.385321,10.9375
642.51235,10.9375
642.639379,10.9375
672.110091,11.71875
672.23712,11.71875
672.364149,11.71875
672.491178,11.71875
672.618207,11.71875
672.745236,11.71875
672.872265,11.71875
672.999294,12.5
673.126323,12.5
673.253352,12.5
673.3803809999999,12.5
673.5074099999999,12.5
673.6344389999999,12.5
673.761467,12.5
673.888496,12.5
674.015525,12.5
674.142554,12.5
674.269583,12.5
674.396612,12.5
674.523641,12.5
674.65067,12.5
674.777699,12.5
674.904728,12.5
675.031757,12.5
675.158786,12.5
675.285815,12.5
675.412844,12.5
675.539873,12.5
675.666901,12.5
676.556104,14.257812
676.683133,14.257812
676.810162,14.257812
676.937191,14.257812
677.06422,14.257812
677.191249,14.257812
677.318278,14.257812
677.445307,14.257812
677.5723350000001,14.257812
677.6993640000001,14.257812
681.8913190000001,8.007812
682.0183480000001,8.007812
682.145377,8.007812
682.272406,8.007812
682.399435,8.007812
682.526464,8.007812
682.653493,8.007812
682.780522,8.007812
682.907551,8.007812
683.03458,8.007812
684.685956,7.356771
684.812985,7.356771
684.940014,7.486979
685.067043,7.486979
685.194072,7.486979
685.3211,7.486979
685.448129,7.486979
685.575158,7.486979
685.702187,7.486979
685.829216,7.486979
687.226535,8.138021
687.353563,8.138021
687.480592,8.138021
687.607621,8.138021
687.73465,8.138021
687.861679,8.138021
687.988708,8.138021
688.115737,8.138021
688.2427660000001,8.007812
688.3697950000001,8.007812
688.4968240000001,8.007812
688.623853,8.007812
688.750882,8.007812
688.877911,8.007812
689.00494,8.007812
689.131969,8.007812
697.3888489999999,11.002604
697.5158779999999,11.002604
697.6429069999999,11.002604
697.7699359999999,11.002604
697.8969649999999,11.002604
698.023994,11.002604
698.151023,11.002604
698.278052,11.002604
698.405081,11.002604
698.53211,11.002604
698.659139,11.002604
698.786168,11.002604
698.913196,11.002604
699.040225,11.002604
699.167254,11.002604
699.294283,11.002604
699.421312,11.002604
699.5483409999999,11.002604
700.691602,11.002604
700.81863,11.002604
700.945659,11.002604
701.072688,11.002604
701.199717,11.002604
701.326746,11.002604
701.453775,11.002604
701.580804,11.002604
701.7078329999999,11.002604
701.8348619999999,11.002604
701.9618909999999,11.002604
702.0889199999999,11.002604
702.2159489999999,11.002604
702.342978,11.002604
702.470007,11.002604
702.597036,11.002604
702.724064,11.002604
702.851093,11.002604
702.978122,11.002604
703.105151,11.002604
703.23218,11.002604
703.359209,11.002604
703.486238,11.002604
703.613267,11.002604
703.740296,11.002604
703.8673249999999,11.002604
703.9943539999999,11.002604
704.1213829999999,11.002604
704.2484119999999,11.002604
704.3754409999999,11.002604
704.50247,11.002604
704.629499,11.002604
704.756527,11.002604
704.883556,11.002604
705.010585,11.002604
705.137614,11.002604
705.264643,11.002604
705.391672,11.002604
705.518701,11.002604
705.64573,11.002604
705.772759,11.002604
705.899788,11.002604
706.0268169999999,11.002604
706.1538459999999,11.002604
709.329569,7.877604
709.456598,7.877604
709.583627,7.877604
709.710656,7.877604
709.837685,7.877604
709.964714,7.877604
710.091743,7.877604
710.218772,7.877604
715.426958,11.653646
715.553987,11.653646
715.681016,11.653646
715.808045,11.653646
715.935074,11.653646
716.062103,11.653646
716.189132,11.653646
719.237826,14.84375
719.364855,14.84375
719.491884,14.84375
719.618913,14.84375
719.745942,14.84375
719.872971,14.84375
720.0,14.84375
720.127029,14.84375
720.254057,14.84375
720.381086,14.84375
721.0162310000001,14.84375
721.14326,14.84375
721.270289,14.84375
721.397318,14.84375
721.524347,14.84375
721.651376,14.84375
721.778405,14.84375
721.905434,14.84375
722.032463,14.84375
722.159491,14.84375
722.28652,14.84375
722.413549,14.84375
722.540578,14.84375
722.667607,14.84375
722.794636,14.84375
722.9216650000001,14.84375
726.859562,16.666667
726.986591,16.666667
727.11362,16.666667
727.2406490000001,16.666667
727.3676780000001,16.666667
727.4947070000001,16.666667
727.621736,16.666667
727.748765,16.666667
729.4001410000001,18.619792
729.5271700000001,18.619792
729.6541990000001,18.619792
729.781228,18.619792
729.9082559999999,18.619792
730.0352849999999,18.619792
730.1623139999999,18.619792
730.2893429999999,18.619792
737.0218769999999,14.583333
737.1489059999999,14.583333
737.2759349999999,14.583333
737.4029639999999,14.583333
737.5299930000001,14.583333
737.657021,14.583333
737.78405,14.583333
737.911079,14.583333
738.038108,14.583333
738.165137,14.583333
738.292166,14.322917
738.419195,14.322917
738.5462239999999,8.268229
738.6732529999999,8.268229
738.8002819999999,8.268229
738.9273109999999,8.268229
739.0543399999999,8.268229
739.1813689999999,8.268229
747.31122,3.645833
747.438249,3.645833
747.565278,3.645833
747.692307,3.645833
747.819336,3.645833
747.946365,3.645833
748.073394,3.645833
759.3789690000001,12.109375
759.5059980000001,12.109375
759.6330270000001,12.239583
759.7600560000001,12.239583
759.8870850000001,12.239583
760.0141140000001,12.239583
760.141143,12.239583
760.268172,12.239583
760.395201,12.239583
760.52223,12.174479
760.649259,11.848958
760.776288,11.848958
760.9033159999999,11.848958
761.0303449999999,11.783854
761.1573739999999,11.71875
761.2844029999999,11.653646
761.4114320000001,11.458333
761.5384610000001,11.393229
761.6654900000001,11.002604
761.7925190000001,11.002604
793.676782,10.742188
793.8038099999999,10.742188
793.9308390000001,10.742188
794.0578680000001,10.742188
794.1848970000001,10.742188
794.3119260000001,10.742188
794.4389550000001,10.742188
794.5659840000001,10.742188
794.6930130000001,10.742188
794.8200420000001,10.742188
794.947071,10.742188
795.0741,10.742188
795.201129,10.742188
795.328158,10.742188
795.455187,10.742188
795.582216,10.742188
795.7092439999999,10.742188
795.8362729999999,10.742188
800.0282279999999,10.742188
800.1552569999999,10.742188
800.2822859999999,10.742188
800.4093150000001,10.742188
800.5363440000001,10.742188
800.6633730000001,10.742188
800.7904020000001,10.742188
800.9174310000001,10.742188
810.1905429999999,8.203125
810.3175719999999,8.203125
810.4446009999999,8.203125
810.5716299999999,8.203125
810.6986589999999,8.203125
810.8256879999999,8.203125
810.9527169999999,8.203125
811.0797459999999,8.203125
811.206774,7.942708
811.333803,7.942708
814.5095269999999,7.552083
814.6365559999999,7.552083
814.7635849999999,7.552083
814.8906139999999,7.552083
815.017642,7.552083
815.144671,7.552083
815.2717,7.552083
815.398729,7.552083
815.525758,7.552083
815.652787,7.552083
815.779816,7.552083
815.906845,7.552083
824.163726,4.817708
824.290755,4.817708
824.417784,4.817708
824.544813,4.817708
824.6718410000001,4.817708
824.7988700000001,4.817708
824.9258990000001,4.817708
825.0529280000001,4.817708
825.1799570000001,2.604167
825.306986,2.604167
825.434015,2.473958
825.561044,2.473958
827.2124200000001,2.604167
827.3394490000001,2.604167
827.466478,2.604167
827.720536,7.421875
827.847565,7.421875
827.974594,7.421875
828.101623,7.421875
828.228652,8.268229
828.355681,8.268229
828.48271,8.268229
828.6097379999999,8.268229
828.7367670000001,8.268229
828.8637960000001,8.268229
828.9908250000001,8.268229
829.1178540000001,8.268229
829.752999,19.791667
829.880028,19.791667
830.007057,19.791667
830.134086,19.791667
830.261115,22.070312
830.388144,22.070312
830.5151719999999,22.070312
830.6422009999999,22.070312
830.7692299999999,22.070312
830.8962590000001,22.070312
831.0232880000001,22.070312
832.166549,26.041667
832.293578,26.041667
832.4206059999999,26.041667
832.5476349999999,26.041667
832.6746639999999,26.041667
832.8016929999999,26.041667
832.9287219999999,26.041667
833.0557510000001,26.041667
833.1827800000001,26.041667
833.3098090000001,26.041667
833.4368380000001,26.041667
833.5638670000001,26.041667
833.6908960000001,24.869792
833.8179250000001,24.869792
833.944954,24.869792
834.071983,24.869792
834.199012,24.479167
834.326041,24.479167
834.4530689999999,24.21875
834.5800979999999,24.21875
834.7071269999999,23.958333
834.8341559999999,23.893229
834.9611849999999,23.567708
835.0882139999999,23.502604
837.3747350000001,21.158854
837.5017640000001,21.158854
837.6287930000001,21.158854
837.7558220000001,21.158854
837.8828510000001,21.158854
838.0098800000001,21.158854
838.1369090000001,21.158854
838.2639369999999,21.09375
838.3909659999999,21.09375
838.5179949999999,21.09375
838.6450239999999,21.09375
838.7720529999999,21.09375
838.8990819999999,21.09375
839.0261109999999,21.09375
839.1531399999999,21.09375
839.2801689999999,21.09375
839.4071979999999,21.028646
839.9153140000001,18.489583
840.0423430000001,18.489583
840.169371,18.489583
840.2964,18.489583
840.4234289999999,18.489583
840.5504579999999,18.489583
840.6774869999999,18.554688
840.8045159999999,18.619792
840.9315449999999,18.684896
841.0585739999999,18.75
841.1856029999999,19.466146
841.3126319999999,19.53125
841.4396609999999,19.53125
841.5666899999999,19.53125
841.6937190000001,19.53125
841.8207480000001,19.53125
841.9477770000001,19.856771
842.0748060000001,19.921875
842.201834,19.921875
842.328863,19.921875
842.455892,19.986979
842.5829209999999,20.052083
842.7099499999999,20.052083
842.8369789999999,20.052083
842.9640079999999,20.052083
843.0910369999999,20.052083
843.2180659999999,20.052083
843.3450949999999,20.052083
843.4721239999999,19.986979
843.5991529999999,19.921875
843.7261819999999,19.921875
843.8532110000001,19.921875
843.9802400000001,19.986979
844.107268,20.052083
844.234297,20.052083
844.361326,20.052083
844.488355,20.052083
844.615384,20.052083
844.7424129999999,20.052083
844.8694419999999,20.052083
844.9964709999999,19.986979
845.1234999999999,19.661458
845.2505289999999,19.596354
845.3775579999999,19.53125
845.5045869999999,19.53125
845.6316159999999,19.53125
845.7586449999999,19.53125
845.8856739999999,19.53125
846.012702,19.53125
846.139731,19.53125
846.26676,19.53125
846.393789,18.424479
846.520818,18.424479
846.647847,18.359375
846.774876,18.098958
846.9019049999999,18.098958
847.2829919999999,17.447917
847.4100209999999,17.447917
847.5370499999999,17.447917
847.6640789999999,17.447917
847.7911079999999,17.447917
847.918136,17.447917
848.045165,17.447917
848.172194,17.382812
848.299223,17.317708
848.426252,17.252604
848.553281,17.057292
851.6019759999999,16.731771
851.7290049999999,16.731771
851.856033,16.796875
851.983062,16.796875
852.110091,16.796875
852.23712,16.796875
852.364149,16.796875
852.491178,16.796875
852.618207,16.796875
852.745236,16.731771
852.872265,15.950521
852.999294,15.950521
853.126323,15.950521
853.253352,15.950521
853.3803809999999,15.950521
853.5074099999999,15.950521
853.6344389999999,15.950521
853.761467,15.950521
853.888496,15.950521
854.015525,15.950521
854.142554,16.731771
854.269583,16.731771
854.396612,16.861979
854.523641,16.861979
854.65067,16.861979
854.777699,16.861979
854.904728,16.861979
855.031757,16.861979
855.158786,16.861979
855.285815,16.861979
855.412844,16.796875
855.666901,16.861979
855.79393,16.861979
855.920959,16.861979
856.047988,16.861979
856.175017,16.861979
856.302046,16.861979
856.429075,16.861979
856.556104,16.861979
856.683133,16.796875
856.810162,16.731771
856.937191,16.731771
857.06422,16.731771
857.191249,16.731771
857.318278,16.731771
857.445307,16.731771
857.5723350000001,16.731771
857.6993640000001,16.731771
857.826393,16.731771
857.953422,16.731771
858.080451,16.731771
858.20748,16.731771
858.334509,16.731771
858.715596,16.731771
858.842625,16.731771
858.969654,16.731771
859.096683,16.731771
859.223712,16.731771
859.350741,16.731771
859.47777,16.731771
859.6047980000001,16.731771
859.7318270000001,16.731771
859.8588560000001,16.731771
859.985885,16.731771
860.239943,16.731771
860.366972,16.731771
860.494001,16.731771
860.62103,16.731771
860.748059,16.731771
860.875088,16.731771
861.002117,16.731771
862.0183480000001,16.471354
862.145377,16.471354
862.272406,16.471354
862.399435,16.471354
862.526464,16.471354
862.653493,16.471354
862.780522,16.471354
862.907551,16.080729
863.03458,16.080729
863.161609,16.080729
863.288638,16.080729
863.4156660000001,16.080729
863.5426950000001,16.080729
863.6697240000001,15.950521
863.7967530000001,16.080729
863.9237820000001,16.080729
864.0508110000001,16.080729
864.1778400000001,16.080729
864.304869,16.080729
864.431898,16.080729
864.558927,16.341146
864.685956,16.341146
864.812985,16.341146
864.940014,16.341146
865.067043,16.341146
865.194072,16.341146
865.3210999999999,16.731771
865.4481289999999,16.731771
865.5751580000001,16.731771
865.7021870000001,16.731771
865.8292160000001,16.731771
865.9562450000001,16.731771
866.0832740000001,16.731771
866.2103030000001,16.731771
866.3373320000001,16.731771
866.464361,16.731771
866.59139,16.731771
866.718419,16.731771
866.845448,16.731771
866.972477,16.731771
867.099506,16.731771
867.226535,16.731771
867.3535629999999,16.731771
867.4805919999999,16.731771
867.6076209999999,16.731771
867.7346500000001,16.731771
867.8616790000001,16.731771
868.3697950000001,16.731771
868.4968240000001,16.731771
868.623853,16.731771
868.750882,16.731771
868.877911,16.731771
869.00494,16.731771
869.131969,16.731771
869.2589969999999,16.731771
869.3860259999999,16.731771
869.5130549999999,16.731771
869.6400839999999,16.731771
869.7671129999999,16.731771
869.8941420000001,16.731771
870.0211710000001,16.731771
870.1482000000001,16.796875
870.2752290000001,16.861979
870.4022580000001,16.861979
870.5292870000001,16.861979
870.6563160000001,16.861979
870.783345,16.861979
870.910374,16.861979
871.037403,16.861979
871.1644309999999,16.861979
871.2914599999999,16.861979
871.4184889999999,16.861979
871.5455179999999,16.861979
871.6725469999999,16.861979
871.7995759999999,16.861979
871.9266049999999,16.861979
872.0536340000001,16.861979
872.1806630000001,16.861979
872.3076920000001,16.861979
872.4347210000001,16.861979
872.5617500000001,16.731771
872.6887790000001,16.731771
872.8158080000001,16.731771
872.942837,16.731771
873.0698649999999,16.731771
873.1968939999999,16.731771
873.3239229999999,16.731771
873.4509519999999,16.731771
873.5779809999999,16.731771
873.7050099999999,16.731771
873.8320389999999,16.731771
873.9590679999999,16.796875
874.0860969999999,16.861979
874.2131260000001,16.861979
874.3401550000001,16.861979
874.4671840000001,16.861979
874.5942130000001,16.861979
874.7212420000001,16.861979
874.8482710000001,16.861979
874.9753000000001,16.861979
875.1023279999999,16.861979
875.2293569999999,16.861979
875.3563859999999,16.861979
875.4834149999999,16.861979
875.6104439999999,16.861979
875.7374729999999,16.861979
875.8645019999999,16.861979
875.9915309999999,16.796875
876.1185599999999,16.731771
876.2455889999999,16.731771
876.3726180000001,16.861979
876.4996470000001,16.861979
876.6266760000001,16.861979
876.7537050000001,16.861979
876.8807340000001,16.861979
877.007762,16.861979
877.134791,16.861979
877.26182,16.861979
877.3888489999999,16.861979
877.5158779999999,16.861979
877.6429069999999,16.861979
877.7699359999999,16.861979
877.8969649999999,16.861979
878.0239939999999,16.861979
878.1510229999999,16.861979
878.2780519999999,16.861979
878.4050809999999,16.861979
878.5321100000001,16.861979
878.6591390000001,16.861979
878.7861680000001,16.861979
878.913196,16.861979
879.040225,16.861979
879.167254,16.861979
879.294283,16.796875
879.421312,16.731771
881.199717,15.950521
881.326746,15.950521
881.453775,15.950521
881.580804,15.950521
881.7078329999999,15.950521
881.8348619999999,15.950521
881.9618909999999,15.950521
882.0889199999999,15.950521
882.2159489999999,15.950521
882.3429779999999,15.885417
882.724064,15.950521
882.851093,15.950521
882.978122,15.950521
883.105151,15.950521
883.23218,15.950521
883.359209,15.950521
883.486238,15.950521
883.613267,15.950521
883.740296,16.080729
883.8673249999999,65.690104
883.9943539999999,65.690104
884.1213829999999,65.690104
884.2484119999999,65.690104
884.3754409999999,65.690104
884.5024699999999,65.690104
884.6294989999999,65.690104
884.756527,16.210938
884.883556,16.145833
885.010585,15.950521
885.137614,15.950521
885.264643,15.950521
885.391672,15.950521
885.64573,15.950521
885.772759,15.950521
885.899788,15.950521
886.0268169999999,15.950521
886.1538459999999,15.950521
886.2808749999999,15.950521
886.4079039999999,15.950521
886.5349329999999,15.950521
886.661961,15.950521
886.78899,15.950521
886.916019,15.950521
887.043048,15.950521
887.170077,15.950521
887.297106,15.169271
887.424135,15.169271
887.551164,15.169271
887.678193,15.169271
887.805222,15.169271
887.932251,15.104167
888.05928,14.908854
888.1863089999999,14.84375
888.3133379999999,14.648438
888.4403669999999,14.583333
888.567395,14.127604
888.694424,14.127604
888.821453,14.127604
888.948482,14.0625
889.075511,13.997396
889.20254,14.0625
889.329569,14.0625
889.456598,14.0625
889.583627,14.0625
889.710656,14.0625
889.837685,14.0625
889.964714,14.0625
892.886379,14.713542
893.013408,14.713542
893.140437,14.713542
893.267466,14.713542
893.394495,14.713542
893.521524,14.778646
893.648553,14.778646
893.775582,14.778646
893.902611,14.778646
894.02964,14.778646
894.156669,14.778646
894.283698,14.778646
894.918842,14.0625
895.045871,14.0625
895.1729,14.0625
895.299929,14.0625
895.426958,14.0625
895.553987,14.0625
895.681016,14.0625
895.808045,14.0625
895.935074,14.0625
896.062103,14.0625
896.189132,14.0625
896.3161600000001,14.0625
896.4431890000001,14.0625
896.5702180000001,14.0625
896.6972470000001,14.0625
896.824276,14.0625
896.951305,14.0625
897.078334,14.0625
897.205363,14.713542
897.332392,14.713542
897.459421,14.713542
897.58645,14.713542
897.713479,14.713542
897.840508,14.713542
897.967537,14.713542
898.094566,14.713542
898.2215940000001,14.713542
898.3486230000001,14.713542
898.4756520000001,14.713542
898.6026810000001,14.778646
898.7297100000001,14.778646
898.8567390000001,14.778646
898.983768,14.778646
899.110797,14.778646
899.237826,14.778646
899.364855,14.778646
899.491884,14.0625
899.618913,14.0625
899.745942,14.0625
899.872971,14.0625
900.0,14.0625
900.127029,14.0625
900.2540570000001,14.0625
900.3810860000001,14.0625
900.5081150000001,14.0625
900.6351440000001,14.0625
900.7621730000001,14.0625
900.8892020000001,14.0625
901.0162310000001,14.0625
901.14326,14.0625
901.270289,14.0625
901.397318,14.0625
901.524347,14.0625
901.651376,14.0625
901.778405,14.0625
901.905434,14.0625
902.032463,14.0625
902.1594909999999,14.0625
902.2865199999999,14.0625
902.4135490000001,14.0625
902.5405780000001,14.0625
902.6676070000001,14.0625
902.7946360000001,14.0625
902.9216650000001,14.0625
903.0486940000001,14.0625
903.1757230000001,14.0625
903.302752,14.0625
903.429781,14.0625
903.55681,14.0625
903.683839,14.0625
903.810868,14.0625
903.937897,14.0625
904.0649249999999,14.0625
904.1919539999999,14.0625
904.3189829999999,14.0625
904.4460119999999,14.0625
904.5730410000001,14.0625
904.7000700000001,14.0625
904.8270990000001,14.0625
904.9541280000001,14.0625
906.0973879999999,14.84375
906.2244169999999,14.84375
906.3514459999999,14.84375
906.4784749999999,14.84375
906.6055039999999,14.84375
906.7325330000001,14.84375
906.8595620000001,14.84375
906.9865910000001,14.84375
907.1136200000001,14.84375
907.2406490000001,14.84375
907.3676780000001,14.84375
907.4947070000001,14.84375
907.621736,14.84375
907.748765,14.84375
907.875794,15.625
908.0028219999999,15.625
908.1298509999999,15.625
908.2568799999999,15.625
908.3839089999999,15.625
908.5109379999999,15.625
908.6379669999999,15.625
908.7649959999999,15.625
908.8920250000001,15.625
909.0190540000001,15.625
909.1460830000001,15.625
909.2731120000001,15.625
909.4001410000001,15.625
909.5271700000001,15.625
909.6541990000001,15.625
909.781228,15.625
909.9082559999999,15.625
910.0352849999999,15.625
910.1623139999999,15.625
910.2893429999999,15.625
910.4163719999999,15.625
910.5434009999999,15.625
910.6704299999999,15.625
910.7974589999999,15.625
910.9244879999999,15.625
911.0515170000001,15.625
911.1785460000001,15.625
911.3055750000001,15.625
912.1947769999999,16.40625
912.3218059999999,16.40625
912.4488349999999,16.40625
912.5758639999999,16.40625
912.7028929999999,16.40625
912.8299219999999,16.40625
912.9569509999999,16.40625
913.0839799999999,16.40625
913.2110090000001,16.40625
913.3380380000001,16.40625
913.719124,16.015625
913.846153,16.015625
913.973182,16.015625
914.100211,16.015625
914.2272399999999,16.015625
914.3542689999999,16.015625
914.4812979999999,16.015625
914.6083269999999,16.015625
914.7353559999999,16.015625
914.8623849999999,16.015625
914.9894139999999,16.015625
915.1164429999999,16.015625
915.2434719999999,16.015625
915.3705010000001,16.015625
915.4975300000001,16.015625
915.6245590000001,16.015625
915.751587,16.015625
915.878616,16.015625
916.005645,16.015625
916.132674,16.015625
916.259703,16.015625
916.3867319999999,16.015625
916.5137609999999,16.145833
916.6407899999999,16.145833
916.7678189999999,16.145833
916.8948479999999,16.145833
917.0218769999999,16.145833
917.1489059999999,16.145833
917.2759349999999,16.145833
917.4029639999999,16.145833
917.5299930000001,16.145833
917.657021,16.145833
917.78405,16.145833
917.911079,16.145833
918.038108,16.145833
918.165137,16.145833
918.292166,16.015625
918.419195,16.015625
918.5462239999999,16.015625
918.6732529999999,16.015625
918.8002819999999,16.015625
918.9273109999999,16.015625
919.0543399999999,16.796875
919.1813689999999,16.796875
919.3083979999999,16.796875
919.4354269999999,16.796875
919.562455,16.796875
919.689484,16.796875
919.816513,16.796875
919.943542,16.796875
920.070571,16.796875
920.1976,16.796875
920.324629,16.796875
920.451658,16.796875
920.578687,16.796875
920.7057159999999,16.796875
920.8327449999999,16.796875
920.9597739999999,16.796875
921.0868029999999,16.796875
921.2138319999999,16.796875
921.3408609999999,16.796875
921.467889,16.796875
921.594918,16.015625
921.721947,16.015625
921.848976,16.015625
921.976005,16.015625
922.103034,16.015625
922.230063,16.015625
922.357092,16.015625
922.484121,16.015625
922.61115,16.015625
922.738179,16.015625
922.8652079999999,16.015625
922.9922369999999,16.015625
923.1192659999999,16.015625
923.2462949999999,16.015625
923.373323,16.015625
923.500352,16.015625
923.627381,16.145833
923.75441,16.145833
923.881439,16.145833
924.008468,16.145833
924.135497,16.145833
924.262526,16.145833
924.389555,16.145833
924.516584,16.145833
924.643613,16.145833
924.770642,16.145833
924.897671,16.796875
925.0246999999999,16.796875
925.1517289999999,16.796875
925.2787579999999,16.796875
925.405786,16.796875
925.532815,16.796875
925.659844,16.796875
925.786873,16.796875
925.913902,16.796875
926.040931,16.796875
928.327452,16.666667
928.454481,16.666667
928.58151,16.666667
928.708539,16.666667
928.835568,16.666667
928.962597,16.666667
929.089626,16.666667
929.2166540000001,16.666667
929.343683,16.666667
929.470712,16.666667
929.597741,16.666667
929.72477,16.666667
929.851799,16.666667
929.978828,16.666667
930.105857,16.666667
930.232886,16.666667
930.359915,16.666667
930.486944,16.666667
930.613973,16.666667
930.741002,16.666667
930.868031,16.666667
930.99506,16.015625
931.1220880000001,16.015625
931.2491170000001,16.015625
931.3761460000001,16.015625
931.503175,16.015625
931.630204,16.015625
931.757233,16.145833
931.884262,16.145833
932.011291,16.145833
932.13832,16.145833
932.265349,16.145833
932.392378,16.145833
932.519407,16.145833
932.646436,16.080729
936.076217,14.518229
936.203246,14.518229
936.330275,14.518229
936.457304,14.518229
936.584333,14.518229
936.711362,14.518229
936.838391,14.518229
936.9654189999999,14.518229
937.0924480000001,14.127604
937.2194770000001,14.127604
937.3465060000001,14.127604
937.4735350000001,14.127604
937.6005640000001,13.216146
937.7275930000001,13.216146
937.8546220000001,13.216146
937.981651,13.216146
938.10868,13.216146
938.235709,13.216146
938.362738,12.955729
938.489767,12.955729
938.616796,12.955729
938.743825,12.955729
938.8708529999999,12.955729
938.9978819999999,12.955729
939.1249109999999,12.955729
939.2519400000001,12.955729
939.3789690000001,12.825521
939.5059980000001,12.825521
939.6330270000001,12.955729
939.7600560000001,12.955729
939.8870850000001,12.955729
940.0141140000001,12.955729
940.141143,12.955729
940.268172,12.955729
940.395201,12.955729
940.52223,12.955729
940.9033159999999,14.778646
941.0303449999999,14.778646
941.1573739999999,14.778646
941.2844029999999,14.778646
941.4114320000001,14.778646
941.5384610000001,14.778646
941.6654900000001,14.778646
941.7925190000001,14.778646
944.9682419999999,14.127604
945.0952709999999,14.127604
945.2222999999999,14.127604
945.3493289999999,14.127604
945.4763579999999,14.127604
945.6033869999999,14.127604
945.7304160000001,14.127604
945.8574450000001,14.127604
945.9844740000001,14.127604
946.1115030000001,14.127604
946.2385320000001,14.127604
946.3655610000001,14.127604
946.4925900000001,14.127604
946.619618,14.127604
946.7466469999999,14.127604
946.8736759999999,14.127604
948.0169370000001,13.736979
948.1439660000001,13.736979
948.2709950000001,13.736979
948.3980240000001,13.736979
948.5250530000001,13.736979
948.652081,13.736979
948.77911,13.736979
948.9061389999999,13.736979
949.0331679999999,13.736979
949.1601969999999,13.736979
949.2872259999999,13.736979
949.4142549999999,13.736979
949.5412839999999,13.736979
949.6683129999999,13.736979
949.7953419999999,13.736979
949.9223709999999,13.736979
950.0494000000001,13.736979
950.1764290000001,13.736979
950.3034580000001,13.736979
950.4304870000001,13.736979
950.557515,13.736979
950.684544,13.736979
950.811573,13.736979
950.938602,13.736979
951.0656309999999,13.736979
951.1926599999999,13.736979
951.3196889999999,13.736979
951.4467179999999,13.736979
951.5737469999999,13.736979
951.7007759999999,13.736979
951.8278049999999,13.736979
951.9548339999999,13.736979
953.098094,15.690104
953.2251229999999,15.690104
953.3521519999999,15.690104
953.4791809999999,15.690104
953.6062099999999,15.690104
953.7332389999999,15.690104
953.8602679999999,15.690104
953.9872969999999,15.690104
954.1143259999999,14.908854
954.2413549999999,14.908854
954.368383,14.908854
954.495412,14.908854
954.622441,14.908854
954.74947,14.908854
954.876499,14.908854
955.003528,14.908854
955.130557,14.127604
955.257586,14.127604
955.3846149999999,14.127604
955.5116439999999,14.127604
955.6386729999999,13.997396
955.7657019999999,13.997396
955.8927309999999,13.476562
956.0197599999999,13.476562
956.1467889999999,13.346354
956.273817,13.346354
956.400846,13.216146
956.527875,13.216146
956.654904,12.955729
956.781933,12.955729
956.908962,12.955729
957.035991,12.955729
958.941425,11.783854
959.068454,11.783854
959.195483,11.783854
959.322512,11.783854
959.449541,11.783854
959.57657,11.783854
959.7035989999999,11.783854
959.8306279999999,11.783854
959.9576569999999,11.783854
960.0846859999999,11.783854
960.465772,11.783854
960.592801,11.783854
960.71983,11.783854
960.846859,11.783854
960.973888,11.783854
961.100917,11.783854
961.227946,11.783854
961.354975,11.783854
961.482004,11.783854
961.609033,11.783854
961.736062,11.783854
961.8630909999999,11.783854
961.9901199999999,11.783854
962.117148,11.783854
962.244177,11.783854
962.371206,11.783854
962.752293,12.565104
962.879322,12.565104
963.006351,12.565104
963.13338,12.565104
963.260409,12.565104
963.387438,12.565104
963.514467,12.565104
963.641496,12.565104
963.768525,12.565104
963.895554,12.565104
964.022582,12.565104
964.149611,12.565104
964.27664,12.565104
964.403669,12.565104
964.530698,12.565104
964.657727,12.565104
964.784756,12.565104
964.911785,12.565104
965.038814,12.434896
965.165843,12.434896
965.292872,12.565104
965.419901,12.565104
965.54693,12.565104
965.673959,12.565104
965.800988,12.565104
965.928017,12.565104
966.0550450000001,12.565104
966.1820740000001,12.565104
966.309103,12.565104
966.436132,12.565104
967.071277,12.565104
967.198306,12.565104
967.325335,12.565104
967.452364,12.565104
967.579393,12.565104
967.706422,12.565104
967.833451,12.565104
967.9604790000001,12.565104
968.0875080000001,12.565104
968.2145370000001,12.565104
968.3415660000001,12.565104
968.468595,12.565104
970.2470000000001,14.778646
970.3740290000001,14.84375
970.5010580000001,14.908854
970.628087,14.908854
970.755116,14.908854
970.882145,14.908854
971.009174,14.908854
971.136203,14.908854
971.263232,14.908854
971.390261,14.908854
971.51729,14.908854
971.644319,14.908854
971.7713470000001,14.908854
971.8983760000001,14.908854
972.0254050000001,14.908854
972.1524340000001,14.908854
972.2794630000001,14.908854
972.4064920000001,14.908854
972.5335210000001,14.908854
972.6605500000001,14.778646
972.787579,15.559896
972.914608,15.559896
973.041637,15.559896
973.168666,15.559896
973.295695,15.559896
973.422724,15.559896
973.549753,15.559896
973.676782,15.559896
973.8038099999999,15.559896
973.9308390000001,15.559896
974.0578680000001,15.559896
974.1848970000001,15.559896
974.3119260000001,15.559896
974.4389550000001,15.559896
974.5659840000001,15.559896
974.6930130000001,15.559896
974.8200420000001,15.559896
974.947071,15.559896
975.0741,15.559896
975.201129,15.494792
975.328158,15.494792
975.455187,15.494792
975.582216,15.494792
975.7092439999999,15.625
975.8362729999999,15.625
975.9633019999999,15.625
976.0903310000001,15.625
976.2173600000001,15.625
976.3443890000001,15.625
976.4714180000001,15.625
976.5984470000001,15.625
976.7254760000001,15.559896
976.8525050000001,15.494792
977.9957649999999,15.625
978.1227939999999,15.625
978.2498230000001,15.625
978.3768520000001,15.625
978.5038810000001,15.625
978.6309100000001,15.625
978.7579390000001,15.625
978.8849680000001,15.625
979.7741699999999,16.796875
979.9011989999999,16.796875
980.0282279999999,16.796875
980.1552569999999,16.796875
980.2822859999999,16.796875
980.4093150000001,16.796875
980.5363440000001,16.796875
980.6633730000001,16.796875
980.7904020000001,16.796875
980.9174310000001,16.796875
981.2985180000001,17.838542
981.425547,17.838542
981.5525749999999,17.96875
981.6796039999999,17.96875
981.8066329999999,17.96875
981.9336619999999,17.96875
982.0606909999999,17.96875
982.1877199999999,17.96875
982.3147489999999,17.96875
982.4417779999999,17.96875
982.5688069999999,17.96875
982.6958360000001,17.96875
982.8228650000001,17.96875
982.9498940000001,17.96875
983.0769230000001,17.96875
983.2039520000001,17.96875
983.3309810000001,17.96875
983.458009,17.96875
983.5850379999999,17.96875
983.7120669999999,17.96875
983.8390959999999,17.96875
983.9661249999999,17.96875
984.0931539999999,17.96875
984.2201829999999,17.96875
984.3472119999999,17.96875
984.4742409999999,17.96875
984.6012699999999,17.96875
984.7282989999999,17.96875
984.8553280000001,17.96875
984.9823570000001,17.96875
985.1093860000001,17.96875
985.2364150000001,17.96875
985.363443,17.96875
985.490472,17.96875
985.617501,17.96875
985.7445299999999,17.96875
985.8715589999999,17.96875
985.9985879999999,17.96875
986.1256169999999,17.96875
986.2526459999999,17.96875
986.3796749999999,17.96875
986.5067039999999,17.96875
986.6337329999999,17.96875
986.7607619999999,17.96875
986.8877909999999,17.96875
987.0148200000001,17.96875
987.1418490000001,17.96875
987.268877,17.96875
987.395906,17.96875
987.522935,17.96875
987.649964,17.96875
987.776993,17.96875
987.9040219999999,17.96875
988.0310509999999,17.96875
988.1580799999999,17.96875
988.2851089999999,17.96875
988.4121379999999,17.96875
988.5391669999999,17.96875
988.6661959999999,17.96875
989.936485,17.96875
990.0635139999999,17.96875
990.1905429999999,17.96875
990.3175719999999,17.96875
990.4446009999999,17.96875
990.5716299999999,17.96875
990.6986589999999,17.96875
990.8256879999999,17.96875
990.9527169999999,17.96875
991.0797459999999,17.96875
991.206774,17.96875
991.333803,17.96875
991.460832,17.96875
991.587861,17.96875
991.71489,18.098958
991.841919,18.098958
991.968948,18.098958
992.095977,18.098958
992.2230059999999,18.098958
992.3500349999999,18.098958
992.4770639999999,18.098958
994.8906139999999,18.619792
995.017642,18.619792
995.144671,18.619792
995.2717,18.619792
995.398729,18.619792
995.525758,18.619792
995.652787,18.619792
995.779816,18.619792
995.906845,18.75
996.033874,18.75
996.160903,18.75
996.287932,18.75
996.414961,18.75
996.5419899999999,18.75
996.6690189999999,18.75
996.7960479999999,18.75
996.923076,18.098958
997.050105,18.098958
997.177134,18.098958
997.304163,18.098958
997.812279,17.96875
997.939308,17.96875
998.066337,17.96875
998.193366,17.96875
998.320395,17.96875
998.447424,17.96875
998.574453,17.96875
998.7014819999999,17.96875
998.8285109999999,17.96875
998.955539,17.96875
999.082568,17.96875
999.590684,17.96875
999.717713,17.96875
999.844742,17.96875
999.971771,17.96875
1000.0988,17.96875
1000.225829,17.96875
1000.352858,17.96875
1000.479887,17.96875
1000.606916,17.96875
1000.733945,17.96875
1000.8609730000001,17.96875
1000.988002,17.96875
1001.115031,17.96875
1001.496118,18.098958
1001.623147,18.098958
1001.750176,18.098958
1001.877205,18.098958
1002.004234,18.098958
1002.131263,18.098958
1002.258292,18.098958
1002.385321,18.098958
1002.51235,18.098958
1002.639379,18.098958
1004.9258990000001,15.039062
1005.0529280000001,15.039062
1005.1799570000001,15.039062
1005.306986,15.039062
1005.434015,15.039062
1005.561044,15.039062
1005.688073,15.039062
1005.815102,14.648438
1005.942131,14.648438
1006.06916,14.518229
1006.196189,14.518229
1006.323218,14.257812
1006.450247,14.257812
1006.577276,14.0625
1006.7043040000001,14.908854
1006.8313330000001,14.908854
1006.9583620000001,14.908854
1007.0853910000001,14.908854
1007.2124200000001,14.908854
1007.3394490000001,14.908854
1007.466478,14.908854
1010.134086,18.098958
1010.261115,18.098958
1010.388144,18.098958
1010.5151719999999,18.098958
1010.6422009999999,18.098958
1010.7692299999999,18.098958
1010.8962590000001,18.098958
1011.0232880000001,18.098958
1011.1503170000001,18.098958
1011.2773460000001,18.098958
1011.4043750000001,18.098958
1011.5314040000001,18.033854
1011.6584330000001,17.96875
1011.785462,17.96875
1011.912491,17.96875
1012.03952,17.96875
1012.166549,17.96875
1012.293578,17.96875
1012.4206059999999,18.098958
1012.5476349999999,18.098958
1012.6746639999999,18.098958
1012.8016929999999,18.098958
1012.9287219999999,18.098958
1013.0557510000001,18.098958
1013.1827800000001,18.098958
1013.3098090000001,18.098958
1013.4368380000001,18.098958
1013.5638670000001,18.033854
1013.6908960000001,17.96875
1013.8179250000001,17.96875
1013.944954,17.96875
1014.071983,17.96875
1014.199012,17.96875
1014.326041,17.96875
1014.4530689999999,17.96875
1014.5800979999999,17.96875
1014.7071269999999,17.96875
1014.8341559999999,17.96875
1015.9774170000001,18.098958
1016.104446,18.098958
1016.231475,18.098958
1016.3585029999999,18.098958
1016.4855319999999,18.098958
1016.6125609999999,18.098958
1016.7395899999999,18.098958
1016.8666189999999,18.033854
1023.8532110000001,20.117188
1023.9802400000001,20.117188
1024.107268,20.117188
1024.234297,20.117188
1024.361326,20.117188
1024.488355,20.117188
1024.615384,20.117188
1024.742413,20.117188
1024.869442,20.117188
1024.996471,20.117188
1025.1235,20.117188
1025.250529,20.117188
1025.377558,20.117188
1025.504587,20.117188
1043.669724,28.320312
1043.796753,28.320312
1043.923782,28.320312
1044.050811,28.320312
1044.17784,28.320312
1044.304869,28.320312
1044.431898,28.320312
1044.558927,27.669271
1044.685956,27.669271
1044.812985,27.408854
1044.940014,27.408854
1045.067043,27.408854
1045.194072,27.408854
1045.3211,27.278646
1045.4481289999999,27.278646
1045.575158,27.278646
1045.702187,27.278646
1045.829216,27.278646
1045.956245,27.278646
1046.083274,27.278646
1046.210303,27.278646
1046.337332,27.278646
1046.464361,27.278646
1046.59139,27.278646
1046.718419,27.278646
1070.091743,23.242188
1070.218772,23.307292
1070.345801,23.372396
1070.472829,23.372396
1070.599858,23.372396
1070.726887,23.372396
1070.853916,23.372396
1070.980945,23.372396
1071.107974,23.372396
1071.235003,23.307292
1071.362032,23.307292
1076.062103,23.4375
1076.189132,23.4375
1076.31616,23.4375
1076.443189,23.4375
1076.570218,23.4375
1076.697247,23.4375
1076.824276,23.4375
1076.951305,23.4375
1077.078334,23.307292
1077.205363,23.307292
1077.332392,23.307292
1077.459421,23.307292
1077.58645,23.307292
1077.713479,23.307292
1078.602681,20.572917
1078.72971,20.572917
1078.856739,20.572917
1078.983768,20.572917
1079.110797,20.572917
1079.237826,20.572917
1079.364855,20.572917
1079.491884,20.572917
1085.335215,11.197917
1085.462244,11.197917
1085.589273,11.197917
1085.716302,11.197917
1085.843331,11.197917
1085.970359,11.197917
1086.097388,11.197917
1086.224417,11.197917
1086.351446,11.067708
1086.478475,11.067708
1086.6055039999999,11.067708
1086.732533,11.067708
1088.129851,11.067708
1088.25688,11.067708
1088.383909,11.067708
1088.510938,11.067708
1088.637967,11.067708
1088.7649959999999,11.067708
1088.892025,11.067708
1089.019054,11.067708
1089.908256,11.848958
1090.035285,11.848958
1090.162314,11.848958
1090.289343,11.848958
1090.416372,11.848958
1090.543401,11.848958
1090.67043,11.848958
1090.797459,11.848958
1094.735356,11.197917
1094.862385,11.197917
1094.989414,11.197917
1095.116443,11.197917
1095.2434719999999,11.197917
1095.370501,11.197917
1095.49753,11.197917
1095.624559,11.197917
1095.751587,11.197917
1095.878616,11.197917
1096.005645,11.197917
1096.132674,11.197917
1096.259703,11.197917
1096.386732,11.197917
1096.513761,11.067708
1096.64079,11.067708
1096.767819,11.067708
1096.894848,11.067708
1097.021877,10.9375
1097.148906,10.9375
1097.275935,10.9375
1097.4029639999999,10.9375
1097.529993,10.9375
1097.657021,10.9375
1097.78405,10.9375
1097.911079,10.9375
1098.038108,10.9375
1098.165137,10.9375
1098.673253,10.9375
1098.800282,10.9375
1098.927311,10.9375
1099.05434,10.9375
1099.181369,10.9375
1099.308398,11.067708
1099.435427,11.067708
1099.562455,11.067708
1099.689484,11.067708
1099.816513,11.067708
1099.943542,11.067708
1100.070571,11.067708
1100.1976,11.067708
1100.324629,10.9375
1100.451658,10.9375
1100.578687,11.132812
1100.705716,11.132812
1100.832745,11.132812
1100.959774,11.132812
1101.086803,11.132812
1101.213832,11.132812
1101.340861,11.132812
1101.467889,11.132812
1101.594918,11.132812
1101.721947,11.132812
1101.848976,11.132812
1101.976005,11.002604
1102.103034,11.002604
1102.230063,11.002604
1102.357092,11.002604
1102.484121,11.002604
1102.61115,11.002604
1102.738179,11.002604
1102.865208,11.002604
1102.992237,10.872396
1103.119266,10.872396
1103.246295,10.872396
1103.500352,2.018229
1103.881439,2.148438
1104.008468,2.148438
1104.135497,2.148438
1104.262526,2.148438
1104.389555,2.148438
1104.516584,2.148438
1104.643613,2.148438
1104.770642,2.148438
1104.897671,2.148438
1105.0247,2.148438
1105.151729,2.148438
1105.278758,2.148438
1105.405786,2.148438
1105.532815,2.148438
1105.659844,2.148438
1105.786873,2.148438
1106.422018,10.742188
1106.549047,10.742188
1106.676076,10.742188
1106.803105,10.742188
1106.930134,10.742188
1107.057163,10.742188
1107.184192,10.742188
1107.692307,0.976562
1107.819336,0.976562
1107.946365,0.976562
1108.073394,0.976562
1108.200423,0.976562
1108.327452,0.976562
1108.454481,10.742188
1108.58151,10.742188
1108.708539,10.742188
1108.835568,10.742188
1108.962597,10.742188
1109.089626,10.742188
1109.216654,10.742188
1109.343683,10.742188
1109.470712,10.742188
1113.28158,87.369792
1113.408609,95.117188
1113.535638,95.117188
1113.662667,95.117188
1113.789696,95.117188
1117.219477,8.517555
1117.346506,8.517555
1117.473535,8.517555
1117.600564,8.517555
1117.727593,8.517555
1117.854622,8.517555
1117.981651,8.517555
1118.10868,8.517555
1118.7438240000001,6.697009
1118.8708530000001,6.697009
1118.9978820000001,6.697009
1119.124911,6.697009
1119.25194,6.697009
1119.378969,6.697009
1119.505998,6.697009
1119.633027,6.697009
1119.760056,6.697009
1119.887085,6.697009
1120.014114,7.347204
1120.141143,7.347204
1120.268172,7.347204
1120.395201,7.347204
1120.52223,7.347204
1120.6492580000001,7.347204
1120.7762870000001,7.347204
1120.9033160000001,7.347204
1125.603387,8.647594
1125.730416,8.647594
1125.857445,8.647594
1125.984474,8.647594
1126.111503,8.647594
1126.238532,8.647594
1126.365561,8.647594
1126.492589,8.647594
1126.619618,8.647594
1126.746647,8.647594
1126.8736760000002,8.647594
1127.0007050000002,8.647594
1127.1277340000001,8.647594
1127.2547630000001,8.647594
1127.3817920000001,8.647594
1127.5088210000001,8.647594
1127.6358500000001,8.647594
1127.762879,8.647594
1127.889908,8.647594
1128.016937,8.647594
1128.143966,8.647594
1128.270995,8.647594
1128.398023,8.647594
1128.525052,8.647594
1128.652081,8.647594
1128.77911,8.647594
1128.906139,8.647594
1129.0331680000002,8.647594
1129.1601970000002,8.647594
1129.2872260000001,8.647594
1129.4142550000001,8.647594
1129.5412840000001,8.647594
1129.6683130000001,8.647594
1129.7953420000001,8.647594
1129.922371,7.217165
1130.0494,7.217165
1130.176429,7.217165
1130.303457,7.217165
1130.430486,6.957087
1130.557515,6.957087
1166.6337330000001,36.280884
1166.760762,62.483745
1166.887791,62.483745
1167.01482,62.483745
1167.141848,62.483745
1167.268877,62.483745
1167.395906,62.483745
1167.522935,62.483745
1344.60127,7.412224
1344.728299,7.477243
1344.855328,7.477243
1344.982357,7.477243
1345.109385,7.477243
1345.236414,7.477243
1345.363443,7.477243
1345.490472,7.477243
1345.6175010000002,7.477243
1345.74453,7.477243
1363.65561,8.712614
1363.782639,8.712614
1363.909668,8.712614
1364.036697,8.712614
1364.163726,8.712614
1364.290755,8.712614
1364.417784,8.712614
1367.593507,11.313394
1367.720536,11.313394
1367.847565,11.313394
1367.974594,11.313394
1368.101623,11.313394
1368.228652,11.313394
1368.3556800000001,11.313394
1368.482709,11.313394
1381.3126320000001,21.06632
1381.4396610000001,21.06632
1381.56669,21.06632
1381.693719,21.06632
1381.820748,21.06632
1381.947776,21.06632
1382.074805,21.06632
1382.201834,21.06632
1382.3288630000002,21.06632
1382.455892,21.06632
1393.2533520000002,17.945384
1393.380381,17.945384
1393.507409,17.945384
1393.634438,17.945384
1393.761467,17.945384
1393.888496,17.945384
1394.015525,17.945384
1394.142554,17.945384
1394.269583,17.945384
1394.396612,17.945384
1398.969654,14.954486
1399.096683,14.954486
1399.223712,14.954486
1399.35074,14.954486
1399.477769,14.954486
1399.604798,14.954486
1399.731827,14.954486
1399.858856,14.954486
1399.985885,14.954486
1400.112914,14.954486
1400.239943,14.954486
1400.366972,14.954486
1400.494001,14.954486
1400.62103,14.954486
1400.748059,14.954486
1400.875088,14.954486
1401.002117,14.954486
1401.129146,14.954486
1401.256174,14.954486
1401.383203,14.954486
1401.510232,14.954486
1401.637261,14.954486
1401.76429,14.889467
1401.891319,14.824447
1404.812985,12.873862
1404.940014,12.938882
1405.067043,13.003901
1405.1940710000001,13.003901
1405.3211000000001,13.003901
1405.448129,13.003901
1405.575158,13.003901
1405.702187,13.003901
1405.829216,13.003901
1405.956245,12.808843
1406.083274,12.808843
1409.258997,8.127438
1409.3860260000001,8.127438
1409.5130550000001,8.127438
1409.6400840000001,8.127438
1409.767113,8.127438
1409.894142,8.127438
1410.021171,8.127438
1410.1482,8.127438
1410.9103730000002,2.60078
1411.037402,2.60078
1411.1644310000001,2.60078
1411.29146,2.60078
1411.4184890000001,2.60078
1411.5455180000001,2.60078
1411.6725470000001,2.60078
1411.7995760000001,1.950585
1411.926605,1.950585
1412.053634,1.950585
1412.180663,1.950585
1412.307692,1.885566
1412.434721,1.885566
1412.56175,1.885566
1415.2293570000002,0.455137
1415.356386,0.455137
1415.4834150000002,0.455137
1415.610444,0.455137
1415.7374730000001,0.455137
1415.8645020000001,0.455137
1415.9915310000001,0.455137
1416.1185600000001,0.455137
1421.707833,46.553966
1421.8348620000002,46.553966
1421.961891,46.553966
1422.0889200000001,46.553966
1422.215949,46.553966
1422.3429780000001,46.553966
1422.4700070000001,46.553966
1422.597035,46.553966
1422.724064,46.553966
1422.851093,46.553966
1422.978122,46.553966
1423.105151,46.553966
1423.23218,46.553966
1423.359209,36.86606
1423.486238,36.86606
1423.6132670000002,36.86606
1423.740296,36.931079
1423.8673250000002,36.931079
1423.994354,36.931079
1424.1213830000002,36.931079
1424.248412,36.931079
1424.3754410000001,36.931079
1424.502469,36.931079
1424.629498,28.673602
1424.756527,28.673602
1424.883556,24.642393
1566.774876,87.256177
1566.9019050000002,87.256177
1567.028934,87.256177
1567.1559630000002,87.256177
1567.282992,87.256177
1567.4100210000001,87.256177
1567.53705,87.256177
1642.484121,0.325098
1642.6111500000002,0.325098
1642.738179,0.325098
1642.8652080000002,0.325098
1642.992237,0.325098
1643.1192660000002,0.325098
1643.246294,0.325098
1643.373323,0.325098
1643.500352,0.325098
1643.627381,1.495449
1643.75441,1.495449
1643.881439,1.560468
1644.008468,1.560468
1644.1354970000002,1.560468
1644.262526,1.560468
1644.3895550000002,1.560468
1644.516584,1.560468
1644.6436130000002,1.560468
1644.770642,1.560468
1644.8976710000002,1.560468
1645.0247,1.560468
1645.151728,1.560468
1645.278757,1.560468
1647.31122,1.560468
1647.438249,1.560468
1647.565278,1.560468
1647.692307,1.560468
1647.819336,1.560468
1647.946365,1.560468
1648.073394,1.560468
1648.200423,1.560468
1648.327452,1.560468
1648.4544810000002,1.560468
1648.58151,1.560468
1648.7085390000002,1.560468
1648.835568,1.560468
1648.962596,1.560468
1649.089625,1.560468
1649.216654,1.560468
1649.343683,1.560468
1649.470712,1.560468
1649.597741,1.560468
1649.72477,1.560468
1649.851799,1.560468
1649.978828,1.560468
1650.105857,1.560468
1650.232886,1.560468
1650.359915,1.560468
1650.486944,1.560468
1650.613973,1.560468
1650.868031,1.560468
1650.995059,1.560468
1651.122088,1.560468
1651.249117,1.560468
1651.376146,1.560468
1651.503175,1.560468
1651.630204,1.560468
1651.757233,1.560468
1651.884262,1.560468
1652.011291,1.560468
1652.13832,1.560468
1652.265349,1.560468
1652.392378,1.560468
1652.519407,1.560468
1652.646436,1.560468
1652.7734650000002,1.560468
1652.900493,1.560468
1653.027522,1.560468
1653.154551,1.560468
1653.28158,1.560468
1653.408609,1.560468
1653.535638,1.560468
1653.662667,1.560468
1653.789696,1.560468
1653.916725,1.560468
1654.043754,1.560468
1654.170783,1.560468
1654.297812,1.560468
1654.424841,1.560468
1654.55187,1.560468
1654.678899,1.560468
1654.8059269999999,1.560468
1654.932956,1.560468
1655.187014,1.560468
1655.314043,1.560468
1655.441072,1.560468
1655.568101,1.560468
1655.69513,1.560468
1655.822159,1.560468
1655.949188,1.560468
1656.076217,1.560468
1656.203246,1.560468
1656.330275,1.560468
1656.965419,1.560468
1657.092448,1.560468
1657.219477,1.560468
1657.346506,1.560468
1657.473535,1.560468
1657.600564,1.560468
1657.727593,1.560468
1657.854622,1.560468
1657.981651,1.625488
1658.10868,1.625488
1658.235709,1.625488
1658.362738,1.625488
1658.489767,1.625488
1658.616796,1.625488
1658.7438240000001,1.625488
1658.9978820000001,1.690507
1659.1249109999999,1.690507
1659.25194,1.690507
1659.378969,1.690507
1659.505998,1.690507
1659.633027,1.690507
1659.760056,1.690507
1659.887085,1.690507
1660.014114,1.690507
1660.141143,1.690507
1660.268172,1.625488
1660.395201,1.560468
1660.52223,1.560468
1660.649258,1.560468
1660.7762870000001,1.560468
1660.903316,1.560468
1661.0303450000001,1.560468
1661.157374,1.560468
1661.284403,1.560468
1661.411432,1.560468
1666.492589,32.444733
1666.6196180000002,32.444733
1666.746647,32.444733
1666.8736760000002,32.444733
1667.000705,32.444733
1667.1277340000001,32.444733
1667.254763,32.444733
1667.508821,17.035111
1667.6358500000001,17.035111
1667.7628789999999,17.035111
1667.889908,17.035111
1668.016937,17.035111
1668.143966,17.035111
1668.270995,17.035111
1668.3980230000002,17.035111
1668.525052,16.905072
1668.6520810000002,16.905072
1668.9061390000002,7.022107
1669.033168,7.022107
1669.1601970000002,7.022107
1669.287226,7.022107
1669.4142550000001,7.022107
1669.541284,7.022107
1669.6683130000001,7.022107
1674.876499,16.514954
1675.0035280000002,16.514954
1675.130557,16.514954
1675.2575860000002,16.514954
1675.384615,16.514954
1675.5116440000002,16.514954
1675.638673,33.745124
1675.7657020000001,33.745124
1675.892731,34.785436
1676.0197600000001,34.785436
1676.146788,34.785436
1676.273817,34.785436
1676.400846,34.785436
1676.527875,34.785436
1676.654904,34.785436
1677.925194,86.671001
1678.052222,86.671001
1678.179251,86.671001
1678.30628,86.671001
1678.433309,86.671001
1678.560338,86.671001
1678.687367,86.671001
1683.514467,36.86606
1683.6414960000002,38.361508
1683.768525,38.361508
1683.895553,38.361508
1684.022582,38.361508
1684.149611,38.361508
1684.27664,38.361508
1684.403669,38.361508
1684.530698,38.296489
1684.657727,24.187256
1684.784756,24.187256
1684.911785,24.187256
1685.038814,22.756827
1685.165843,22.756827
1685.292872,17.425228
1685.4199010000002,17.425228
1685.54693,14.824447
1685.6739590000002,14.759428
1685.800987,14.694408
1685.928016,14.629389
1686.055045,14.304291
1686.182074,14.239272
1686.309103,8.712614
1686.436132,8.712614
1686.563161,8.712614
1686.69019,8.712614
1686.817219,8.712614
1686.944248,8.712614
1687.071277,8.712614
1687.198306,6.371912
1687.325335,6.371912
1687.4523640000002,6.371912
1687.579393,6.371912
1687.706421,6.371912
1687.83345,6.371912
1687.960479,6.111834
1688.087508,6.111834
1688.214537,5.851756
1688.341566,5.851756
1688.468595,5.591678
1688.595624,5.591678
1689.10374,4.031209
1689.230769,4.031209
1689.357798,4.031209
1689.484827,4.031209
1689.611855,4.031209
1689.738884,4.031209
1689.865913,4.031209
1689.992942,4.031209
1690.119971,4.031209
1690.247,4.031209
1690.374029,4.031209
1690.501058,4.031209
1690.628087,4.031209
1690.755116,4.031209
1690.882145,4.031209
1691.009174,4.031209
1691.136203,4.031209
1691.263232,4.031209
1691.390261,4.031209
1691.51729,4.031209
1691.644318,4.031209
1691.771347,4.031209
1691.898376,4.031209
1692.025405,4.031209
1692.152434,4.031209
1692.279463,4.031209
1692.406492,4.031209
1692.533521,4.031209
1692.66055,4.031209
1692.787579,4.031209
1692.914608,4.031209
1693.041637,4.031209
1693.168666,4.031209
1693.295695,4.031209
1693.422724,4.031209
1693.549752,3.96619
1693.6767810000001,3.96619
1693.8038099999999,3.96619
1693.930839,3.96619
1694.057868,3.96619
1694.184897,3.96619
1694.311926,3.96619
1694.438955,3.96619
1694.565984,3.96619
1694.693013,3.96619
1694.820042,3.96619
1694.947071,3.96619
1695.0741,3.836151
1695.201129,3.836151
1695.328158,3.836151
1695.4551860000001,3.836151
1695.582215,3.96619
1695.7092440000001,3.96619
1695.836273,3.96619
1695.963302,3.96619
1696.090331,3.96619
1696.21736,3.96619
1696.344389,3.96619
1696.471418,3.96619
1696.598447,3.96619
1696.725476,3.96619
1696.852505,3.96619
1696.979534,3.96619
1697.106563,3.96619
1697.233592,3.96619
1697.36062,3.96619
1697.4876490000001,3.96619
1697.614678,3.96619
1697.7417070000001,3.96619
1697.868736,3.96619
1697.9957650000001,3.96619
1698.1227939999999,3.836151
1698.249823,3.836151
1698.376852,3.836151
1698.503881,3.836151
1698.63091,3.836151
1698.757939,3.836151
1698.884968,3.836151
1699.011997,3.836151
1699.139026,3.836151
1699.266055,3.836151
1699.393083,3.836151
1699.5201120000002,3.836151
1701.171489,3.96619
1701.2985170000002,3.96619
1701.425546,3.96619
1701.5525750000002,3.96619
1701.679604,3.96619
1701.8066330000001,3.96619
1701.933662,3.96619
1702.0606910000001,3.96619
1702.18772,3.96619
1702.3147490000001,3.96619
1702.4417779999999,3.96619
1702.568807,3.96619
1702.695836,3.96619
1702.822865,3.96619
1702.949894,3.96619
1703.076923,3.96619
1703.203951,3.96619
1703.3309800000002,3.96619
1703.458009,3.96619
1703.5850380000002,3.96619
1703.712067,3.96619
1703.8390960000002,3.96619
1703.966125,3.96619
1704.0931540000001,3.96619
1704.220183,3.96619
1704.3472120000001,3.96619
1704.474241,3.96619
1704.60127,3.96619
1704.7282989999999,3.96619
1704.855328,3.96619
1704.982357,3.96619
1705.1093850000002,3.96619
1705.236414,3.96619
1705.3634430000002,3.96619
1705.490472,3.96619
1705.6175010000002,3.96619
1705.74453,3.96619
1705.8715590000002,3.96619
1705.998588,3.96619
1706.1256170000001,3.96619
1706.252646,3.96619
1706.3796750000001,3.96619
1706.506704,3.96619
1706.6337330000001,3.96619
1706.7607619999999,3.96619
1706.887791,3.96619
1707.01482,3.96619
1707.1418480000002,3.96619
1707.268877,3.96619
1707.3959060000002,3.96619
1707.522935,3.96619
1707.6499640000002,3.96619
1707.776993,3.96619
1707.9040220000002,3.96619
1708.031051,3.96619
1708.1580800000002,3.96619
1708.285109,3.96619
1708.4121380000001,3.96619
1708.539167,3.96619
1708.6661960000001,3.96619
1708.793225,3.96619
1708.920254,3.96619
1709.047282,3.96619
1709.1743110000002,3.96619
1709.30134,3.96619
1709.4283690000002,3.96619
1709.555398,3.96619
1709.6824270000002,3.96619
1709.809456,3.96619
1709.9364850000002,3.96619
1710.063514,3.96619
1710.1905430000002,3.96619
1710.317572,3.96619
1710.4446010000001,3.96619
1712.350035,3.96619
1712.4770640000002,3.96619
1712.604093,3.96619
1712.7311220000001,3.96619
1712.85815,3.96619
1712.985179,3.96619
1713.112208,3.96619
1713.239237,3.96619
1713.366266,3.96619
1713.4932950000002,3.96619
1713.620324,3.96619
1713.7473530000002,3.96619
1713.874382,3.96619
1714.0014110000002,3.96619
1714.12844,3.96619
1714.2554690000002,3.96619
1714.382498,3.96619
1714.5095270000002,3.96619
1714.636556,3.96619
1714.763584,3.96619
1714.890613,3.96619
1715.017642,3.96619
1715.144671,3.96619
1715.2717,3.96619
1715.398729,3.96619
1715.525758,3.96619
1715.652787,3.96619
1715.7798160000002,3.96619
1715.906845,3.96619
1716.0338740000002,3.96619
1716.160903,3.96619
1716.2879320000002,3.96619
1716.414961,3.96619
1716.5419900000002,3.96619
1716.669019,3.96619
1716.796047,3.96619
1716.923076,3.96619
1717.050105,3.96619
1717.177134,3.96619
1717.304163,3.96619
1717.431192,3.96619
1717.558221,3.96619
1717.68525,3.96619
1717.8122790000002,3.96619
1717.939308,3.96619
1718.0663370000002,3.96619
1718.193366,3.96619
1718.3203950000002,3.96619
1718.447424,3.96619
1718.5744530000002,3.96619
1718.701481,3.96619
1718.82851,3.96619
1718.955539,3.96619
1719.082568,3.96619
1719.209597,3.96619
1719.336626,3.96619
1719.463655,3.96619
1719.590684,3.96619
1719.717713,3.96619
1719.844742,3.96619
1719.971771,3.96619
1720.0988000000002,3.96619
1720.225829,3.96619
1720.3528580000002,3.96619
1720.479887,3.96619
1720.606915,3.96619
1720.733944,3.96619
1720.860973,3.96619
1720.988002,3.96619
1721.115031,3.96619
1721.24206,3.96619
1721.369089,3.96619
1721.496118,3.96619
1721.623147,3.96619
1721.750176,3.96619
1721.877205,3.96619
1722.004234,3.96619
1722.1312630000002,3.96619
1722.258292,3.96619
1722.3853210000002,3.96619
1722.512349,3.96619
1722.639378,3.96619
1722.766407,3.96619
1722.893436,3.96619
1723.020465,3.96619
1723.147494,3.96619
1723.274523,3.96619
1723.401552,3.96619
1723.528581,3.96619
1723.65561,3.96619
1723.782639,3.96619
1723.909668,3.96619
1724.036697,3.96619
1724.163726,3.96619
1724.290755,3.96619
1724.4177840000002,3.96619
1724.544812,3.96619
1724.671841,3.96619
1724.79887,3.96619
1724.925899,3.96619
1725.052928,3.96619
1725.179957,3.96619
1725.306986,3.836151
1725.434015,3.836151
1725.561044,3.96619
1725.688073,3.96619
1725.815102,3.96619
1725.942131,3.96619
1726.06916,3.96619
1726.196189,3.96619
1726.323218,3.96619
1726.4502459999999,3.96619
1726.577275,3.96619
1726.704304,3.96619
1726.831333,3.96619
1726.958362,3.96619
1727.466478,3.96619
1727.593507,3.96619
1727.720536,3.96619
1727.847565,3.96619
1727.974594,3.96619
1728.101623,3.96619
1728.228652,3.96619
1728.3556800000001,3.96619
1728.4827089999999,3.96619
1729.371912,4.616385
1729.498941,4.616385
1729.62597,4.746424
1729.752999,4.746424
1729.880028,4.746424
1730.007057,4.746424
1730.134086,4.746424
1730.261114,4.746424
1730.3881430000001,4.746424
1730.515172,4.746424
1730.6422010000001,4.746424
1730.7692299999999,4.746424
1730.896259,4.746424
1731.023288,4.746424
1731.150317,4.746424
1731.277346,4.746424
1731.404375,4.746424
1731.531404,4.746424
1731.658433,4.746424
1731.785462,4.746424
1731.912491,4.746424
1732.03952,4.681404
1732.166549,4.616385
1732.293577,4.616385
1732.4206060000001,4.616385
1732.547635,4.616385
1732.6746640000001,4.746424
1732.801693,4.746424
1732.928722,4.746424
1733.055751,4.746424
1733.18278,4.746424
1733.309809,4.746424
1733.436838,4.746424
1733.563867,4.746424
1733.690896,4.746424
1733.817925,4.681404
1734.1990110000002,4.746424
1734.32604,4.746424
1734.4530690000001,4.746424
1734.580098,4.746424
1734.7071270000001,4.746424
1734.834156,4.746424
1734.9611850000001,4.746424
1735.0882139999999,4.746424
1735.215243,4.746424
1735.342272,4.746424
1735.469301,4.746424
1735.59633,4.746424
1735.723359,4.746424
1735.850388,4.746424
1735.977417,4.746424
1736.104445,4.746424
1736.2314740000002,4.746424
1736.358503,4.746424
1736.4855320000001,4.746424
1736.612561,4.746424
1736.7395900000001,4.746424
1736.866619,4.746424
1736.9936480000001,4.746424
1737.120677,4.746424
1737.247706,4.746424
1737.374735,4.746424
1737.501764,4.746424
1737.628793,4.746424
1737.755822,4.746424
1737.882851,4.746424
1738.0098790000002,4.746424
1738.136908,4.746424
1738.2639370000002,4.746424
1738.390966,4.746424
1738.5179950000002,4.746424
1738.645024,4.746424
1738.7720530000001,4.746424
1738.899082,4.746424
1739.0261110000001,4.746424
1739.15314,4.746424
1739.2801690000001,4.746424
1739.4071979999999,4.746424
1739.534227,4.746424
1739.661256,4.746424
1739.788285,4.746424
1739.915314,4.746424
1740.0423420000002,4.746424
1740.169371,4.746424
1740.2964000000002,4.746424
1740.423429,4.746424
1740.5504580000002,4.746424
1740.677487,4.746424
1740.8045160000001,4.746424
1740.931545,4.746424
1741.0585740000001,4.746424
1741.185603,4.746424
1741.3126320000001,4.746424
1741.439661,4.746424
1741.56669,4.746424
1741.693719,4.746424
1741.820748,4.746424
1741.947776,4.746424
1742.0748050000002,4.746424
1742.201834,4.746424
1743.218066,4.681404
1743.3450950000001,4.681404
1743.472124,4.681404
1743.5991530000001,4.681404
1743.7261819999999,4.681404
1743.8532100000002,4.681404
1743.980239,4.681404
1744.1072680000002,4.681404
1744.234297,4.681404
1744.3613260000002,4.681404
1744.488355,4.681404
1744.6153840000002,4.681404
1744.742413,4.681404
1744.8694420000002,4.681404
1744.996471,4.681404
1745.1235000000001,4.681404
1745.250529,4.616385
1745.3775580000001,4.551365
1745.504587,4.681404
1745.6316160000001,4.681404
1745.758644,4.681404
1745.885673,4.681404
1746.012702,4.681404
1746.1397310000002,4.681404
1746.26676,4.681404
1746.3937890000002,4.681404
1746.520818,4.681404
1746.6478470000002,4.681404
1746.774876,4.681404
1746.9019050000002,4.681404
1747.028934,4.681404
1747.1559630000002,4.681404
1747.282992,4.681404
1747.4100210000001,4.681404
1749.061397,4.681404
1749.1884260000002,4.681404
1749.315455,4.681404
1749.4424840000001,4.681404
1749.569513,4.681404
1749.696541,4.681404
1749.82357,4.681404
1749.950599,4.681404
1751.347918,4.681404
1751.4749470000002,4.681404
1751.601975,4.681404
1751.729004,4.681404
1751.856033,4.681404
1751.983062,4.681404
1752.110091,4.681404
1752.23712,4.681404
1752.364149,4.681404
1752.4911780000002,4.681404
1752.618207,4.681404
1752.7452360000002,4.681404
1752.872265,4.681404
1752.9992940000002,4.681404
1755.920959,4.681404
1756.047988,4.681404
1756.175017,4.681404
1756.302046,4.681404
1756.429075,4.681404
1756.556104,4.681404
1756.683133,4.681404
1756.8101620000002,4.681404
1756.937191,4.681404
1757.0642200000002,4.681404
1757.191249,4.811443
1757.3182780000002,4.811443
1757.445306,4.811443
1757.572335,4.811443
1757.699364,4.811443
1757.826393,4.811443
1757.953422,4.811443
1758.080451,4.811443
1758.20748,4.811443
1758.334509,4.811443
1758.969654,5.851756
1759.0966830000002,5.851756
1759.223712,5.851756
1759.35074,5.851756
1759.477769,5.851756
1759.604798,5.851756
1759.731827,5.851756
1759.858856,5.851756
1759.985885,5.851756
1760.112914,5.851756
1779.2942830000002,5.851756
1779.421312,5.851756
1779.5483410000002,5.851756
1779.67537,5.851756
1779.8023990000002,5.851756
1779.929428,5.851756
1780.0564570000001,5.851756
1780.183486,5.851756
1789.9647140000002,6.501951
1790.091743,6.501951
1790.2187720000002,6.63199
1790.3458,6.63199
1790.472829,6.63199
1790.599858,6.63199
1790.726887,6.63199
1790.853916,6.63199
1790.980945,6.63199
1791.107974,6.63199
1791.235003,6.63199
1791.362032,6.63199
1791.489061,6.63199
1791.61609,6.63199
1791.7431190000002,6.63199
1791.870148,6.63199
1791.9971770000002,6.56697
1792.124206,6.56697
1792.251234,6.56697
1792.378263,6.56697
1792.505292,6.56697
1792.632321,6.56697
1792.75935,6.56697
1792.886379,6.56697
1793.013408,6.56697
1793.140437,6.56697
1793.267466,6.56697
1793.394495,6.56697
1793.521524,6.436931
1793.648553,6.436931
1806.3514460000001,6.56697
1806.478475,6.56697
1806.605504,6.56697
1806.732533,6.56697
1806.859562,6.56697
1806.986591,6.56697
1807.11362,6.56697
1807.240649,6.56697
1807.367678,6.56697
1807.494707,6.56697
1807.621736,6.56697
1807.748764,6.56697
1807.8757930000002,6.56697
1808.002822,6.56697
1808.1298510000001,6.56697
1808.3839090000001,6.56697
1808.510938,6.56697
1808.6379670000001,6.56697
1808.7649959999999,6.56697
1808.892025,6.56697
1809.019054,6.56697
1809.146083,6.56697
1809.273112,6.56697
1809.400141,6.56697
1809.52717,6.56697
1809.6541980000002,6.56697
1809.781227,6.56697
1809.9082560000002,6.56697
1810.035285,6.56697
1810.1623140000002,6.56697
1810.289343,6.56697
1810.4163720000001,6.56697
1810.543401,6.56697
1817.7840500000002,7.737321
1817.911079,7.737321
1818.0381080000002,7.737321
1818.165137,7.737321
1818.2921660000002,7.737321
1818.419195,7.737321
1818.5462240000002,7.737321
1818.673253,7.737321
1818.8002820000002,7.737321
1818.927311,7.737321
1819.0543400000001,7.737321
1819.181369,7.737321
1819.308397,7.737321
1819.435426,7.737321
1819.562455,7.737321
1819.689484,7.737321
1819.8165130000002,7.737321
1819.943542,7.737321
1820.0705710000002,7.737321
1820.1976,7.737321
1820.3246290000002,7.737321
1820.451658,7.737321
1820.5786870000002,7.737321
1820.705716,7.737321
1820.8327450000002,7.737321
1820.959774,7.737321
1821.34086,7.737321
1821.467889,7.737321
1821.594918,7.737321
1821.721947,7.737321
1821.848976,7.737321
1821.976005,7.737321
1822.1030340000002,7.737321
1822.230063,7.737321
1822.3570920000002,7.737321
1822.484121,7.737321
1824.1354970000002,7.737321
1824.262526,7.737321
1824.3895550000002,7.737321
1824.516584,7.737321
1824.6436130000002,7.737321
1824.770642,7.737321
1824.8976710000002,7.737321
1825.0247,7.737321
1825.151728,7.737321
1825.278757,7.737321
1825.405786,7.607282
1825.532815,7.607282
1835.568101,7.607282
1835.69513,7.607282
1835.822159,7.607282
1835.949188,7.607282
1836.076217,7.607282
1836.203246,7.607282
1836.330275,7.737321
1836.457304,7.737321
1836.584333,7.737321
1836.7113610000001,7.737321
1836.83839,7.737321
1836.965419,7.737321
1837.092448,7.737321
1837.219477,7.737321
1837.346506,7.737321
1837.473535,7.737321
1837.600564,7.737321
1837.727593,7.737321
1837.854622,7.607282
1837.981651,7.607282
1838.10868,7.607282
1838.235709,7.607282
1838.362738,7.607282
1838.489767,7.607282
1838.616796,7.607282
1838.7438240000001,7.607282
1838.870853,7.737321
1838.9978820000001,7.737321
1839.1249109999999,7.737321
1839.25194,7.737321
1839.378969,7.737321
1839.505998,7.737321
1839.633027,7.737321
1839.760056,7.672302
1839.887085,7.607282
1840.014114,7.607282
1840.141143,7.607282
1840.395201,7.542263
1840.52223,7.542263
1840.649258,7.542263
1840.7762870000001,7.542263
1840.903316,7.542263
1841.0303450000001,7.542263
1841.157374,7.542263
1841.284403,7.542263
1841.411432,7.542263
1841.538461,7.542263
1842.046577,7.607282
1842.173606,7.672302
1842.300635,7.672302
1842.427664,7.672302
1842.5546920000002,7.672302
1842.681721,7.672302
1842.8087500000001,7.672302
1842.935779,7.672302
1843.0628080000001,7.672302
1843.189837,7.672302
1843.3168660000001,7.672302
1843.570924,7.607282
1843.697953,7.607282
1843.824982,7.607282
1843.952011,7.607282
1844.07904,7.607282
1844.206069,7.607282
1844.333098,7.607282
1844.714184,8.712614
1844.8412130000002,8.712614
1844.968242,8.712614
1845.0952710000001,8.712614
1845.2223,8.712614
1845.3493290000001,8.712614
1845.476358,8.712614
1845.603387,8.712614
1845.730416,8.712614
1845.857445,8.712614
1845.984474,8.712614
1846.111503,8.712614
1846.238532,8.712614
1846.365561,8.712614
1846.492589,8.712614
1846.6196180000002,8.712614
1846.746647,8.712614
1846.8736760000002,8.712614
1847.000705,8.712614
1847.1277340000001,8.712614
1847.254763,8.712614
1847.3817920000001,8.712614
1848.016937,8.712614
1848.143966,8.712614
1848.270995,8.712614
1848.3980230000002,8.712614
1848.525052,8.712614
1848.6520810000002,8.712614
1848.77911,8.712614
1848.9061390000002,8.712614
1849.033168,8.712614
1849.1601970000002,8.712614
1849.287226,8.712614
1849.4142550000001,8.712614
1849.541284,8.712614
1849.6683130000001,8.712614
1849.795342,8.712614
1849.922371,8.712614
1851.319689,8.712614
1851.4467180000001,8.712614
1851.573747,8.712614
1851.7007760000001,8.712614
1851.827805,8.712614
1851.9548340000001,8.712614
1852.0818629999999,8.712614
1852.208891,8.712614
1852.33592,8.712614
1852.4629490000002,8.712614
1853.098094,8.712614
1853.2251230000002,8.712614
1853.352152,8.712614
1853.4791810000002,8.712614
1853.60621,8.712614
1853.7332390000001,8.712614
1853.860268,8.712614
1853.9872970000001,8.712614
1854.114325,8.712614
1854.241354,8.712614
1854.368383,8.712614
1854.4954120000002,8.712614
1854.622441,8.712614
1854.7494700000002,8.712614
1854.876499,8.712614
1855.0035280000002,8.712614
1855.130557,8.712614
1855.2575860000002,8.712614
1855.384615,8.712614
1855.5116440000002,8.712614
1855.638673,8.712614
1855.7657020000001,8.712614
1855.892731,8.712614
1856.0197600000001,8.712614
1856.146788,8.712614
1856.273817,8.712614
1856.400846,8.712614
1856.527875,8.712614
1856.654904,8.712614
1856.7819330000002,8.712614
1856.908962,8.712614
1857.0359910000002,8.712614
1857.16302,8.712614
1857.2900490000002,8.712614
1857.417078,8.712614
1857.5441070000002,8.712614
1857.671136,8.712614
1857.7981650000002,8.712614
1857.925194,8.712614
1858.052222,8.712614
1859.5765700000002,8.712614
1859.703599,8.712614
1859.8306280000002,8.712614
1859.957656,8.712614
1860.084685,8.712614
1860.211714,8.712614
1860.338743,8.712614
1860.465772,8.712614
1860.592801,8.712614
1860.71983,8.712614
1860.846859,8.712614
1860.973888,8.712614
1861.1009170000002,8.712614
1861.227946,8.712614
1861.3549750000002,8.712614
1861.482004,8.712614
1861.6090330000002,8.712614
1861.736062,8.712614
1861.86309,8.712614
1862.244177,9.830729
1862.371206,9.830729
1862.498235,9.830729
1862.625264,9.830729
1862.752293,9.830729
1862.8793210000001,9.830729
1863.00635,9.830729
1863.133379,9.830729
1863.260408,9.830729
1863.387437,9.830729
1863.514466,9.830729
1863.641495,9.830729
1863.768524,9.700521
1863.895553,9.700521
1864.022582,9.570312
1864.149611,9.570312
1864.27664,9.440104
1864.403669,9.440104
1864.530698,8.658854
1864.657727,8.658854
1864.7847550000001,8.658854
1864.9117840000001,8.658854
1865.0388130000001,8.658854
1865.165842,8.658854
1865.292871,8.658854
1865.4199,8.658854
1865.546929,8.658854
1865.673958,8.658854
1865.800987,8.007812
1865.928016,8.007812
1866.055045,8.007812
1866.182074,8.007812
1866.309103,8.007812
1866.436132,8.007812
1866.563161,8.007812
1866.69019,8.007812
1866.8172180000001,8.007812
1866.9442470000001,8.007812
1867.0712760000001,7.877604
1867.1983050000001,7.877604
1867.325334,7.877604
1867.452363,7.877604
1867.579392,7.877604
1867.706421,7.877604
1867.83345,7.877604
1867.960479,7.877604
1868.087508,8.658854
1868.214537,8.723958
1868.341566,8.723958
1868.468595,8.723958
1868.595624,8.723958
1868.7226520000002,8.723958
1868.8496810000001,8.723958
1868.9767100000001,8.723958
1870.119971,7.877604
1870.247,7.877604
1870.374029,7.877604
1870.501058,7.877604
1870.6280860000002,7.877604
1870.7551150000002,8.789062
1870.8821440000002,8.789062
1871.0091730000001,8.789062
1871.1362020000001,8.789062
1871.2632310000001,8.789062
1871.3902600000001,8.789062
1871.5172890000001,8.789062
1871.644318,8.789062
1871.771347,8.789062
1871.898376,8.789062
1872.025405,8.789062
1872.152434,8.789062
1872.279463,8.789062
1872.406492,8.789062
1872.53352,8.789062
1872.660549,8.789062
1872.7875780000002,8.789062
1872.9146070000002,8.789062
1873.0416360000002,8.789062
1873.1686650000001,8.789062
1873.2956940000001,8.723958
1873.4227230000001,8.658854
1873.5497520000001,8.658854
1873.6767810000001,8.658854
1873.80381,8.658854
1873.930839,8.658854
1874.057868,8.658854
1874.184897,8.658854
1874.311926,8.59375
1874.438955,8.528646
1874.565983,8.072917
1874.693012,8.072917
1874.820041,8.072917
1874.9470700000002,8.007812
1875.0740990000002,8.007812
1875.2011280000002,8.007812
1875.5822150000001,6.705729
1875.7092440000001,6.705729
1875.8362730000001,6.835938
1875.963302,6.835938
1876.090331,6.835938
1876.21736,6.835938
1876.344389,6.835938
1876.471417,6.835938
1876.598446,6.835938
1876.725475,6.835938
1876.852504,6.835938
1876.979533,6.835938
1877.1065620000002,6.835938
1877.2335910000002,6.835938
1877.3606200000002,6.835938
1877.4876490000001,6.835938
1877.6146780000001,6.575521
1877.7417070000001,6.575521
1877.8687360000001,4.882812
1877.9957650000001,4.882812
1878.122794,4.882812
1878.249823,4.882812
1878.376851,4.882812
1878.50388,4.882812
1878.630909,4.882812
1878.757938,4.882812
1878.884967,4.882812
1879.011996,4.882812
1879.139025,4.882812
1879.2660540000002,4.882812
1879.3930830000002,4.882812
1879.5201120000002,4.882812
1879.6471410000001,4.882812
1879.7741700000001,4.882812
1879.9011990000001,4.882812
1880.0282280000001,4.882812
1880.1552570000001,4.231771
1880.282285,4.231771
1880.409314,4.231771
1880.536343,4.231771
1880.663372,3.580729
1880.790401,3.580729
1880.91743,3.580729
1881.044459,3.580729
1881.171488,3.580729
1881.298517,3.580729
1881.9336620000001,2.539062
1882.0606910000001,2.539062
1882.187719,2.539062
1882.314748,2.539062
1882.441777,2.539062
1882.568806,2.539062
1882.695835,3.190104
1882.822864,3.190104
1882.949893,3.190104
1883.076922,3.190104
1883.203951,3.190104
1883.33098,3.190104
1883.458009,3.190104
1883.5850380000002,3.190104
1883.9661250000001,3.190104
1884.0931540000001,3.190104
1884.220182,3.190104
1884.347211,3.190104
1884.47424,3.190104
1884.601269,3.190104
1884.728298,3.190104
1884.855327,3.190104
1886.760761,4.492188
1886.88779,4.492188
1887.014819,4.492188
1887.141848,4.492188
1887.268877,4.492188
1887.395906,4.492188
1887.522935,4.492188
1887.649964,4.492188
1887.776993,4.492188
1887.9040220000002,4.492188
1888.03105,4.492188
1888.158079,4.492188
1888.285108,4.882812
1888.412137,4.882812
1888.539166,5.143229
1888.666195,5.143229
1888.793224,5.143229
1888.920253,5.143229
1889.047282,5.143229
1889.174311,5.143229
1889.30134,5.143229
1889.428369,5.143229
1889.555398,5.013021
1889.682427,5.013021
1889.809456,3.450521
1889.936484,3.450521
1890.063513,3.450521
1890.190542,3.450521
1890.317571,3.450521
1890.4446,3.450521
1890.571629,0.716146
1890.698658,0.716146
1890.825687,0.716146
1890.952716,0.716146
1891.079745,0.716146
1891.206774,0.716146
1891.333803,2.018229
1891.460832,2.018229
1891.587861,2.018229
1891.71489,2.018229
1891.841919,2.018229
1891.968947,2.018229
1892.095976,2.018229
1892.223005,2.018229
1892.350034,1.106771
1892.477063,1.106771
1892.604092,1.106771
1892.731121,1.106771
1892.85815,1.106771
1892.985179,1.106771
1893.112208,1.106771
1893.239237,1.106771
1896.160902,8.658854
1896.287931,8.658854
1896.41496,8.789062
1896.541989,8.789062
1896.669018,8.789062
1896.796047,8.789062
1896.923076,8.789062
1897.050105,8.789062
1897.177134,8.789062
1897.304163,8.789062
1897.431192,8.789062
1897.558221,8.789062
1897.685249,8.789062
1897.812278,8.789062
1897.939307,8.789062
1898.066336,8.789062
1898.193365,8.789062
1898.320394,8.789062
1898.447423,8.789062
1898.574452,8.789062
1898.701481,8.789062
1898.82851,9.570312
1898.955539,9.570312
1899.082568,9.570312
1899.209597,9.570312
1899.336626,9.570312
1899.463655,9.570312
1899.590684,9.570312
1899.7177120000001,9.570312
1899.844741,9.570312
1899.97177,9.570312
1900.098799,9.570312
1900.225828,5.273438
1900.352857,5.208333
1900.479886,4.882812
1900.606915,4.817708
1900.733944,3.710938
1900.860973,3.710938
1900.988002,3.710938
1901.115031,3.710938
1901.24206,3.710938
1901.369089,3.710938
1901.8772040000001,9.505208
1902.004233,9.570312
1902.131262,9.570312
1902.258291,9.570312
1902.38532,9.570312
1902.512349,9.570312
1902.639378,9.570312
1902.766407,9.570312
1903.9096670000001,16.40625
1904.0366960000001,16.40625
1904.163725,16.536458
1904.290754,16.536458
1904.417783,16.601562
1904.544812,16.601562
1904.671841,16.601562
1904.79887,16.601562
1904.925899,16.601562
1905.052928,16.601562
1905.179957,16.601562
1905.306986,16.536458
1905.4340140000002,15.690104
1905.5610430000002,15.625
1905.6880720000001,14.778646
1905.8151010000001,14.778646
1905.9421300000001,14.778646
1906.0691590000001,14.778646
1906.1961880000001,14.778646
1906.323217,14.713542
1906.577275,14.0625
1906.704304,14.0625
1906.831333,14.0625
1907.21242,12.825521
1907.339449,12.825521
1907.466477,12.825521
1907.5935060000002,12.825521
1907.7205350000002,12.825521
1907.8475640000001,12.825521
1907.9745930000001,12.825521
1908.1016220000001,12.760417
1914.0719820000002,11.588542
1914.1990110000002,11.588542
1914.3260400000001,11.588542
1914.4530690000001,11.588542
1914.5800980000001,11.588542
1914.7071270000001,11.588542
1914.8341560000001,11.588542
1914.9611850000001,11.588542
1915.850387,16.796875
1915.977416,16.796875
1916.104445,16.796875
1916.2314740000002,16.796875
1916.3585030000002,16.796875
1916.4855320000001,16.796875
1916.6125610000001,16.927083
1916.7395900000001,16.927083
1916.8666190000001,16.927083
1916.9936480000001,16.927083
1917.120676,16.927083
1917.247705,16.927083
1917.374734,16.927083
1917.501763,16.927083
1918.136908,18.75
1918.2639370000002,18.75
1918.3909660000002,18.75
1918.5179950000002,18.75
1918.6450240000001,18.75
1918.7720530000001,18.75
1918.8990820000001,18.75
1919.02611,18.75
1919.153139,18.75
1919.280168,18.75
1919.407197,18.75
1919.534226,18.75
1919.661255,18.75
1919.788284,18.75
1919.915313,18.75
1920.042342,18.75
1920.169371,18.75
1920.2964,18.75
1920.423429,18.75
1920.5504580000002,18.75
1920.6774870000002,18.75
1920.8045160000001,18.75
1920.931544,18.75
1921.058573,18.75
1921.185602,18.75
1921.312631,18.75
1921.43966,18.75
1921.566689,18.75
1921.693718,18.75
1921.820747,18.75
1921.947776,18.75
1922.074805,18.75
1922.201834,18.75
1922.328863,18.75
1922.455892,19.53125
1922.5829210000002,19.53125
1922.7099500000002,19.53125
1922.836978,19.53125
1922.964007,19.53125
1923.091036,19.53125
1923.218065,19.921875
1923.345094,19.921875
1923.472123,19.921875
1923.599152,19.921875
1923.726181,19.921875
1923.85321,19.921875
1923.980239,19.921875
1924.107268,19.921875
1924.234297,19.921875
1924.361326,19.921875
1924.488355,19.921875
1924.615384,19.921875
1924.742413,19.921875
1924.869441,19.921875
1924.99647,19.921875
1925.123499,19.921875
1925.250528,19.921875
1925.377557,19.921875
1925.504586,19.921875
1925.631615,19.921875
1925.758644,19.921875
1925.885673,19.921875
1926.012702,19.661458
1926.139731,19.661458
1926.26676,19.401042
1926.393789,19.401042
1926.520818,19.401042
1926.647847,19.401042
1928.045165,14.0625
1928.172194,14.0625
1928.299223,14.0625
1928.426252,14.0625
1928.553281,14.0625
1928.680309,14.0625
1928.807338,14.0625
1928.934367,14.0625
1929.061396,11.848958
1929.188425,11.848958
1929.315454,11.848958
1929.442483,11.848958
1929.569512,11.848958
1929.696541,11.848958
1930.839801,19.270833
1930.96683,19.270833
1931.093859,19.53125
1931.220888,19.596354
1931.347917,19.596354
1931.474946,19.856771
1931.601975,19.921875
1931.729004,20.117188
1931.856033,20.182292
1931.983062,20.507812
1932.110091,20.572917
1932.23712,20.638021
1932.364149,20.703125
1932.491178,21.028646
1932.618206,21.028646
1932.745235,21.028646
1932.872264,21.028646
1932.999293,21.028646
1933.126322,21.028646
1933.253351,21.028646
1933.38038,19.53125
1933.507409,19.466146
1933.634438,19.401042
1933.761467,19.335938
1933.888496,18.359375
1934.015525,18.359375
1934.142554,18.359375
1934.269583,15.885417
1934.396612,15.885417
1934.5236400000001,13.541667
1934.650669,13.541667
1934.777698,13.28125
1934.904727,13.28125
1935.031756,10.807292
1935.158785,10.807292
1935.285814,7.942708
1935.412843,7.942708
1935.539872,7.942708
1935.666901,7.942708
1935.79393,2.083333
1935.920959,2.083333
1936.047988,2.083333
1936.175017,2.083333
1936.302046,2.083333
1936.4290740000001,2.083333
1936.5561030000001,0.520833
1936.6831320000001,0.520833
1936.810161,0.520833
1936.93719,0.520833
1937.318277,4.427083
1937.445306,4.427083
1937.572335,4.427083
1937.699364,4.427083
1937.826393,4.427083
1937.953422,4.427083
1938.080451,4.427083
1938.20748,4.427083
1938.5885660000001,9.505208
1938.7155950000001,9.505208
1938.8426240000001,9.505208
1938.969653,9.505208
1939.096682,9.765625
1939.223711,9.765625
1939.35074,9.765625
1939.477769,9.765625
1939.604798,9.765625
1939.731827,9.765625
1939.858856,11.71875
1939.985885,11.71875
1940.112914,11.848958
1940.239943,11.848958
1940.3669710000001,11.848958
1940.4940000000001,11.848958
1940.6210290000001,11.848958
1940.7480580000001,11.848958
1940.8750870000001,11.848958
1941.0021160000001,11.848958
1941.129145,11.71875
1941.256174,11.71875
1941.383203,9.765625
1941.510232,9.765625
1941.637261,9.765625
1941.76429,9.765625
1941.891319,9.765625
1942.018348,9.765625
1942.145377,9.765625
1942.2724050000002,9.765625
1942.3994340000002,9.765625
1942.5264630000001,9.765625
1942.6534920000001,9.765625
1942.7805210000001,9.765625
1943.1616080000001,13.932292
1943.288637,13.932292
1943.415666,18.098958
1943.669724,19.921875
1943.796753,19.921875
1943.923782,20.182292
1944.050811,20.182292
1944.177839,20.3125
1944.3048680000002,20.3125
1944.4318970000002,20.3125
1944.5589260000002,20.3125
1944.6859550000001,20.442708
1944.8129840000001,20.442708
1944.9400130000001,20.442708
1945.0670420000001,20.442708
1945.1940710000001,20.442708
1945.3211000000001,20.442708
1945.448129,20.442708
1945.575158,20.442708
1947.4805920000001,23.828125
1947.607621,23.828125
1947.73465,23.828125
1947.861679,23.828125
1947.988708,23.828125
1948.115736,23.828125
1948.242765,23.828125
1948.369794,23.828125
1948.496823,23.307292
1948.6238520000002,23.307292
1948.7508810000002,23.307292
1948.8779100000002,23.307292
1949.0049390000001,23.307292
1949.1319680000001,23.307292
1951.0374020000002,29.361979
1951.1644310000001,29.361979
1951.2914600000001,29.361979
1951.4184890000001,29.361979
1951.5455180000001,29.361979
1951.6725470000001,29.361979
1951.7995760000001,29.361979
1951.926604,29.361979
1952.053633,27.148438
1952.180662,27.148438
1952.307691,27.148438
1952.43472,27.148438
1952.561749,27.148438
1952.688778,27.148438
1952.815807,27.148438
1952.9428360000002,27.148438
1953.069865,27.148438
1953.1968940000002,27.148438
1953.3239230000001,27.148438
1953.4509520000001,27.148438
1953.5779810000001,27.018229
1953.7050100000001,27.018229
1953.832038,26.888021
1953.959067,26.888021
1954.086096,24.544271
1954.213125,24.544271
1954.340154,22.851562
1954.467183,22.851562
1954.594212,22.851562
1954.721241,22.851562
1954.84827,22.200521
1954.975299,22.200521
1955.102328,22.200521
1955.2293570000002,22.200521
1955.3563860000002,22.200521
1955.4834150000002,22.200521
1955.6104440000001,22.200521
1955.737472,22.200521
1957.388849,27.539062
1957.5158780000002,27.539062
1957.6429070000002,27.539062
1957.769935,27.539062
1957.896964,27.539062
1958.023993,27.539062
1958.151022,27.539062
1958.278051,27.539062
1958.40508,27.278646
1958.532109,27.278646
1958.659138,27.278646
1958.786167,27.278646
1958.913196,27.018229
1959.040225,27.018229
1959.167254,24.023438
1959.294283,24.023438
1959.421312,21.940104
1959.5483410000002,21.940104
1959.675369,21.940104
1959.802398,21.940104
1959.929427,21.940104
1960.056456,21.940104
1960.183485,21.940104
1960.310514,21.940104
1960.437543,21.940104
1960.564572,21.940104
1960.691601,21.679688
1960.81863,21.679688
1960.945659,20.247396
1961.072688,20.247396
1961.199717,19.466146
1961.326746,19.466146
1961.453775,19.466146
1961.580803,19.466146
1961.707832,19.466146
1961.834861,19.466146
1961.96189,17.903646
1962.088919,17.903646
1962.215948,17.513021
1962.342977,17.513021
1962.470006,17.382812
1962.597035,17.382812
1962.724064,17.122396
1962.851093,17.122396
1962.978122,14.388021
1963.105151,14.388021
1963.23218,14.388021
1963.359209,14.388021
1963.486237,14.388021
1963.613266,14.388021
1963.740295,14.388021
1963.867324,14.388021
1963.994353,12.695312
1964.121382,12.695312
1964.248411,11.653646
1964.37544,11.653646
1964.502469,11.523438
1964.629498,11.523438
1964.756527,9.570312
1964.883556,9.635417
1965.010585,9.830729
1965.137614,9.895833
1965.264643,9.895833
1965.391672,9.895833
1965.5187,9.895833
1965.645729,9.895833
1965.772758,9.895833
1965.899787,9.895833
1966.534932,11.783854
1966.661961,11.783854
1966.78899,11.783854
1966.916019,12.044271
1967.043048,12.044271
1967.170077,12.044271
1967.297106,12.044271
1967.424134,13.216146
1967.551163,13.216146
1967.678192,13.476562
1967.805221,13.476562
1967.93225,14.518229
1968.059279,14.518229
1968.186308,14.648438
1968.313337,14.648438
1968.440366,15.559896
1968.567395,15.559896
1968.694424,15.690104
1968.821453,15.690104
1968.948482,15.690104
1969.075511,15.690104
1969.20254,15.690104
1969.329568,15.690104
1969.456597,15.690104
1969.583626,15.690104
1969.710655,15.690104
1969.837684,15.690104
1969.964713,15.690104
1970.091742,15.690104
1970.218771,15.690104
1970.3458,15.690104
1970.472829,15.690104
1970.599858,15.429688
1970.726887,15.104167
1970.853916,15.039062
1970.980945,14.973958
1971.107974,14.908854
1971.2350020000001,14.908854
1971.3620310000001,14.908854
1971.48906,14.908854
1971.616089,14.908854
1971.743118,14.908854
1971.870147,14.908854
1971.997176,14.908854
1972.124205,14.908854
1972.251234,14.908854
1972.378263,14.908854
1972.505292,14.908854
1972.632321,14.908854
1972.75935,14.908854
1972.886379,14.908854
1973.2674650000001,14.908854
1973.3944940000001,14.908854
1973.5215230000001,14.908854
1973.648552,14.908854
1973.775581,14.908854
1973.90261,14.908854
1974.029639,64.192708
1974.156668,64.192708
1974.283697,64.192708
1974.410726,64.192708
1974.537755,64.192708
1974.664784,64.192708
1974.791813,64.192708
1974.918842,14.908854
1975.045871,13.085938
1975.1728990000001,13.085938
1975.2999280000001,13.085938
1975.4269570000001,13.085938
1975.5539860000001,13.085938
1975.6810150000001,13.085938
1975.808044,12.955729
1975.935073,12.955729
1976.062102,13.085938
1976.189131,13.085938
1976.31616,13.085938
1976.443189,13.085938
1976.570218,13.085938
1976.697247,13.085938
1976.824276,13.085938
1976.951305,13.085938
1977.0783330000002,12.695312
1977.2053620000002,12.695312
1977.3323910000001,12.174479
1977.4594200000001,12.174479
1977.5864490000001,12.174479
1977.7134780000001,12.174479
1977.8405070000001,12.044271
1977.967536,12.044271
1978.094565,11.914062
1978.221594,11.914062
1978.348623,11.914062
1978.475652,11.914062
1978.602681,11.783854
1978.72971,11.783854
1978.856739,11.783854
1978.9837670000002,11.783854
1979.110796,11.783854
1979.2378250000002,11.783854
1979.3648540000002,11.783854
1979.4918830000001,11.783854
1979.6189120000001,11.783854
1979.7459410000001,11.783854
1979.8729700000001,11.783854
1979.9999990000001,11.783854
1980.127028,11.783854
1980.254057,11.783854
1980.381086,11.783854
1980.508115,11.783854
1980.635144,11.783854
1980.762173,11.783854
1980.889202,11.783854
1981.01623,11.783854
1981.143259,11.783854
1981.2702880000002,11.783854
1981.3973170000002,11.653646
1981.5243460000002,11.653646
1981.6513750000001,11.263021
1981.7784040000001,11.263021
1981.9054330000001,8.919271
1982.0324620000001,8.919271
1982.1594910000001,8.919271
1982.28652,8.919271
1982.413549,8.919271
1982.540578,8.919271
1982.667607,6.705729
1982.794636,6.705729
1982.921664,6.705729
1983.048693,6.705729
1983.175722,6.705729
1983.3027510000002,6.705729
1983.42978,9.440104
1983.5568090000002,9.440104
1983.6838380000002,9.440104
1983.8108670000001,9.440104
1983.9378960000001,9.440104
1984.0649250000001,9.440104
1984.1919540000001,9.440104
1984.3189830000001,9.440104
1984.70007,11.783854
1984.827098,11.783854
1984.954127,11.783854
1985.081156,11.783854
1985.208185,11.783854
1985.335214,11.783854
1985.462243,11.783854
1985.5892720000002,11.783854
1985.7163010000002,11.783854
1985.8433300000002,11.783854
1985.9703590000001,11.914062
1986.0973880000001,11.914062
1986.2244170000001,12.174479
1986.3514460000001,12.174479
1986.4784750000001,12.565104
1986.605504,12.565104
1986.732532,12.565104
1986.859561,12.565104
1986.98659,12.565104
1987.113619,12.565104
1987.240648,12.565104
1987.367677,12.565104
1987.494706,12.565104
1987.6217350000002,12.565104
1987.748764,12.304688
1987.8757930000002,12.304688
1988.0028220000002,12.174479
1988.1298510000001,12.174479
1988.2568800000001,11.783854
1988.3839090000001,11.783854
1988.5109380000001,11.783854
1988.637966,11.783854
1988.764995,11.783854
1988.892024,11.783854
1989.019053,11.783854
1989.146082,11.783854
1989.273111,11.783854
1989.40014,11.783854
1989.527169,11.783854
1989.654198,11.783854
1989.781227,11.783854
1989.9082560000002,11.783854
1990.035285,11.653646
1990.1623140000002,11.653646
1990.4163720000001,10.221354
1990.5434010000001,9.440104
1990.670429,9.440104
1991.305574,10.221354
1991.432603,10.221354
1991.559632,10.351562
1991.686661,10.351562
1991.81369,10.742188
1991.9407190000002,10.742188
1992.067748,10.742188
1992.1947770000002,10.742188
1992.3218060000002,10.742188
1992.4488350000001,10.742188
1992.575863,10.742188
1992.702892,10.742188
1992.829921,10.351562
1992.95695,10.351562
1993.083979,9.960938
1993.211008,9.960938
1993.338037,9.960938
1993.465066,9.960938
1993.592095,9.830729
1993.719124,9.830729
1993.846153,4.622396
1993.9731820000002,4.622396
1994.100211,4.622396
1994.2272400000002,4.622396
1994.354269,4.622396
1994.481297,4.622396
1994.608326,4.492188
1994.735355,4.492188
1994.862384,0.325521
1994.989413,0.325521
1995.116442,2.148438
1995.243471,2.148438
1995.3705,2.148438
1995.497529,2.148438
1995.624558,2.148438
1995.751587,2.148438
1995.878616,9.830729
1996.005645,9.830729
1996.132674,10.351562
1996.2597030000002,10.351562
1996.386731,10.351562
1996.51376,10.351562
1996.640789,14.257812
1996.767818,14.257812
1996.894847,14.257812
1997.021876,14.257812
1997.148905,14.257812
1997.275934,14.257812
1997.402963,14.257812
1997.529992,14.257812
1998.165137,16.861979
1998.2921660000002,16.861979
1998.419194,17.252604
1998.546223,17.252604
1998.673252,17.252604
1998.800281,17.252604
1998.92731,17.252604
1999.054339,17.252604
1999.181368,17.903646
1999.308397,17.903646
1999.435426,18.033854
1999.562455,18.033854
1999.689484,18.033854
1999.816513,18.033854
1999.943542,18.033854
2000.070571,18.033854
2000.1976,18.033854
2000.324628,18.033854
2000.451657,18.164062
2000.578686,18.164062
2000.705715,18.164062
2000.832744,18.164062
2000.959773,18.164062
2001.086802,18.164062
2001.213831,18.164062
2001.34086,18.164062
2002.992236,24.544271
2003.119265,24.544271
2003.246294,24.544271
2003.373323,24.544271
2003.500352,24.544271
2003.627381,24.544271
2003.75441,24.544271
2003.881439,24.544271
2005.786873,24.21875
2005.913902,24.21875
2006.040931,24.21875
2006.167959,24.21875
2006.294988,24.21875
2006.422017,24.21875
2006.549046,24.21875
2006.676075,24.21875
2007.057162,26.041667
2007.184191,26.041667
2007.31122,26.041667
2007.438249,26.041667
2007.565278,26.041667
2007.692307,26.041667
2007.819336,26.041667
2007.946365,26.041667
2008.0733930000001,26.041667
2008.2004220000001,26.106771
2008.327451,26.106771
2008.45448,26.106771
2008.581509,26.106771
2008.708538,26.106771
2008.835567,26.106771
2008.962596,26.106771
2009.089625,24.739583
2009.216654,24.739583
2009.343683,23.828125
2009.470712,23.828125
2009.597741,23.697917
2009.72477,23.697917
2009.851799,23.4375
2009.9788270000001,23.4375
2010.1058560000001,22.135417
2010.2328850000001,22.135417
2010.3599140000001,22.005208
2010.486943,22.005208
2010.613972,22.526042
2010.741001,22.591146
2010.86803,22.916667
2010.995059,22.916667
2011.122088,22.916667
2011.249117,22.916667
2011.376146,22.916667
2011.503175,22.916667
2011.630204,22.916667
2011.757233,22.916667
2011.8842610000002,21.484375
2012.0112900000001,21.484375
2012.1383190000001,21.484375
2012.2653480000001,21.484375
2012.3923770000001,20.572917
2012.5194060000001,20.572917
2012.646435,20.052083
2012.773464,20.052083
2012.900493,19.921875
2013.027522,19.921875
2013.154551,19.53125
2013.28158,19.53125
2013.408609,17.057292
2013.535638,17.057292
2013.662667,16.015625
2013.789696,16.015625
2013.9167240000002,15.494792
2014.0437530000002,15.494792
2014.1707820000001,14.257812
2014.2978110000001,14.257812
2014.4248400000001,14.192708
2014.5518690000001,14.127604
2014.6788980000001,14.0625
2014.805927,14.192708
2014.932956,14.192708
2015.059985,14.192708
2015.187014,14.192708
2015.314043,14.192708
2015.441072,14.192708
2015.568101,14.192708
2015.69513,14.192708
2015.822158,14.192708
2015.9491870000002,14.192708
2016.076216,14.192708
2016.2032450000002,14.192708
2016.3302740000001,14.192708
2016.4573030000001,14.192708
2016.5843320000001,14.127604
2016.7113610000001,14.0625
2016.8383900000001,13.606771
2016.965419,13.541667
2017.092448,13.346354
2017.219477,13.28125
2017.346506,13.28125
2017.473535,13.28125
2017.600564,13.671875
2017.727592,13.671875
2017.854621,13.802083
2017.9816500000002,13.802083
2018.108679,14.192708
2018.2357080000002,14.192708
2018.3627370000002,14.322917
2018.4897660000001,14.322917
2018.6167950000001,14.583333
2018.7438240000001,14.583333
2018.8708530000001,14.583333
2018.9978820000001,14.583333
2019.124911,14.583333
2019.25194,14.583333
2019.378969,14.583333
2019.505998,14.583333
2019.633026,14.583333
2019.760055,14.583333
2019.887084,14.453125
2020.0141130000002,14.453125
2020.141142,14.192708
2020.2681710000002,14.192708
2020.3952,14.0625
2020.5222290000002,14.0625
2020.6492580000001,13.671875
2020.7762870000001,13.671875
2020.9033160000001,13.671875
2021.0303450000001,13.671875
2021.1573740000001,13.671875
2021.284403,13.671875
2021.411432,13.671875
2021.538461,13.671875
2021.665489,13.671875
2021.792518,13.671875
2021.919547,15.625
2022.046576,15.625
2022.173605,15.625
2022.3006340000002,15.625
2022.427663,15.625
2022.5546920000002,15.625
2022.6817210000002,15.625
2022.8087500000001,15.625
2022.9357790000001,15.625
2023.0628080000001,15.625
2023.1898370000001,15.625
2023.3168660000001,15.625
2023.443895,15.494792
2023.570923,15.494792
2023.697952,10.15625
2023.824981,10.15625
2023.95201,10.15625
2024.079039,10.15625
2024.206068,10.15625
2024.3330970000002,10.15625
2024.460126,9.635417
2024.5871550000002,9.635417
2024.714184,9.635417
2024.8412130000002,9.635417
2024.9682420000001,9.635417
2025.0952710000001,9.635417
2025.2223000000001,11.328125
2025.3493290000001,11.328125
2025.476357,11.328125
2025.603386,11.328125
2025.730415,11.328125
2025.857444,11.328125
2025.984473,11.328125
2026.111502,11.328125
2026.238531,19.661458
2026.36556,19.661458
2026.492589,19.661458
2026.6196180000002,19.661458
2026.746647,19.661458
2026.8736760000002,19.661458
2027.0007050000002,19.661458
2027.1277340000001,19.661458
2028.016936,25.0
2028.143965,25.0
2028.270994,25.0
2028.398023,25.0
2028.525052,25.0
2028.6520810000002,25.0
2028.77911,25.0
2028.9061390000002,25.0
2030.303457,26.041667
2030.430486,26.041667
2030.557515,26.041667
2030.684544,26.041667
2030.811573,26.041667
2030.9386020000002,26.041667
2031.065631,26.041667
2031.1926600000002,26.041667
2032.33592,30.208333
2032.462949,30.208333
2032.589978,30.208333
2032.717007,30.208333
2032.844036,99.609375
2032.9710650000002,99.609375
2033.098094,99.609375
2033.225122,99.609375
2033.352151,99.609375
2033.47918,99.609375
2033.606209,99.609375
2033.733238,33.333333
2033.860267,33.333333
2033.987296,33.333333
2034.114325,33.333333
2034.241354,33.333333
2034.368383,33.203125
2034.495412,33.203125
2034.622441,33.072917
2034.74947,33.072917
2034.876499,32.291667
2035.003528,32.291667
2035.130556,29.557292
2035.257585,29.557292
2035.384614,29.557292
2035.511643,29.557292
2035.638672,29.557292
2035.765701,29.557292
2035.89273,29.557292
2036.019759,29.557292
2036.908962,22.786458
2037.03599,22.786458
2037.163019,22.786458
2037.290048,22.786458
2037.417077,22.786458
2037.544106,22.786458
2037.671135,22.786458
2037.798164,22.786458
2037.925193,19.661458
2038.052222,19.661458
2038.179251,19.661458
2038.30628,19.661458
2038.433309,19.661458
2038.560338,19.661458
2038.687367,19.661458
2038.814396,19.661458
2038.941425,18.619792
2039.068453,18.619792
2039.195482,18.619792
2039.322511,18.619792
2039.44954,18.619792
2039.576569,18.619792
2039.703598,18.359375
2039.830627,18.359375
2042.498235,29.296875
2042.625264,29.296875
2042.752293,29.557292
2042.8793210000001,29.557292
2043.00635,29.6875
2043.133379,29.6875
2043.260408,29.6875
2043.387437,29.6875
2043.514466,29.6875
2043.641495,29.6875
2043.768524,29.6875
2043.895553,29.6875
2044.022582,29.6875
2044.149611,29.6875
2044.27664,29.557292
2044.403669,29.557292
2044.530698,29.557292
2044.657727,29.557292
2044.7847550000001,29.557292
2044.9117840000001,29.557292
2045.0388130000001,29.557292
2045.165842,29.557292
2045.292871,29.557292
2045.4199,29.557292
2045.546929,29.557292
2045.673958,29.557292
2045.800987,29.557292
2045.928016,29.557292
2046.055045,29.557292
2046.182074,29.557292
2046.309103,29.557292
2046.436132,29.557292
2046.563161,29.557292
2046.69019,29.557292
2046.8172180000001,29.557292
2046.9442470000001,29.557292
2047.0712760000001,29.557292
2047.1983050000001,29.557292
2047.325334,29.557292
2047.452363,29.557292
2047.579392,29.557292
2047.706421,29.557292
2047.83345,29.557292
2047.960479,29.557292
2048.087508,29.557292
2048.214537,29.557292
2048.341566,29.557292
2048.4685950000003,29.557292
2048.595624,29.557292
2048.722652,29.557292
2048.849681,29.557292
2048.97671,29.557292
2049.103739,29.557292
2049.230768,29.557292
2049.357797,30.338542
2049.484826,30.338542
2049.611855,30.46875
2049.738884,30.46875
2049.865913,30.46875
2049.992942,30.46875
2050.119971,31.119792
2050.247,31.119792
2050.374029,31.25
2050.501058,31.25
2050.628086,31.25
2050.755115,31.25
2050.882144,31.25
2051.009173,31.25
2051.136202,31.25
2051.263231,31.25
2051.39026,31.25
2051.517289,31.25
2051.644318,31.25
2051.771347,31.25
2051.898376,31.25
2052.025405,31.25
2052.152434,31.25
2052.279463,31.184896
2052.406492,31.119792
2052.53352,31.119792
2052.660549,31.119792
2052.787578,31.119792
2052.914607,31.25
2053.041636,31.25
2053.168665,31.25
2053.295694,31.25
2053.422723,31.25
2053.549752,31.25
2053.676781,31.25
2053.80381,31.25
2053.930839,31.25
2054.057868,31.184896
2054.184897,31.119792
2054.311926,31.119792
2054.438955,31.119792
2054.565983,31.119792
2054.693012,31.119792
2054.820041,31.119792
2054.94707,31.119792
2055.074099,31.119792
2055.201128,31.119792
2055.328157,31.119792
2055.455186,31.119792
2055.582215,31.119792
2055.709244,31.119792
2055.836273,31.119792
2055.963302,31.119792
2056.090331,31.119792
2056.21736,30.859375
2056.344389,30.794271
2056.471417,30.729167
2056.598446,30.664062
2056.725475,30.46875
2056.852504,30.403646
2056.979533,30.273438
2057.106562,30.273438
2057.741707,14.127604
2057.868736,14.127604
2057.995765,14.127604
2058.122794,14.127604
2058.249823,14.127604
2058.376851,14.127604
2058.50388,14.127604
2058.630909,14.127604
2058.757938,11.653646
2058.884967,11.653646
2059.011996,11.653646
2059.139025,11.653646
2059.266054,11.653646
2059.393083,11.653646
2059.520112,11.653646
2059.647141,11.71875
2059.77417,11.71875
2059.901199,11.71875
2060.028228,11.71875
2060.155257,11.71875
2060.2822850000002,11.71875
2060.409314,11.71875
2063.585038,42.513021
2063.712067,42.578125
2063.839096,42.643229
2063.966125,42.708333
2064.093154,42.903646
2064.220182,42.903646
2064.3472110000002,42.903646
2064.47424,42.903646
2064.6012690000002,42.903646
2064.728298,42.903646
2064.855327,42.903646
2064.982356,42.903646
2065.109385,38.476562
2065.236414,38.476562
2065.363443,38.476562
2065.490472,38.476562
2065.617501,38.476562
2065.74453,38.476562
2065.871559,38.476562
2065.998588,38.541667
2066.1256160000003,38.541667
2066.252645,38.541667
2066.3796740000003,38.541667
2066.506703,38.541667
2066.6337320000002,38.541667
2066.760761,38.541667
2071.460832,50.325521
2071.587861,50.390625
2071.71489,50.455729
2071.841919,50.520833
2071.968947,50.716146
2072.095976,50.78125
2072.223005,50.78125
2072.350034,50.78125
2072.4770630000003,50.78125
2072.604092,50.78125
2072.7311210000003,50.78125
2072.85815,50.78125
2072.9851790000002,50.455729
2073.112208,50.455729
2073.2392370000002,46.875
2073.366266,46.875
2073.493295,46.875
2073.620324,46.875
2073.747353,46.875
2073.874381,46.875
2074.00141,48.111979
2074.128439,48.111979
2074.2554680000003,48.111979
2074.382497,48.111979
2074.509526,48.111979
2074.636555,48.111979
2074.7635840000003,48.111979
2074.890613,48.111979
2075.398729,47.395833
2075.525758,47.395833
2075.652787,47.916667
2075.779815,47.916667
2075.906844,47.916667
2076.033873,47.916667
2076.160902,47.916667
2076.287931,47.916667
2076.41496,47.916667
2076.5419890000003,49.544271
2076.669018,49.609375
2076.796047,49.609375
2076.923076,49.609375
2077.0501050000003,49.609375
2077.177134,49.609375
2077.3041630000002,49.609375
2077.431192,49.609375
2077.5582210000002,49.544271
2077.685249,49.544271
2077.812278,49.153646
2077.939307,49.153646
2078.066336,48.893229
2078.193365,48.893229
2078.320394,48.763021
2078.447423,48.763021
2079.0825680000003,42.252604
2079.209597,42.252604
2079.3366260000003,42.252604
2079.463655,42.252604
2079.5906840000002,42.252604
2079.717712,42.252604
2079.844741,42.252604
2079.97177,42.252604
2080.098799,41.992188
2080.225828,41.992188
2080.352857,38.346354
2080.479886,38.346354
2080.606915,38.346354
2080.733944,38.346354
2080.860973,38.346354
2080.988002,38.346354
2081.1150310000003,38.346354
2081.24206,38.346354
2081.496118,41.992188
2081.623146,41.992188
2081.750175,41.992188
2081.877204,41.992188
2082.004233,41.992188
2082.131262,41.992188
2082.258291,41.992188
2082.512349,47.200521
2082.639378,47.200521
2082.766407,48.111979
2082.8934360000003,48.111979
2083.020465,48.111979
2083.147494,48.111979
2083.274523,48.111979
2083.4015520000003,48.111979
2083.52858,48.111979
2084.290754,51.692708
2084.417783,51.692708
2084.544812,51.953125
2084.671841,51.953125
2084.79887,51.953125
2084.925899,51.953125
2085.052928,51.953125
2085.1799570000003,51.953125
2085.306986,51.953125
2087.339449,53.320312
2087.466477,53.320312
2087.593506,53.320312
2087.720535,53.320312
2087.847564,53.320312
2087.974593,53.320312
2088.101622,53.320312
2088.228651,52.669271
2088.35568,52.669271
2088.482709,51.888021
2088.609738,51.888021
2088.736767,50.976562
2088.863796,50.976562
2088.990825,50.976562
2089.117854,50.976562
2090.134085,44.856771
2090.261114,44.856771
2090.388143,44.856771
2090.515172,44.856771
2090.642201,44.856771
2090.76923,44.856771
2090.896259,44.856771
2091.023288,44.856771
2091.150317,44.856771
2091.277345,44.856771
2091.404374,44.856771
2091.531403,44.856771
2093.690895,52.669271
2093.817924,52.669271
2093.944953,52.669271
2094.071982,52.669271
2094.199011,52.669271
2094.32604,52.669271
2094.453069,52.669271
2094.580098,52.669271
2094.707127,52.669271
2094.834156,52.669271
2094.961185,49.023438
2095.088214,49.023438
2095.215242,49.023438
2095.342271,49.023438
2095.4693,47.200521
2095.596329,47.200521
2095.723358,47.200521
2095.850387,47.200521
2104.107268,32.617188
2104.234297,32.617188
2104.361326,32.617188
2104.488355,32.617188
2104.615384,32.617188
2104.742413,32.617188
2104.869441,32.617188
2104.99647,32.617188
2105.1234990000003,32.617188
2110.204657,42.513021
2110.331686,42.513021
2110.458715,42.513021
2110.585743,42.513021
2110.712772,42.513021
2110.839801,42.513021
2110.96683,42.513021
2111.093859,42.513021
2122.653492,41.796875
2122.780521,41.796875
2122.90755,41.796875
2123.034579,41.796875
2123.161608,41.796875
2123.288637,41.796875
2123.415666,41.796875
2123.542695,41.796875
2127.226534,52.864583
2127.353563,52.864583
2127.480592,52.929688
2127.607621,52.929688
2127.73465,52.929688
2127.861679,52.929688
2127.988708,52.929688
2128.115736,52.929688
2128.242765,52.929688
2128.369794,52.864583
2128.496823,52.864583
2128.623852,52.864583
2128.750881,52.864583
2128.87791,52.864583
2129.004939,52.864583
2129.131968,52.864583
2129.258997,52.864583
2129.386026,52.864583
2129.513055,52.864583
2129.640084,52.864583
2129.767113,52.864583
2129.894142,52.864583
2130.02117,50.651042
2130.148199,50.651042
2130.275228,50.651042
2130.402257,50.651042
2130.529286,50.651042
2130.656315,50.651042
2130.783344,50.260417
2130.910373,50.260417
2131.037402,48.4375
2131.164431,48.4375
2131.29146,48.4375
2131.418489,48.4375
2131.545518,48.4375
2131.672547,48.4375
2131.799576,50.0
2131.926604,50.0
2132.053633,50.0
2132.180662,50.0
2132.307691,50.0
2132.43472,50.0
2132.561749,50.0
2132.688778,50.0
2139.294283,67.903646
2139.421312,67.96875
2139.548341,68.033854
2139.675369,68.033854
2139.802398,68.033854
2139.929427,68.033854
2140.0564560000003,68.033854
2140.183485,68.033854
2140.3105140000002,68.033854
2140.437543,68.033854
2140.564572,68.033854
2140.691601,67.252604
2140.81863,67.252604
2140.945659,67.252604
2141.072688,67.1875
2147.297106,52.083333
2147.424134,52.083333
2147.551163,52.083333
2147.6781920000003,52.083333
2147.805221,52.083333
2147.93225,52.083333
2148.059279,57.942708
2148.1863080000003,57.942708
2148.313337,57.942708
2148.440366,57.942708
2148.567395,57.942708
2148.6944240000003,57.942708
2148.821453,57.942708
2148.9484820000002,57.942708
2150.091742,49.609375
2150.218771,49.609375
2150.3458,49.609375
2150.4728290000003,49.609375
2150.599858,49.609375
2150.726887,49.609375
2150.853916,49.609375
2150.9809450000002,49.609375
2152.378263,52.864583
2152.505292,52.864583
2152.632321,53.645833
2152.7593500000003,53.645833
2152.886379,53.645833
2153.0134080000003,53.645833
2153.140437,53.645833
2153.267465,53.645833
2153.394494,53.645833
2153.521523,53.645833
2153.90261,35.9375
2154.029639,35.9375
2154.156668,35.9375
2154.283697,35.9375
2154.410726,35.9375
2154.5377550000003,35.9375
2154.664784,35.9375
2154.791813,35.9375
2154.918842,35.9375
2155.0458710000003,35.9375
2159.745941,48.697917
2159.87297,48.697917
2159.999999,48.697917
2160.127028,48.697917
2160.254057,48.697917
2160.381086,48.697917
2160.508115,48.697917
2160.635144,48.697917
2160.762173,48.697917
2160.8892020000003,48.697917
2161.01623,48.697917
2161.143259,48.697917
2161.270288,48.697917
2161.397317,48.697917
2161.524346,48.697917
2161.651375,48.697917
2161.778404,48.697917
2161.905433,48.697917
2162.032462,48.697917
2162.159491,48.697917
2162.28652,48.697917
2162.413549,48.697917
2162.540578,48.697917
2162.667607,48.697917
2162.794636,48.697917
2162.921664,48.697917
2163.048693,48.697917
2163.175722,48.697917
2165.84333,57.942708
2165.970359,57.942708
2166.097388,57.942708
2166.224417,57.942708
2166.351446,57.942708
2166.478475,57.942708
2166.605504,58.723958
2166.732532,58.723958
2166.859561,58.723958
2166.98659,58.723958
2167.113619,58.723958
2167.240648,58.723958
2167.367677,58.723958
2167.494706,58.723958
2167.621735,58.723958
2167.748764,58.723958
2167.875793,57.421875
2168.002822,57.421875
2168.129851,57.421875
2168.25688,57.421875
2168.383909,57.421875
2168.510938,57.421875
2168.6379660000002,57.421875
2168.764995,57.421875
2171.178545,62.890625
2171.305574,62.890625
2171.432603,62.890625
2171.559632,62.890625
2171.686661,62.890625
2171.81369,62.890625
2171.940719,62.890625
2172.067748,62.890625
2172.194777,62.890625
2172.321806,62.890625
2172.448835,63.020833
2172.575863,63.020833
2172.7028920000002,63.020833
2172.829921,63.020833
2172.9569500000002,63.020833
2173.083979,63.020833
2173.211008,63.020833
2173.338037,63.020833
2173.465066,63.020833
2173.592095,63.020833
2173.719124,63.020833
2173.846153,63.020833
2174.9894130000002,64.84375
2175.116442,64.84375
2175.243471,64.84375
2175.3705,64.84375
2175.497529,64.84375
2175.624558,64.84375
2175.751587,64.84375
2175.878616,64.84375
2180.070571,63.411458
2180.1976,63.411458
2180.3246280000003,63.411458
2180.451657,63.411458
2180.578686,63.411458
2180.705715,63.411458
2180.8327440000003,63.411458
2180.959773,63.411458
2181.086802,63.411458
2181.213831,63.411458
2181.3408600000002,63.411458
2181.467889,63.411458
2181.5949180000002,63.411458
2181.721947,63.411458
2181.848976,63.411458
2181.976005,63.411458
2182.103034,63.411458
2182.230062,63.411458
2182.357091,63.411458
2182.48412,63.411458
2182.6111490000003,63.411458
2182.738178,63.411458
2182.865207,63.411458
2182.992236,63.411458
2183.1192650000003,63.411458
2183.246294,63.411458
2183.3733230000003,63.411458
2183.500352,63.411458
2183.6273810000002,63.411458
2183.75441,63.411458
2183.8814390000002,63.411458
2184.008468,63.411458
2184.135496,63.411458
2184.262525,63.411458
2187.1841910000003,68.880208
2187.31122,68.880208
2187.438249,68.880208
2187.565278,68.880208
2187.6923070000003,68.880208
2187.819336,68.880208
2187.9463650000002,68.880208
2188.073393,68.880208
2188.200422,64.192708
2188.327451,64.192708
2188.45448,64.192708
2188.581509,64.192708
2188.708538,64.192708
2188.835567,64.192708
2188.9625960000003,56.770833
2189.089625,56.770833
2189.216654,56.770833
2189.343683,56.770833
2189.4707120000003,56.770833
2189.597741,56.770833
2189.72477,56.770833
2189.851799,56.770833
2189.978827,56.510417
2190.105856,56.510417
2190.995059,56.380208
2191.122088,56.380208
2191.2491170000003,56.380208
2191.376146,56.380208
2191.503175,56.380208
2191.630204,56.380208
2191.7572330000003,56.380208
2191.884261,56.380208
2192.519406,63.802083
2192.646435,63.802083
2192.773464,63.802083
2192.900493,63.802083
2193.027522,63.802083
2193.154551,63.802083
2193.28158,63.802083
2193.408609,63.802083
2193.5356380000003,58.072917
2193.662667,58.072917
2193.789696,58.072917
2193.916724,58.072917
2194.043753,58.072917
2194.170782,58.072917
2194.297811,46.419271
2194.42484,46.419271
2194.551869,46.419271
2194.678898,46.419271
2194.805927,46.419271
2194.932956,46.419271
2195.568101,35.481771
2195.69513,35.481771
2195.822158,35.481771
2195.949187,35.481771
2196.076216,42.252604
2196.203245,42.252604
2196.330274,42.252604
2196.457303,42.252604
2196.584332,48.893229
2196.711361,48.893229
2196.83839,48.893229
2196.965419,48.893229
2197.092448,48.893229
2197.219477,48.893229
2197.346506,51.236979
2197.473535,51.236979
2197.6005640000003,52.539062
2197.727592,52.539062
2197.854621,52.539062
2197.98165,52.539062
2198.108679,52.539062
2198.235708,52.539062
2198.362737,52.539062
2198.489766,52.539062
2198.616795,48.893229
2198.743824,48.893229
2198.870853,47.460938
2198.997882,47.460938
2199.124911,47.200521
2199.25194,47.200521
2199.633026,44.335938
2199.760055,44.335938
2199.887084,44.335938
2200.014113,44.335938
2200.141142,44.335938
2200.268171,44.335938
2200.3952,44.335938
2200.522229,44.335938
2200.649258,44.335938
2200.776287,44.335938
2200.903316,44.335938
2201.030345,44.335938
2201.157374,44.335938
2201.284403,44.335938
2201.411432,50.455729
2201.538461,50.455729
2201.665489,50.455729
2201.792518,50.455729
2201.919547,50.455729
2202.046576,50.455729
2202.173605,50.455729
2202.300634,50.455729
2202.427663,55.273438
2202.554692,55.273438
2202.681721,55.924479
2202.80875,55.924479
2202.935779,58.007812
2203.062808,58.007812
2203.189837,58.268229
2203.316866,58.268229
2203.443895,58.268229
2203.570923,58.268229
2203.697952,58.268229
2203.824981,58.268229
2203.95201,58.268229
2204.079039,58.268229
2205.095271,64.0625
2205.2223,64.0625
2205.349329,64.0625
2205.476357,64.0625
2205.6033860000002,64.84375
2205.730415,64.84375
2205.857444,64.84375
2205.984473,64.84375
2206.111502,64.84375
2206.238531,64.84375
2206.36556,64.84375
2207.6358490000002,67.96875
2207.762878,67.96875
2207.889907,67.96875
2208.016936,67.96875
2208.143965,67.96875
2208.270994,67.96875
2208.398023,67.96875
2208.525052,68.033854
2208.652081,68.098958
2208.77911,68.098958
2208.906139,68.098958
2209.033168,68.098958
2209.160197,68.098958
2209.287225,68.098958
2209.4142540000003,68.098958
2209.541283,68.098958
2209.6683120000002,68.098958
2209.795341,68.098958
2209.9223700000002,68.098958
2210.049399,68.098958
2210.176428,68.098958
2210.303457,68.098958
2210.430486,68.098958
2210.938602,69.140625
2211.065631,69.140625
2211.19266,69.140625
2211.319688,69.140625
2211.446717,69.140625
2211.573746,69.140625
2211.7007750000002,69.140625
2211.827804,69.140625
2211.9548330000002,69.140625
2212.081862,69.140625
2212.208891,69.140625
2212.33592,69.140625
2212.462949,69.140625
2212.589978,68.489583
2212.717007,68.489583
2212.844036,68.489583
2212.971065,68.359375
2213.098094,68.359375
2213.352151,67.317708
2213.4791800000003,67.317708
2213.606209,67.317708
2213.733238,67.317708
2213.860267,67.317708
2213.9872960000002,67.317708
2214.114325,67.317708
2214.2413540000002,67.1875
2214.368383,67.1875
2214.876499,67.252604
2215.003528,67.252604
2215.130556,67.252604
2215.2575850000003,67.252604
2215.384614,67.252604
2215.511643,67.252604
2215.638672,67.252604
2215.7657010000003,67.252604
2215.89273,67.252604
2216.0197590000002,67.252604
2216.146788,67.382812
2216.2738170000002,67.382812
2216.400846,67.382812
2216.527875,67.382812
2216.654904,67.382812
2216.781933,67.382812
2216.908962,67.903646
2217.0359900000003,67.903646
2217.163019,68.033854
2217.290048,68.033854
2217.417077,68.033854
2217.5441060000003,68.033854
2217.671135,68.033854
2217.798164,68.033854
2217.925193,68.033854
2218.0522220000003,68.033854
2218.179251,67.96875
2218.3062800000002,67.903646
2218.433309,67.773438
2218.5603380000002,67.773438
2218.687367,67.643229
2218.814396,67.643229
2218.941425,67.252604
2219.068453,67.252604
2219.195482,67.122396
2219.3225110000003,67.122396
2221.227945,65.299479
2221.354974,65.299479
2221.482003,65.299479
2221.6090320000003,65.299479
2221.736061,65.299479
2221.86309,65.299479
2221.990119,65.429688
2222.1171480000003,65.429688
2222.244177,65.429688
2222.371206,65.429688
2222.498235,65.429688
2222.6252640000002,65.429688
2222.752293,65.429688
2222.879321,65.429688
2223.00635,65.299479
2223.133379,65.299479
2223.260408,65.299479
2223.387437,65.299479
2223.514466,65.299479
2223.641495,65.299479
2223.768524,64.648438
2223.8955530000003,64.648438
2224.022582,64.648438
2224.149611,64.648438
2224.27664,64.648438
2224.4036690000003,64.648438
2224.530698,64.908854
2224.6577270000002,64.908854
2224.784755,64.908854
2224.911784,64.908854
2225.038813,64.908854
2225.165842,64.908854
2225.292871,64.908854
2225.4199,64.908854
2225.546929,64.908854
2225.6739580000003,64.908854
2225.800987,64.908854
2225.928016,64.908854
2226.055045,64.908854
2226.1820740000003,64.908854
2226.309103,64.908854
2226.436132,64.908854
2226.563161,64.908854
2226.6901900000003,64.908854
2226.817218,64.908854
2226.944247,64.908854
2227.071276,64.908854
2227.198305,64.908854
2227.325334,64.908854
2227.452363,64.908854
2227.579392,64.908854
2227.706421,64.908854
2227.83345,64.908854
2227.9604790000003,64.908854
2228.087508,64.908854
2228.214537,64.908854
2228.341566,64.908854
2228.4685950000003,64.908854
2228.595624,64.908854
2228.722652,64.908854
2228.849681,64.908854
2228.97671,64.908854
2229.103739,64.908854
2229.230768,64.908854
2229.611855,66.080729
2229.738884,66.080729
2229.865913,66.080729
2229.992942,66.080729
2230.119971,66.080729
2230.2470000000003,66.080729
2230.374029,66.080729
2230.501058,66.080729
2230.628086,66.080729
2230.755115,66.080729
2230.882144,66.080729
2231.009173,66.080729
2231.136202,66.080729
2231.263231,66.080729
2231.39026,66.080729
2231.517289,66.080729
2231.644318,66.080729
2231.771347,66.080729
2231.898376,66.080729
2232.025405,66.080729
2232.152434,66.080729
2232.279463,66.080729
2232.406492,66.080729
2232.53352,66.080729
2232.660549,66.080729
2232.787578,66.080729
2234.693012,66.080729
2234.820041,66.080729
2234.94707,66.080729
2235.074099,66.080729
2235.201128,66.080729
2235.328157,66.080729
2235.455186,66.080729
2235.582215,66.080729
2236.21736,66.080729
2236.344389,66.080729
2236.471417,66.080729
2236.598446,66.080729
2236.725475,66.080729
2236.852504,66.080729
2236.979533,66.080729
2237.106562,66.080729
2237.233591,66.080729
2237.36062,66.080729
2237.487649,66.080729
2237.614678,66.080729
2237.741707,66.080729
2237.868736,66.080729
2237.995765,66.080729
2238.122794,66.080729
2238.249823,66.080729
2238.376851,66.080729
2238.50388,66.080729
2238.630909,66.080729
2238.757938,66.080729
2238.884967,66.080729
2242.3147480000002,66.080729
2242.441777,66.080729
2242.568806,66.080729
2242.695835,66.080729
2242.822864,66.080729
2242.949893,66.080729
2243.076922,66.080729
2243.203951,66.080729
2243.33098,66.080729
2243.458009,66.080729
2244.3472110000002,66.080729
2244.47424,66.080729
2244.6012690000002,66.080729
2244.728298,66.080729
2244.855327,66.080729
2244.982356,66.080729
2245.109385,66.080729
2245.236414,66.080729
2245.363443,66.080729
2245.490472,66.080729
2245.617501,66.080729
2245.74453,66.080729
2245.871559,66.080729
2245.998588,66.080729
2246.1256160000003,66.080729
2246.252645,66.080729
2246.3796740000003,66.080729
2246.506703,66.080729
2246.6337320000002,66.080729
2246.760761,66.080729
2246.88779,66.080729
2247.014819,66.080729
2247.141848,66.080729
2247.268877,66.080729
2247.395906,66.080729
2247.522935,66.080729
2247.649964,66.080729
2247.776993,66.080729
2247.904022,66.210938
2248.03105,66.210938
2248.158079,66.210938
2248.285108,66.210938
2248.4121370000003,66.210938
2248.539166,66.210938
2248.6661950000002,66.210938
2248.793224,66.210938
2248.9202530000002,66.080729
2249.047282,66.080729
2249.174311,66.080729
2249.30134,66.080729
2249.428369,66.080729
2249.555398,66.080729
2249.682427,66.080729
2249.809456,66.080729
2249.936484,66.080729
2250.063513,66.080729
2250.1905420000003,66.080729
2250.317571,66.080729
2250.4446,66.080729
2250.571629,66.080729
2250.6986580000003,66.080729
2250.825687,66.080729
2250.9527160000002,66.080729
2251.079745,66.080729
2251.206774,66.080729
2251.333803,66.080729
2251.460832,66.080729
2251.587861,66.080729
2251.71489,66.080729
2251.841919,66.080729
2251.9689470000003,66.080729
2252.095976,66.080729
2252.223005,66.080729
2252.350034,66.080729
2252.4770630000003,66.210938
2252.604092,66.210938
2252.731121,66.210938
2252.85815,66.210938
2252.9851790000002,66.210938
2253.112208,66.210938
2253.2392370000002,66.210938
2253.366266,66.210938
2253.493295,66.210938
2253.620324,66.210938
2253.747353,66.210938
2253.874381,66.210938
2254.00141,66.210938
2254.128439,66.210938
2254.2554680000003,66.210938
2254.382497,66.210938
2254.509526,66.080729
2254.636555,66.080729
2254.7635840000003,66.080729
2254.890613,66.080729
2255.0176420000003,66.080729
2255.144671,66.080729
2255.2717000000002,66.080729
2255.398729,66.080729
2255.525758,66.080729
2257.177134,67.252604
2257.3041630000002,67.317708
2257.431192,67.382812
2257.5582210000002,67.382812
2257.685249,67.382812
2257.812278,67.382812
2257.939307,67.382812
2258.066336,67.382812
2258.193365,67.382812
2258.3203940000003,67.382812
2258.447423,67.382812
2258.574452,67.382812
2258.701481,67.382812
2258.8285100000003,67.382812
2258.955539,67.382812
2259.082568,67.382812
2259.209597,67.382812
2259.3366260000003,67.382812
2259.463655,67.382812
2259.5906840000002,67.382812
2259.717712,67.382812
2259.844741,67.382812
2259.97177,67.382812
2260.098799,67.252604
2260.225828,67.252604
2260.352857,67.252604
2260.479886,67.252604
2260.6069150000003,67.252604
2260.733944,67.252604
2260.860973,66.731771
2260.988002,66.731771
2261.1150310000003,66.471354
2261.24206,66.471354
2261.369089,66.536458
2261.496118,66.601562
2261.623146,66.601562
2261.750175,66.601562
2261.877204,66.601562
2262.004233,66.601562
2262.131262,66.601562
2262.258291,66.601562
2262.38532,66.601562
2262.512349,66.601562
2262.639378,66.601562
2262.766407,66.601562
2262.8934360000003,66.601562
2263.020465,66.601562
2263.147494,66.471354
2263.274523,66.471354
2263.4015520000003,66.471354
2263.52858,66.471354
2263.655609,66.471354
2263.782638,66.471354
2265.052928,66.471354
2265.1799570000003,66.536458
2265.306986,66.601562
2265.434014,66.601562
2265.561043,66.601562
2265.688072,66.601562
2265.815101,66.601562
2265.94213,66.601562
2266.069159,66.601562
2266.196188,66.601562
2266.323217,66.601562
2266.450246,66.601562
2266.577275,66.601562
2266.704304,66.601562
2266.831333,66.601562
2266.9583620000003,66.601562
2267.085391,66.601562
2267.21242,66.601562
2267.339449,66.601562
2267.466477,66.536458
2267.593506,66.471354
2267.720535,66.471354
2267.847564,66.471354
2267.974593,66.471354
2268.101622,66.471354
2268.228651,66.471354
2268.35568,66.471354
2268.482709,66.471354
2268.609738,66.471354
2268.736767,66.40625
2268.863796,66.276042
2268.990825,66.276042
2269.117854,65.820312
2269.2448830000003,65.820312
2269.371911,65.820312
2269.49894,65.885417
2269.625969,65.885417
2269.752998,66.145833
2269.880027,66.210938
2270.007056,66.210938
2270.134085,66.210938
2270.261114,66.210938
2270.388143,66.210938
2270.515172,66.210938
2270.642201,66.210938
2270.76923,66.210938
2270.896259,66.210938
2271.023288,66.145833
2271.150317,66.080729
2271.277345,66.145833
2271.404374,66.210938
2271.531403,66.210938
2271.658432,66.210938
2271.785461,66.210938
2271.91249,66.210938
2272.039519,66.210938
2272.166548,66.210938
2272.293577,66.210938
2272.420606,66.210938
2272.547635,66.210938
2272.674664,66.210938
2272.801693,66.145833
2272.928722,66.080729
2273.055751,66.145833
2273.182779,66.210938
2273.309808,66.210938
2273.436837,66.210938
2273.563866,66.210938
2273.690895,66.210938
2273.817924,66.210938
2273.944953,66.210938
2274.071982,66.210938
2274.199011,66.210938
2274.32604,66.210938
2274.453069,66.210938
2274.580098,66.210938
2274.707127,66.210938
2274.834156,66.210938
2274.961185,66.210938
2275.088214,66.210938
2275.215242,66.210938
2275.342271,66.210938
2275.4693,66.210938
2275.596329,66.210938
2275.723358,66.210938
2275.850387,66.145833
2275.977416,65.820312
2276.104445,64.84375
2276.231474,63.802083
2276.358503,63.932292
2276.485532,63.932292
2276.612561,64.192708
2276.73959,64.192708
2276.866619,64.192708
2276.993648,64.192708
2277.120676,64.192708
2277.247705,64.192708
2277.374734,64.192708
2277.501763,64.192708
2277.628792,64.192708
2277.755821,64.192708
2277.88285,64.192708
2278.009879,64.192708
2278.136908,64.192708
2278.263937,64.0625
2278.390966,64.0625
2278.517995,64.0625
2278.645024,64.0625
2278.772053,64.973958
2278.899082,64.973958
2279.0261100000002,64.973958
2279.153139,64.973958
2279.2801680000002,64.973958
2279.407197,64.973958
2279.534226,64.973958
2279.661255,64.973958
2279.788284,64.973958
2279.915313,64.973958
2280.042342,64.973958
2280.169371,64.973958
2280.2964,64.973958
2280.423429,64.973958
2280.550458,64.973958
2280.677487,64.973958
2280.804516,63.411458
2280.931544,63.411458
2281.0585730000003,63.411458
2281.185602,63.411458
2281.3126310000002,63.411458
2281.43966,63.411458
2281.566689,61.71875
2281.693718,61.71875
2281.820747,58.723958
2281.947776,58.723958
2282.074805,56.119792
2282.201834,56.119792
2282.328863,56.119792
2282.455892,56.119792
2282.582921,54.947917
2282.70995,54.947917
2282.8369780000003,38.020833
2282.964007,35.677083
2283.091036,35.677083
2283.218065,35.416667
2283.3450940000002,35.416667
2283.472123,33.333333
2283.5991520000002,33.268229
2283.726181,37.825521
2283.85321,37.890625
2283.980239,39.127604
2284.107268,39.127604
2284.234297,39.127604
2284.361326,39.127604
2284.488355,41.731771
2284.615384,41.796875
2284.742413,41.796875
2284.869441,41.796875
2284.99647,41.796875
2285.1234990000003,41.796875
2285.250528,41.796875
2285.3775570000003,41.796875
2285.504586,30.924479
2285.6316150000002,30.924479
2285.758644,30.924479
2285.885673,30.924479
2286.012702,30.924479
2286.139731,30.924479
2286.26676,29.622396
2286.393789,29.622396
2286.520818,29.622396
2286.647847,29.622396
2286.774875,22.721354
2286.9019040000003,22.721354
2287.028933,22.591146
2287.155962,22.591146
2287.282991,21.419271
2287.4100200000003,21.419271
2287.537049,19.986979
2287.6640780000002,19.986979
2287.791107,19.986979
2287.9181360000002,19.986979
2288.045165,19.986979
2288.172194,19.986979
2288.299223,20.117188
2288.426252,20.117188
2288.553281,20.117188
2288.6803090000003,20.117188
2288.807338,20.247396
2288.934367,20.247396
2289.061396,20.247396
2289.1884250000003,20.247396
2289.315454,20.247396
2289.442483,20.247396
2289.569512,20.247396
2289.6965410000003,20.247396
2290.331686,23.502604
2290.458715,23.502604
2290.585743,23.502604
2290.712772,23.502604
2290.839801,23.502604
2290.9668300000003,23.502604
2291.093859,23.502604
2291.220888,23.502604
2291.347917,22.851562
2291.4749460000003,22.851562
2291.601975,22.851562
2291.729004,22.851562
2291.856033,22.851562
2291.9830620000002,22.851562
2292.110091,22.851562
2292.2371200000002,22.851562
2292.364149,29.752604
2292.491178,29.752604
2292.618206,30.013021
2292.745235,30.013021
2292.872264,30.143229
2292.999293,30.143229
2293.126322,31.054688
2293.2533510000003,31.054688
2293.38038,31.054688
2293.507409,31.054688
2293.634438,31.054688
2293.7614670000003,31.054688
2293.888496,31.054688
2294.0155250000003,31.054688
2294.142554,31.054688
2294.2695830000002,31.054688
2294.396612,29.882812
2294.52364,29.882812
2294.650669,29.492188
2294.777698,29.492188
2294.904727,27.929688
2295.031756,27.929688
2295.158785,27.539062
2295.285814,27.539062
2296.93719,18.294271
2297.064219,18.294271
2297.191248,18.294271
2297.3182770000003,18.294271
2297.445306,18.294271
2297.572335,18.294271
2297.699364,18.294271
2297.8263930000003,18.294271
2297.953422,18.033854
2298.080451,18.033854
2298.20748,16.731771
2298.334508,16.731771
2298.461537,16.731771
2298.588566,16.731771
2298.715595,16.731771
2298.842624,16.731771
2298.969653,16.731771
2299.096682,16.731771
2302.780521,27.929688
2302.90755,27.929688
2303.034579,28.059896
2303.161608,28.059896
2303.288637,28.190104
2303.415666,28.190104
2303.542695,28.320312
2303.669724,28.320312
2303.796753,28.710938
2303.923782,28.710938
2304.050811,28.710938
2304.177839,28.710938
2304.304868,28.710938
2304.431897,28.710938
2304.558926,28.710938
2304.685955,28.710938
2304.812984,28.580729
2304.940013,28.580729
2305.067042,22.721354
2305.194071,22.721354
2305.3211,22.721354
2305.448129,22.721354
2305.575158,22.721354
2305.702187,22.721354
2305.829216,22.721354
2305.9562450000003,22.721354
2306.591389,22.591146
2306.718418,22.591146
2306.845447,22.591146
2306.972476,22.591146
2307.099505,22.591146
2307.226534,22.591146
2307.353563,22.591146
2308.623852,23.242188
2308.750881,23.242188
2308.87791,23.242188
2309.004939,23.242188
2309.131968,23.242188
2309.258997,23.242188
2309.386026,23.958333
2309.513055,24.023438
2309.640084,24.088542
2309.767113,24.153646
2309.894142,24.153646
2310.02117,24.153646
2310.148199,24.153646
2310.275228,24.153646
2310.402257,24.153646
2310.529286,24.153646
2317.515878,10.026042
2317.642907,10.026042
2317.7699350000003,10.026042
2318.0239930000002,17.708333
2318.151022,17.708333
2318.2780510000002,19.661458
2318.40508,19.661458
2318.532109,19.661458
2318.659138,19.661458
2318.786167,19.661458
2318.913196,19.661458
2319.040225,19.661458
2319.167254,19.661458
2319.294283,13.151042
2319.421312,13.151042
2319.548341,12.239583
2319.675369,12.239583
2320.81863,10.9375
2320.945659,10.9375
2321.072688,11.197917
2321.199717,11.197917
2321.326746,11.197917
2321.453775,11.197917
2321.580803,11.197917
2321.707832,11.197917
2321.8348610000003,11.197917
2321.96189,11.197917
2322.088919,7.291667
2322.215948,7.291667
2322.3429770000002,7.291667
2322.470006,7.291667
2322.5970350000002,18.359375
2322.724064,18.359375
2322.851093,24.023438
2322.978122,24.023438
2323.105151,24.023438
2323.23218,24.023438
2323.359209,24.023438
2323.486237,33.268229
2323.6132660000003,33.268229
2323.740295,33.268229
2323.867324,33.268229
2323.994353,33.268229
2324.1213820000003,33.268229
2324.248411,33.268229
2324.3754400000003,33.268229
2324.502469,50.716146
2324.6294980000002,50.716146
2324.756527,50.716146
2324.883556,50.716146
2325.010585,50.716146
2325.137614,50.716146
2325.264643,50.716146
2325.391672,50.716146
2327.805221,67.317708
2327.93225,67.317708
2328.059279,67.317708
2328.1863080000003,67.317708
2328.313337,67.317708
2328.440366,67.317708
2328.567395,67.317708
2328.6944240000003,67.317708
2328.821453,67.317708
2328.9484820000002,67.317708
2329.075511,67.317708
2329.20254,67.317708
2329.329568,67.1875
2329.456597,67.1875
2329.583626,66.927083
2329.710655,66.927083
2329.837684,64.713542
2329.9647130000003,64.713542
2330.091742,64.713542
2330.218771,64.713542
2330.3458,64.713542
2330.4728290000003,64.713542
2330.599858,64.322917
2330.726887,64.322917
2330.853916,64.322917
2330.9809450000002,64.322917
2331.107974,64.192708
2331.235002,64.192708
2331.362031,64.192708
2331.48906,64.192708
2331.616089,62.760417
2331.743118,62.760417
2331.870147,62.760417
2331.997176,62.760417
2332.124205,62.630208
2332.2512340000003,62.630208
2333.140437,58.072917
2333.267465,58.072917
2333.394494,58.072917
2333.521523,58.072917
2333.648552,58.072917
2333.775581,58.072917
2333.90261,58.072917
2334.029639,58.007812
2334.156668,58.007812
2334.283697,58.007812
2334.410726,58.007812
2334.5377550000003,58.007812
2334.664784,55.403646
2334.791813,55.403646
2334.918842,52.539062
2335.0458710000003,52.539062
2335.172899,52.539062
2335.299928,52.539062
2335.426957,52.539062
2335.553986,52.539062
2335.681015,46.549479
2335.808044,46.549479
2335.935073,46.549479
2336.062102,46.549479
2336.189131,46.419271
2336.3161600000003,46.419271
2336.443189,44.856771
2336.570218,44.856771
2336.697247,45.898438
2336.8242760000003,45.898438
2336.951305,45.898438
2337.078333,45.898438
2337.205362,50.585938
2337.332391,50.585938
2337.45942,50.716146
2337.586449,50.716146
2337.713478,50.716146
2337.840507,50.716146
2337.967536,50.716146
2338.094565,50.716146
2338.221594,50.716146
2338.348623,50.716146
2339.999999,58.789062
2340.127028,58.789062
2340.254057,58.789062
2340.381086,58.789062
2340.508115,58.789062
2340.635144,58.789062
2340.762173,58.789062
2340.8892020000003,58.789062
2341.778404,62.695312
2341.905433,62.695312
2342.032462,62.825521
2342.159491,62.825521
2342.28652,62.825521
2342.413549,62.825521
2342.540578,62.825521
2342.667607,62.825521
2342.794636,62.825521
2342.921664,62.825521
2343.048693,62.239583
2343.175722,62.174479
2343.302751,58.789062
2343.42978,58.789062
2343.556809,56.835938
2343.683838,56.835938
2344.064925,56.901042
2344.191954,56.901042
2344.318983,56.901042
2344.446012,56.901042
2344.573041,56.901042
2344.70007,56.901042
2344.827098,56.901042
2344.954127,56.835938
2345.081156,55.664062
2345.208185,55.664062
2345.335214,55.143229
2345.462243,55.143229
2345.589272,55.013021
2345.716301,55.013021
2345.84333,55.013021
2345.970359,55.013021
2346.097388,51.497396
2346.224417,51.497396
2346.351446,51.367188
2346.478475,51.367188
2346.605504,51.236979
2346.732532,51.236979
2346.859561,52.929688
2346.98659,52.929688
2347.113619,53.059896
2347.240648,53.059896
2347.367677,53.059896
2347.494706,53.059896
2347.621735,53.059896
2347.748764,53.059896
2347.875793,53.059896
2348.002822,53.059896
2348.129851,50.455729
2348.25688,50.455729
2348.383909,50.455729
2348.510938,50.455729
2348.6379660000002,50.455729
2348.764995,50.455729
2348.892024,49.804688
2349.019053,49.804688
2350.162314,56.315104
2350.289343,56.315104
2350.416372,57.356771
2350.543401,57.356771
2350.6704290000002,57.356771
2350.797458,57.356771
2350.924487,58.398438
2351.051516,58.398438
2351.178545,58.398438
2351.305574,58.398438
2351.432603,58.398438
2351.559632,58.398438
2351.686661,58.398438
2351.81369,57.877604
2351.940719,57.877604
2352.067748,50.325521
2352.194777,50.325521
2352.321806,50.325521
2352.448835,50.325521
2352.575863,50.325521
2352.7028920000002,50.325521
2352.829921,50.325521
2352.9569500000002,54.882812
2353.083979,54.882812
2353.211008,56.054688
2353.338037,56.054688
2353.465066,56.054688
2353.592095,56.054688
2353.719124,56.054688
2353.846153,56.054688
2353.973182,56.054688
2354.354269,62.304688
2354.608326,62.955729
2354.7353550000003,63.020833
2354.862384,63.020833
2354.9894130000002,63.020833
2355.116442,63.020833
2355.243471,63.020833
2355.3705,63.020833
2355.497529,63.020833
2355.624558,62.825521
2355.751587,62.825521
2355.878616,62.304688
2356.005645,62.304688
2356.132674,61.653646
2356.259703,61.653646
2356.386731,61.653646
2356.51376,61.653646
2356.640789,59.179688
2356.7678180000003,59.179688
2356.894847,56.184896
2357.0218760000002,56.184896
2357.148905,54.101562
2357.2759340000002,54.101562
2357.402963,53.320312
2357.529992,53.255208
2357.657021,52.929688
2357.78405,52.864583
2357.911079,51.041667
2358.038108,51.041667
2358.165137,48.372396
2358.5462230000003,50.651042
2358.673252,50.716146
2358.800281,50.78125
2358.92731,50.846354
2359.0543390000003,51.432292
2359.181368,51.432292
2359.3083970000002,51.432292
2359.435426,51.432292
2359.562455,51.432292
2359.689484,51.432292
2359.816513,51.432292
2359.943542,55.924479
2360.070571,55.924479
2360.1976,55.924479
2360.3246280000003,55.924479
2360.451657,55.924479
2360.578686,55.924479
2360.705715,55.924479
2360.8327440000003,55.924479
2360.959773,59.049479
2361.086802,59.049479
2361.213831,59.049479
2361.3408600000002,59.049479
2361.467889,59.049479
2361.5949180000002,59.049479
2361.721947,59.049479
2361.848976,59.049479
2363.75441,66.471354
2363.8814390000002,66.471354
2364.008468,66.731771
2364.135496,66.731771
2364.262525,66.992188
2364.389554,66.992188
2364.516583,66.992188
2364.643612,66.992188
2364.770641,66.992188
2364.8976700000003,66.992188
2365.024699,66.992188
2365.151728,66.992188
2365.278757,66.601562
2365.4057860000003,66.601562
2365.532815,66.601562
2365.6598440000002,66.601562
2366.294988,63.997396
2366.422017,63.997396
2366.549046,63.997396
2366.6760750000003,63.997396
2366.803104,63.997396
2366.930133,63.997396
2367.057162,63.997396
2367.1841910000003,63.997396
2367.31122,63.867188
2367.438249,63.867188
2367.565278,63.085938
2367.6923070000003,63.085938
2367.819336,63.085938
2367.9463650000002,63.085938
2368.073393,63.085938
2368.200422,63.085938
2368.327451,63.085938
2368.45448,63.085938
2368.581509,63.085938
2368.708538,63.085938
2368.835567,63.085938
2368.9625960000003,63.085938
2369.089625,63.085938
2369.216654,63.085938
2369.343683,62.565104
2369.4707120000003,62.565104
2369.597741,61.914062
2369.72477,61.914062
2369.851799,61.653646
2369.978827,61.653646
2374.42484,64.257812
2374.551869,64.257812
2374.678898,64.257812
2374.8059270000003,64.257812
2374.932956,64.257812
2375.059985,64.257812
2375.187014,64.257812
2375.3140430000003,64.257812
2375.441072,63.736979
2375.568101,63.736979
2375.69513,93.489583
2375.822158,93.489583
2375.949187,93.489583
2376.076216,93.489583
2376.203245,93.489583
2376.330274,93.489583
2376.457303,93.489583
2376.584332,63.736979
2376.711361,63.476562
2376.83839,63.476562
2376.965419,63.476562
2377.0924480000003,63.476562
2377.219477,64.257812
2377.346506,64.257812
2377.473535,64.388021
2377.6005640000003,64.388021
2377.727592,64.518229
2377.854621,64.518229
2377.98165,64.518229
2378.108679,64.518229
2378.235708,64.518229
2378.362737,64.518229
2378.489766,64.518229
2378.616795,64.518229
2378.743824,66.210938
2378.870853,66.210938
2378.997882,66.210938
2379.124911,66.210938
2379.25194,66.210938
2379.3789690000003,66.210938
2379.505998,66.210938
2379.633026,66.210938
2379.760055,66.210938
2379.887084,66.210938
2380.014113,66.210938
2380.141142,66.210938
2380.268171,66.992188
2380.3952,66.992188
2380.522229,67.122396
2380.649258,67.122396
2380.776287,67.122396
2380.903316,67.122396
2381.030345,67.122396
2381.157374,67.122396
2381.284403,67.122396
2381.411432,67.122396
2381.538461,66.601562
2381.665489,66.601562
2381.792518,66.601562
2381.919547,66.601562
2382.046576,66.731771
2382.173605,66.731771
2382.300634,66.731771
2382.427663,66.731771
2382.554692,66.731771
2382.681721,66.731771
2382.80875,66.731771
2382.935779,66.731771
2383.062808,66.471354
2383.189837,66.471354
2383.316866,65.950521
2383.4438950000003,65.950521
2383.570923,65.690104
2383.697952,65.690104
2383.824981,65.559896
2383.95201,65.559896
2384.079039,65.429688
2384.206068,65.429688
2384.333097,65.039062
2384.460126,65.039062
2384.587155,64.257812
2384.714184,64.257812
2384.841213,64.257812
2384.968242,64.257812
2385.095271,64.388021
2385.2223,64.388021
2385.349329,64.388021
2385.476357,64.388021
2385.603386,64.388021
2385.730415,64.388021
2385.857444,64.388021
2385.984473,64.388021
2386.111502,64.388021
2386.238531,64.388021
2386.36556,64.388021
2386.492589,64.388021
2386.619618,64.388021
2386.746647,64.388021
2386.873676,63.736979
2387.000705,63.736979
2387.127734,63.736979
2387.254763,63.736979
2387.381791,63.476562
2387.50882,63.476562
2387.6358490000002,63.476562
2387.762878,63.476562
2387.889907,62.955729
2388.016936,62.955729
2388.143965,62.825521
2388.270994,62.825521
2390.811573,62.955729
2390.938602,63.020833
2391.065631,63.085938
2391.19266,63.085938
2391.319688,63.085938
2391.446717,63.085938
2391.573746,63.085938
2391.7007750000002,64.0625
2391.827804,64.127604
2391.954833,64.322917
2392.081862,64.388021
2392.208891,64.388021
2392.33592,64.388021
2392.462949,64.453125
2392.589978,64.453125
2392.717007,64.453125
2392.844036,64.453125
2392.971065,64.453125
2393.098094,64.453125
2393.225122,64.453125
2394.241354,67.317708
2394.368383,67.382812
2394.495412,67.382812
2394.622441,67.382812
2394.74947,67.382812
2394.876499,67.382812
2395.003528,67.382812
2395.130556,67.382812
2395.2575850000003,67.382812
2395.384614,66.927083
2395.511643,66.927083
2395.638672,66.927083
2395.7657010000003,66.927083
2395.89273,66.731771
2396.019759,66.666667
2396.146788,66.601562
2396.2738170000002,66.601562
2396.400846,67.382812
2396.527875,67.382812
2396.654904,67.382812
2396.781933,67.382812
2396.908962,67.382812
2397.0359900000003,67.382812
2397.163019,67.382812
2397.290048,67.382812
2397.417077,68.164062
2397.5441060000003,68.164062
2397.671135,68.164062
2397.798164,68.164062
2397.925193,68.164062
2398.0522220000003,68.164062
2398.179251,68.164062
2398.30628,68.164062
2403.00635,69.856771
2403.133379,69.856771
2403.260408,69.856771
2403.3874370000003,69.856771
2403.514466,69.856771
2403.641495,69.856771
2403.768524,69.856771
2403.8955530000003,69.856771
2404.022582,69.726562
2404.149611,69.726562
2404.27664,69.726562
2404.4036690000003,69.726562
2404.530698,69.726562
2404.657727,69.726562
2404.784755,69.726562
2404.911784,69.726562
2405.038813,69.726562
2405.1658420000003,69.726562
2405.292871,69.726562
2405.4199,69.726562
2405.546929,69.726562
2405.6739580000003,69.726562
2406.1820740000003,66.731771
2406.309103,66.731771
2406.436132,66.731771
2406.563161,66.731771
2406.6901900000003,66.731771
2406.817218,66.731771
2406.944247,66.731771
2407.071276,63.997396
2407.198305,63.997396
2407.325334,63.997396
2407.4523630000003,63.997396
2407.579392,63.997396
2407.706421,63.997396
2407.83345,64.388021
2407.9604790000003,64.388021
2408.087508,64.388021
2408.214537,64.388021
2408.341566,64.388021
2408.4685950000003,64.388021
2408.595624,65.429688
2408.722652,65.429688
2408.849681,65.690104
2408.97671,65.690104
2409.103739,65.690104
2409.230768,65.690104
2409.357797,65.690104
2409.484826,65.690104
2409.611855,65.690104
2409.7388840000003,65.690104
2409.865913,65.690104
2409.992942,65.690104
2410.119971,64.778646
2410.2470000000003,64.713542
2410.374029,63.867188
2410.501058,63.671875
2410.628086,63.671875
2410.755115,63.671875
2410.882144,61.979167
2411.009173,61.979167
2411.136202,56.510417
2411.263231,56.510417
2411.39026,56.510417
2411.517289,56.510417
2411.644318,56.510417
2411.771347,56.510417
2413.8038100000003,64.257812
2413.930839,64.322917
2414.057868,64.322917
2414.184897,64.322917
2414.3119260000003,64.322917
2414.438955,64.322917
2414.565983,64.322917
2414.693012,65.169271
2414.820041,65.169271
2414.94707,65.169271
2415.074099,65.169271
2415.201128,65.169271
2415.328157,65.169271
2415.455186,65.169271
2415.582215,65.169271
2415.963302,68.033854
2416.0903310000003,68.033854
2416.21736,68.294271
2416.344389,68.294271
2416.471417,68.294271
2416.598446,68.294271
2416.725475,68.294271
2416.852504,68.294271
2416.979533,68.294271
2417.106562,68.294271
2417.233591,68.945312
2417.36062,68.945312
2417.487649,69.466146
2417.614678,69.466146
2417.741707,69.466146
2417.868736,69.466146
2417.995765,69.466146
2418.122794,69.466146
2418.249823,69.466146
2418.376851,69.466146
2423.585038,74.934896
2423.712067,74.934896
2423.839096,75.195312
2423.966125,75.195312
2424.093154,75.325521
2424.220182,75.325521
2424.3472110000002,75.325521
2424.47424,75.325521
2424.601269,75.325521
2424.728298,75.325521
2424.855327,75.325521
2424.982356,75.325521
2425.109385,69.986979
2425.236414,69.986979
2425.363443,66.471354
2425.490472,66.40625
2425.617501,66.210938
2425.74453,66.145833
2425.871559,65.169271
2425.998588,65.104167
2426.1256160000003,64.648438
2426.252645,64.583333
2426.379674,61.71875
2426.506703,61.71875
2426.6337320000002,61.71875
2426.760761,61.71875
2427.649964,63.411458
2427.776993,63.411458
2427.904022,63.671875
2428.03105,63.671875
2428.158079,63.932292
2428.285108,63.932292
2428.4121370000003,63.932292
2428.539166,63.932292
2428.666195,63.932292
2428.793224,63.932292
2428.9202530000002,63.932292
2429.047282,63.932292
2429.174311,59.179688
2429.30134,59.179688
2429.428369,59.179688
2429.555398,59.179688
2429.682427,56.25
2429.809456,56.25
2429.936484,56.25
2430.063513,56.25
2430.1905420000003,55.859375
2430.317571,55.859375
2430.4446,53.385417
2430.571629,53.385417
2430.6986580000003,53.125
2430.825687,53.125
2430.952716,52.734375
2431.079745,52.734375
2431.206774,52.083333
2431.333803,52.083333
2431.460832,51.5625
2431.587861,51.5625
2431.71489,51.5625
2431.841919,51.5625
2431.9689470000003,51.5625
2432.095976,51.5625
2432.223005,56.770833
2432.350034,56.770833
2432.4770630000003,56.770833
2432.604092,56.770833
2432.731121,69.010417
2432.85815,69.010417
2432.9851790000002,69.010417
2433.112208,69.010417
2433.239237,69.010417
2433.366266,69.010417
2433.493295,69.010417
2433.620324,67.578125
2433.747353,67.578125
2433.874381,67.578125
2434.00141,67.578125
2434.128439,67.578125
2434.2554680000003,67.578125
2437.431192,78.580729
2437.5582210000002,78.580729
2437.685249,78.580729
2437.8122780000003,78.580729
2437.939307,78.580729
2438.066336,78.580729
2438.193365,78.580729
2438.3203940000003,78.580729
2438.447423,78.580729
2438.574452,78.580729
2438.701481,78.580729
2438.8285100000003,78.580729
2438.955539,78.580729
2439.082568,78.580729
2439.209597,78.320312
2439.3366260000003,78.320312
2439.717712,69.140625
2439.844741,69.140625
2439.97177,69.140625
2440.0987990000003,69.140625
2440.225828,69.140625
2440.352857,69.140625
2440.479886,69.140625
2440.6069150000003,69.140625
2440.733944,65.885417
2440.860973,65.885417
2440.988002,65.885417
2441.1150310000003,65.885417
2441.24206,65.885417
2441.369089,65.885417
2441.496118,65.885417
2441.623146,65.885417
2441.750175,65.885417
2441.877204,65.885417
2444.290754,69.270833
2444.417783,69.270833
2444.544812,69.270833
2444.6718410000003,69.270833
2444.79887,69.270833
2444.925899,69.270833
2445.052928,69.270833
2445.1799570000003,69.270833
2445.306986,69.270833
2445.434014,69.270833
2446.069159,68.359375
2446.196188,68.359375
2446.323217,68.359375
2446.4502460000003,68.359375
2446.577275,68.359375
2446.704304,68.359375
2446.831333,68.359375
2446.9583620000003,68.359375
2447.085391,66.927083
2447.21242,66.927083
2447.593506,64.713542
2447.720535,64.713542
2447.847564,64.713542
2447.974593,64.713542
2448.101622,64.713542
2448.228651,64.713542
2448.35568,64.713542
2448.482709,64.713542
2448.609738,64.322917
2448.7367670000003,64.322917
2448.863796,64.322917
2448.990825,64.322917
2449.117854,64.322917
2449.2448830000003,64.322917
2449.371911,64.322917
2449.49894,64.322917
2449.625969,64.322917
2449.752998,64.322917
2450.134085,64.322917
2450.261114,64.322917
2450.388143,64.322917
2450.515172,64.322917
2450.642201,64.322917
2450.76923,64.322917
2450.896259,64.322917
2451.0232880000003,64.322917
2451.150317,57.552083
2451.277345,57.552083
2451.404374,57.552083
2451.531403,57.552083
2451.658432,57.421875
2451.785461,57.356771
2451.91249,56.770833
2452.039519,56.705729
2452.166548,54.492188
2452.293577,54.492188
2452.420606,54.492188
2452.547635,54.492188
2452.674664,54.492188
2452.801693,54.492188
2452.928722,53.971354
2453.055751,53.971354
2453.182779,48.893229
2453.309808,48.893229
2453.436837,45.117188
2453.563866,45.117188
2453.690895,45.117188
2453.817924,45.117188
2453.944953,45.117188
2454.071982,45.117188
2454.199011,42.382812
2454.32604,42.382812
2454.453069,42.382812
2454.580098,42.382812
2454.707127,42.382812
2454.834156,42.382812
2454.961185,42.382812
2455.0882140000003,42.382812
2456.485532,50.716146
2456.612561,50.716146
2456.73959,50.846354
2456.866619,50.846354
2456.993648,51.367188
2457.120676,51.367188
2457.247705,51.367188
2457.374734,51.367188
2457.501763,51.367188
2457.628792,51.367188
2457.755821,51.367188
2457.88285,51.367188
2458.009879,48.893229
2458.136908,48.893229
2458.263937,48.893229
2458.390966,48.893229
2458.772053,45.117188
2458.899082,45.117188
2459.02611,45.117188
2459.153139,45.117188
2459.2801680000002,45.117188
2459.407197,45.117188
2459.534226,45.117188
2459.661255,45.117188
2459.788284,44.986979
2459.915313,44.986979
2460.042342,44.986979
2460.169371,44.986979
2460.2964,44.986979
2460.423429,44.986979
2460.550458,43.033854
2460.677487,43.033854
2460.804516,43.033854
2460.931544,43.033854
2461.0585730000003,43.033854
2461.185602,43.033854
2461.312631,43.033854
2461.43966,43.033854
2461.566689,42.903646
2461.693718,42.903646
2461.947776,41.731771
2462.328863,38.867188
2462.455892,38.867188
2462.582921,38.867188
2462.70995,38.867188
2462.8369780000003,38.867188
2462.964007,38.867188
2463.091036,38.867188
2463.218065,38.867188
2463.3450940000002,38.867188
2463.472123,38.867188
2463.599152,38.867188
2463.726181,38.867188
2463.85321,38.802083
2463.980239,38.867188
2464.107268,38.867188
2464.234297,38.867188
2464.361326,38.867188
2464.488355,38.867188
2464.615384,38.867188
2464.742413,38.867188
2470.9668300000003,53.841146
2471.093859,53.841146
2471.220888,53.841146
2471.347917,53.841146
2471.4749460000003,53.841146
2471.601975,53.841146
2471.729004,53.841146
2471.856033,53.841146
2471.9830620000002,53.841146
2472.110091,53.841146
2472.23712,53.190104
2472.364149,53.190104
2472.491178,53.190104
2472.618206,53.190104
2472.7452350000003,53.190104
2472.872264,53.190104
2472.999293,53.190104
2473.126322,53.190104
2475.285814,33.463542
2475.412843,33.463542
2475.5398720000003,33.463542
2475.666901,33.463542
2475.79393,33.463542
2475.920959,33.463542
2476.0479880000003,33.463542
2476.175017,33.463542
2477.572335,50.651042
2477.699364,50.716146
2477.8263930000003,50.78125
2478.080451,51.171875
2478.20748,51.236979
2478.334508,51.236979
2478.461537,51.236979
2478.588566,51.236979
2478.715595,55.533854
2478.842624,55.533854
2478.969653,55.533854
2479.0966820000003,55.533854
2479.223711,55.533854
2479.35074,55.533854
2479.477769,55.533854
2479.6047980000003,55.533854
2480.366971,0.78125
2480.494,59.179688
2480.621029,59.179688
2480.748058,59.179688
2480.875087,59.179688
2481.002116,59.179688
2481.129145,59.179688
2481.256174,59.179688
2481.3832030000003,59.179688
2481.510232,55.533854
2481.637261,55.533854
2481.76429,55.533854
2481.8913190000003,55.533854
2482.018348,55.533854
2482.145377,55.533854
2482.272405,53.190104
2482.399434,53.190104
2482.526463,53.190104
2482.653492,53.190104
2482.780521,53.190104
2482.90755,53.190104
2483.034579,53.190104
2483.161608,53.190104
2483.288637,53.190104
2483.415666,53.190104
2485.3211,62.044271
2485.4481290000003,62.044271
2485.575158,62.044271
2485.702187,62.044271
2485.829216,62.044271
2485.9562450000003,62.044271
2486.083273,62.044271
2486.210302,62.044271
2486.718418,0.78125
2486.845447,0.78125
2486.972476,0.78125
2487.099505,0.78125
2487.226534,0.78125
2487.353563,0.78125
2487.480592,0.78125
2487.607621,0.78125
2487.7346500000003,0.78125
2487.861679,0.78125
2488.623852,63.476562
2488.750881,63.476562
2488.87791,63.476562
2489.004939,63.476562
2489.131968,63.476562
2489.258997,63.476562
2489.386026,63.476562
2489.513055,63.476562
2489.640084,63.476562
2489.767113,63.476562
2489.894142,63.476562
2490.02117,63.476562
2490.148199,63.476562
2490.275228,63.476562
2490.402257,63.476562
2490.529286,63.476562
2490.656315,63.476562
2490.783344,63.476562
2490.910373,63.476562
2491.037402,63.476562
2491.164431,63.476562
2491.29146,63.476562
2491.418489,63.476562
2491.545518,63.476562
2491.672547,63.476562
2491.799576,63.476562
2491.926604,78.255208
2492.053633,79.6875
2492.180662,79.6875
2492.307691,79.6875
2492.43472,79.6875
2492.561749,79.6875
2492.688778,79.6875
2492.688778,63.140818
2492.8158070000004,63.140818
2492.942836,63.140818
2493.0698650000004,63.140818
2494.213125,66.709929
2494.340154,66.709929
2494.467183,66.709929
2494.594212,66.709929
2494.721241,66.709929
2494.8482700000004,66.709929
2494.975299,66.709929
2495.610443,67.942894
2495.7374720000003,67.942894
2495.864501,67.942894
2495.9915300000002,67.942894
2496.118559,68.07268
2496.245588,68.07268
2496.372617,68.07268
2496.499646,68.07268
2496.626675,68.07268
2496.753704,68.07268
2496.880733,68.07268
2497.007762,68.07268
2497.1347910000004,68.07268
2497.26182,68.07268
2497.3888490000004,68.07268
2497.515878,68.07268
2497.642906,68.07268
2497.7699350000003,68.07268
2497.896964,68.07268
2498.0239930000002,68.07268
2498.151022,67.683323
2498.2780510000002,67.683323
2498.40508,67.683323
2498.532109,67.683323
2498.659138,67.423751
2498.786167,67.423751
2498.913196,67.293965
2499.040225,67.293965
2499.167254,67.293965
2499.294283,67.293965
2499.4213120000004,67.293965
2499.5483400000003,67.293965
2499.675369,67.293965
2499.8023980000003,67.293965
2499.929427,67.293965
2500.0564560000003,67.293965
2500.183485,67.293965
2500.3105140000002,67.293965
2502.215948,67.293965
2502.3429770000002,67.293965
2502.470006,67.293965
2502.5970350000002,67.293965
2502.724064,67.293965
2502.851093,67.293965
2502.978122,67.293965
2503.105151,67.293965
2503.23218,67.293965
2503.3592080000003,67.293965
2503.486237,67.293965
2503.6132660000003,67.293965
2506.534932,69.110967
2506.6619610000002,69.110967
2506.78899,69.110967
2506.9160190000002,69.110967
2507.043048,69.110967
2507.170077,69.110967
2507.297105,69.240753
2507.4241340000003,69.240753
2507.551163,69.240753
2507.6781920000003,69.240753
2507.805221,69.240753
2507.9322500000003,69.240753
2508.059279,69.240753
2508.1863080000003,69.240753
2508.313337,69.240753
2508.4403660000003,69.240753
2508.567395,69.240753
2508.6944240000003,69.240753
2509.075511,69.110967
2509.2025390000003,69.110967
2509.329568,69.110967
2509.4565970000003,69.110967
2509.583626,69.110967
2509.7106550000003,69.110967
2509.837684,69.110967
2509.9647130000003,69.110967
2518.0945650000003,72.225827
2518.221594,72.225827
2518.3486230000003,72.225827
2518.475652,72.225827
2518.6026810000003,72.225827
2518.72971,72.225827
2518.8567380000004,72.225827
2518.983767,72.225827
2519.1107960000004,72.225827
2519.237825,72.225827
2519.3648540000004,72.225827
2519.491883,72.225827
2519.6189120000004,72.225827
2519.745941,72.225827
2519.8729700000004,72.225827
2520.762172,62.556781
2520.889201,62.556781
2521.01623,62.556781
2521.1432590000004,62.556781
2521.270288,62.556781
2521.3973170000004,62.556781
2521.524346,62.556781
2521.6513750000004,62.556781
2521.778404,62.556781
2521.9054330000004,62.556781
2529.7812270000004,78.26087
2529.908256,78.26087
2530.0352850000004,78.26087
2530.162314,78.26087
2530.2893430000004,78.26087
2530.416372,78.26087
2530.5434,78.26087
2530.6704290000002,78.26087
2530.797458,78.26087
2530.924487,78.26087
2531.051516,78.26087
2531.178545,78.26087
2531.305574,78.26087
2531.432603,78.26087
2531.559632,78.26087
2531.686661,78.26087
2531.8136900000004,78.26087
2531.940719,78.26087
2532.0677480000004,78.26087
2532.194777,78.26087
2532.3218060000004,78.26087
2534.354268,76.443868
2534.4812970000003,76.443868
2534.608326,76.443868
2534.7353550000003,76.443868
2534.862384,76.443868
2534.9894130000002,76.443868
2535.116442,76.443868
2535.243471,76.443868
2535.3705,76.443868
2535.497529,76.443868
2535.624558,76.443868
2535.751587,76.443868
2535.878616,76.443868
2536.005645,76.443868
2542.3570910000003,78.001298
2542.48412,78.001298
2542.6111490000003,78.001298
2542.738178,78.001298
2542.8652070000003,78.001298
2542.992236,78.001298
2543.1192650000003,78.001298
2543.246294,78.001298
2543.3733230000003,77.871512
2543.500352,77.871512
2546.04093,73.718365
2546.1679590000003,73.718365
2546.294988,73.718365
2546.4220170000003,73.718365
2546.549046,73.718365
2546.6760750000003,73.718365
2546.803104,73.718365
2546.9301330000003,73.653472
2547.057162,73.653472
2547.1841910000003,73.653472
2547.31122,73.264114
2547.4382490000003,73.264114
2547.565278,73.264114
2547.6923070000003,73.264114
2547.819336,73.264114
2547.9463640000004,73.264114
2548.073393,73.264114
2548.2004220000003,73.264114
2548.327451,73.264114
2548.4544800000003,73.264114
2548.581509,73.264114
2548.7085380000003,73.264114
2548.835567,73.264114
2548.9625960000003,73.264114
2554.678898,67.553537
2554.8059270000003,67.553537
2554.932956,67.553537
2555.0599850000003,67.553537
2555.187014,67.553537
2555.3140430000003,67.553537
2555.441072,67.553537
2555.5681010000003,67.553537
2555.695129,67.164179
2555.8221580000004,67.164179
2555.949187,67.164179
2556.0762160000004,67.164179
2556.203245,67.164179
2556.3302740000004,67.164179
2556.457303,67.164179
2556.5843320000004,67.164179
2556.711361,67.164179
2556.8383900000003,67.164179
2556.965419,67.034393
2557.0924480000003,67.034393
2557.219477,67.034393
2557.3465060000003,67.034393
2557.473535,67.034393
2557.600563,67.034393
2557.727592,67.034393
2557.8546210000004,67.034393
2557.98165,66.774822
2558.1086790000004,66.774822
2558.235708,66.385464
2558.3627370000004,66.385464
2558.489766,66.385464
2558.6167950000004,66.385464
2558.743824,66.385464
2558.8708530000004,66.385464
2558.997882,66.385464
2559.1249110000003,66.385464
2559.25194,66.385464
2559.3789690000003,66.385464
2559.505997,66.385464
2559.633026,66.385464
2559.760055,66.385464
2559.887084,66.385464
2565.2223000000004,63.919533
2565.3493280000002,63.984426
2565.476357,63.984426
2565.6033860000002,63.984426
2565.730415,63.984426
2565.857444,63.984426
2565.984473,63.984426
2566.111502,63.984426
2566.238531,63.984426
2566.36556,63.984426
2566.4925890000004,63.984426
2566.619618,63.984426
2566.7466470000004,63.984426
2566.873676,63.984426
2567.0007050000004,63.984426
2567.127734,63.984426
2567.254762,63.984426
2567.3817910000002,63.984426
2567.50882,63.984426
2567.6358490000002,63.984426
2567.762878,63.984426
2567.889907,63.984426
2568.016936,63.984426
2568.143965,63.984426
2568.270994,63.984426
2568.398023,63.984426
2568.525052,63.984426
2571.9548330000002,63.335496
2572.081862,63.335496
2572.208891,63.335496
2572.33592,63.335496
2572.462949,63.335496
2572.589978,63.335496
2572.717007,63.335496
2572.8440360000004,63.335496
2572.971065,63.335496
2573.098093,63.335496
2573.2251220000003,63.335496
2573.352151,63.335496
2573.4791800000003,63.205711
2573.606209,63.270604
2573.7332380000003,63.335496
2573.860267,63.335496
2573.9872960000002,63.335496
2574.114325,63.335496
2574.2413540000002,63.335496
2574.368383,63.335496
2574.495412,63.335496
2574.622441,63.335496
2578.179251,63.140818
2578.3062800000002,63.205711
2578.433309,63.205711
2578.5603380000002,63.205711
2578.687367,63.205711
2578.814396,63.205711
2578.941424,63.205711
2579.0684530000003,63.205711
2579.195482,63.140818
2579.5765690000003,62.556781
2580.211714,62.037638
2580.3387430000002,62.037638
2580.465772,62.167424
2580.5928010000002,62.167424
2580.71983,62.167424
2580.8468580000003,62.167424
2580.973887,62.167424
2581.1009160000003,62.167424
2581.227945,62.167424
2581.3549740000003,62.167424
2581.482003,62.167424
2581.6090320000003,62.167424
2581.736061,62.167424
2581.8630900000003,62.167424
2581.990119,62.037638
2582.1171480000003,62.037638
2582.244177,62.037638
2582.3712060000003,62.037638
2582.498235,62.037638
2582.6252640000002,62.037638
2582.752292,62.037638
2582.8793210000003,62.037638
2583.00635,62.037638
2583.260408,62.037638
2583.3874370000003,62.037638
2583.514466,62.037638
2583.6414950000003,62.037638
2583.768524,62.037638
2583.8955530000003,62.037638
2584.022582,62.037638
2622.8934360000003,51.979234
2623.020465,51.979234
2623.1474940000003,51.979234
2623.274523,51.979234
2623.4015510000004,51.979234
2623.52858,51.979234
2623.6556090000004,51.979234
2623.782638,48.280337
2623.9096670000004,48.280337
2624.036696,48.280337
2624.1637250000003,47.501622
2624.290754,47.501622
2624.544812,43.608047
2624.6718410000003,43.478261
2624.79887,43.478261
2626.7043040000003,56.716418
2626.831333,56.716418
2626.9583620000003,56.846204
2627.085391,56.846204
2627.2124190000004,56.846204
2627.339448,56.846204
2627.4664770000004,56.846204
2627.593506,56.846204
2627.7205350000004,56.846204
2627.847564,56.846204
2627.9745930000004,56.846204
2628.101622,56.846204
2628.2286510000004,56.846204
2628.35568,56.846204
2628.35568,64.304291
2628.4827090000003,64.304291
2628.609738,64.304291
2628.863796,2.145644
2628.9908250000003,2.145644
2629.117854,2.145644
2629.2448830000003,2.015605
2629.371911,2.015605
2629.49894,2.145644
2629.625969,2.145644
2629.752998,2.405722
2629.880027,2.405722
2630.007056,2.405722
2630.134085,2.405722
2630.261114,2.405722
2630.388143,2.405722
2630.5151720000003,2.405722
2630.642201,2.405722
2630.7692300000003,2.275683
2630.896259,2.275683
2631.0232880000003,2.145644
2631.150317,2.145644
2631.277345,1.235371
2631.404374,1.235371
2631.531403,1.235371
2631.658432,1.235371
2631.785461,1.235371
2631.91249,1.235371
2632.039519,1.235371
2632.166548,1.235371
2632.293577,0.975293
2632.420606,0.975293
2632.547635,0.975293
2632.674664,0.975293
2632.8016930000003,0.975293
2632.928722,0.975293
2633.0557510000003,0.845254
2633.18278,0.845254
2633.309808,0.845254
2633.436837,0.845254
2633.563866,0.845254
2633.690895,0.845254
2633.817924,0.325098
2633.944953,0.325098
2634.071982,0.325098
2634.199011,0.325098
2634.32604,0.325098
2634.453069,0.325098
2634.580098,0.325098
2634.707127,0.325098
2636.104445,5.786736
2636.231474,5.786736
2636.358503,5.916775
2636.485532,5.916775
2636.612561,5.916775
2636.73959,5.916775
2636.866619,5.916775
2636.993648,5.916775
2637.120676,5.916775
2637.247705,5.916775
2637.374734,5.916775
2637.501763,5.916775
2637.628792,5.916775
2637.755821,5.916775
2641.693718,6.176853
2641.820747,6.176853
2641.947776,6.176853
2642.074805,6.176853
2642.201834,6.176853
2642.328863,6.176853
2642.455892,6.176853
2642.582921,6.176853
2645.250528,6.306892
2645.3775570000003,6.306892
2645.504586,6.306892
2645.6316150000002,6.306892
2645.758644,6.306892
2645.885673,6.306892
2646.012702,6.306892
2646.139731,6.306892
2646.26676,6.306892
2646.393789,6.306892
2648.045165,5.136541
2648.172194,5.136541
2648.299223,5.136541
2648.426252,5.136541
2648.553281,5.136541
2648.6803090000003,5.136541
2648.807338,5.136541
2648.9343670000003,5.136541
2649.061396,5.136541
2649.1884250000003,5.136541
2649.315454,5.136541
2649.4424830000003,5.136541
2649.569512,5.136541
2649.6965410000003,5.136541
2649.82357,5.136541
2649.9505990000002,5.136541
2650.077628,5.786736
2650.204657,5.786736
2650.331686,5.786736
2650.458715,5.786736
2650.585744,5.786736
2650.7127720000003,5.786736
2650.839801,6.56697
2650.9668300000003,6.56697
2651.093859,6.697009
2651.2208880000003,6.697009
2651.347917,6.697009
2651.4749460000003,6.697009
2651.601975,6.697009
2651.7290040000003,6.697009
2651.856033,6.697009
2651.9830620000002,6.697009
2652.110091,6.697009
2652.2371200000002,6.697009
2652.364149,6.697009
2652.491178,6.697009
2652.618206,6.56697
2652.7452350000003,6.56697
2652.872264,6.56697
2652.9992930000003,6.56697
2653.126322,6.56697
2653.2533510000003,6.56697
2653.634438,6.56697
2653.7614670000003,6.56697
2653.888496,6.56697
2654.0155250000003,6.56697
2654.142554,6.697009
2654.2695830000002,6.697009
2654.396612,6.697009
2654.5236400000003,6.697009
2654.650669,6.697009
2654.7776980000003,6.697009
2654.904727,6.697009
2655.0317560000003,6.697009
2655.158785,6.56697
2655.2858140000003,6.56697
2657.953422,6.56697
2658.0804510000003,6.56697
2658.20748,6.56697
2658.3345090000003,6.56697
2658.461537,6.56697
2658.588566,6.56697
2658.715595,6.56697
2658.8426240000003,6.56697
2658.969653,6.56697
2659.0966820000003,6.56697
2659.223711,6.56697
2659.3507400000003,6.56697
2659.477769,6.56697
2659.6047980000003,6.56697
2659.731827,6.56697
2659.8588560000003,6.56697
2659.985885,6.56697
2660.1129140000003,6.56697
2660.239943,6.046814
2660.366971,6.046814
2660.494,6.046814
2660.621029,6.046814
2660.748058,6.56697
2660.8750870000003,6.56697
2661.002116,6.56697
2661.1291450000003,6.56697
2661.256174,6.56697
2661.3832030000003,6.56697
2661.510232,6.56697
2661.6372610000003,6.56697
2661.76429,6.56697
2661.8913190000003,6.56697
2662.018348,5.916775
2662.1453770000003,5.916775
2662.272405,5.916775
2662.399434,5.916775
2662.526463,5.916775
2662.653492,5.916775
2662.780521,5.916775
2662.90755,5.916775
2663.034579,5.786736
2663.1616080000003,5.786736
2663.288637,5.006502
2663.4156660000003,5.006502
2663.542695,5.006502
2663.6697240000003,5.006502
2663.796753,5.006502
2663.9237820000003,5.006502
2664.050811,5.786736
2664.177839,5.786736
2664.304868,5.916775
2664.431897,5.916775
2664.558926,5.916775
2664.685955,5.916775
2664.812984,5.916775
2664.940013,5.916775
2665.067042,5.916775
2665.194071,5.916775
2665.3211,5.916775
2665.4481290000003,5.916775
2665.575158,5.916775
2665.7021870000003,5.916775
2665.829216,5.916775
2665.9562450000003,5.916775
2666.083274,5.006502
2666.210302,5.006502
2666.337331,5.006502
2666.46436,5.006502
2666.591389,5.006502
2666.718418,5.006502
2666.845447,5.006502
2666.972476,5.006502
2667.099505,5.006502
2667.226534,5.006502
2667.353563,5.006502
2667.4805920000003,5.006502
2667.607621,5.006502
2667.7346500000003,5.006502
2667.861679,5.006502
2667.9887080000003,5.006502
2668.115736,5.006502
2668.242765,5.006502
2668.369794,5.006502
2668.496823,5.006502
2670.402257,5.20156
2670.529286,5.20156
2670.656315,5.20156
2670.783344,5.20156
2670.910373,5.20156
2671.037402,5.20156
2671.164431,5.20156
2671.29146,5.136541
2671.418489,5.071521
2671.545518,5.006502
2671.672547,4.031209
2671.7995760000003,4.031209
2671.926604,4.031209
2672.053633,4.031209
2672.180662,4.031209
2672.307691,3.96619
2672.43472,2.990897
2672.561749,2.990897
2672.688778,2.990897
2672.815807,2.990897
2672.942836,2.340702
2673.069865,2.340702
2673.196894,2.340702
2673.323923,2.340702
2673.450952,2.080624
2673.577981,2.080624
2673.70501,2.080624
2673.832039,2.080624
2673.9590670000002,2.080624
2674.086096,2.080624
2674.213125,2.080624
2674.340154,2.080624
2674.467183,2.080624
2674.594212,2.080624
2674.721241,2.080624
2674.84827,2.080624
2674.975299,2.080624
2675.102328,2.080624
2675.229357,2.080624
2675.356386,2.080624
2675.483415,2.080624
2675.610444,2.080624
2675.737473,2.080624
2675.864501,2.080624
2675.9915300000002,2.080624
2676.118559,2.080624
2676.245588,1.950585
2676.372617,1.950585
2676.499646,1.950585
2676.626675,1.950585
2676.753704,1.820546
2676.880733,1.820546
2677.007762,1.170351
2677.134791,1.170351
2677.26182,1.170351
2677.388849,1.170351
2677.515878,0.780234
2677.642907,0.780234
2677.7699350000003,0.780234
2677.896964,0.780234
2678.0239930000002,0.780234
2678.151022,0.780234
2678.2780510000002,0.780234
2678.40508,0.780234
2678.532109,0.780234
2679.294283,0.910273
2679.421312,0.910273
2679.548341,0.910273
2679.675369,0.910273
2679.8023980000003,0.910273
2679.929427,0.910273
2680.0564560000003,0.910273
2680.183485,0.910273
2680.3105140000002,0.910273
2680.437543,0.910273
2680.564572,1.560468
2680.691601,1.560468
2680.81863,1.560468
2680.945659,1.560468
2681.072688,1.560468
2681.199717,1.560468
2681.326746,1.560468
2681.453775,1.560468
2681.580804,1.560468
2681.707832,1.560468
2681.8348610000003,1.560468
2681.96189,1.560468
2682.0889190000003,1.560468
2682.215948,1.560468
2682.3429770000002,1.560468
2682.470006,1.560468
2682.5970350000002,1.560468
2682.724064,1.560468
2682.851093,1.560468
2682.978122,1.560468
2683.105151,1.560468
2683.23218,1.560468
2685.137614,2.730819
2685.264643,2.730819
2685.391672,2.730819
2685.5187,2.730819
2685.6457290000003,2.730819
2685.772758,2.730819
2685.8997870000003,2.730819
2686.026816,2.730819
2686.1538450000003,2.730819
2686.280874,2.730819
2688.1863080000003,1.950585
2688.313337,1.950585
2688.4403660000003,1.950585
2688.567395,1.950585
2688.6944240000003,1.950585
2688.821453,1.950585
2688.9484820000002,1.950585
2689.075511,1.950585
2689.20254,1.950585
2689.329568,1.950585
2689.4565970000003,1.30039
2689.583626,1.30039
2689.7106550000003,1.30039
2689.837684,1.30039
2689.9647130000003,1.170351
2690.091742,1.170351
2690.2187710000003,0.780234
2690.3458,0.780234
2690.4728290000003,0.780234
2690.599858,0.780234
2690.7268870000003,0.780234
2690.853916,0.780234
2690.9809450000002,0.780234
2691.107974,0.780234
2691.2350030000002,0.780234
2691.362031,0.780234
2691.4890600000003,0.260078
2691.616089,0.260078
2693.0134080000003,5.851756
2693.140437,5.851756
2693.267465,5.851756
2693.394494,5.851756
2693.5215230000003,5.851756
2693.648552,5.851756
2693.7755810000003,5.851756
2693.90261,5.851756
2737.727592,9.882965
2737.854621,9.882965
2737.98165,9.882965
2738.108679,9.882965
2738.235708,9.882965
2738.362737,9.882965
2738.489766,9.882965
2738.616795,9.882965
2768.722652,6.957087
2768.849681,6.957087
2768.97671,6.957087
2769.103739,6.957087
2769.2307680000004,6.957087
2769.357797,6.957087
2769.484826,6.957087
2769.611855,6.957087
2769.7388840000003,6.957087
2769.865913,6.957087
2769.9929420000003,6.957087
2770.119971,6.957087
2770.2470000000003,6.827048
2770.374029,6.827048
2770.5010580000003,6.827048
2770.628086,6.827048
2770.755115,6.827048
2770.882144,6.827048
2771.009173,6.827048
2771.136202,6.827048
2771.263231,6.827048
2771.39026,6.827048
2771.5172890000003,6.827048
2771.644318,6.827048
2771.7713470000003,6.827048
2771.898376,6.827048
2772.0254050000003,6.827048
2772.152434,6.827048
2772.2794630000003,6.827048
2772.406492,6.827048
2772.5335210000003,6.827048
2772.660549,6.827048
2772.787578,6.827048
2772.914607,6.827048
2773.041636,6.827048
2773.168665,6.827048
2773.295694,6.827048
2773.422723,6.827048
2773.549752,6.827048
2773.676781,6.827048
2773.8038100000003,6.827048
2773.930839,6.827048
2774.0578680000003,6.827048
2774.184897,6.827048
2774.3119260000003,6.827048
2774.438955,6.827048
2774.565983,6.957087
2774.693012,6.957087
2774.820041,6.957087
2774.94707,6.957087
2775.074099,6.957087
2775.201128,6.957087
2775.328157,6.957087
2775.455186,6.957087
2775.5822150000004,6.827048
2775.709244,6.827048
2775.836273,6.827048
2775.963302,6.827048
2776.0903310000003,6.827048
2776.21736,6.827048
2779.139025,9.947984
2779.266054,9.947984
2779.393083,9.947984
2779.520112,9.947984
2779.647141,9.947984
2779.77417,9.947984
2779.901199,9.947984
2780.028228,9.947984
2780.1552570000003,9.687906
2780.282286,9.687906
2783.203951,6.827048
2783.33098,6.827048
2783.458009,6.827048
2783.585038,6.827048
2783.712067,6.827048
2783.839096,6.827048
2783.966125,6.827048
2784.093154,6.827048
2795.906844,6.827048
2796.0338730000003,6.827048
2796.160902,6.827048
2796.2879310000003,6.827048
2796.41496,6.827048
2796.5419890000003,6.827048
2796.669018,6.827048
2796.7960470000003,6.827048
2796.923076,6.827048
2797.0501050000003,6.827048
2797.177134,6.827048
2797.3041630000002,6.827048
2797.431192,6.827048
2797.5582210000002,6.827048
2804.6718410000003,10.663199
2804.79887,10.728218
2804.9258990000003,10.728218
2805.052928,10.728218
2805.1799570000003,10.728218
2805.306986,10.728218
2805.4340150000003,10.728218
2805.561043,10.728218
2805.688072,10.728218
2805.815101,10.728218
2805.9421300000004,10.728218
2807.466477,9.882965
2807.593506,9.947984
2807.720535,9.947984
2807.847564,9.947984
2807.974593,10.013004
2808.101622,10.078023
2808.2286510000004,10.143043
2808.35568,10.143043
2808.482709,10.143043
2808.609738,10.143043
2808.7367670000003,10.143043
2808.863796,10.728218
2808.9908250000003,10.728218
2809.117854,10.728218
2809.2448830000003,10.728218
2809.371911,10.728218
2809.49894,10.728218
2809.625969,10.728218
2809.752998,10.728218
2809.880027,10.728218
2810.007056,10.728218
2810.134085,10.728218
2810.261114,10.728218
2810.388143,10.728218
2810.5151720000003,10.728218
2810.642201,10.728218
2810.76923,10.728218
2810.896259,10.728218
2811.0232880000003,10.728218
2814.834156,14.174252
2814.961185,14.174252
2815.0882140000003,14.174252
2815.215242,14.174252
2815.342271,14.174252
2815.4693,14.174252
2815.596329,14.174252
2817.247705,13.719116
2817.374734,13.719116
2817.501763,13.719116
2817.628792,13.719116
2817.755821,13.719116
2817.88285,13.719116
2818.009879,13.719116
2818.136908,13.719116
2818.263937,13.719116
2818.390966,13.719116
2818.772053,13.719116
2818.899082,13.719116
2819.0261100000002,13.719116
2819.153139,13.719116
2819.2801680000002,13.719116
2819.407197,13.719116
2819.534226,13.719116
2819.661255,13.719116
2820.2964,14.889467
2820.423429,14.889467
2820.550458,14.889467
2820.677487,14.889467
2820.804516,14.889467
2820.931545,14.889467
2821.0585730000003,14.889467
2821.185602,14.889467
2823.0910360000003,9.752926
2823.218065,9.752926
2823.3450940000002,9.752926
2823.472123,9.752926
2823.5991520000002,9.752926
2823.726181,9.752926
2823.85321,9.752926
2832.364149,31.014304
2832.491178,31.014304
2832.618206,31.014304
2832.7452350000003,31.014304
2832.872264,31.014304
2832.9992930000003,31.014304
2833.126322,31.014304
2837.3182770000003,37.126138
2837.445306,37.191157
2837.5723350000003,37.256177
2837.699364,37.256177
2837.8263930000003,37.256177
2837.953422,37.256177
2838.0804510000003,37.256177
2838.20748,37.321196
2838.3345090000003,37.321196
2838.461537,37.321196
2838.5885660000004,37.321196
2838.715595,37.321196
2838.842624,37.321196
2838.969653,37.321196
2853.577981,34.395319
2853.70501,34.395319
2853.832039,34.395319
2853.9590670000002,34.395319
2854.086096,34.395319
2854.213125,34.395319
2854.340154,34.395319
2854.467183,34.395319
2854.594212,33.355007
2854.721241,33.355007
2854.84827,33.355007
2854.975299,33.355007
2855.102328,33.355007
2855.229357,33.355007
2855.356386,33.355007
2855.483415,33.355007
2855.610444,33.355007
2855.737473,33.355007
2855.864501,33.355007
2855.9915300000002,33.355007
2856.118559,33.355007
2856.245588,33.355007
2856.372617,33.355007
2856.499646,33.355007
2856.626675,33.355007
2856.753704,33.355007
2856.880733,33.224967
2857.007762,33.224967
2857.134791,33.224967
2857.26182,33.224967
2857.388849,33.224967
2857.515878,33.224967
2857.642907,33.224967
2857.7699350000003,33.224967
2857.896964,32.184655
2858.0239930000002,32.184655
2858.151022,32.119636
2858.2780510000002,32.054616
2861.8348610000003,28.413524
2861.96189,28.413524
2862.0889190000003,28.413524
2862.215948,28.413524
2862.3429770000002,28.413524
2862.470006,28.413524
2862.5970350000002,28.413524
2862.724064,28.413524
2862.851093,28.413524
2862.978122,28.023407
2863.105151,28.023407
2863.23218,27.503251
2863.359209,27.503251
2863.486238,27.373212
2863.6132660000003,27.373212
2863.740295,25.682705
2863.8673240000003,25.682705
2863.994353,25.422627
2864.1213820000003,25.422627
2864.3754400000003,24.382315
2864.502469,24.382315
2864.6294980000002,24.382315
2864.756527,24.382315
2864.883556,24.382315
2865.010585,24.382315
2865.137614,24.382315
2865.6457290000003,24.642393
2865.772758,24.642393
2865.8997870000003,24.642393
2866.1538450000003,25.812744
2866.280874,25.877763
2866.4079030000003,25.942783
2866.534932,26.007802
2866.6619610000002,26.007802
2866.78899,26.007802
2866.9160190000002,26.007802
2867.043048,26.007802
2867.170077,26.007802
2867.297106,26.007802
2867.4241340000003,25.942783
2867.551163,25.227568
2867.6781920000003,25.227568
2867.805221,25.227568
2867.9322500000003,25.162549
2868.059279,25.097529
2868.1863080000003,25.03251
2868.313337,23.797139
2868.4403660000003,23.73212
2868.567395,23.342003
2868.6944240000003,23.342003
2868.821453,21.911573
2868.9484820000002,21.911573
2869.075511,21.911573
2869.20254,21.911573
2869.329568,21.911573
2869.4565970000003,21.911573
2869.583626,21.06632
2869.7106550000003,21.06632
2869.837684,21.06632
2869.9647130000003,21.0013
2871.2350030000002,21.0013
2871.362031,21.0013
2871.48906,21.0013
2871.616089,21.0013
2871.7431180000003,21.0013
2871.870147,21.0013
2871.9971760000003,21.0013
2873.0134080000003,18.335501
2873.140437,18.335501
2873.267465,18.335501
2873.394494,18.335501
2873.5215230000003,18.335501
2873.648552,18.335501
2873.7755810000003,18.335501
2873.90261,18.335501
2874.0296390000003,18.335501
2876.5702180000003,17.945384
2876.697247,17.945384
2876.8242760000003,17.945384
2876.951305,17.945384
2877.078333,17.945384
2877.205362,17.945384
2877.332391,17.945384
2877.45942,17.945384
2884.191954,20.936281
2884.318983,20.936281
2884.4460120000003,21.06632
2884.573041,21.06632
2884.70007,21.06632
2884.827098,21.06632
2884.954127,21.06632
2885.081156,21.06632
2885.208185,21.06632
2886.2244170000004,20.936281
2886.351446,20.936281
2886.478475,21.06632
2886.605504,21.06632
2886.7325330000003,21.06632
2886.859561,21.06632
2886.98659,21.06632
2887.113619,21.06632
2887.240648,21.06632
2887.367677,21.06632
2887.494706,21.06632
2887.621735,21.06632
2887.748764,21.06632
2887.875793,20.936281
2888.002822,20.936281
2888.129851,20.936281
2888.25688,20.936281
2888.383909,20.936281
2888.5109380000004,20.936281
2888.637967,20.936281
2888.764995,21.716515
2888.892024,21.716515
2889.019053,21.846554
2889.146082,21.846554
2889.273111,21.846554
2889.40014,21.846554
2889.527169,21.846554
2889.654198,21.846554
2889.781227,21.846554
2889.908256,21.846554
2890.035285,21.846554
2890.162314,21.846554
2890.2893430000004,21.846554
2890.416372,21.846554
2890.543401,21.846554
2890.6704290000002,21.846554
2890.797458,21.846554
2890.924487,21.846554
2891.051516,21.846554
2891.178545,21.846554
2891.305574,21.846554
2891.432603,21.846554
2891.559632,21.846554
2891.686661,21.846554
2891.81369,21.846554
2891.940719,21.846554
2892.067748,22.626788
2892.194777,22.626788
2892.321806,22.886866
2892.448835,22.886866
2892.575863,22.886866
2892.7028920000002,22.886866
2892.829921,22.886866
2892.9569500000002,22.886866
2893.083979,22.886866
2893.211008,22.886866
2893.338037,23.016905
2893.465066,23.016905
2893.592095,23.016905
2893.719124,23.016905
2893.846153,23.016905
2893.973182,23.016905
2894.100211,23.016905
2894.22724,22.886866
2894.354269,22.886866
2894.481298,22.236671
2894.608326,22.236671
2894.7353550000003,22.236671
2894.862384,22.236671
2894.9894130000002,22.236671
2902.230062,18.282368
2902.3570910000003,18.282368
2902.48412,18.282368
2902.6111490000003,18.282368
2902.738178,18.282368
2902.8652070000003,18.282368
2902.992236,18.282368
2903.1192650000003,18.282368
2903.246294,18.152245
2903.3733230000003,18.152245
2903.500352,18.022121
2903.6273810000002,18.022121
2903.754409,18.022121
2903.8814380000003,18.022121
2904.008467,18.022121
2904.1354960000003,18.022121
2904.262525,18.022121
2904.3895540000003,18.022121
2905.532815,17.111256
2905.6598430000004,17.111256
2905.786872,17.241379
2905.9139010000004,17.241379
2906.04093,17.241379
2906.1679590000003,17.241379
2906.294988,17.241379
2906.4220170000003,17.241379
2906.549046,17.241379
2906.6760750000003,17.241379
2906.803104,17.111256
2906.9301330000003,17.111256
2907.057162,16.460638
2907.1841910000003,16.460638
2907.31122,16.330514
2907.4382490000003,16.330514
2907.565278,16.070267
2907.6923060000004,16.070267
2907.819335,16.070267
2907.9463640000004,16.070267
2908.073393,15.289525
2908.2004220000003,15.289525
2908.327451,15.289525
2908.4544800000003,15.289525
2908.581509,15.159401
2908.7085380000003,15.159401
2908.835567,14.899154
2908.9625960000003,14.899154
2909.089625,14.899154
2909.2166540000003,14.899154
2909.343683,14.899154
2909.4707120000003,14.899154
2909.59774,14.899154
2909.7247690000004,14.899154
2909.851798,14.899154
2909.9788270000004,14.899154
2910.105856,14.899154
2910.2328850000004,14.899154
2910.359914,14.899154
2910.4869430000003,14.899154
2910.613972,14.508783
2910.7410010000003,14.508783
2910.86803,14.508783
2910.9950590000003,14.508783
2911.122088,14.508783
2911.2491170000003,14.508783
2911.376146,14.508783
2911.5031740000004,14.508783
2911.630203,13.337671
2911.7572320000004,13.337671
2911.884261,13.337671
2912.0112900000004,13.337671
2912.138319,13.337671
2912.2653480000004,13.337671
2912.392377,12.9473
2912.5194060000003,12.9473
2912.646435,12.9473
2912.7734640000003,12.9473
2912.900493,12.9473
2913.0275220000003,12.9473
2913.154551,13.337671
2913.2815800000003,13.337671
2913.408608,13.337671
2913.5356370000004,13.337671
2913.662666,13.467794
2913.7896950000004,13.467794
2913.916724,13.467794
2914.0437530000004,13.467794
2914.170782,13.467794
2914.2978110000004,13.467794
2914.42484,13.467794
2914.5518690000004,13.467794
2914.678898,13.077424
2914.8059270000003,13.077424
2914.932956,13.077424
2915.0599850000003,13.077424
2915.187014,13.077424
2915.3140420000004,13.077424
2915.441071,12.9473
2915.5681000000004,12.9473
2915.695129,11.906311
2915.8221580000004,11.906311
2915.949187,11.906311
2916.0762160000004,11.906311
2916.203245,11.906311
2916.3302740000004,11.906311
2916.457303,11.776187
2916.5843320000004,11.776187
2916.711361,11.776187
2916.8383900000003,11.776187
2916.965419,11.776187
2917.0924480000003,11.776187
2917.219477,11.776187
2917.3465050000004,11.776187
2917.473534,11.776187
2917.6005630000004,11.776187
2917.727592,11.776187
2917.8546210000004,11.776187
2917.98165,11.776187
2918.1086790000004,11.776187
2918.235708,11.776187
2918.3627370000004,11.776187
2918.489766,11.776187
2918.6167950000004,11.776187
2918.743824,11.776187
2918.8708530000004,11.776187
2918.997882,11.776187
2919.1249110000003,11.776187
2919.251939,6.701366
2919.3789680000004,6.701366
2919.505997,6.701366
2919.6330260000004,6.701366
2919.760055,6.701366
2919.8870840000004,6.701366
2920.014113,6.83149
2920.1411420000004,6.83149
2920.268171,6.83149
2920.3952000000004,6.83149
2920.522229,6.83149
2920.6492580000004,6.83149
2920.776287,6.83149
2920.9033160000004,6.83149
2921.030345,6.83149
2921.1573730000005,6.83149
2923.570923,8.002602
2923.6979520000004,8.002602
2923.824981,8.002602
2923.9520100000004,8.002602
2924.079039,8.002602
2924.2060680000004,8.002602
2924.333097,8.002602
2924.4601260000004,8.002602
2924.587155,12.687053
2924.7141840000004,16.070267
2924.841213,18.282368
2924.9682420000004,18.282368
2925.0952700000003,18.282368
2925.222299,18.282368
2925.3493280000002,18.282368
2925.4763570000005,18.282368
2925.6033860000002,18.282368
2925.7304150000004,18.282368
2925.857444,18.282368
2925.9844730000004,18.282368
2926.111502,18.282368
2926.2385310000004,18.282368
2926.36556,16.070267
2926.4925890000004,16.070267
2926.619618,16.070267
2926.7466470000004,16.070267
2926.873676,16.070267
2927.000704,16.070267
2927.1277330000003,16.070267
2927.254762,16.005205
2929.1601960000003,23.942746
2929.287225,23.942746
2929.4142540000003,23.942746
2929.541283,23.942746
2929.6683120000002,23.942746
2929.7953410000005,23.942746
2929.9223700000002,23.942746
2930.0493990000004,23.942746
2930.176428,30.709174
2930.3034570000004,30.709174
2930.430486,30.709174
2930.5575150000004,30.709174
2930.684544,30.709174
2930.811572,30.709174
2930.9386010000003,37.605725
2931.06563,37.605725
2931.1926590000003,37.605725
2931.319688,37.605725
2931.4467170000003,37.605725
2931.573746,37.605725
2931.7007750000002,37.605725
2931.8278040000005,37.605725
2932.9710640000003,47.49512
2933.098093,47.49512
2933.2251220000003,47.49512
2933.352151,47.49512
2933.4791800000003,47.49512
2933.606209,47.49512
2933.7332380000003,47.49512
2933.860267,47.49512
2935.2575850000003,52.700065
2935.384614,52.700065
2935.5116430000003,52.700065
2935.638672,52.700065
2935.7657010000003,52.700065
2935.89273,52.700065
2936.0197590000002,54.782043
2936.146788,54.782043
2936.2738170000002,54.782043
2936.4008460000005,54.782043
2936.527875,54.782043
2936.654903,54.782043
2936.7819320000003,54.782043
2936.908961,54.782043
2938.5603370000003,58.685751
2938.687366,58.685751
2938.8143950000003,58.685751
2938.941424,58.685751
2939.0684530000003,58.685751
2939.195482,58.685751
2939.3225110000003,58.685751
2939.44954,58.685751
2942.1171480000003,61.808718
2942.244177,61.808718
2942.3712060000003,61.808718
2942.498234,61.808718
2942.6252630000004,61.808718
2942.752292,61.808718
2942.8793210000003,61.808718
2943.00635,61.808718
2943.1333790000003,61.808718
2943.260408,61.808718
2943.3874370000003,61.808718
2943.514466,61.808718
2943.6414950000003,61.808718
2943.768524,61.808718
2943.8955530000003,61.808718
2944.022582,61.808718
2944.1496110000003,61.808718
2944.27664,61.808718
2944.4036680000004,61.808718
2944.530697,61.808718
2944.6577260000004,61.808718
2944.784755,61.808718
2944.9117840000004,61.808718
2945.038813,61.808718
2945.1658420000003,61.808718
2945.292871,61.808718
2945.4199000000003,61.808718
2945.546929,61.808718
2945.6739580000003,61.808718
2945.800987,61.808718
2945.9280160000003,62.459336
2946.055045,62.459336
2946.1820740000003,62.459336
2946.309102,62.459336
2946.4361310000004,62.459336
2946.56316,62.459336
2946.6901890000004,62.849707
2946.817218,62.849707
2946.9442470000004,62.849707
2947.071276,62.849707
2947.1983050000003,62.849707
2947.325334,62.849707
2947.4523630000003,62.849707
2947.579392,62.849707
2947.7064210000003,62.849707
2947.83345,62.849707
2947.9604790000003,63.630449
2948.087508,63.630449
2948.2145370000003,63.760573
2948.341565,63.760573
2948.4685940000004,63.760573
2948.595623,63.760573
2948.7226520000004,63.760573
2948.849681,63.760573
2948.9767100000004,63.760573
2949.103739,63.760573
2949.2307680000004,61.418347
2949.357797,61.418347
2949.4848260000003,61.418347
2949.611855,61.418347
2949.7388840000003,61.418347
2949.865913,61.418347
2949.9929420000003,61.418347
2950.119971,61.418347
2951.0091730000004,58.295381
2951.136202,58.295381
2951.2632310000004,58.295381
2951.39026,58.295381
2951.5172890000003,58.295381
2951.644318,58.295381
2951.7713470000003,58.295381
2951.898376,58.295381
2952.0254050000003,57.90501
2952.152433,57.90501
2952.2794620000004,57.90501
2952.406491,57.90501
2952.5335200000004,56.864021
2952.660549,56.864021
2952.7875780000004,56.733897
2952.914607,56.733897
2953.0416360000004,56.343526
2953.168665,56.343526
2953.2956940000004,55.172414
2953.422723,55.172414
2953.5497520000004,55.172414
2953.676781,55.172414
2953.8038100000003,55.172414
2953.930839,55.172414
2954.0578670000004,54.782043
2954.184896,54.782043
2954.3119250000004,55.172414
2954.438954,55.172414
2954.5659830000004,55.172414
2954.693012,55.172414
2954.8200410000004,55.562785
2954.94707,55.562785
2955.0740990000004,55.562785
2955.201128,55.562785
2955.3281570000004,57.514639
2955.455186,57.514639
2955.5822150000004,58.035133
2955.709244,58.035133
2955.8362730000003,58.035133
2955.9633010000002,58.035133
2956.0903300000004,58.035133
2956.217359,58.035133
2956.3443880000004,58.035133
2956.471417,58.035133
2956.5984460000004,61.678595
2956.725475,61.678595
2956.8525040000004,61.678595
2956.979533,61.678595
2957.1065620000004,61.678595
2957.233591,61.678595
2957.3606200000004,62.849707
2957.487649,62.849707
2957.6146780000004,62.849707
2957.741707,62.849707
2957.8687360000004,62.849707
2957.9957640000002,62.849707
2958.1227930000005,62.849707
2958.249822,62.849707
2958.3768510000004,62.849707
2958.50388,62.849707
2958.6309090000004,62.849707
2958.757938,62.849707
2960.155256,63.890696
2960.2822850000002,63.890696
2960.4093140000004,63.890696
2960.536343,63.890696
2960.6633720000004,64.02082
2960.790401,64.02082
2960.9174300000004,64.02082
2961.044459,64.02082
2961.1714880000004,64.02082
2961.298517,64.02082
2961.4255460000004,64.02082
2961.552575,64.02082
2961.6796040000004,64.02082
2961.8066320000003,64.02082
2961.933661,63.630449
2962.0606900000002,63.630449
2962.1877190000005,62.979831
2962.3147480000002,62.979831
2962.4417770000005,62.849707
2962.568806,62.849707
2962.6958350000004,62.199089
2962.822864,62.199089
2962.9498930000004,62.199089
2963.076922,62.199089
2968.285108,62.58946
2968.4121370000003,62.58946
2968.539166,62.849707
2968.6661950000002,62.849707
2968.793224,62.849707
2968.9202530000002,62.849707
2969.0472820000005,62.849707
2969.174311,62.849707
2969.3013400000004,62.849707
2969.428369,62.849707
2969.555397,62.849707
2969.6824260000003,62.849707
2972.7311210000003,17.957059
2972.85815,17.957059
2972.9851790000002,17.957059
2973.1122080000005,17.957059
2973.2392370000002,17.957059
2973.3662660000005,17.957059
2973.4932940000003,17.957059
2973.620323,17.957059
2977.685249,58.295381
2977.8122780000003,58.295381
2977.939307,58.295381
2978.0663360000003,58.295381
2978.193365,58.295381
2978.3203940000003,58.295381
2978.447423,58.295381
2978.5744520000003,58.295381
2978.701481,58.035133
2978.8285100000003,58.035133
2978.955539,57.90501
2979.0825680000003,57.90501
2979.209596,57.90501
2979.3366250000004,57.90501
2979.463654,57.90501
2979.5906830000004,57.90501
2979.717712,57.90501
2979.8447410000003,57.90501
2979.97177,57.90501
2980.0987990000003,57.90501
2980.225828,56.47365
2980.3528570000003,56.47365
2980.479886,56.213403
2980.6069150000003,56.213403
2980.733944,55.562785
2980.8609730000003,55.562785
2980.988002,55.302537
2981.1150310000003,55.302537
2981.242059,54.912167
2981.3690880000004,54.912167
2981.496117,54.651919
2981.6231460000004,54.651919
2981.750175,53.480807
2981.8772040000003,53.480807
2982.004233,53.61093
2982.1312620000003,53.61093
2982.258291,53.61093
2982.3853200000003,53.61093
2982.512349,53.61093
2982.6393780000003,53.61093
2982.766407,53.61093
2982.8934360000003,53.61093
2983.020465,53.61093
2983.1474930000004,53.61093
2983.274522,52.960312
2983.4015510000004,52.960312
2983.52858,52.960312
2983.6556090000004,52.960312
2983.782638,52.960312
2983.9096670000004,52.960312
2984.036696,52.960312
2984.1637250000003,52.960312
2984.290754,52.960312
2984.4177830000003,52.960312
2984.544812,52.960312
2984.6718410000003,52.960312
2984.79887,52.830189
2984.9258990000003,52.830189
2985.052927,53.090436
2985.1799560000004,53.090436
2985.306985,53.090436
2985.4340140000004,53.090436
2985.561043,53.61093
2985.6880720000004,53.61093
2985.815101,53.741054
2985.9421300000004,53.741054
2986.069159,53.741054
2986.1961880000003,53.741054
2986.323217,53.741054
2986.4502460000003,53.741054
2986.577275,53.741054
2986.7043040000003,53.741054
2986.831333,55.562785
2986.9583610000004,55.562785
2987.08539,55.953155
2987.2124190000004,55.953155
2987.339448,55.953155
2987.4664770000004,55.953155
2987.593506,55.953155
2987.7205350000004,55.953155
2987.847564,55.953155
2987.9745930000004,55.953155
2988.863795,57.90501
2988.9908240000004,57.90501
2989.117853,57.90501
2989.2448820000004,57.90501
2989.371911,57.90501
2989.4989400000004,57.90501
2989.625969,58.035133
2989.7529980000004,58.035133
2989.880027,58.035133
2990.0070560000004,58.035133
2990.134085,58.035133
2990.2611140000004,58.035133
2990.388143,58.035133
2990.5151720000003,58.035133
2990.642201,58.035133
2990.7692300000003,58.035133
2990.896258,58.035133
2991.0232870000004,58.035133
2991.150316,58.035133
2991.2773450000004,58.035133
2991.404374,58.035133
2991.5314030000004,58.035133
2991.658432,58.035133
2991.7854610000004,58.035133
2991.91249,58.035133
2992.0395190000004,58.035133
2992.166548,57.90501
2992.2935770000004,57.90501
2992.420606,57.90501
2992.5476350000004,57.90501
2992.674664,57.90501
2992.8016920000005,57.90501
2992.928721,57.90501
2993.0557500000004,57.90501
2993.182779,58.685751
2993.3098080000004,58.685751
2993.436837,58.685751
2993.5638660000004,58.685751
2993.690895,58.685751
2993.8179240000004,58.685751
2993.944953,58.685751
2994.0719820000004,58.685751
2996.485532,58.035133
2996.61256,58.035133
2996.7395890000003,58.035133
2996.866618,58.035133
2996.9936470000002,58.035133
2997.1206760000005,58.035133
2997.247705,58.035133
2997.3747340000004,58.035133
2997.501763,57.644763
2997.6287920000004,57.644763
2997.755821,56.733897
2997.8828500000004,56.733897
2998.009879,56.47365
2998.1369080000004,56.47365
2998.263937,56.47365
2998.3909660000004,56.47365
2998.517995,56.864021
2998.645023,56.864021
2998.7720520000003,56.864021
2998.899081,56.864021
2999.0261100000002,56.864021
2999.153139,56.864021
2999.2801680000002,56.864021
2999.4071970000005,56.864021
2999.534226,56.733897
2999.6612550000004,56.733897
2999.788284,56.083279
2999.9153130000004,56.083279
3000.042342,56.083279
3000.1693710000004,56.083279
3000.2964,56.083279
3000.4234290000004,56.083279
3000.5504570000003,56.083279
3000.677486,56.083279
3000.8045150000003,55.953155
3000.931544,55.953155
3001.0585730000003,54.651919
3001.1856020000005,54.651919
3001.3126310000002,54.521796
3001.4396600000005,54.521796
3001.566689,54.131425
3001.6937180000004,54.131425
3001.820747,54.131425
3001.9477760000004,54.131425
3002.074805,54.131425
3002.2018340000004,54.131425
3002.328863,54.131425
3002.455891,54.131425
3002.5829200000003,54.131425
3002.709949,54.131425
3002.8369780000003,54.131425
3002.964007,54.131425
3003.0910360000003,54.131425
3003.218065,54.131425
3003.3450940000002,54.131425
3003.4721230000005,54.131425
3003.5991520000002,54.131425
3003.7261810000005,54.131425
3003.85321,54.131425
3003.9802390000004,54.131425
3004.107268,54.782043
3004.2342970000004,54.782043
3004.3613250000003,54.912167
3004.488354,54.912167
3004.6153830000003,54.912167
3004.742412,54.912167
3004.8694410000003,54.912167
3004.99647,54.912167
3005.1234990000003,54.912167
3005.250528,54.912167
3005.3775570000003,54.912167
3005.504586,54.912167
3005.6316150000002,56.343526
3005.7586440000005,56.343526
3005.885673,56.343526
3006.0127020000004,56.343526
3006.139731,56.343526
3006.2667600000004,56.343526
3006.3937880000003,56.343526
3006.520817,56.343526
3006.9019040000003,58.555628
3007.028933,58.555628
3007.1559620000003,58.555628
3007.282991,58.555628
3007.4100200000003,58.555628
3007.537049,58.555628
3007.6640780000002,58.555628
3007.791107,58.555628
3012.2371190000003,63.370202
3012.364148,63.370202
3012.4911770000003,63.370202
3012.618206,63.370202
3012.7452350000003,63.370202
3012.872264,63.370202
3012.9992930000003,63.370202
3013.126322,63.370202
3013.2533510000003,62.979831
3013.38038,62.979831
3013.5074090000003,62.329213
3013.634438,62.329213
3013.7614670000003,62.068966
3013.888496,62.068966
3016.0479870000004,57.90501
3016.175016,57.90501
3016.3020450000004,57.90501
3016.429074,57.90501
3016.5561030000003,57.90501
3016.683132,57.90501
3016.8101610000003,57.90501
3016.93719,57.90501
3017.0642190000003,56.733897
3017.191248,56.733897
3017.3182770000003,56.733897
3017.445306,56.733897
3017.5723350000003,56.864021
3017.699364,56.864021
3017.8263930000003,56.864021
3017.953421,56.864021
3018.0804500000004,56.864021
3018.207479,56.864021
3018.3345080000004,56.864021
3018.461537,56.864021
3018.5885660000004,57.774886
3018.715595,57.774886
3018.8426240000003,57.774886
3018.969653,57.774886
3019.0966820000003,57.774886
3019.223711,57.774886
3019.3507400000003,57.774886
3019.477769,57.774886
3019.6047980000003,57.644763
3019.731827,57.644763
3019.8588550000004,57.124268
3019.985884,57.124268
3020.1129130000004,56.733897
3020.239942,56.733897
3020.3669710000004,56.083279
3020.494,56.083279
3020.6210290000004,55.953155
3020.748058,55.953155
3020.8750870000003,55.302537
3021.002116,55.302537
3021.1291450000003,55.302537
3021.256174,55.302537
3021.3832030000003,55.04229
3021.510232,55.04229
3021.6372610000003,54.782043
3021.764289,54.782043
3021.8913180000004,51.919323
3022.018347,51.854262
3022.1453760000004,51.659076
3022.272405,51.594014
3022.3994340000004,48.991542
3022.526463,48.991542
3022.6534920000004,48.991542
3022.780521,48.991542
3022.9075500000004,48.991542
3023.034579,48.991542
3023.1616080000003,48.991542
3023.288637,48.991542
3023.4156660000003,48.991542
3023.542695,48.991542
3023.6697240000003,48.275862
3023.796752,48.275862
3023.9237810000004,48.536109
3024.05081,48.536109
3024.1778390000004,48.796357
3024.304868,48.796357
3024.4318970000004,48.796357
3024.558926,48.796357
3024.6859550000004,48.796357
3024.812984,48.796357
3024.9400130000004,48.796357
3025.067042,48.796357
3025.1940710000003,48.796357
3025.3211,48.796357
3026.2103020000004,51.659076
3026.337331,51.659076
3026.4643600000004,51.659076
3026.591389,51.659076
3026.7184180000004,51.659076
3026.845447,51.659076
3026.9724760000004,51.659076
3027.099505,51.659076
3027.2265340000004,52.700065
3027.353563,52.700065
3027.4805920000003,52.700065
3027.60762,52.700065
3027.7346490000004,52.700065
3027.861678,52.700065
3027.9887070000004,52.700065
3028.115736,52.700065
3028.2427650000004,52.700065
3028.369794,52.700065
3028.4968230000004,52.700065
3028.623852,52.700065
3028.7508810000004,52.700065
3028.87791,52.635003
3029.0049390000004,52.569941
3029.131968,52.569941
3029.2589970000004,52.700065
3029.386026,52.700065
3029.513054,52.700065
3029.6400830000002,52.700065
3029.7671120000005,52.700065
3029.894141,52.700065
3030.0211700000004,52.700065
3030.148199,52.700065
3030.2752280000004,53.741054
3030.402257,53.741054
3030.5292860000004,53.741054
3030.656315,53.741054
3030.7833440000004,53.741054
3030.910373,53.741054
3031.0374020000004,53.741054
3031.164431,53.741054
3031.2914600000004,53.741054
3031.418489,53.741054
3031.5455170000005,53.741054
3031.6725460000002,53.741054
3031.799575,53.741054
3031.926604,53.741054
3032.0536330000004,53.741054
3032.180662,53.741054
3034.0860960000005,54.912167
3034.213125,54.912167
3034.3401540000004,54.912167
3034.467183,54.912167
3034.5942120000004,54.912167
3034.721241,54.912167
3034.8482700000004,54.912167
3034.975299,54.912167
3041.199716,57.579701
3041.3267450000003,57.579701
3041.453774,57.579701
3041.5808030000003,57.579701
3041.707832,57.579701
3041.8348610000003,57.579701
3041.96189,57.579701
3042.0889190000003,57.579701
3042.215948,56.994144
3042.3429770000002,56.994144
3042.4700060000005,56.603774
3042.5970350000002,56.603774
3042.7240640000005,55.432661
3042.851093,55.432661
3042.9781220000004,55.432661
3043.1051500000003,55.432661
3043.232179,55.432661
3043.3592080000003,55.432661
3043.486237,55.172414
3043.6132660000003,55.172414
3043.740295,54.912167
3043.8673240000003,54.912167
3043.994353,54.651919
3044.1213820000003,54.651919
3044.248411,54.261548
3044.3754400000003,54.261548
3044.502469,53.871178
3044.6294980000002,53.806116
3044.7565270000005,53.480807
3044.883556,53.415745
3045.010584,53.22056
3045.1376130000003,53.155498
3045.264642,52.89525
3045.3916710000003,52.89525
3045.5187,52.89525
3045.6457290000003,52.89525
3045.772758,52.114509
3045.8997870000003,52.114509
3046.026816,51.594014
3046.1538450000003,51.594014
3047.043047,51.724138
3047.1700760000003,51.724138
3047.297105,51.854262
3047.4241340000003,51.854262
3047.551163,51.854262
3047.6781920000003,51.854262
3047.805221,51.854262
3047.9322500000003,51.854262
3048.059279,51.854262
3048.1863080000003,51.854262
3048.313337,52.374756
3048.4403660000003,52.374756
3048.567395,52.50488
3048.6944240000003,52.50488
3048.8214530000005,52.50488
3048.9484810000004,52.50488
3049.07551,52.50488
3049.2025390000003,52.50488
3049.329568,52.50488
3049.4565970000003,52.50488
3049.583626,53.806116
3049.7106550000003,53.806116
3049.837684,53.806116
3049.9647130000003,53.806116
3050.091742,53.806116
3050.2187710000003,53.806116
3050.3458,53.806116
3050.4728290000003,53.806116
3050.599858,53.806116
3050.7268870000003,53.806116
3050.853915,53.806116
3050.9809440000004,53.806116
3051.107973,53.806116
3051.2350020000003,53.806116
3051.362031,53.806116
3051.4890600000003,53.806116
3051.616089,53.806116
3051.7431180000003,53.806116
3051.870147,53.806116
3051.9971760000003,53.806116
3052.124205,53.806116
3052.2512340000003,53.806116
3052.378263,53.806116
3052.5052920000003,53.806116
3052.632321,53.806116
3052.7593490000004,53.806116
3052.886378,53.806116
3053.0134070000004,53.806116
3053.140436,53.806116
3053.2674650000004,53.806116
3053.394494,53.806116
3053.5215230000003,53.806116
3053.648552,53.806116
3053.7755810000003,53.806116
3053.90261,53.806116
3054.0296390000003,53.806116
3054.156668,53.806116
3054.2836970000003,53.806116
3054.410726,53.806116
3054.5377550000003,53.806116
3054.664784,53.806116
3054.7918120000004,53.806116
3054.918841,53.806116
3055.0458700000004,53.806116
3055.172899,53.806116
3055.2999280000004,53.806116
3055.426957,53.806116
3055.5539860000004,53.806116
3055.681015,53.806116
3055.8080440000003,53.806116
3055.935073,53.806116
3056.0621020000003,53.806116
3056.189131,53.806116
3056.3161600000003,53.806116
3056.443189,53.61093
3056.5702180000003,53.545869
3056.697246,53.090436
3056.8242750000004,53.025374
3056.951304,53.025374
3057.0783330000004,53.025374
3057.205362,52.960312
3057.3323910000004,52.89525
3058.475652,47.560182
3058.6026800000004,47.560182
3058.729709,47.560182
3058.8567380000004,47.560182
3058.983767,47.560182
3059.1107960000004,47.560182
3059.237825,47.560182
3059.3648540000004,47.560182
3059.491883,47.299935
3059.6189120000004,47.299935
3059.745941,46.519193
3059.8729700000004,46.519193
3059.999999,45.998699
3060.1270280000003,45.998699
3060.254057,42.745608
3060.3810860000003,42.745608
3060.508114,42.485361
3060.6351430000004,42.485361
3060.762172,38.8419
3060.8892010000004,38.8419
3061.01623,38.8419
3061.1432590000004,38.8419
3061.270288,38.8419
3061.3973170000004,38.8419
3061.524346,38.8419
3061.6513750000004,38.8419
3061.778404,37.931034
3061.9054330000004,37.931034
3062.032462,37.150293
3062.1594910000003,37.150293
3062.28652,37.020169
3062.4135480000004,37.020169
3062.540577,36.109304
3062.6676060000004,36.109304
3062.794635,33.376708
3062.9216640000004,33.376708
3063.048693,31.815224
3063.1757220000004,31.815224
3063.302751,31.815224
3063.4297800000004,31.815224
3063.556809,28.236825
3063.6838380000004,28.236825
3063.810867,28.236825
3063.9378960000004,28.236825
3064.064925,28.236825
3064.1919540000004,27.846454
3064.318983,27.781392
3064.4460110000005,27.586207
3064.57304,27.521145
3064.9541270000004,25.829538
3065.081156,25.829538
3065.2081850000004,25.829538
3065.335214,25.829538
3065.4622430000004,25.829538
3065.589272,25.829538
3065.7163010000004,25.829538
3065.84333,25.829538
3065.9703590000004,25.829538
3066.097388,25.829538
3066.2244170000004,25.829538
3066.3514450000002,25.829538
3066.4784740000005,27.130774
3066.605503,27.130774
3066.7325320000004,27.130774
3066.859561,27.130774
3066.9865900000004,27.130774
3067.113619,27.130774
3067.2406480000004,27.130774
3067.367677,27.130774
3067.4947060000004,27.130774
3067.621735,27.130774
3067.7487640000004,27.130774
3067.875793,27.130774
3070.924487,31.164606
3071.0515160000004,31.229668
3071.178545,31.554977
3071.3055740000004,31.554977
3071.432603,31.554977
3071.5596320000004,31.554977
3071.686661,31.554977
3071.8136900000004,31.554977
3071.940719,31.554977
3072.0677480000004,31.554977
3083.3733230000003,38.972023
3083.500352,38.972023
3083.6273810000002,38.972023
3083.754409,38.972023
3083.8814380000003,38.972023
3084.008467,38.972023
3084.1354960000003,38.972023
3084.262525,38.972023
3084.3895540000003,38.972023
3084.516583,38.972023
3084.6436120000003,38.972023
3084.770641,38.972023
3085.6598430000004,35.068315
3085.786872,35.068315
3085.9139010000004,35.068315
3086.04093,35.068315
3086.1679590000003,35.068315
3086.294988,35.068315
3086.4220170000003,35.068315
3086.549046,35.068315
3086.6760750000003,34.417697
3086.803104,34.417697
3086.9301330000003,34.417697
3087.057162,34.417697
3087.1841910000003,34.417697
3087.31122,34.417697
3087.4382490000003,34.417697
3087.565278,34.417697
3088.9625960000003,36.369551
3089.089625,36.369551
3089.2166540000003,36.369551
3089.343683,36.369551
3089.4707120000003,37.150293
3089.59774,37.150293
3089.7247690000004,37.150293
3089.851798,37.150293
3089.9788270000004,37.150293
3090.105856,37.150293
3090.2328850000004,37.150293
3090.359914,37.150293
3090.4869430000003,37.150293
3090.613972,37.150293
3090.7410010000003,36.499675
3090.86803,36.499675
3090.9950590000003,36.499675
3091.122088,36.499675
3091.2491170000003,36.499675
3091.376146,36.499675
3091.5031740000004,36.369551
3091.630203,36.369551
3093.5356370000004,38.321405
3093.662666,38.321405
3093.7896950000004,38.321405
3093.916724,38.321405
3094.0437530000004,38.321405
3094.170782,38.321405
3094.2978110000004,38.321405
3094.42484,38.321405
3094.5518690000004,38.321405
3094.678898,38.321405
3094.8059270000003,38.321405
3094.932956,38.321405
3095.0599850000003,38.321405
3095.187014,38.321405
3095.3140420000004,38.321405
3095.441071,38.321405
3095.5681000000004,38.191282
3095.695129,38.191282
3097.3465050000004,37.540664
3097.473534,37.540664
3097.6005630000004,37.540664
3097.727592,37.540664
3097.8546210000004,37.540664
3097.98165,37.540664
3098.1086790000004,37.540664
3098.235708,37.540664
3098.3627370000004,37.540664
3098.489766,37.540664
3098.6167950000004,37.540664
3098.743824,37.540664
3107.000704,34.417697
3107.1277330000003,34.417697
3107.254762,34.417697
3107.3817910000002,34.417697
3107.50882,34.417697
3107.6358490000002,34.417697
3107.7628780000005,34.417697
3107.889907,34.417697
3108.0169360000004,34.417697
3108.143965,34.417697
3108.2709940000004,34.417697
3108.398023,34.417697
3108.5250520000004,34.54782
3108.652081,34.54782
3108.7791100000004,34.54782
3108.9061380000003,34.54782
3109.033167,34.54782
3109.1601960000003,34.54782
3109.287225,34.54782
3109.4142540000003,34.54782
3109.5412830000005,34.54782
3109.6683120000002,34.54782
3109.795341,34.54782
3109.9223700000002,34.54782
3110.0493990000004,34.54782
3110.176428,34.54782
3110.3034570000004,34.54782
3110.430486,34.54782
3110.5575150000004,38.371336
3110.684544,38.371336
3110.8115730000004,38.371336
3110.938602,38.371336
3111.0656310000004,38.371336
3111.19266,38.371336
3111.3196890000004,38.371336
3111.4467170000003,38.371336
3111.573746,38.371336
3111.7007750000002,38.371336
3111.827804,38.371336
3111.9548330000002,38.371336
3112.081862,38.371336
3112.208891,38.371336
3112.33592,38.371336
3112.462949,38.371336
3112.589978,38.371336
3112.717007,38.371336
3112.8440360000004,38.371336
3112.971065,38.371336
3113.0980940000004,38.371336
3113.225123,38.371336
3113.352151,38.371336
3113.4791800000003,38.371336
3113.606209,38.371336
3113.7332380000003,38.371336
3113.860267,38.371336
3113.9872960000002,38.371336
3114.114325,38.371336
3114.2413540000002,38.371336
3114.368383,38.371336
3114.495412,38.371336
3114.622441,38.371336
3114.74947,38.371336
3114.8764990000004,38.371336
3115.003528,38.371336
3115.1305570000004,38.371336
3115.257586,38.371336
3115.384614,38.371336
3115.5116430000003,38.371336
3115.638672,38.371336
3115.7657010000003,38.371336
3115.89273,38.371336
3116.0197590000002,38.371336
3116.146788,38.371336
3116.2738170000002,38.371336
3116.400846,38.371336
3116.527875,38.371336
3116.654904,38.371336
3116.781933,38.371336
3116.908962,38.371336
3117.035991,38.371336
3117.1630200000004,38.371336
3117.2900480000003,38.371336
3117.417077,38.371336
3117.5441060000003,38.371336
3117.671135,38.371336
3117.7981640000003,38.371336
3117.925193,38.371336
3118.0522220000003,38.371336
3118.179251,38.371336
3118.3062800000002,38.371336
3118.433309,38.371336
3118.5603380000002,38.306189
3118.687367,38.241042
3118.814396,38.241042
3118.941425,38.371336
3119.068454,38.371336
3119.195482,38.371336
3119.3225110000003,38.371336
3119.44954,38.371336
3119.5765690000003,38.371336
3119.703598,38.371336
3119.8306270000003,38.371336
3119.957656,38.371336
3120.0846850000003,38.371336
3120.211714,38.371336
3120.3387430000002,38.371336
3120.465772,38.371336
3120.5928010000002,38.371336
3120.71983,38.371336
3120.846859,38.371336
3120.973888,38.371336
3121.1009160000003,38.371336
3121.227945,38.371336
3121.3549740000003,38.371336
3121.482003,38.371336
3121.6090320000003,38.371336
3121.736061,38.371336
3121.8630900000003,38.306189
3121.990119,37.589577
3122.1171480000003,37.589577
3122.244177,37.589577
3122.3712060000003,37.589577
3122.498235,37.589577
3122.6252640000002,37.589577
3122.752293,37.589577
3122.8793220000002,37.52443
3123.006351,37.459283
3123.1333790000003,37.459283
3123.260408,37.459283
3123.3874370000003,37.459283
3123.514466,37.589577
3123.6414950000003,37.589577
3123.768524,37.589577
3123.8955530000003,37.589577
3124.022582,37.589577
3124.1496110000003,37.589577
3124.27664,37.589577
3124.4036690000003,37.52443
3124.530698,37.459283
3124.6577270000002,37.459283
3124.784756,37.52443
3124.9117850000002,37.52443
3125.038813,37.52443
3125.1658420000003,37.52443
3125.292871,37.52443
3125.4199000000003,37.52443
3125.546929,37.52443
3125.6739580000003,37.52443
3125.800987,37.52443
3125.9280160000003,37.52443
3126.055045,37.52443
3126.1820740000003,37.52443
3126.309103,37.52443
3126.4361320000003,37.52443
3126.563161,37.52443
3126.6901900000003,37.52443
3126.817219,37.52443
3126.9442470000004,37.52443
3127.071276,37.52443
3127.1983050000003,37.52443
3128.341566,37.52443
3128.4685950000003,37.52443
3128.595624,37.52443
3128.7226530000003,37.52443
3128.849681,37.52443
3128.9767100000004,37.52443
3129.103739,37.52443
3129.2307680000004,37.52443
3129.357797,37.52443
3129.4848260000003,37.52443
3129.611855,37.52443
3129.7388840000003,37.52443
3129.865913,37.52443
3129.9929420000003,37.52443
3130.119971,37.52443
3130.2470000000003,37.52443
3139.6471410000004,12.899023
3139.77417,12.899023
3139.9011990000004,12.899023
3140.028228,12.899023
3140.1552570000003,12.899023
3140.282286,12.899023
3140.4093150000003,12.899023
3140.536343,12.899023
3140.663372,12.899023
3140.790401,12.899023
3140.9174300000004,12.899023
3141.044459,12.899023
3141.1714880000004,12.899023
3141.298517,12.899023
3141.552575,12.76873
3141.6796040000004,12.76873
3141.806633,12.76873
3141.9336620000004,12.76873
3142.060691,12.76873
3142.1877200000004,12.76873
3142.314749,12.76873
3142.441777,12.76873
3142.568806,12.76873
3142.695835,12.76873
3142.822864,12.76873
3142.949893,12.76873
3143.076922,12.76873
3143.585038,12.76873
3143.7120670000004,12.76873
3143.839096,12.899023
3143.9661250000004,12.899023
3144.093154,12.899023
3144.2201830000004,12.899023
3144.3472110000002,12.899023
3144.47424,12.899023
3144.6012690000002,12.899023
3144.855327,12.76873
3144.982356,12.76873
3145.109385,12.76873
3145.2364140000004,12.76873
3145.363443,12.76873
3145.4904720000004,12.76873
3145.617501,12.76873
3151.460832,13.550489
3151.587861,13.550489
3151.71489,13.550489
3151.8419190000004,13.550489
3151.968948,13.550489
3152.095976,13.550489
3152.2230050000003,13.680782
3152.350034,13.680782
3152.4770630000003,13.680782
3152.604092,13.680782
3152.7311210000003,13.680782
3152.85815,13.680782
3152.9851790000002,13.680782
3153.112208,13.550489
3153.2392370000002,13.550489
3153.366266,13.550489
3153.493295,13.550489
3153.620324,13.550489
3153.747353,13.550489
3153.8743820000004,13.550489
3154.0014100000003,13.550489
3154.128439,13.550489
3154.2554680000003,13.550489
3154.382497,13.550489
3154.5095260000003,13.550489
3154.636555,13.550489
3154.7635840000003,13.550489
3154.890613,13.550489
3155.0176420000003,13.550489
3155.144671,13.550489
3155.2717000000002,13.550489
3155.398729,13.550489
3155.525758,13.550489
3155.652787,13.550489
3155.779816,13.680782
3155.9068450000004,13.680782
3156.0338730000003,13.680782
3156.160902,13.680782
3156.2879310000003,13.680782
3156.41496,13.680782
3156.5419890000003,13.680782
3156.669018,13.680782
3156.7960470000003,13.680782
3157.0501050000003,13.550489
3157.177134,13.550489
3157.3041630000002,13.550489
3157.431192,13.550489
3157.5582210000002,13.550489
3157.68525,13.550489
3157.812279,13.680782
3157.939307,13.680782
3158.0663360000003,13.680782
3158.193365,13.680782
3158.3203940000003,13.680782
3158.447423,13.680782
3158.5744520000003,13.680782
3158.701481,13.680782
3158.8285100000003,13.680782
3158.955539,13.680782
3159.0825680000003,13.680782
3159.209597,13.680782
3159.3366260000003,13.680782
3159.463655,13.680782
3159.5906840000002,13.680782
3159.717713,13.680782
3160.6069150000003,13.550489
3160.733944,13.550489
3160.8609730000003,13.550489
3160.988002,13.550489
3161.1150310000003,13.550489
3161.24206,13.550489
3161.3690890000003,13.550489
3161.496118,13.550489
3199.985885,10.228013
3200.1129140000003,10.228013
3200.239943,10.228013
3200.3669720000003,10.228013
3200.494,10.228013
3200.6210290000004,10.228013
3200.748058,10.228013
3200.8750870000003,10.228013
3201.002116,10.09772
3201.1291450000003,10.09772
3201.256174,9.837134
3201.3832030000003,9.837134
3201.510232,9.70684
3201.6372610000003,9.70684
3201.76429,9.837134
3201.8913190000003,9.837134
3202.018348,9.837134
3202.1453770000003,9.837134
3202.272406,9.837134
3202.3994340000004,9.837134
3202.526463,9.837134
3202.6534920000004,9.837134
3202.780521,9.837134
3202.9075500000004,9.837134
3203.034579,9.70684
3203.1616080000003,9.70684
3203.288637,9.70684
3203.4156660000003,9.70684
3203.542695,9.70684
3203.6697240000003,9.70684
3203.796753,9.70684
3203.9237820000003,9.70684
3204.050811,9.70684
3204.1778400000003,9.70684
3204.304868,9.70684
3204.4318970000004,9.70684
3204.558926,9.70684
3204.6859550000004,9.70684
3204.812984,9.70684
3204.9400130000004,9.70684
3205.067042,9.70684
3205.1940710000003,9.70684
3205.3211,9.837134
3205.4481290000003,9.837134
3205.575158,9.837134
3205.7021870000003,9.837134
3205.829216,9.837134
3205.9562450000003,9.837134
3206.083274,9.837134
3206.2103030000003,9.837134
3206.337331,9.70684
3206.4643600000004,9.70684
3206.591389,9.70684
3206.7184180000004,9.70684
3206.845447,9.70684
3206.9724760000004,9.70684
3207.099505,9.70684
3207.2265340000004,9.70684
3207.353563,9.70684
3207.4805920000003,9.70684
3207.607621,9.837134
3207.7346500000003,9.837134
3207.861679,9.837134
3207.9887080000003,9.837134
3208.115737,9.837134
3208.2427650000004,9.837134
3208.369794,9.837134
3208.4968230000004,9.837134
3208.623852,9.837134
3208.7508810000004,9.837134
3208.87791,9.837134
3209.0049390000004,9.837134
3209.131968,9.837134
3209.2589970000004,9.837134
3209.386026,9.70684
3209.5130550000003,9.70684
3209.640084,9.70684
3209.7671130000003,9.70684
3210.402257,9.70684
3210.5292860000004,9.70684
3210.656315,9.70684
3210.7833440000004,9.70684
3210.910373,9.70684
3211.0374020000004,9.70684
3211.164431,9.70684
3211.2914600000004,9.70684
3211.418489,9.70684
3211.5455180000004,9.70684
3211.672547,9.837134
3211.7995760000003,9.837134
3211.926605,9.837134
3212.053633,9.837134
3212.180662,9.837134
3212.307691,9.837134
3212.43472,9.837134
3212.5617490000004,9.837134
3212.688778,9.446254
3212.8158070000004,9.446254
3212.942836,9.446254
3213.0698650000004,9.446254
3213.196894,9.315961
3213.3239230000004,9.315961
3213.450952,8.664495
3213.5779810000004,8.664495
3213.70501,8.664495
3213.8320390000003,8.664495
3213.959068,8.664495
3214.086096,8.664495
3214.213125,8.664495
3214.340154,8.664495
3214.467183,8.664495
3214.594212,8.664495
3214.721241,8.664495
3214.8482700000004,8.664495
3214.975299,8.664495
3215.1023280000004,8.664495
3215.229357,8.664495
3215.3563860000004,8.664495
3215.483415,8.664495
3215.6104440000004,8.664495
3215.737473,8.664495
3215.8645020000004,8.664495
3215.9915300000002,8.664495
3216.118559,8.664495
3216.245588,8.664495
3216.372617,8.664495
3216.499646,8.664495
3216.6266750000004,8.664495
3216.753704,8.664495
3216.8807330000004,8.664495
3217.007762,8.664495
3217.1347910000004,8.664495
3217.26182,8.664495
3217.3888490000004,8.664495
3217.515878,8.664495
3217.6429070000004,8.664495
3217.769936,8.664495
3217.896964,8.664495
3218.0239930000002,8.534202
3218.151022,8.534202
3218.2780510000002,8.534202
3218.40508,8.534202
3218.532109,8.534202
3218.659138,8.534202
3218.786167,8.534202
3218.9131960000004,8.534202
3219.040225,8.664495
3219.1672540000004,8.664495
3219.294283,8.664495
3219.4213120000004,8.664495
3219.548341,8.664495
3219.6753700000004,8.664495
3219.8023980000003,8.794788
3219.929427,8.794788
3220.0564560000003,8.794788
3220.183485,8.794788
3220.3105140000002,8.794788
3220.437543,8.794788
3220.564572,8.794788
3220.691601,8.729642
3220.81863,8.729642
3220.945659,8.729642
3221.072688,8.729642
3221.1997170000004,8.729642
3221.326746,8.729642
3221.4537750000004,8.729642
3221.580804,8.729642
3221.7078330000004,8.729642
3221.8348610000003,8.729642
3221.96189,8.729642
3222.0889190000003,8.599349
3222.215948,8.599349
3222.3429770000002,8.599349
3222.470006,8.599349
3222.5970350000002,8.599349
3222.724064,8.599349
3222.851093,8.599349
3222.978122,8.599349
3223.105151,8.599349
3223.23218,8.599349
3223.359209,8.599349
3223.4862380000004,8.599349
3223.613267,8.599349
3223.740295,8.599349
3223.8673240000003,8.599349
3223.994353,8.599349
3224.1213820000003,8.599349
3224.248411,8.599349
3227.424135,8.599349
3227.551163,8.599349
3227.6781920000003,8.599349
3227.805221,8.599349
3227.9322500000003,8.599349
3228.059279,8.599349
3228.1863080000003,8.599349
3228.313337,8.599349
3228.4403660000003,8.599349
3228.567395,8.599349
3228.6944240000003,8.599349
3228.821453,8.599349
3229.7106550000003,8.599349
3229.837684,8.599349
3229.9647130000003,8.599349
3230.091742,8.599349
3230.2187710000003,8.599349
3230.3458,8.599349
3230.4728290000003,8.599349
3230.599858,8.599349
3230.7268870000003,8.599349
3230.853916,8.599349
3230.9809450000002,8.599349
3231.107974,8.599349
3231.2350030000002,8.599349
3231.362032,8.599349
3231.4890600000003,8.599349
3231.616089,8.599349
3231.7431180000003,8.599349
3231.870147,8.599349
3231.9971760000003,8.599349
3232.124205,8.599349
3232.2512340000003,8.599349
3232.378263,8.599349
3232.5052920000003,8.599349
3232.632321,8.599349
3232.7593500000003,8.599349
3232.886379,8.599349
3233.0134080000003,8.599349
3233.140437,8.599349
3233.2674660000002,8.599349
3233.394494,8.599349
3233.5215230000003,8.469055
3233.648552,8.469055
3233.7755810000003,8.599349
3233.90261,8.599349
3234.0296390000003,8.599349
3234.156668,8.599349
3234.2836970000003,8.599349
3234.410726,8.599349
3234.5377550000003,8.599349
3234.664784,8.599349
3234.7918130000003,8.599349
3234.918842,8.599349
3235.0458710000003,8.729642
3235.1729,8.729642
3235.2999280000004,8.729642
3235.426957,8.729642
3235.5539860000004,8.729642
3235.681015,8.729642
3235.8080440000003,8.729642
3235.935073,8.729642
3236.0621020000003,8.729642
3236.189131,8.729642
3236.3161600000003,8.599349
3236.443189,8.599349
3236.5702180000003,8.599349
3236.697247,8.599349
3236.8242760000003,8.599349
3236.951305,8.599349
3240.3810860000003,8.599349
3240.508115,8.599349
3240.6351440000003,8.599349
3240.762173,8.599349
3240.8892020000003,8.599349
3241.016231,8.599349
3241.1432590000004,8.729642
3241.270288,8.729642
3241.3973170000004,8.729642
3241.524346,8.729642
3241.6513750000004,8.729642
3241.778404,8.729642
3241.9054330000004,8.729642
3242.032462,8.729642
3242.1594910000003,8.729642
3242.28652,8.729642
3242.4135490000003,8.729642
3242.540578,8.729642
3242.6676070000003,8.729642
3242.794636,8.729642
3242.9216650000003,8.729642
3243.048693,8.729642
3243.1757220000004,8.729642
3243.302751,8.729642
3243.4297800000004,8.729642
3243.556809,8.729642
3243.6838380000004,8.729642
3243.810867,8.729642
3243.9378960000004,8.729642
3244.064925,8.729642
3244.1919540000004,8.729642
3244.318983,8.729642
3244.4460120000003,8.729642
3244.573041,8.729642
3244.7000700000003,9.381107
3244.827099,9.381107
3244.954127,9.381107
3245.081156,9.381107
3245.2081850000004,9.381107
3245.335214,9.381107
3245.4622430000004,9.381107
3245.589272,9.381107
3245.7163010000004,9.381107
3245.84333,9.381107
3245.9703590000004,9.381107
3246.097388,9.381107
3247.240648,9.381107
3247.367677,9.381107
3247.4947060000004,9.381107
3247.621735,9.381107
3247.7487640000004,9.381107
3247.875793,9.381107
3248.0028220000004,9.381107
3248.129851,9.381107
3248.2568800000004,9.381107
3248.383909,9.381107
3249.2731110000004,9.381107
3249.40014,9.381107
3249.5271690000004,9.381107
3249.654198,9.381107
3249.7812270000004,9.381107
3249.908256,9.381107
3250.0352850000004,9.381107
3250.162314,9.381107
3250.2893430000004,9.381107
3250.416372,9.381107
3250.5434010000004,9.381107
3250.67043,9.381107
3250.797458,9.381107
3250.924487,9.381107
3251.051516,9.381107
3251.178545,9.381107
3251.305574,9.511401
3251.432603,9.511401
3251.5596320000004,9.511401
3251.686661,9.511401
3251.8136900000004,9.511401
3251.940719,9.511401
3252.0677480000004,9.511401
3252.194777,9.511401
3252.3218060000004,9.511401
3252.448835,9.511401
3252.5758640000004,9.511401
3252.7028920000002,9.511401
3252.829921,9.511401
3252.9569500000002,9.511401
3253.083979,9.381107
3253.211008,9.381107
3253.3380370000004,8.729642
3253.465066,8.729642
3253.592095,8.599349
3253.719124,8.599349
3253.8461530000004,8.729642
3253.973182,8.729642
3254.1002110000004,8.729642
3254.22724,8.729642
3254.3542690000004,8.729642
3254.481298,8.729642
3254.6083270000004,8.729642
3254.7353550000003,8.729642
3254.862384,8.729642
3254.9894130000002,8.729642
3255.116442,8.729642
3255.243471,8.729642
3255.3705,8.729642
3255.497529,8.729642
3255.6245580000004,8.729642
3255.751587,8.729642
3255.878616,8.729642
3256.005645,8.729642
3256.1326740000004,8.729642
3256.259703,8.729642
3256.3867320000004,8.729642
3256.513761,8.729642
3256.640789,8.729642
3256.7678180000003,8.729642
3256.894847,8.729642
3257.0218760000002,8.729642
3257.148905,8.729642
3257.2759340000002,8.729642
3257.402963,8.729642
3257.529992,8.729642
3257.657021,8.729642
3257.78405,8.729642
3257.9110790000004,9.250814
3258.038108,9.250814
3258.1651370000004,9.381107
3258.292166,9.381107
3258.4191950000004,9.381107
3258.5462230000003,9.381107
3258.673252,9.381107
3258.8002810000003,9.381107
3258.92731,9.381107
3259.0543390000003,9.381107
3259.181368,9.381107
3259.3083970000002,9.381107
3259.435426,9.381107
3259.562455,9.381107
3259.689484,9.381107
3260.705715,9.315961
3260.8327440000003,9.315961
3260.959773,9.315961
3261.0868020000003,9.315961
3261.213831,9.315961
3261.3408600000002,9.315961
3261.467889,9.315961
3261.5949180000002,9.315961
3261.721947,9.315961
3261.848976,9.315961
3262.357092,9.250814
3262.48412,9.315961
3262.6111490000003,9.315961
3262.738178,9.315961
3262.8652070000003,9.381107
3262.992236,9.446254
3263.1192650000003,9.446254
3263.246294,9.446254
3263.3733230000003,9.446254
3263.500352,9.446254
3263.6273810000002,9.446254
3263.75441,9.446254
3263.8814390000002,9.446254
3264.008468,9.446254
3264.135497,9.446254
3264.2625260000004,9.446254
3264.3895540000003,9.446254
3264.516583,9.446254
3264.6436120000003,9.446254
3264.770641,9.446254
3264.8976700000003,9.446254
3265.024699,9.446254
3265.1517280000003,9.446254
3265.278757,9.446254
3265.4057860000003,9.446254
3265.532815,9.446254
3265.6598440000002,9.446254
3265.786873,9.446254
3265.9139020000002,9.446254
3266.040931,9.446254
3266.16796,9.446254
3266.294988,9.446254
3266.4220170000003,9.446254
3266.549046,9.446254
3266.6760750000003,9.446254
3266.803104,9.446254
3266.9301330000003,9.446254
3267.057162,9.446254
3267.1841910000003,9.446254
3267.31122,9.446254
3267.4382490000003,9.446254
3267.565278,9.446254
3267.6923070000003,9.446254
3267.819336,9.446254
3267.9463650000002,9.446254
3268.073394,9.446254
3268.2004220000003,9.446254
3268.327451,9.446254
3268.4544800000003,9.446254
3268.581509,9.446254
3268.7085380000003,9.446254
3268.835567,9.446254
3268.9625960000003,9.446254
3269.089625,9.446254
3269.2166540000003,9.446254
3269.343683,9.446254
3269.4707120000003,9.446254
3269.597741,9.446254
3269.7247700000003,9.446254
3269.851799,9.446254
3269.9788280000002,9.446254
3270.105857,9.446254
3270.2328850000004,9.446254
3270.359914,9.446254
3270.4869430000003,9.446254
3270.613972,9.446254
3270.7410010000003,9.446254
3270.86803,9.446254
3270.9950590000003,9.446254
3271.122088,9.446254
3271.2491170000003,9.446254
3271.376146,9.446254
3271.5031750000003,9.446254
3271.630204,9.446254
3271.7572330000003,9.446254
3271.884262,9.446254
3272.0112910000003,9.446254
3272.138319,9.446254
3272.2653480000004,9.446254
3272.392377,9.446254
3272.5194060000003,9.446254
3272.646435,9.446254
3272.7734640000003,9.446254
3272.900493,9.446254
3273.0275220000003,9.446254
3273.154551,9.446254
3273.2815800000003,9.446254
3273.408609,9.446254
3273.5356380000003,9.446254
3273.662667,9.446254
3273.7896960000003,9.446254
3273.916725,9.446254
3274.0437530000004,9.446254
3274.170782,9.446254
3274.2978110000004,9.446254
3274.42484,9.446254
3274.5518690000004,9.446254
3274.678898,9.446254
3274.8059270000003,9.446254
3274.932956,9.315961
3275.0599850000003,9.315961
3276.203245,9.446254
3276.3302740000004,9.446254
3276.457303,9.446254
3276.5843320000004,9.446254
3276.711361,9.446254
3276.8383900000003,9.446254
3276.965419,9.446254
3277.0924480000003,9.446254
3277.219477,9.315961
3277.3465060000003,9.315961
3277.473535,9.315961
3277.6005640000003,9.315961
3277.727593,9.315961
3277.8546210000004,9.315961
3277.98165,9.315961
3278.1086790000004,9.315961
3280.268171,8.534202
3280.3952000000004,8.534202
3280.522229,8.664495
3280.6492580000004,8.664495
3280.776287,8.664495
3280.9033160000004,8.664495
3281.030345,8.664495
3281.1573740000003,8.664495
3281.284403,8.664495
3281.4114320000003,8.664495
3281.538461,8.664495
3281.6654900000003,8.664495
3281.792518,8.664495
3281.9195470000004,8.664495
3282.046576,9.446254
3282.1736050000004,9.446254
3282.300634,9.446254
3282.4276630000004,9.446254
3282.554692,9.446254
3282.6817210000004,9.446254
3282.80875,9.446254
3282.9357790000004,9.446254
3283.062808,9.446254
3283.1898370000004,9.446254
3283.316866,9.446254
3283.4438950000003,9.446254
3283.570924,9.446254
3283.6979520000004,9.446254
3283.824981,9.315961
3283.95201,9.315961
3284.079039,9.446254
3284.2060680000004,9.446254
3284.333097,9.446254
3284.4601260000004,9.446254
3284.587155,9.446254
3284.7141840000004,9.446254
3284.841213,9.446254
3284.9682420000004,9.446254
3285.095271,8.664495
3285.2223000000004,8.664495
3285.349329,8.534202
3285.4763580000003,8.534202
3285.6033860000002,8.664495
3285.730415,8.664495
3285.857444,8.794788
3285.9844730000004,8.794788
3286.111502,8.794788
3286.238531,8.794788
3286.36556,8.794788
3286.4925890000004,8.794788
3286.619618,8.794788
3286.7466470000004,8.794788
3286.873676,8.794788
3287.0007050000004,8.794788
3287.127734,8.794788
3287.2547630000004,8.794788
3287.381792,8.794788
3287.5088210000004,8.729642
3287.6358490000002,8.664495
3287.762878,8.664495
3287.889907,8.794788
3288.016936,8.794788
3288.143965,8.794788
3288.2709940000004,8.794788
3288.398023,8.794788
3288.525052,8.794788
3288.652081,8.794788
3288.7791100000004,8.794788
3288.906139,8.794788
3289.0331680000004,8.794788
3289.160197,8.794788
3289.2872260000004,8.794788
3289.414255,9.446254
3289.541283,9.446254
3289.6683120000002,9.446254
3289.795341,9.446254
3289.9223700000002,9.446254
3290.049399,9.446254
3290.176428,9.446254
3290.303457,9.446254
3293.606209,93.420195
3293.7332380000003,93.420195
3293.860267,93.420195
3293.9872960000002,93.420195
3294.114325,93.420195
3294.2413540000002,93.420195
3294.368383,93.420195
3301.227945,12.964169
3301.3549740000003,12.964169
3301.482003,13.224756
3301.736061,13.485342
3301.8630900000003,13.550489
3301.990119,13.550489
3302.1171480000003,13.550489
3302.244177,13.550489
3302.3712060000003,13.550489
3302.498235,13.550489
3302.6252640000002,13.550489
3302.752293,13.550489
3302.8793220000002,13.550489
3303.006351,13.550489
3303.1333790000003,13.550489
3303.260408,13.550489
3307.7064210000003,17.850163
3307.83345,17.850163
3307.9604790000003,17.850163
3308.087508,17.850163
3308.2145370000003,17.850163
3308.341566,17.850163
3308.4685950000003,17.850163
3308.595624,17.850163
3311.5172890000003,20.846906
3311.644318,20.846906
3311.7713470000003,21.107492
3311.898376,21.107492
3312.0254050000003,21.237785
3312.152434,21.237785
3312.2794630000003,21.237785
3312.406492,21.237785
3312.5335210000003,21.237785
3312.66055,21.237785
3312.7875780000004,21.237785
3312.914607,21.237785
3314.5659840000003,24.104235
3314.693012,24.104235
3314.8200410000004,24.104235
3314.94707,24.104235
3315.0740990000004,24.104235
3315.201128,24.104235
3315.3281570000004,24.104235
3315.455186,24.104235
3321.552575,33.224756
3321.6796040000004,33.224756
3321.806633,33.224756
3321.9336620000004,33.224756
3322.060691,33.224756
3322.1877200000004,33.224756
3322.314749,34.136808
3322.441777,34.136808
3322.568806,34.136808
3322.695835,34.136808
3322.822864,34.136808
3322.949893,34.136808
3323.076922,34.136808
3323.2039510000004,34.136808
3323.839096,35.309446
3323.9661250000004,35.309446
3324.093154,35.309446
3324.2201830000004,35.309446
3324.3472110000002,35.309446
3324.47424,35.309446
3324.6012690000002,35.309446
3324.728298,35.309446
3324.855327,35.309446
3324.9823560000004,35.309446
3325.109385,35.309446
3325.236414,35.309446
3329.428369,38.241042
3329.5553980000004,38.241042
3329.682427,38.371336
3329.8094560000004,38.371336
3329.936485,38.371336
3330.0635140000004,38.371336
3330.1905420000003,38.371336
3330.317571,38.371336
3330.4446000000003,38.371336
3330.571629,38.371336
3330.6986580000003,38.371336
3330.825687,38.371336
3330.9527160000002,38.371336
3331.079745,38.371336
3331.206774,38.371336
3331.333803,38.371336
3331.460832,39.413681
3331.587861,39.413681
3331.71489,39.413681
3331.8419190000004,39.413681
3331.968948,39.413681
3332.095976,39.413681
3332.2230050000003,39.543974
3332.350034,39.543974
3332.4770630000003,39.543974
3332.604092,39.543974
3332.7311210000003,39.543974
3332.85815,39.543974
3332.9851790000002,39.543974
3333.112208,39.543974
3333.2392370000002,38.762215
3333.366266,38.762215
3333.493295,38.762215
3333.6203240000004,38.762215
3333.747353,38.762215
3333.874382,38.762215
3334.0014100000003,38.110749
3334.128439,38.110749
3334.2554680000003,38.110749
3334.382497,38.110749
3334.5095260000003,38.110749
3334.636555,38.110749
3334.7635840000003,37.980456
3334.890613,37.980456
3335.0176420000003,37.980456
3335.144671,37.980456
3335.2717000000002,38.371336
3335.398729,38.371336
3335.525758,38.371336
3335.652787,38.371336
3335.779816,38.371336
3335.9068450000004,38.371336
3336.0338730000003,38.371336
3336.160902,38.371336
3336.2879310000003,38.241042
3336.41496,38.241042
3336.5419890000003,38.241042
3336.669018,38.241042
3336.7960470000003,38.241042
3336.923076,38.241042
3337.0501050000003,38.241042
3337.177134,38.241042
3337.3041630000002,38.241042
3337.431192,38.241042
3337.5582210000002,38.241042
3337.68525,38.241042
3337.812279,38.241042
3337.939307,38.241042
3338.0663360000003,38.241042
3338.193365,38.241042
3338.3203940000003,38.371336
3338.447423,38.371336
3338.5744520000003,38.371336
3338.701481,38.371336
3338.8285100000003,38.371336
3338.955539,38.371336
3339.0825680000003,38.371336
3339.209597,38.371336
3339.3366260000003,38.371336
3339.463655,38.371336
3339.5906840000002,38.371336
3339.717713,38.371336
3340.0987990000003,39.413681
3340.225828,39.413681
3340.3528570000003,39.413681
3340.479886,39.413681
3340.6069150000003,39.413681
3340.733944,39.413681
3340.8609730000003,39.413681
3340.988002,39.413681
3341.1150310000003,38.762215
3341.24206,38.762215
3341.3690890000003,38.762215
3341.496118,38.762215
3341.6231470000002,38.762215
3341.750175,38.762215
3341.8772040000003,38.762215
3342.004233,38.762215
3342.1312620000003,37.980456
3342.258291,37.980456
3342.3853200000003,37.980456
3342.512349,37.980456
3342.6393780000003,37.980456
3342.766407,37.980456
3342.8934360000003,37.589577
3343.020465,37.589577
3343.1474940000003,37.589577
3343.274523,37.589577
3344.4177830000003,36.416938
3344.544812,36.416938
3344.6718410000003,36.416938
3344.79887,36.416938
3344.9258990000003,36.416938
3345.052928,36.416938
3345.1799570000003,36.416938
3345.306986,36.416938
3345.4340150000003,36.416938
3345.561044,36.416938
3345.6880720000004,36.416938
3345.815101,36.416938
3345.9421300000004,36.416938
3346.069159,36.416938
3346.1961880000003,35.895765
3346.323217,35.895765
3346.4502460000003,35.895765
3346.577275,35.895765
3346.7043040000003,35.635179
3346.831333,35.635179
3346.9583620000003,35.635179
3347.085391,35.635179
3347.2124200000003,35.635179
3347.339449,35.635179
3347.4664780000003,35.635179
3347.593506,35.635179
3347.7205350000004,35.635179
3347.847564,35.635179
3347.9745930000004,35.635179
3348.101622,35.635179
3348.2286510000004,35.635179
3348.35568,35.635179
3348.4827090000003,35.635179
3348.609738,35.635179
3348.7367670000003,35.2443
3348.863796,35.2443
3348.9908250000003,35.2443
3349.117854,35.2443
3349.2448830000003,34.983713
3349.371912,34.983713
3350.0070560000004,33.289902
3350.134085,33.289902
3350.2611140000004,33.289902
3350.388143,33.289902
3350.5151720000003,33.289902
3350.642201,33.289902
3350.7692300000003,33.289902
3350.896259,33.289902
3351.0232880000003,33.029316
3351.150317,33.029316
3351.2773460000003,32.508143
3351.404374,32.508143
3351.5314030000004,32.508143
3351.658432,32.508143
3351.7854610000004,32.052117
3351.91249,32.052117
3352.0395190000004,31.856678
3352.166548,31.791531
3352.2935770000004,31.335505
3352.420606,31.335505
3352.5476350000004,93.289902
3352.674664,93.289902
3352.8016930000003,93.289902
3352.928722,93.289902
3353.0557510000003,93.289902
3353.18278,93.289902
3353.3098090000003,93.289902
3356.485532,26.384365
3356.6125610000004,26.384365
3356.73959,26.384365
3356.8666190000004,26.384365
3356.993648,26.384365
3357.1206770000003,26.384365
3357.247705,26.384365
3357.374734,26.384365
3357.501763,25.602606
3357.6287920000004,25.602606
3357.755821,25.602606
3357.88285,25.602606
3360.804516,22.605863
3360.9315450000004,22.605863
3361.058574,22.605863
3361.185602,22.605863
3361.3126310000002,22.605863
3361.43966,22.605863
3361.566689,22.605863
3361.693718,22.605863
3361.820747,22.47557
3361.947776,22.47557
3362.074805,22.214984
3362.2018340000004,22.214984
3362.328863,22.214984
3362.4558920000004,22.214984
3362.582921,22.214984
3362.7099500000004,22.214984
3362.836979,22.084691
3362.9640080000004,22.084691
3363.0910360000003,22.214984
3363.218065,22.214984
3363.3450940000002,22.214984
3363.472123,22.214984
3363.5991520000002,22.214984
3363.726181,22.214984
3363.85321,22.214984
3363.9802390000004,22.214984
3364.107268,22.214984
3364.234297,22.214984
3364.361326,22.214984
3364.4883550000004,22.214984
3364.615384,22.084691
3364.7424130000004,22.084691
3364.869442,21.433225
3364.99647,21.433225
3365.1234990000003,21.433225
3365.250528,21.433225
3365.3775570000003,21.042345
3365.504586,21.042345
3370.9668300000003,17.13355
3371.093859,17.13355
3371.2208880000003,17.13355
3371.347917,17.13355
3371.4749460000003,17.13355
3371.601975,17.13355
3371.7290040000003,17.13355
3371.856033,17.13355
3371.9830620000002,17.13355
3372.110091,17.13355
3372.2371200000002,17.13355
3372.364149,17.13355
3372.491178,17.13355
3372.6182070000004,17.068404
3372.7452350000003,16.351792
3372.872264,16.351792
3372.9992930000003,16.351792
3373.126322,16.351792
3373.2533510000003,16.351792
3373.38038,16.286645
3373.5074090000003,16.091205
3373.634438,16.091205
3373.7614670000003,16.091205
3373.888496,16.091205
3374.0155250000003,16.091205
3374.142554,16.026059
3374.2695830000002,15.960912
3374.396612,15.960912
3374.523641,16.091205
3374.650669,16.091205
3374.7776980000003,16.091205
3374.904727,16.091205
3375.0317560000003,16.091205
3375.158785,16.091205
3375.2858140000003,16.091205
3375.412843,16.091205
3375.5398720000003,16.091205
3375.666901,16.091205
3375.7939300000003,16.091205
3375.920959,16.026059
3376.0479880000003,15.960912
3376.175017,15.960912
3376.3020460000002,15.895765
3376.429075,15.960912
3376.5561040000002,15.960912
3376.683132,15.960912
3376.8101610000003,15.960912
3376.93719,15.960912
3377.0642190000003,15.960912
3377.191248,15.960912
3377.3182770000003,15.895765
3377.445306,15.895765
3377.5723350000003,15.895765
3377.699364,15.895765
3377.8263930000003,15.895765
3377.953422,15.895765
3378.0804510000003,15.2443
3378.20748,15.2443
3378.3345090000003,15.2443
3378.461538,15.2443
3379.985885,14.788274
3380.1129140000003,14.85342
3380.239943,14.85342
3380.3669720000003,14.85342
3380.494,14.85342
3380.6210290000004,14.85342
3380.748058,14.85342
3380.8750870000003,14.85342
3381.002116,14.85342
3381.1291450000003,14.85342
3381.256174,14.85342
3381.3832030000003,14.85342
3381.510232,14.85342
3381.6372610000003,14.85342
3381.76429,14.85342
3381.8913190000003,14.85342
3382.018348,14.85342
3382.1453770000003,14.85342
3382.272406,14.85342
3382.3994340000004,14.85342
3382.526463,14.85342
3382.6534920000004,14.723127
3382.780521,14.723127
3382.9075500000004,14.071661
3383.034579,14.071661
3383.1616080000003,14.071661
3383.288637,14.071661
3383.4156660000003,14.071661
3383.542695,14.071661
3383.796753,13.941368
3383.9237820000003,13.941368
3384.050811,13.941368
3384.1778400000003,13.941368
3384.304868,13.941368
3384.4318970000004,13.941368
3384.558926,13.941368
3384.6859550000004,13.941368
3384.812984,13.941368
3385.067042,14.071661
3385.1940710000003,14.071661
3385.3211,14.071661
3385.4481290000003,14.071661
3385.575158,14.071661
3385.7021870000003,14.071661
3385.829216,14.071661
3385.9562450000003,14.071661
3386.083274,14.071661
3386.2103030000003,14.071661
3386.337331,14.071661
3386.4643600000004,14.071661
3386.591389,14.071661
3386.7184180000004,14.071661
3386.845447,14.071661
3386.9724760000004,14.071661
3387.099505,14.071661
3387.2265340000004,14.071661
3387.353563,14.071661
3387.4805920000003,13.811075
3387.607621,13.811075
3387.7346500000003,13.680782
3387.861679,13.680782
3387.9887080000003,13.289902
3388.115737,13.289902
3388.242765,12.899023
3388.369794,12.899023
3388.4968230000004,12.899023
3388.623852,12.899023
3388.7508810000004,12.899023
3388.87791,12.899023
3389.0049390000004,12.899023
3389.131968,12.899023
3389.2589970000004,12.899023
3389.386026,12.899023
3389.5130550000003,12.899023
3389.640084,12.899023
3389.7671130000003,12.899023
3389.894142,12.899023
3390.0211710000003,12.899023
3390.148199,12.899023
3390.2752280000004,12.899023
3410.3458,73.420195
3410.4728290000003,73.420195
3410.599858,73.420195
3410.7268870000003,73.420195
3410.853916,73.420195
3410.9809450000002,73.420195
3411.107974,73.420195
3438.165137,9.446254
3438.292166,9.446254
3438.4191950000004,9.446254
3438.5462230000003,9.446254
3438.673252,9.446254
3438.8002810000003,9.446254
3438.92731,9.446254
3439.0543390000003,9.446254
3444.008468,8.013029
3444.135497,8.013029
3444.2625260000004,8.013029
3444.3895540000003,8.013029
3444.516583,8.013029
3444.6436120000003,8.013029
3444.770641,8.013029
3444.8976700000003,8.013029
3445.024699,8.013029
3445.1517280000003,8.013029
3452.900493,8.664495
3453.0275220000003,8.664495
3453.154551,8.664495
3453.2815800000003,8.664495
3453.408609,8.664495
3453.5356380000003,8.664495
3453.662667,8.664495
3453.7896960000003,8.664495
3453.916725,8.664495
3454.0437530000004,8.664495
3454.170782,8.664495
3454.2978110000004,8.664495
3456.3302740000004,8.664495
3456.457303,8.664495
3456.5843320000004,8.664495
3456.711361,8.794788
3456.8383900000003,8.794788
3456.965419,8.794788
3457.0924480000003,8.794788
3457.219477,8.794788
3457.3465060000003,8.794788
3457.473535,8.794788
3457.6005640000003,8.794788
3457.727593,8.794788
3457.8546210000004,8.794788
3457.98165,8.664495
3458.1086790000004,8.664495
3458.235708,8.664495
3458.3627370000004,8.664495
3458.489766,8.664495
3458.6167950000004,8.664495
3458.743824,8.664495
3458.8708530000004,8.664495
3458.997882,8.664495
3459.1249110000003,8.664495
3459.25194,8.664495
3460.014113,8.599349
3460.1411420000004,8.599349
3460.268171,8.599349
3460.3952000000004,8.599349
3460.522229,8.599349
3460.6492580000004,8.599349
3460.776287,8.599349
3460.9033160000004,8.599349
3461.030345,8.599349
3461.1573740000003,8.599349
3468.143965,8.599349
3468.2709940000004,8.599349
3468.398023,8.599349
3468.525052,8.599349
3468.652081,8.599349
3468.7791100000004,8.599349
3468.906139,8.599349
3469.0331680000004,8.599349
3469.160197,8.599349
3469.2872260000004,8.599349
3494.0578680000003,7.947883
3494.184897,7.947883
3494.3119260000003,7.947883
3494.438955,7.947883
3494.5659840000003,7.947883
3494.693012,7.947883
3494.820041,7.947883
3494.94707,7.947883
3495.0740990000004,8.078176
3495.201128,8.078176
3495.3281570000004,8.078176
3495.455186,8.078176
3495.5822150000004,8.078176
3495.709244,8.078176
3495.8362730000003,8.078176
3495.963302,8.078176
3496.0903310000003,8.078176
3496.21736,8.078176
3496.3443890000003,7.947883
3496.471418,7.947883
3496.598446,7.947883
3496.725475,7.947883
3496.8525040000004,7.947883
3496.979533,7.947883
3497.1065620000004,8.078176
3497.233591,8.078176
3497.3606200000004,8.078176
3497.487649,8.078176
3497.6146780000004,8.078176
3497.741707,8.078176
3497.8687360000004,8.078176
3497.995765,8.078176
3498.1227940000003,8.078176
3498.249823,8.078176
3498.3768520000003,8.078176
3498.50388,8.078176
3498.6309090000004,8.078176
3498.757938,8.078176
3498.884967,8.078176
3499.011996,8.078176
3499.1390250000004,8.078176
3499.266054,8.078176
3499.3930830000004,7.947883
3507.014819,6.840391
3507.141848,6.840391
3507.2688770000004,6.840391
3507.395906,6.840391
3507.522935,6.840391
3507.649964,6.840391
3507.7769930000004,6.840391
3507.904022,6.840391
3508.0310510000004,6.840391
3508.15808,6.840391
3508.285108,6.840391
3508.4121370000003,6.840391
3534.453069,8.664495
3534.5800980000004,8.664495
3534.707127,8.664495
3534.8341560000003,8.664495
3534.961185,8.664495
3535.0882140000003,8.664495
3535.215243,8.664495
3535.3422710000004,8.664495
3535.4693,8.664495
3535.596329,8.664495
3535.723358,8.664495
3535.8503870000004,8.664495
3535.977416,8.664495
3536.993648,8.664495
3537.1206770000003,8.664495
3537.247705,8.664495
3537.374734,8.664495
3537.501763,8.664495
3537.6287920000004,8.664495
3537.755821,8.664495
3537.88285,8.664495
3538.009879,8.664495
3538.1369080000004,8.664495
3538.263937,8.729642
3538.3909660000004,8.729642
3538.517995,8.729642
3538.6450240000004,8.729642
3538.772053,8.729642
3538.8990820000004,8.729642
3539.026111,8.729642
3539.153139,8.729642
3550.712773,8.599349
3550.839801,8.599349
3550.9668300000003,8.599349
3551.093859,8.599349
3551.2208880000003,8.599349
3551.347917,8.599349
3551.4749460000003,8.729642
3551.601975,8.729642
3551.7290040000003,8.729642
3551.856033,8.729642
3551.9830620000002,8.729642
3552.110091,8.729642
3552.2371200000002,8.729642
3552.364149,8.729642
3552.491178,8.729642
3552.6182070000004,8.729642
3552.7452350000003,8.729642
3552.872264,8.729642
3552.9992930000003,8.729642
3553.126322,8.729642
3553.2533510000003,8.729642
3553.38038,8.729642
3553.5074090000003,8.729642
3553.634438,8.729642
3553.7614670000003,8.729642
3553.888496,8.729642
3554.0155250000003,8.729642
3554.142554,8.729642
3554.2695830000002,8.729642
3554.396612,8.729642
3554.523641,8.729642
3554.650669,8.729642
3554.7776980000003,8.729642
3554.904727,8.729642
3555.0317560000003,8.729642
3555.158785,8.729642
3555.2858140000003,8.729642
3555.412843,8.729642
3555.5398720000003,8.729642
3555.666901,8.729642
3556.3020460000002,9.381107
3556.429075,9.381107
3556.5561040000002,9.511401
3556.683132,9.511401
3556.8101610000003,9.511401
3556.93719,9.511401
3557.0642190000003,9.511401
3557.191248,9.511401
3557.3182770000003,9.511401
3557.445306,9.511401
3557.5723350000003,9.381107
3557.699364,9.381107
3557.8263930000003,9.381107
3557.953422,9.381107
3558.0804510000003,9.381107
3558.20748,9.381107
3558.3345090000003,9.381107
3558.461538,9.381107
3558.5885660000004,9.381107
3558.715595,9.381107
3559.0966820000003,9.381107
3559.223711,9.381107
3559.3507400000003,9.381107
3559.477769,9.381107
3559.6047980000003,9.381107
3559.731827,9.381107
3559.8588560000003,9.381107
3559.985885,9.381107
3581.7078330000004,17.915309
3581.8348610000003,17.915309
3581.96189,17.915309
3582.0889190000003,17.915309
3582.215948,17.915309
3582.3429770000002,17.915309
3582.470006,17.915309
3594.410726,17.263844
3594.5377550000003,17.263844
3594.664784,17.263844
3594.7918130000003,17.263844
3594.918842,17.263844
3595.0458710000003,17.263844
3595.1729,17.263844
3595.2999280000004,17.13355
3595.426957,17.13355
3595.5539860000004,16.351792
3595.681015,16.351792
3595.8080440000003,16.351792
3595.935073,16.091205
3596.0621020000003,16.091205
3596.189131,16.091205
3596.3161600000003,16.091205
3596.443189,16.091205
3596.5702180000003,16.091205
3596.697247,16.091205
3596.8242760000003,16.091205
3601.1432590000004,23.648208
3601.270288,23.648208
3601.3973170000004,23.648208
3601.524346,23.648208
3601.6513750000004,23.648208
3601.778404,23.648208
3601.9054330000004,23.648208
3602.032462,23.648208
3603.048693,17.850163
3603.175722,17.850163
3603.302751,17.850163
3603.4297800000004,17.850163
3603.556809,17.850163
3603.6838380000004,17.850163
3603.810867,17.850163
3603.9378960000004,16.742671
3604.064925,16.742671
3604.1919540000004,16.742671
3604.318983,16.742671
3604.4460120000003,16.742671
3604.573041,16.742671
3604.7000700000003,16.742671
3604.827099,17.850163
3604.954127,17.850163
3605.081156,17.850163
3605.2081850000004,17.850163
3605.335214,17.850163
3605.4622430000004,17.850163
3605.589272,17.850163
3610.0352850000004,21.042345
3610.162314,21.042345
3610.2893430000004,21.042345
3610.416372,21.042345
3610.5434010000004,21.042345
3610.67043,21.042345
3610.797458,21.042345
3610.924487,20.977199
3611.0515160000004,20.912052
3613.973182,23.908795
3614.1002110000004,23.908795
3614.22724,23.908795
3614.3542690000004,23.908795
3614.481298,23.908795
3614.6083270000004,23.908795
3614.7353550000003,23.908795
3617.9110790000004,27.23127
3618.038108,27.23127
3618.165137,27.23127
3618.292166,27.23127
3618.4191950000004,27.23127
3618.5462230000003,27.23127
3618.673252,27.23127
3618.8002810000003,27.23127
3622.992236,33.355049
3623.1192650000003,33.355049
3623.246294,33.355049
3623.3733230000003,33.355049
3623.500352,33.355049
3623.6273810000002,33.355049
3623.7544100000005,33.355049
3623.8814390000002,33.355049
3624.008468,34.136808
3624.135497,34.136808
3624.2625260000004,34.136808
3624.3895540000003,34.136808
3624.516583,34.136808
3624.6436120000003,34.136808
3624.770641,34.136808
3624.8976700000003,35.309446
3625.024699,35.309446
3625.1517280000003,35.309446
3625.278757,35.309446
3625.4057860000003,35.309446
3625.5328150000005,35.309446
3625.6598440000002,35.309446
3625.786873,35.309446
3625.9139020000002,35.309446
3626.0409310000005,35.309446
3628.7085380000003,39.478827
3628.835567,39.478827
3628.9625960000003,39.609121
3629.089625,39.609121
3629.2166540000003,39.609121
3629.343683,39.609121
3629.4707120000003,39.609121
3629.597741,39.609121
3629.7247700000003,39.609121
3629.851799,39.609121
3639.1249110000003,43.387622
3639.25194,43.387622
3639.3789690000003,43.387622
3639.505998,43.387622
3639.6330270000003,43.387622
3639.760056,43.387622
3639.887084,43.387622
3640.014113,43.387622
3640.1411420000004,43.387622
3640.268171,43.387622
3640.3952,43.387622
3640.522229,43.387622
3640.6492580000004,43.387622
3640.776287,43.387622
3640.9033160000004,44.299674
3641.030345,44.299674
3641.1573740000003,44.299674
3641.284403,44.299674
3641.4114320000003,44.299674
3641.538461,44.299674
3641.6654900000003,44.299674
3641.792518,44.299674
3641.9195470000004,43.778502
3642.046576,43.778502
3642.173605,43.778502
3642.300634,43.778502
3642.4276630000004,43.778502
3642.554692,43.778502
3642.681721,43.778502
3642.80875,43.778502
3642.9357790000004,43.127036
3643.062808,43.127036
3643.1898370000004,43.127036
3643.316866,43.127036
3643.4438950000003,43.127036
3643.570924,43.127036
3643.6979520000004,42.736156
3643.824981,42.736156
3643.95201,42.605863
3644.079039,42.605863
3644.2060680000004,42.736156
3644.333097,42.736156
3644.460126,42.736156
3644.587155,42.736156
3644.7141840000004,42.736156
3644.841213,42.736156
3644.968242,42.736156
3645.095271,42.736156
3645.2223000000004,42.736156
3645.349329,42.736156
3645.4763580000003,42.736156
3645.6033860000002,42.736156
3645.730415,42.736156
3645.857444,42.736156
3645.9844730000004,42.736156
3646.111502,42.736156
3646.238531,42.736156
3646.36556,42.736156
3646.4925890000004,42.736156
3646.619618,42.736156
3646.746647,42.736156
3646.873676,42.736156
3647.0007050000004,42.736156
3647.127734,42.736156
3647.2547630000004,42.736156
3647.381792,42.736156
3647.5088210000004,42.736156
3647.6358490000002,42.736156
3647.7628780000005,42.736156
3647.889907,42.736156
3648.016936,42.736156
3648.143965,42.736156
3648.2709940000004,42.736156
3648.398023,42.736156
3648.525052,42.736156
3648.652081,42.736156
3648.7791100000004,42.47557
3648.906139,42.47557
3651.8278040000005,39.283388
3651.9548330000002,39.283388
3652.081862,39.283388
3652.208891,39.283388
3652.3359200000004,39.283388
3652.462949,39.283388
3652.589978,39.283388
3652.717007,39.283388
3652.8440360000004,38.892508
3652.971065,38.892508
3653.098094,38.892508
3653.225123,38.892508
3653.352151,38.892508
3653.4791800000003,38.892508
3653.606209,38.892508
3653.7332380000003,38.892508
3653.860267,37.71987
3653.9872960000002,37.71987
3654.1143250000005,37.71987
3654.2413540000002,37.71987
3654.368383,37.71987
3654.495412,37.71987
3654.6224410000004,36.938111
3654.74947,36.938111
3654.876499,36.938111
3655.003528,36.938111
3655.1305570000004,36.807818
3655.257586,36.807818
3656.146788,34.592834
3656.2738170000002,34.592834
3656.4008460000005,34.592834
3656.527875,34.592834
3656.654904,34.592834
3656.781933,34.592834
3656.9089620000004,34.592834
3657.035991,34.592834
3657.16302,33.811075
3657.2900480000003,33.811075
3657.417077,33.811075
3657.5441060000003,33.811075
3657.671135,33.811075
3657.7981640000003,33.811075
3657.925193,33.289902
3658.0522220000003,33.289902
3658.1792510000005,33.159609
3658.3062800000002,33.159609
3658.433309,32.76873
3658.5603380000002,32.76873
3658.6873670000004,32.37785
3658.814396,32.37785
3658.941425,32.247557
3659.068454,32.247557
3659.195482,31.465798
3659.3225110000003,31.465798
3659.44954,31.465798
3659.5765690000003,31.465798
3659.703598,31.465798
3659.8306270000003,31.465798
3659.957656,31.465798
3660.0846850000003,31.465798
3660.211714,31.465798
3660.3387430000002,31.465798
3660.4657720000005,31.465798
3660.5928010000002,31.465798
3660.71983,31.465798
3661.8630900000003,28.469055
3661.990119,28.469055
3662.1171480000003,28.469055
3662.244177,28.469055
3662.3712060000003,28.469055
3662.498235,28.469055
3662.6252640000002,28.469055
3662.7522930000005,28.469055
3663.3874370000003,27.687296
3663.514466,27.687296
3663.6414950000003,27.687296
3663.768524,27.687296
3663.8955530000003,27.687296
3664.022582,27.687296
3664.1496110000003,27.687296
3664.27664,27.687296
3664.4036690000003,27.166124
3664.5306980000005,27.166124
3664.6577270000002,26.905537
3664.784756,26.905537
3664.9117850000002,26.644951
3665.038813,26.644951
3665.1658420000003,26.514658
3665.292871,26.514658
3665.4199000000003,26.514658
3665.546929,26.514658
3665.6739580000003,26.514658
3665.800987,26.514658
3665.9280160000003,25.732899
3666.055045,25.732899
3666.1820740000003,25.732899
3666.309103,25.732899
3666.4361320000003,25.732899
3666.563161,25.732899
3666.6901900000003,25.34202
3666.8172190000005,25.34202
3666.9442470000004,25.34202
3667.071276,25.34202
3667.1983050000003,25.34202
3667.325334,25.34202
3667.4523630000003,25.34202
3667.579392,25.34202
3667.7064210000003,25.34202
3667.83345,25.34202
3667.9604790000003,25.081433
3668.087508,25.081433
3668.2145370000003,24.690554
3668.341566,24.690554
3668.4685950000003,24.690554
3668.595624,24.690554
3668.7226530000003,24.560261
3668.849681,24.560261
3668.9767100000004,24.299674
3669.103739,24.299674
3669.2307680000004,23.908795
3669.357797,23.908795
3669.4848260000003,23.517915
3669.611855,23.517915
3669.7388840000003,22.996743
3669.865913,22.996743
3669.9929420000003,22.996743
3670.119971,22.996743
3670.2470000000003,22.605863
3670.374029,22.605863
3670.5010580000003,22.345277
3670.628087,22.345277
3670.755115,22.345277
3670.882144,22.345277
3671.0091730000004,22.345277
3671.136202,22.345277
3671.2632310000004,22.345277
3671.39026,22.345277
3671.5172890000003,22.345277
3671.644318,22.345277
3671.7713470000003,22.345277
3671.898376,22.345277
3672.0254050000003,22.345277
3672.152434,22.345277
3672.2794630000003,22.345277
3672.406492,22.345277
3672.5335210000003,22.345277
3672.66055,22.345277
3672.7875780000004,22.214984
3672.914607,22.214984
3673.041636,21.563518
3673.168665,21.563518
3673.2956940000004,21.563518
3673.422723,21.563518
3673.5497520000004,21.563518
3673.676781,21.563518
3673.8038100000003,21.433225
3673.930839,21.433225
3674.0578680000003,21.302932
3674.184897,21.302932
3674.3119260000003,21.302932
3674.438955,21.302932
3674.5659840000003,21.172638
3674.693012,21.172638
3674.820041,21.172638
3674.94707,21.172638
3675.0740990000004,21.172638
3675.201128,21.172638
3675.328157,21.042345
3675.455186,21.042345
3690.317571,18.306189
3690.4446000000003,18.306189
3690.571629,18.306189
3690.6986580000003,18.306189
3690.8256870000005,18.306189
3690.9527160000002,18.306189
3691.079745,18.306189
3691.206774,18.306189
3691.3338030000004,17.915309
3691.460832,17.850163
3691.587861,17.654723
3691.71489,17.589577
3691.8419190000004,17.263844
3691.968948,17.263844
3692.095976,17.263844
3692.2230050000003,17.263844
3692.350034,17.263844
3692.4770630000003,17.263844
3692.604092,17.263844
3692.7311210000003,17.198697
3692.85815,16.482085
3692.9851790000002,16.482085
3693.1122080000005,16.482085
3693.2392370000002,16.482085
3693.366266,16.482085
3693.493295,16.482085
3693.6203240000004,16.482085
3693.747353,16.221498
3693.874382,16.221498
3694.0014100000003,16.221498
3694.128439,16.221498
3694.2554680000003,16.221498
3694.382497,16.221498
3694.5095260000003,16.221498
3694.636555,16.221498
3694.7635840000003,99.739414
3694.8906130000005,99.739414
3695.0176420000003,99.739414
3695.144671,99.739414
3695.2717000000002,99.739414
3695.3987290000005,99.739414
3695.525758,99.739414
3695.652787,99.674267
3695.779816,16.156352
3695.9068450000004,16.156352
3696.0338730000003,16.156352
3696.160902,16.156352
3696.2879310000003,16.156352
3696.41496,16.156352
3696.5419890000003,16.156352
3696.669018,16.026059
3696.7960470000003,16.091205
3696.923076,16.156352
3697.0501050000003,16.156352
3697.1771340000005,16.156352
3697.3041630000002,16.156352
3697.431192,16.156352
3697.5582210000002,16.156352
3697.6852500000005,16.156352
3697.812279,16.156352
3697.939307,16.156352
3698.0663360000003,16.156352
3698.193365,16.156352
3698.3203940000003,16.156352
3698.447423,16.156352
3698.5744520000003,16.156352
3698.701481,16.156352
3698.8285100000003,16.156352
3698.955539,16.156352
3699.0825680000003,16.156352
3699.209597,16.156352
3699.3366260000003,16.156352
3699.4636550000005,16.156352
3699.5906840000002,16.156352
3699.717713,16.026059
3699.8447410000003,16.091205
3699.97177,16.156352
3700.0987990000003,16.156352
3700.225828,16.156352
3700.3528570000003,16.156352
3700.479886,16.156352
3700.6069150000003,16.156352
3700.733944,16.156352
3700.8609730000003,16.156352
3701.24206,16.156352
3701.3690890000003,16.156352
3701.496118,16.156352
3701.6231470000002,16.156352
3701.750175,16.156352
3701.8772040000003,16.156352
3702.004233,16.156352
3702.1312620000003,16.156352
3702.258291,16.156352
3702.3853200000003,16.156352
3702.512349,16.156352
3702.6393780000003,16.156352
3704.4177830000003,15.374593
3704.544812,15.374593
3704.6718410000003,15.374593
3704.79887,15.374593
3704.9258990000003,15.374593
3705.052928,15.374593
3705.1799570000003,15.374593
3705.306986,15.374593
3705.4340150000003,15.374593
3705.561044,15.114007
3705.688072,15.114007
3705.815101,14.983713
3705.9421300000004,14.983713
3706.069159,14.983713
3706.1961880000003,14.983713
3706.323217,14.983713
3706.4502460000003,14.983713
3706.577275,14.983713
3706.7043040000003,14.983713
3706.831333,14.983713
3706.9583620000003,14.983713
3707.085391,14.983713
3707.2124200000003,14.983713
3707.339449,14.983713
3707.4664780000003,14.983713
3707.593506,14.983713
3707.7205350000004,14.983713
3707.847564,14.983713
3707.9745930000004,14.983713
3708.101622,14.983713
3708.2286510000004,14.983713
3708.35568,14.983713
3708.4827090000003,14.983713
3708.609738,14.592834
3708.7367670000003,14.592834
3708.863796,14.592834
3708.9908250000003,14.592834
3709.117854,14.332248
3709.2448830000003,14.332248
3709.371912,14.201954
3709.4989400000004,14.201954
3709.625969,14.201954
3709.752998,14.201954
3709.880027,14.201954
3710.0070560000004,14.201954
3710.134085,14.201954
3710.2611140000004,14.201954
3710.388143,14.201954
3710.5151720000003,14.201954
3710.642201,14.201954
3710.7692300000003,14.201954
3710.896259,14.201954
3711.0232880000003,14.201954
3711.150317,14.201954
3711.2773460000003,14.332248
3711.404374,14.332248
3711.531403,14.332248
3711.658432,14.332248
3711.7854610000004,14.332248
3711.91249,14.332248
3712.039519,14.332248
3712.166548,14.332248
3712.2935770000004,14.332248
3712.420606,14.201954
3712.5476350000004,14.332248
3712.674664,14.332248
3712.8016930000003,14.332248
3712.928722,14.332248
3713.0557510000003,14.332248
3713.18278,14.332248
3713.3098090000003,14.332248
3713.436837,14.332248
3713.5638660000004,14.332248
3713.690895,14.332248
3713.817924,14.332248
3713.944953,14.201954
3714.0719820000004,14.201954
3714.199011,14.201954
3714.32604,14.332248
3714.453069,14.332248
3714.5800980000004,14.332248
3714.707127,14.332248
3714.8341560000003,14.332248
3714.961185,14.332248
3715.0882140000003,14.332248
3715.215243,14.332248
3715.3422710000004,14.332248
3715.4693,14.201954
3715.596329,14.201954
3715.723358,14.201954
3715.8503870000004,14.201954
3715.977416,14.201954
3716.104445,14.201954
3716.8666190000004,14.201954
3716.993648,14.201954
3717.1206770000003,14.201954
3717.247705,14.201954
3717.374734,14.201954
3717.501763,14.201954
3717.6287920000004,14.201954
3717.755821,14.201954
3717.88285,14.201954
3718.009879,14.201954
3718.1369080000004,14.201954
3718.263937,14.201954
3718.390966,14.201954
3718.517995,14.201954
3718.6450240000004,14.201954
3718.772053,14.201954
3718.8990820000004,14.201954
3719.026111,14.201954
3719.153139,14.201954
3719.2801680000002,14.201954
3719.4071970000005,14.201954
3719.534226,14.201954
3719.661255,14.201954
3719.788284,14.201954
3719.9153130000004,14.267101
3720.042342,14.332248
3720.169371,14.332248
3720.2964,14.332248
3720.4234290000004,14.332248
3720.550458,14.332248
3720.677487,14.332248
3720.804516,14.332248
3720.9315450000004,14.332248
3721.058574,14.332248
3721.1856020000005,14.788274
3721.3126310000002,14.85342
3721.43966,14.85342
3721.566689,14.983713
3721.6937180000004,14.983713
3721.820747,14.983713
3721.947776,14.983713
3722.074805,14.983713
3722.2018340000004,14.983713
3722.328863,14.983713
3722.455892,14.983713
3722.582921,14.983713
3722.7099500000004,14.983713
3722.836979,14.983713
3722.964008,14.983713
3723.0910360000003,14.983713
3723.218065,14.983713
3723.3450940000002,14.983713
3723.4721230000005,14.983713
3723.5991520000002,14.983713
3723.726181,14.983713
3723.85321,14.983713
3723.9802390000004,14.983713
3724.107268,14.983713
3724.234297,14.983713
3724.361326,14.983713
3724.4883550000004,14.983713
3726.2667600000004,15.765472
3726.393789,15.765472
3726.520818,15.765472
3726.647847,15.765472
3726.7748760000004,15.765472
3726.9019040000003,15.765472
3727.028933,15.765472
3727.1559620000003,15.765472
3727.282991,15.765472
3727.4100200000003,15.895765
3727.5370490000005,15.895765
3727.6640780000002,15.895765
3727.791107,15.895765
3727.9181360000002,15.895765
3728.0451650000005,15.895765
3728.172194,15.895765
3728.299223,15.830619
3728.426252,15.374593
3728.5532810000004,15.309446
3728.807339,14.983713
3728.9343670000003,14.983713
3729.061396,14.983713
3729.1884250000003,14.983713
3729.315454,14.983713
3729.4424830000003,14.983713
3729.569512,14.983713
3729.6965410000003,14.983713
3729.8235700000005,14.983713
3729.9505990000002,14.983713
3730.077628,14.983713
3730.204657,14.983713
3730.3316860000004,14.983713
3730.458715,14.983713
3730.585744,14.983713
3730.712773,14.983713
3730.839801,14.983713
3730.9668300000003,14.983713
3731.093859,14.983713
3731.601975,14.983713
3731.7290040000003,14.983713
3731.856033,14.983713
3731.9830620000002,14.983713
3732.1100910000005,14.983713
3732.2371200000002,14.983713
3732.364149,14.983713
3732.491178,14.983713
3732.6182070000004,14.983713
3732.7452350000003,14.983713
3732.872264,14.918567
3732.9992930000003,14.85342
3733.126322,14.85342
3733.2533510000003,14.85342
3733.38038,14.332248
3733.5074090000003,14.332248
3733.634438,14.332248
3733.7614670000003,14.332248
3733.888496,14.332248
3734.0155250000003,14.332248
3734.142554,14.332248
3734.2695830000002,14.332248
3734.3966120000005,14.267101
3734.523641,14.201954
3734.650669,14.201954
3734.7776980000003,14.201954
3734.904727,14.201954
3735.0317560000003,14.201954
3735.158785,14.136808
3736.0479880000003,15.570033
3736.1750170000005,15.570033
3736.3020460000002,15.570033
3736.429075,15.570033
3736.5561040000002,15.570033
3736.683132,15.570033
3736.8101610000003,15.570033
3736.93719,15.570033
3737.0642190000003,15.570033
3737.191248,15.570033
3737.3182770000003,13.876221
3737.445306,13.876221
3737.5723350000003,13.876221
3737.699364,13.876221
3737.8263930000003,13.485342
3737.953422,13.485342
3744.9400130000004,28.469055
3745.067042,28.469055
3745.1940710000003,28.469055
3745.3211,28.469055
3745.4481290000003,28.469055
3745.575158,28.469055
3745.7021870000003,28.469055
3746.9724760000004,28.469055
3747.099505,28.469055
3747.2265340000004,28.469055
3747.353563,28.469055
3747.4805920000003,28.469055
3747.607621,28.469055
3747.7346500000003,28.469055
3747.861679,28.469055
3747.9887080000003,28.469055
3748.115737,28.469055
3748.242765,28.859935
3748.369794,28.859935
3748.4968230000004,28.859935
3748.623852,28.859935
3748.750881,28.859935
3748.87791,28.859935
3749.0049390000004,28.859935
3749.5130550000003,28.729642
3749.640084,28.729642
3749.7671130000003,28.729642
3749.894142,28.729642
3750.0211710000003,28.729642
3750.148199,28.729642
3750.2752280000004,28.729642
3750.402257,27.81759
3750.529286,27.81759
3750.656315,25.863192
3750.7833440000004,25.863192
3750.910373,25.863192
3751.037402,25.732899
3751.164431,25.732899
3751.2914600000004,23.257329
3751.418489,23.257329
3751.5455180000004,23.257329
3751.672547,23.257329
3751.7995760000003,23.257329
3751.926605,23.257329
3752.0536330000004,24.299674
3752.180662,24.299674
3752.307691,24.299674
3752.43472,24.299674
3752.5617490000004,24.299674
3752.688778,24.299674
3752.815807,24.299674
3752.942836,24.299674
3753.0698650000004,23.908795
3753.196894,23.908795
3753.323923,23.648208
3753.450952,23.648208
3753.5779810000004,23.648208
3753.70501,99.869707
3753.8320390000003,99.869707
3753.959068,99.869707
3754.086096,99.869707
3754.213125,99.869707
3754.3401540000004,99.869707
3754.467183,99.869707
3754.594212,99.869707
3756.6266750000004,27.42671
3756.753704,27.42671
3756.880733,27.42671
3757.007762,27.42671
3757.1347910000004,27.42671
3757.26182,27.42671
3757.388849,27.42671
3757.515878,27.42671
3757.6429070000004,27.42671
3757.769936,27.42671
3757.8969640000005,27.361564
3759.167254,24.690554
3759.294283,24.690554
3759.4213120000004,24.690554
3759.548341,24.690554
3759.67537,24.690554
3759.8023980000003,24.690554
3759.929427,24.690554
3760.0564560000003,24.690554
3760.6916010000004,21.563518
3760.81863,21.563518
3760.945659,21.563518
3761.072688,21.563518
3761.1997170000004,21.563518
3761.326746,21.563518
3761.453775,21.563518
3761.580804,21.563518
3761.7078330000004,21.302932
3761.8348610000003,21.302932
3761.96189,21.172638
3762.0889190000003,21.172638
3762.215948,20.912052
3762.3429770000002,20.912052
3767.805221,22.084691
3767.9322500000003,22.084691
3768.059279,22.605863
3768.1863080000003,22.605863
3768.313337,22.605863
3768.4403660000003,22.605863
3768.567395,22.605863
3768.6944240000003,22.605863
3768.8214530000005,22.605863
3768.9484820000002,22.605863
3769.3295690000004,17.915309
3769.456598,17.915309
3769.583626,17.915309
3769.7106550000003,17.915309
3769.837684,17.915309
3769.9647130000003,17.915309
3770.091742,17.915309
3770.2187710000003,17.915309
3772.2512340000003,12.76873
3772.378263,12.76873
3772.5052920000003,12.76873
3772.632321,12.76873
3772.7593500000003,12.76873
3772.886379,12.76873
3773.0134080000003,12.76873
3775.935073,10.09772
3776.0621020000003,10.09772
3776.189131,10.09772
3776.3161600000003,10.09772
3776.443189,10.09772
3776.5702180000003,10.09772
3776.697247,10.09772
3776.8242760000003,10.09772
3776.951305,10.09772
3777.0783340000003,10.09772
3777.205362,10.09772
3777.3323910000004,10.032573
3777.45942,10.032573
3777.5864490000004,10.032573
3777.713478,10.032573
3777.8405070000003,10.032573
3777.967536,10.032573
3778.0945650000003,9.70684
3778.221594,9.641694
3778.3486230000003,8.859935
3778.475652,8.859935
3778.6026810000003,8.859935
3778.72971,8.859935
3778.8567390000003,7.100977
3778.983768,7.100977
3779.1107970000003,7.100977
3779.237825,7.100977
3779.3648540000004,7.100977
3779.491883,7.100977
3779.6189120000004,7.100977
3779.745941,7.035831
3779.8729700000004,7.035831
3779.999999,7.035831
3780.8892020000003,98.241042
3781.016231,98.241042
3781.1432590000004,98.241042
3781.270288,98.241042
3781.397317,98.241042
3781.524346,98.241042
3781.6513750000004,98.241042
3783.556809,3.585398
3783.6838380000004,3.585398
3783.810867,3.585398
3783.9378960000004,3.585398
3784.0649250000006,3.585398
3784.1919540000004,3.585398
3784.3189830000006,3.585398
3784.4460120000003,3.585398
3784.57304,3.585398
3784.7000690000004,3.585398
3784.827098,3.585398
3784.9541270000004,3.585398
3785.081156,3.585398
3785.2081850000004,3.585398
3785.335214,3.585398
3785.4622430000004,3.585398
3785.589272,3.585398
3785.7163010000004,3.585398
3785.84333,3.585398
3785.9703590000004,3.585398
3786.0973880000006,3.585398
3786.2244170000004,3.585398
3786.3514460000006,3.585398
3786.4784750000003,3.585398
3786.605503,3.585398
3786.7325320000004,3.585398
3786.859561,3.585398
3786.9865900000004,3.585398
3787.113619,3.585398
3787.2406480000004,3.585398
3787.367677,3.585398
3787.4947060000004,3.585398
3787.621735,3.585398
3787.7487640000004,3.585398
3789.908256,3.585398
3790.0352850000004,3.585398
3790.162314,3.715776
3790.2893430000004,3.715776
3790.4163710000003,3.715776
3790.5434000000005,3.715776
3790.6704290000002,3.715776
3790.7974580000005,3.715776
3790.924487,3.715776
3791.0515160000004,3.715776
3791.178545,3.715776
3791.3055740000004,3.715776
3791.432603,3.715776
3791.5596320000004,3.715776
3791.686661,3.715776
3791.8136900000004,3.715776
3791.940719,3.715776
3792.0677480000004,3.715776
3792.194777,3.715776
3792.3218050000005,3.715776
3792.4488340000003,3.715776
3792.5758630000005,3.715776
3792.7028920000002,3.715776
3792.8299210000005,3.715776
3792.9569500000002,3.715776
3793.0839790000005,3.715776
3793.211008,3.715776
3793.3380370000004,3.715776
3793.465066,3.715776
3793.5920950000004,3.715776
3793.719124,3.715776
3793.8461530000004,3.715776
3793.973182,3.715776
3794.1002110000004,3.715776
3794.22724,3.715776
3794.3542680000005,3.715776
3794.4812970000003,3.715776
3794.6083260000005,3.715776
3794.7353550000003,3.715776
3794.8623840000005,3.715776
3794.9894130000002,3.715776
3795.1164420000005,3.715776
3795.243471,3.715776
3795.3705000000004,3.715776
3795.497529,3.715776
3795.6245580000004,3.715776
3795.751587,3.715776
3795.8786160000004,3.715776
3796.005645,3.715776
3796.1326740000004,3.650587
3796.8948470000005,0.391134
3797.0218760000002,0.391134
3797.1489050000005,0.391134
3797.2759340000002,0.391134
3797.4029630000005,0.391134
3797.529992,0.391134
3797.6570210000004,1.36897
3797.78405,1.36897
3797.9110790000004,1.36897
3798.038108,1.760104
3798.1651360000005,1.760104
3798.2921650000003,2.151239
3798.4191940000005,2.151239
3798.5462230000003,2.151239
3798.6732520000005,2.151239
3798.8002810000003,2.151239
3798.9273100000005,2.151239
3799.0543390000003,2.151239
3799.1813680000005,2.151239
3799.3083970000002,2.151239
3799.4354260000005,2.151239
3799.562455,2.151239
3799.6894840000004,2.151239
3799.816513,2.151239
3799.9435420000004,2.151239
3800.0705700000003,2.151239
3800.1975990000005,2.151239
3800.3246280000003,2.151239
3800.4516570000005,2.151239
3800.5786860000003,2.151239
3800.7057150000005,2.151239
3800.8327440000003,2.151239
3800.9597730000005,2.151239
3801.0868020000003,2.151239
3801.2138310000005,2.151239
3801.3408600000002,2.151239
3801.4678890000005,2.151239
3801.5949180000002,2.151239
3801.7219470000005,2.151239
3801.848976,2.151239
3801.9760040000006,2.151239
3802.1030330000003,2.151239
3802.2300620000005,2.216428
3802.3570910000003,2.216428
3802.4841200000005,2.216428
3802.6111490000003,2.216428
3802.7381780000005,2.216428
3802.8652070000003,2.216428
3802.9922360000005,2.216428
3803.1192650000003,2.151239
3803.2462940000005,2.08605
3803.3733230000003,1.825293
3803.5003520000005,1.825293
3803.6273810000002,1.760104
3803.7544100000005,1.694915
3803.8814390000002,1.564537
3804.0084670000006,1.564537
3804.1354960000003,1.108214
3804.2625250000006,1.108214
3804.3895540000003,1.108214
3804.5165830000005,1.043025
3808.0733930000006,3.259452
3808.2004220000003,3.259452
3808.3274510000006,3.259452
3808.4544800000003,3.259452
3808.5815090000006,94.915254
3808.7085380000003,94.915254
3808.8355670000005,94.915254
3808.9625960000003,94.915254
3809.0896250000005,94.915254
3809.2166540000003,94.915254
3809.3436830000005,94.915254
3809.4707120000003,34.876141
3809.5977410000005,3.129074
3809.7247690000004,3.129074
3809.8517980000006,3.129074
3809.9788270000004,3.129074
3810.1058560000006,3.129074
3810.2328850000004,3.129074
3810.3599140000006,3.129074
3810.4869430000003,2.998696
3810.6139720000006,2.998696
3810.7410010000003,2.73794
3810.8680300000005,2.73794
3810.9950590000003,2.477184
3811.1220880000005,2.607562
3811.2491170000003,2.607562
3811.3761460000005,2.607562
3811.5031750000003,2.607562
3811.6302040000005,2.607562
3811.7572320000004,2.607562
3811.884261,2.607562
3812.0112900000004,2.607562
3812.1383190000006,2.607562
3812.2653480000004,2.607562
3812.3923770000006,2.607562
3812.5194060000003,2.607562
3812.6464350000006,2.607562
3812.7734640000003,2.607562
3812.9004930000006,2.607562
3813.0275220000003,2.607562
3813.1545510000005,2.607562
3813.2815800000003,2.607562
3813.4086090000005,2.607562
3813.5356380000003,2.607562
3813.662666,2.607562
3813.7896950000004,2.607562
3813.916724,2.607562
3814.0437530000004,2.607562
3814.170782,2.607562
3814.2978110000004,2.607562
3814.4248400000006,2.607562
3814.5518690000004,2.607562
3814.6788980000006,2.607562
3814.8059270000003,2.607562
3814.9329560000006,2.607562
3815.0599850000003,2.607562
3815.1870140000005,2.607562
3815.3140430000003,2.607562
3815.4410720000005,2.607562
3815.5681000000004,2.607562
3815.695129,2.607562
3815.8221580000004,2.607562
3815.949187,2.607562
3816.0762160000004,2.607562
3816.203245,2.607562
3816.3302740000004,2.607562
3816.4573030000006,2.607562
3816.5843320000004,2.607562
3816.7113610000006,2.607562
3816.8383900000003,2.607562
3816.9654190000006,2.607562
3817.0924480000003,2.607562
3817.2194770000006,2.607562
3817.3465060000003,2.477184
3817.473534,2.477184
3817.6005630000004,2.477184
3817.727592,2.477184
3817.8546210000004,2.477184
3817.98165,2.607562
3818.1086790000004,2.607562
3818.235708,2.607562
3818.3627370000004,2.607562
3818.4897660000006,2.607562
3818.6167950000004,2.607562
3818.7438240000006,2.607562
3818.8708530000004,2.607562
3818.9978820000006,2.607562
3819.1249110000003,2.607562
3819.2519400000006,2.607562
3819.3789690000003,2.607562
3819.505997,2.607562
3819.6330260000004,2.607562
3819.760055,2.607562
3819.8870840000004,2.607562
3820.014113,2.607562
3820.1411420000004,2.607562
3820.268171,2.607562
3820.3952000000004,2.607562
3820.522229,2.542373
3824.587155,2.477184
3824.7141840000004,2.477184
3824.841213,2.477184
3824.9682420000004,2.477184
3825.0952710000006,2.477184
3825.2222990000005,2.477184
3825.3493280000002,2.477184
3825.4763570000005,2.477184
3825.6033860000002,2.477184
3825.7304150000004,2.477184
3825.857444,2.477184
3825.9844730000004,2.477184
3829.9223700000002,2.607562
3830.0493990000004,2.607562
3830.176428,2.607562
3830.3034570000004,2.607562
3830.430486,2.607562
3830.5575150000004,2.607562
3830.684544,2.607562
3830.8115730000004,2.607562
3830.938602,2.607562
3831.0656300000005,2.607562
3831.1926590000003,2.607562
3831.3196880000005,2.607562
3831.4467170000003,2.607562
3831.5737460000005,2.607562
3831.7007750000002,2.607562
3831.8278040000005,2.607562
3831.9548330000002,2.607562
3832.0818620000005,2.607562
3832.208891,2.607562
3832.3359200000004,2.607562
3832.462949,2.73794
3832.5899780000004,2.73794
3832.717007,2.73794
3832.8440360000004,2.73794
3832.9710640000003,2.73794
3833.0980930000005,2.73794
3833.2251220000003,2.73794
3833.3521510000005,2.73794
3833.4791800000003,2.73794
3833.6062090000005,2.73794
3833.7332380000003,2.73794
3833.8602670000005,2.73794
3833.9872960000002,2.73794
3834.1143250000005,2.73794
3834.2413540000002,2.73794
3834.3683830000004,2.73794
3834.495412,2.607562
3834.6224410000004,2.607562
3834.74947,2.607562
3834.8764990000004,2.607562
3835.0035270000003,2.607562
3835.1305560000005,2.607562
3835.2575850000003,2.607562
3835.3846140000005,2.607562
3835.5116430000003,2.477184
3835.6386720000005,2.477184
3835.7657010000003,2.477184
3835.8927300000005,2.477184
3836.0197590000002,2.477184
3836.1467880000005,2.477184
3839.3225110000003,2.542373
3839.4495400000005,2.607562
3839.5765690000003,2.607562
3839.7035980000005,2.607562
3839.8306270000003,2.607562
3839.9576560000005,2.607562
3840.0846850000003,2.607562
3840.2117140000005,2.607562
3840.3387430000002,2.607562
3840.4657720000005,2.607562
3840.5928010000002,2.477184
3840.7198290000006,2.477184
3840.8468580000003,2.477184
3840.9738870000006,2.477184
3841.1009160000003,2.477184
3841.2279450000005,2.477184
3841.3549740000003,2.477184
3841.4820030000005,2.477184
3841.6090320000003,2.477184
3841.8630900000003,2.477184
3841.9901190000005,2.477184
3842.1171480000003,2.542373
3842.2441770000005,2.607562
3842.3712060000003,2.607562
3842.4982350000005,2.607562
3842.6252630000004,2.607562
3842.7522920000006,2.607562
3842.8793210000003,2.607562
3843.0063500000006,2.607562
3843.1333790000003,2.607562
3843.2604080000006,2.607562
3843.3874370000003,2.607562
3843.5144660000005,2.607562
3843.6414950000003,2.607562
3843.7685240000005,2.607562
3843.8955530000003,2.607562
3844.0225820000005,2.607562
3844.1496110000003,2.607562
3844.2766400000005,2.607562
3844.4036690000003,2.607562
3844.5306980000005,2.607562
3844.6577260000004,2.607562
3844.7847550000006,2.607562
3844.9117840000004,2.607562
3845.0388130000006,2.607562
3845.1658420000003,2.607562
3845.2928710000006,2.607562
3845.4199000000003,2.607562
3845.5469290000005,3.129074
3845.6739580000003,3.194263
3845.8009870000005,3.194263
3845.9280160000003,3.194263
3846.0550450000005,3.194263
3846.1820740000003,3.194263
3846.3091030000005,3.194263
3846.4361320000003,3.194263
3846.56316,3.194263
3846.6901890000004,3.129074
3848.2145370000003,3.324641
3848.3415660000005,3.324641
3848.4685940000004,3.324641
3848.595623,3.324641
3848.7226520000004,3.324641
3848.8496810000006,3.324641
3848.9767100000004,3.324641
3849.1037390000006,3.324641
3849.2307680000004,3.324641
3849.3577970000006,3.324641
3849.4848260000003,3.324641
3849.6118550000006,3.324641
3849.7388840000003,3.324641
3849.8659130000005,3.324641
3849.9929420000003,3.324641
3850.1199710000005,3.324641
3850.2470000000003,3.324641
3850.374028,3.324641
3850.5010570000004,3.324641
3850.628086,3.324641
3850.7551150000004,3.324641
3850.882144,3.324641
3851.0091730000004,3.324641
3851.1362020000006,3.324641
3851.2632310000004,3.324641
3851.3902600000006,3.324641
3851.5172890000003,3.324641
3851.6443180000006,3.324641
3851.7713470000003,3.324641
3851.8983760000006,3.324641
3852.0254050000003,3.324641
3852.1524340000005,3.324641
3852.2794630000003,3.324641
3852.406491,3.324641
3852.5335200000004,3.324641
3852.660549,3.324641
3854.3119250000004,3.324641
3854.438954,3.324641
3854.5659830000004,3.324641
3854.693012,3.324641
3854.8200410000004,3.324641
3854.94707,3.324641
3855.0740990000004,3.324641
3855.201128,3.324641
3855.3281570000004,3.324641
3855.455186,3.324641
3855.5822150000004,3.194263
3855.7092440000006,3.194263
3855.8362730000003,3.194263
3855.9633020000006,3.194263
3856.0903310000003,3.194263
3856.217359,3.194263
3856.5984460000004,3.324641
3856.725475,3.324641
3856.8525040000004,3.324641
3856.979533,3.324641
3857.1065620000004,3.324641
3857.233591,3.324641
3857.3606200000004,3.324641
3857.4876490000006,3.324641
3859.1390250000004,3.324641
3859.266054,3.324641
3859.3930830000004,3.324641
3859.520112,3.324641
3859.6471410000004,3.324641
3859.7741700000006,3.324641
3859.9011990000004,3.324641
3860.0282280000006,3.324641
3860.1552560000005,3.324641
3860.2822850000002,3.324641
3860.4093140000004,3.324641
3860.536343,3.324641
3860.6633720000004,3.324641
3860.790401,3.324641
3860.9174300000004,3.45502
3861.044459,3.45502
3861.1714880000004,3.45502
3861.298517,3.45502
3861.4255460000004,3.45502
3861.552575,3.45502
3861.6796040000004,3.45502
3861.806633,3.45502
3861.9336620000004,3.324641
3862.0606900000002,3.324641
3862.1877190000005,3.324641
3862.3147480000002,3.324641
3862.4417770000005,3.324641
3862.568806,3.324641
3862.6958350000004,3.324641
3862.822864,3.324641
3862.9498930000004,3.324641
3863.076922,3.324641
3863.2039510000004,3.324641
3863.33098,3.324641
3863.4580090000004,3.324641
3863.585038,3.324641
3863.7120670000004,3.324641
3863.839096,3.324641
3864.2201820000005,3.324641
3864.3472110000002,3.324641
3864.4742400000005,3.324641
3864.6012690000002,3.324641
3864.7282980000004,3.324641
3864.855327,3.324641
3864.9823560000004,3.324641
3865.109385,3.324641
3865.2364140000004,76.531943
3865.363443,76.531943
3865.4904720000004,76.531943
3865.617501,76.531943
3865.7445300000004,76.531943
3865.8715580000003,76.531943
3865.9985870000005,76.531943
3866.1256160000003,3.45502
3867.0148190000004,3.324641
3867.141848,3.324641
3867.2688770000004,3.324641
3867.395906,3.324641
3867.5229350000004,3.324641
3867.649964,3.324641
3867.7769930000004,3.324641
3867.9040210000003,3.324641
3868.0310500000005,3.324641
3868.1580790000003,3.324641
3868.2851080000005,3.324641
3868.4121370000003,3.324641
3868.5391660000005,3.324641
3868.6661950000002,3.324641
3868.7932240000005,3.324641
3868.9202530000002,3.324641
3869.0472820000005,3.324641
3869.174311,3.324641
3869.3013400000004,3.324641
3869.428369,3.324641
3869.5553980000004,3.324641
3869.682427,3.324641
3869.8094550000005,3.324641
3869.9364840000003,3.324641
3870.0635130000005,3.324641
3870.1905420000003,3.324641
3870.3175710000005,3.324641
3870.4446000000003,3.324641
3870.5716290000005,3.324641
3870.6986580000003,3.324641
3870.8256870000005,3.324641
3870.9527160000002,3.324641
3871.0797450000005,3.194263
3871.206774,3.194263
3871.5878610000004,3.324641
3871.7148890000003,3.324641
3871.8419180000005,3.324641
3871.9689470000003,3.324641
3872.0959760000005,3.324641
3872.2230050000003,3.324641
3872.3500340000005,3.324641
3872.4770630000003,3.324641
3872.6040920000005,3.324641
3872.7311210000003,3.324641
3872.8581500000005,3.45502
3872.9851790000002,3.45502
3873.1122080000005,3.45502
3873.2392370000002,3.45502
3873.3662660000005,3.45502
3873.493295,3.45502
3873.6203230000006,3.45502
3873.7473520000003,3.45502
3877.9393070000006,4.498044
3878.0663360000003,4.498044
3878.1933650000005,4.498044
3878.3203940000003,4.498044
3878.4474230000005,4.498044
3878.5744520000003,4.498044
3878.7014810000005,4.498044
3878.8285100000003,4.498044
3878.9555390000005,4.498044
3879.0825680000003,4.498044
3879.2095970000005,4.498044
3879.3366260000003,4.498044
3882.7664070000005,5.47588
3882.8934360000003,5.541069
3883.0204650000005,5.541069
3883.1474940000003,5.541069
3883.274522,5.541069
3883.4015510000004,5.541069
3883.52858,5.541069
3883.6556090000004,5.541069
3883.7826380000006,5.541069
3883.9096670000004,5.47588
3884.0366960000006,5.47588
3884.1637250000003,5.47588
3885.306985,5.541069
3885.4340140000004,5.541069
3885.561043,5.541069
3885.6880720000004,5.541069
3885.815101,5.541069
3885.9421300000004,5.541069
3886.0691590000006,5.541069
3886.1961880000003,5.47588
3886.3232170000006,5.47588
3886.4502460000003,5.47588
3886.5772750000006,5.47588
3886.7043040000003,5.47588
3886.8313330000005,4.82399
3886.9583620000003,4.82399
3887.0853910000005,4.82399
3887.2124190000004,4.82399
3887.339448,4.82399
3887.4664770000004,4.82399
3887.593506,4.82399
3887.7205350000004,4.82399
3887.8475640000006,4.82399
3887.9745930000004,4.82399
3888.1016220000006,4.82399
3888.2286510000004,4.82399
3888.3556800000006,4.82399
3888.4827090000003,4.82399
3888.6097380000006,4.82399
3888.7367670000003,4.82399
3888.8637960000005,4.82399
3888.9908250000003,4.82399
3889.117853,4.82399
3889.2448820000004,4.82399
3889.371911,4.82399
3889.4989400000004,4.82399
3889.625969,4.82399
3889.7529980000004,4.82399
3889.880027,4.82399
3890.0070560000004,4.82399
3900.2964,4.693611
3900.4234290000004,4.693611
3900.550458,4.693611
3900.6774870000004,4.693611
3900.8045150000003,4.693611
3900.9315440000005,4.693611
3901.0585730000003,5.47588
3901.1856020000005,5.47588
3901.3126310000002,5.47588
3901.4396600000005,5.47588
3901.566689,5.47588
3901.6937180000004,5.47588
3901.820747,5.47588
3901.9477760000004,5.47588
3905.885673,5.606258
3906.0127020000004,5.606258
3906.139731,5.606258
3906.2667600000004,5.606258
3906.393789,5.606258
3906.5208170000005,5.606258
3906.6478460000003,5.606258
3906.7748750000005,5.606258
3906.9019040000003,5.606258
3907.0289330000005,5.606258
3907.1559620000003,5.606258
3907.2829910000005,5.606258
3907.4100200000003,5.606258
3907.5370490000005,5.606258
3907.6640780000002,5.606258
3907.7911070000005,5.606258
3907.9181360000002,5.606258
3908.0451650000005,5.606258
3908.172194,5.606258
3908.2992230000004,5.606258
3908.4262510000003,5.606258
3908.5532800000005,5.606258
3911.9830620000002,5.606258
3912.1100910000005,5.606258
3912.2371200000002,5.606258
3912.3641480000006,5.606258
3912.4911770000003,5.606258
3912.6182060000006,5.606258
3912.7452350000003,5.606258
3912.8722640000005,5.606258
3912.9992930000003,5.606258
3913.1263220000005,5.606258
3913.2533510000003,5.606258
3913.3803800000005,5.606258
3913.5074090000003,5.606258
3913.6344380000005,5.606258
3914.0155250000003,5.606258
3914.1425540000005,5.606258
3914.2695820000004,5.606258
3914.3966110000006,5.606258
3914.5236400000003,5.606258
3914.6506690000006,5.606258
3914.7776980000003,5.606258
3914.9047270000005,5.606258
3915.0317560000003,5.736636
3915.1587850000005,5.736636
3915.2858140000003,5.736636
3915.4128430000005,5.736636
3915.5398720000003,5.736636
3915.6669010000005,5.736636
3915.7939300000003,5.736636
3915.9209590000005,5.736636
3916.0479880000003,5.606258
3916.175016,5.606258
3916.3020450000004,5.606258
3916.4290740000006,5.606258
3916.5561030000003,5.606258
3916.6831320000006,5.606258
3916.8101610000003,5.606258
3916.9371900000006,5.606258
3917.0642190000003,5.606258
3917.1912480000005,5.606258
3917.3182770000003,5.606258
3917.4453060000005,5.606258
3918.3345080000004,5.606258
3918.461537,5.606258
3918.5885660000004,5.736636
3918.7155950000006,5.736636
3918.8426240000003,5.736636
3918.9696530000006,5.736636
3919.0966820000003,5.736636
3919.2237110000005,5.736636
3919.3507400000003,5.736636
3919.4777690000005,5.736636
3919.6047980000003,5.736636
3919.7318270000005,5.736636
3919.8588560000003,5.606258
3919.9858850000005,5.606258
3920.1129130000004,5.606258
3920.239942,5.606258
3920.3669710000004,5.606258
3920.4940000000006,5.606258
3920.6210290000004,5.606258
3920.7480580000006,5.606258
3920.8750870000003,5.606258
3921.0021160000006,5.606258
3921.1291450000003,5.606258
3921.2561740000006,5.606258
3921.3832030000003,5.606258
3921.5102320000005,5.606258
3921.6372610000003,5.606258
3921.7642900000005,5.606258
3921.8913190000003,5.606258
3922.018347,5.606258
3922.1453760000004,5.606258
3922.272405,5.606258
3922.3994340000004,5.606258
3922.526463,5.606258
3922.6534920000004,5.541069
3922.7805210000006,5.541069
3922.9075500000004,5.541069
3923.0345790000006,5.541069
3923.6697240000003,5.671447
3923.7967530000005,5.671447
3923.9237810000004,5.671447
3924.05081,5.671447
3924.1778390000004,5.671447
3924.304868,5.671447
3924.4318970000004,5.671447
3924.5589260000006,5.671447
3924.6859550000004,5.671447
3924.812984,5.671447
3924.9400130000004,5.671447
3925.0670420000006,5.671447
3925.1940710000003,5.671447
3925.3211000000006,5.671447
3925.4481290000003,5.671447
3925.5751580000006,5.671447
3925.7021870000003,5.671447
3925.8292160000005,5.671447
3925.9562440000004,5.671447
3926.083273,5.671447
3926.2103020000004,5.671447
3926.337331,5.671447
3926.4643600000004,5.671447
3926.591389,5.671447
3926.7184180000004,5.671447
3926.8454470000006,5.671447
3926.9724760000004,5.671447
3927.099505,5.671447
3927.2265340000004,5.671447
3927.3535630000006,5.671447
3927.4805920000003,5.671447
3927.6076210000006,5.671447
3927.7346500000003,5.671447
3927.861678,5.671447
3927.9887070000004,5.671447
3928.115736,5.671447
3928.2427650000004,5.671447
3928.369794,5.671447
3928.4968230000004,5.671447
3928.623852,5.671447
3928.7508810000004,5.671447
3928.87791,5.671447
3929.0049390000004,5.671447
3929.1319680000006,5.671447
3931.2914600000004,7.496741
3931.4184890000006,7.496741
3931.5455180000004,7.496741
3931.6725460000002,7.496741
3931.7995750000005,7.627119
3931.926604,7.627119
3932.0536330000004,7.627119
3932.180662,7.627119
3932.3076910000004,7.627119
3932.43472,7.627119
3932.5617490000004,7.627119
3932.688778,7.627119
3932.8158070000004,7.627119
3932.942836,7.627119
3933.0698650000004,7.627119
3933.1968940000006,7.627119
3933.3239230000004,7.627119
3933.450952,7.627119
3933.5779810000004,7.627119
3933.7050090000002,7.627119
3933.8320380000005,7.627119
3933.9590670000002,7.627119
3934.0860960000005,7.627119
3934.213125,7.627119
3934.3401540000004,7.627119
3934.467183,7.627119
3934.5942120000004,7.627119
3934.721241,7.627119
3934.8482700000004,7.627119
3934.975299,7.627119
3935.1023280000004,7.496741
3935.229357,7.496741
3935.3563860000004,7.496741
3935.4834150000006,7.496741
3935.6104430000005,7.496741
3935.7374720000003,7.496741
3935.8645010000005,7.496741
3935.9915300000002,7.496741
3953.6485520000006,7.887875
3953.7755810000003,7.887875
3953.9026100000005,7.887875
3954.0296390000003,7.887875
3954.1566680000005,7.887875
3954.2836970000003,7.887875
3954.4107260000005,7.887875
3954.5377550000003,7.887875
3954.6647840000005,7.887875
3954.7918130000003,7.887875
3955.172899,7.887875
3955.2999280000004,7.887875
3955.4269570000006,8.018253
3955.5539860000004,8.018253
3955.6810150000006,8.018253
3955.8080440000003,8.018253
3955.9350730000006,8.018253
3956.0621020000003,8.018253
3956.1891310000005,8.018253
3956.3161600000003,8.018253
3956.4431890000005,7.887875
3956.5702180000003,7.887875
3956.6972470000005,7.887875
3956.8242750000004,7.887875
3956.951304,7.887875
3957.0783330000004,7.887875
3957.2053620000006,7.887875
3957.3323910000004,7.887875
3957.45942,7.887875
3957.5864490000004,7.887875
3957.7134780000006,7.887875
3957.8405070000003,7.887875
4033.6767810000006,10.625815
4033.8038100000003,10.625815
4033.9308390000006,10.625815
4034.0578680000003,10.625815
4034.1848970000005,10.625815
4034.3119250000004,10.625815
4034.438954,10.625815
4034.5659830000004,10.625815
4034.693012,10.625815
4034.8200410000004,10.625815
4034.94707,10.625815
4035.0740990000004,10.625815
4035.2011280000006,31.681877
4035.3281570000004,31.681877
4035.455186,31.681877
4035.5822150000004,31.681877
4035.7092440000006,31.681877
4035.8362730000003,31.681877
4035.9633020000006,31.681877
4036.0903310000003,11.66884
4036.217359,11.66884
4036.3443880000004,11.66884
4036.471417,11.66884
4036.5984460000004,11.66884
4042.0606900000002,16.688396
4042.1877190000005,16.688396
4042.3147480000002,16.688396
4042.4417770000005,16.688396
4042.568806,16.688396
4042.6958350000004,16.688396
4042.822864,16.688396
4042.9498930000004,16.688396
4043.33098,17.861799
4043.4580090000004,17.861799
4043.585038,17.861799
4043.7120670000004,17.861799
4043.8390960000006,17.861799
4043.9661240000005,17.861799
4044.0931530000003,17.861799
4044.2201820000005,17.861799
4044.3472110000002,17.731421
4044.4742400000005,17.731421
4044.6012690000002,17.731421
4044.7282980000004,17.731421
4044.855327,17.731421
4044.9823560000004,17.731421
4055.7798150000003,33.246415
4055.9068440000005,33.246415
4056.0338730000003,33.246415
4056.1609020000005,33.246415
4056.2879310000003,33.246415
4056.4149600000005,33.246415
4056.5419890000003,33.246415
4056.6690180000005,33.246415
4056.7960470000003,33.246415
4056.9230760000005,33.246415
4057.0501050000003,33.246415
4057.1771340000005,33.246415
4057.3041630000002,33.246415
4057.4311920000005,33.246415
4057.5582200000003,33.246415
4057.6852490000006,33.246415
4057.8122780000003,33.246415
4057.9393070000006,33.246415
4058.0663360000003,33.246415
4058.1933650000005,33.246415
4058.3203940000003,33.246415
4058.4474230000005,33.246415
4058.5744520000003,33.246415
4058.7014810000005,33.246415
4058.8285100000003,33.246415
4059.9717700000006,34.028683
4060.0987990000003,34.028683
4060.2258280000005,34.028683
4060.3528570000003,34.028683
4060.4798860000005,34.028683
4060.6069150000003,34.028683
4060.7339440000005,34.028683
4060.8609730000003,34.028683
4061.8772040000003,33.181226
4062.0042330000006,33.181226
4062.1312620000003,33.181226
4062.2582910000006,33.181226
4062.3853200000003,33.181226
4062.5123490000005,33.181226
4062.6393780000003,33.181226
4062.7664070000005,23.98957
4062.8934360000003,23.98957
4063.0204650000005,23.98957
4063.1474940000003,23.98957
4063.2745220000006,23.98957
4063.4015510000004,23.98957
4063.52858,23.98957
4064.4177830000003,32.007823
4064.5448120000005,32.073012
4064.6718410000003,32.138201
4064.7988700000005,32.138201
4064.9258990000003,32.138201
4065.0529280000005,32.138201
4065.1799570000003,32.138201
4065.306985,32.138201
4065.4340140000004,32.138201
4065.5610430000006,27.900913
4065.6880720000004,27.900913
4065.815101,27.900913
4065.9421300000004,27.900913
4066.0691590000006,27.900913
4066.1961880000003,27.900913
4066.3232170000006,27.900913
4066.4502460000003,31.355932
4066.5772750000006,31.421121
4066.7043040000003,32.138201
4066.8313330000005,32.20339
4066.9583620000003,33.57236
4067.0853910000005,33.57236
4067.2124190000004,34.159061
4067.339448,34.485007
4067.4664770000004,34.485007
4067.593506,34.485007
4067.7205350000004,34.485007
4067.8475640000006,34.485007
4067.9745930000004,34.485007
4068.101622,34.485007
4068.2286510000004,34.485007
4068.3556800000006,31.355932
4068.4827090000003,31.355932
4068.6097380000006,31.355932
4068.7367670000003,31.355932
4068.8637960000005,31.355932
4068.9908250000003,31.355932
4069.117853,31.355932
4071.7854610000004,15.906128
4071.9124900000006,15.906128
4072.0395190000004,16.036506
4072.166548,16.036506
4072.2935770000004,16.036506
4072.4206060000006,16.036506
4072.5476350000004,16.036506
4072.674664,16.036506
4072.8016930000003,16.036506
4072.9287220000006,16.036506
4074.3260400000004,29.595828
4074.453069,29.595828
4074.5800980000004,29.595828
4074.7071270000006,29.595828
4074.8341560000003,29.595828
4074.9611840000002,29.595828
4075.0882130000005,29.595828
4075.215242,29.530639
4083.85321,37.614081
4083.9802390000004,37.614081
4084.107268,37.614081
4084.2342970000004,37.614081
4084.361326,37.614081
4084.4883550000004,37.614081
4084.6153830000003,37.614081
4084.7424120000005,37.614081
4085.3775570000003,37.614081
4085.5045860000005,37.614081
4085.6316150000002,37.614081
4085.7586440000005,37.614081
4085.885673,37.614081
4086.0127020000004,37.614081
4086.139731,37.614081
4086.2667600000004,37.614081
4086.6478460000003,36.440678
4086.7748750000005,36.440678
4086.9019040000003,36.440678
4087.0289330000005,36.440678
4087.1559620000003,36.440678
4087.2829910000005,36.440678
4087.4100200000003,36.440678
4087.5370490000005,36.440678
4087.6640780000002,36.440678
4087.7911070000005,36.440678
4087.9181360000002,36.440678
4088.0451650000005,36.440678
4088.172194,36.440678
4088.2992230000004,36.440678
4088.4262510000003,36.440678
4088.5532800000005,36.440678
4088.6803090000003,36.440678
4088.8073380000005,36.440678
4088.9343670000003,36.440678
4089.0613960000005,36.440678
4089.1884250000003,36.3103
4089.3154540000005,36.3103
4089.4424830000003,36.049544
4089.5695120000005,36.049544
4089.6965410000003,35.658409
4089.8235700000005,35.658409
4089.9505990000002,35.658409
4090.0776280000005,35.658409
4090.204657,35.658409
4090.3316860000004,35.658409
4090.4587140000003,35.658409
4090.5857430000005,35.59322
4090.7127720000003,35.528031
4090.8398010000005,35.462842
4090.9668300000003,35.006519
4091.0938590000005,34.94133
4091.2208880000003,34.876141
4091.3479170000005,34.810952
4091.4749460000003,34.550196
4091.6019750000005,34.550196
4091.7290040000003,34.485007
4091.8560330000005,34.419817
4091.9830620000002,34.159061
4092.1100910000005,34.159061
4092.2371200000002,33.637549
4092.3641480000006,33.637549
4092.4911770000003,33.637549
4092.6182060000006,33.637549
4092.7452350000003,99.674055
4092.8722640000005,99.674055
4092.9992930000003,99.674055
4093.1263220000005,99.674055
4093.2533510000003,99.674055
4093.3803800000005,99.674055
4093.5074090000003,99.674055
4093.6344380000005,99.674055
4093.7614670000003,33.311604
4093.8884960000005,33.311604
4094.0155250000003,33.311604
4094.1425540000005,33.376793
4094.2695820000004,33.441982
4094.396611,33.441982
4094.5236400000003,33.441982
4094.6506690000006,33.441982
4094.7776980000003,33.441982
4094.9047270000005,33.441982
4095.0317560000003,33.441982
4095.1587850000005,33.376793
4095.2858140000003,33.311604
4095.4128430000005,33.311604
4095.5398720000003,33.311604
4095.6669010000005,33.311604
4095.7939300000003,33.311604
4095.9209590000005,33.311604
4096.047988,33.311604
4096.175016,33.311604
4096.302045,33.311604
4096.429074000001,33.311604
4096.556103000001,33.311604
4096.683132,33.311604
4096.810161,33.311604
4096.937190000001,33.311604
4097.064219000001,33.311604
4097.191248,33.311604
4097.318277,33.311604
4097.4453060000005,32.920469
4097.572335000001,32.920469
4097.699364,32.920469
4097.826393,32.920469
4097.9534220000005,32.920469
4098.080451000001,32.920469
4098.207479000001,32.920469
4098.334508,32.920469
4098.461537,32.659713
4098.588566,32.659713
4098.715595000001,32.659713
4098.842624000001,32.659713
4098.969653,32.529335
4099.096682,32.529335
4099.223711000001,32.529335
4099.350740000001,32.529335
4099.477769,32.529335
4099.604798,32.529335
4099.7318270000005,31.877445
4099.858856000001,31.877445
4099.985885,31.877445
4100.112913000001,31.877445
4101.002116000001,30.182529
4101.129145000001,30.182529
4101.256174,30.182529
4101.383203,30.182529
4101.5102320000005,30.182529
4101.637261000001,30.182529
4101.76429,30.182529
4101.891319,30.182529
4102.018347,30.182529
4102.145376,30.182529
4102.272405000001,30.182529
4102.399434000001,30.182529
4102.526463,30.182529
4102.653492,30.182529
4102.780521000001,30.182529
4102.90755,30.182529
4103.034579,30.182529
4103.161608,30.182529
4103.288637000001,30.182529
4103.415666000001,30.182529
4103.542695,30.182529
4103.669724,30.182529
4103.7967530000005,30.182529
4103.923781,30.182529
4104.050810000001,30.182529
4104.177839,30.182529
4104.304868,30.182529
4104.431897,30.182529
4104.558926000001,30.182529
4104.685955000001,30.182529
4104.812984,30.182529
4104.940013,30.182529
4105.067042000001,30.182529
4105.194071,30.182529
4105.3211,30.182529
4105.448129,30.182529
4105.575158000001,30.052151
4105.702187000001,30.052151
4105.829216,29.791395
4105.956244,29.791395
4106.083273,29.530639
4106.210302,29.530639
4106.337331000001,29.530639
4106.46436,29.530639
4106.591389,29.530639
4106.718418,29.530639
4106.845447000001,29.530639
4106.972476000001,29.530639
4107.099505,29.530639
4107.226534,29.530639
4107.353563000001,29.530639
4107.480592000001,29.46545
4107.607621,29.46545
4107.73465,29.46545
4107.861678,29.46545
4107.988707,29.46545
4108.115736000001,29.46545
4108.242765,29.46545
4108.369794,29.46545
4108.496823,29.46545
4108.623852000001,29.46545
4108.750881,29.46545
4108.87791,29.46545
4109.004939,29.46545
4109.131968000001,29.46545
4109.258997000001,29.46545
4109.386026,28.878748
4109.513055,28.813559
4109.640084000001,28.292047
4109.767112,28.292047
4109.894141000001,28.292047
4110.02117,28.292047
4110.148199,28.292047
4110.275228,28.292047
4110.402257000001,28.292047
4110.529286,28.292047
4110.656315,28.292047
4110.783344,28.292047
4110.910373000001,28.292047
4111.037402,28.292047
4111.164431,28.226858
4111.926604,27.118644
4112.053633,27.118644
4112.180662000001,27.118644
4112.307691,27.118644
4112.43472,27.118644
4112.561749,27.118644
4112.688778000001,27.118644
4112.815807,27.118644
4112.942836,27.118644
4113.069865,27.118644
4113.196894000001,27.118644
4113.323923,27.118644
4113.450952,27.118644
4113.577981,27.118644
4113.705009,27.118644
4113.8320380000005,27.118644
4113.959067000001,27.118644
4114.086096,27.118644
4114.213125,27.118644
4114.340154,27.118644
4114.467183000001,27.118644
4114.594212,27.118644
4114.721241,26.988266
4114.84827,26.988266
4114.975299000001,26.466754
4115.102328000001,26.466754
4115.229357,26.336375
4115.356386,26.336375
4115.483415000001,26.336375
4115.6104430000005,26.336375
4115.737472000001,26.336375
4115.864501,26.336375
4115.99153,26.336375
4116.1185590000005,26.336375
4116.245588000001,25.814863
4116.372617,25.814863
4116.499646,25.814863
4116.626675,25.814863
4116.753704000001,25.814863
4116.880733,25.814863
4117.007762,25.293351
4117.134791,25.293351
4117.261820000001,25.293351
4117.388849000001,25.293351
4117.515877000001,25.293351
4117.642906,25.293351
4117.769935,24.250326
4117.8969640000005,24.250326
4118.023993000001,24.250326
4118.151022,24.250326
4118.278051,24.250326
4118.40508,24.250326
4118.532109000001,24.119948
4118.659138,24.119948
4118.786167,24.119948
4118.913196,24.119948
4119.040225000001,24.119948
4119.167254,24.119948
4119.294283,24.119948
4119.421311,24.119948
4123.105151000001,21.773142
4123.23218,21.773142
4123.359208000001,21.773142
4123.486237,21.773142
4123.613266,21.773142
4123.7402950000005,21.773142
4123.867324000001,21.773142
4123.994353,21.773142
4124.121382,21.773142
4124.2484110000005,21.773142
4124.375440000001,21.773142
4124.502469,21.773142
4124.629498,21.773142
4124.7565270000005,21.773142
4125.137614,21.642764
4125.264642,21.642764
4125.391671,21.642764
4125.5187000000005,21.642764
4125.645729000001,21.642764
4125.772758,21.642764
4125.899787,21.642764
4126.0268160000005,21.642764
4126.153845000001,18.122555
4126.280874,18.122555
4126.407903,18.122555
4126.5349320000005,18.122555
4126.661961000001,18.122555
4126.78899,18.122555
4126.916019,18.122555
4127.043048,18.122555
4127.170076,18.122555
4127.297105000001,18.122555
4128.694424,16.688396
4128.8214530000005,16.688396
4128.948482000001,16.688396
4129.075510000001,16.688396
4129.202539000001,16.688396
4129.329568,16.688396
4129.456597,16.688396
4129.583626000001,16.688396
4129.710655000001,17.079531
4129.837684,17.079531
4129.964713,17.470665
4130.0917420000005,17.470665
4130.218771000001,17.470665
4130.3458,17.470665
4130.472829,17.470665
4130.5998580000005,17.470665
4130.726887000001,17.470665
4130.853916,17.470665
4130.980945,16.949153
4131.107973,16.949153
4131.362031000001,10.95176
4131.489060000001,10.95176
4131.616089,10.95176
4131.997176000001,13.298566
4132.124205,13.298566
4132.251234,13.298566
4132.3782630000005,13.298566
4132.505292000001,14.471969
4132.632321,14.471969
4132.75935,14.993481
4132.8863790000005,14.993481
4133.013407,14.993481
4133.140436000001,14.993481
4133.267465000001,14.993481
4133.394494,14.993481
4133.521523,14.993481
4133.648552000001,14.993481
4133.775581000001,13.950456
4133.90261,13.950456
4134.283697000001,14.993481
4134.410726,14.993481
4134.537755,15.254237
4134.6647840000005,15.254237
4134.791813000001,15.254237
4134.918841000001,15.254237
4135.04587,15.254237
4135.172899,15.254237
4135.299928,15.254237
4135.426957000001,15.254237
4135.553986000001,14.993481
4135.681015,14.993481
4135.808044,14.080834
4135.935073000001,14.080834
4136.062102000001,14.080834
4136.189131,14.080834
4136.31616,14.080834
4136.4431890000005,14.080834
4136.570218000001,14.080834
4136.697247,14.080834
4136.824275000001,14.080834
4136.951304,14.080834
4137.078333,14.080834
4137.205362000001,14.080834
4137.332391,15.645372
4137.45942,15.645372
4137.586449,15.645372
4137.713478000001,15.645372
4137.840507000001,15.645372
4137.967536,15.645372
4138.094565,15.645372
4138.221594000001,15.645372
4138.348623000001,15.645372
4138.475652,15.645372
4138.602681,14.080834
4138.7297100000005,14.080834
4138.856738,14.080834
4138.983767000001,14.015645
4139.110796000001,13.6897
4139.237825,13.6897
4139.364854,13.6897
4139.491883000001,13.6897
4139.618912,14.732725
4139.745941,14.732725
4139.87297,14.732725
4139.999999000001,14.732725
4140.127028000001,14.732725
4140.254057,14.732725
4140.381086,14.732725
4140.5081150000005,14.732725
4140.635144000001,15.645372
4140.762172000001,15.645372
4140.889201,15.645372
4141.01623,15.645372
4141.143259,15.645372
4141.270288000001,15.645372
4141.397317000001,15.645372
4141.524346,15.645372
4141.651375,15.645372
4141.778404000001,15.645372
4141.905433,15.645372
4142.032462,15.645372
4142.159491,15.645372
4142.286520000001,15.580183
4144.827098000001,12.451108
4144.954127,12.451108
4145.081156,12.451108
4145.208185,12.451108
4145.335214000001,12.451108
4145.462243,12.451108
4145.589272,12.451108
4145.716301,12.059974
4145.843330000001,12.059974
4145.970359000001,12.059974
4146.097388,12.059974
4146.224417,12.059974
4146.351446000001,12.059974
4146.478475,11.342894
4146.732532,11.342894
4146.859561,11.342894
4146.98659,11.342894
4147.113619000001,12.059974
4147.240648,12.125163
4147.367677,12.451108
4147.494706,12.451108
4147.621735000001,12.451108
4147.748764,12.451108
4147.875793,12.451108
4148.002822,12.451108
4148.129851000001,12.451108
4148.256880000001,12.255541
4148.383909,12.190352
4148.637966,6.779661
4148.764995,6.779661
4148.892024000001,6.779661
4149.019053,6.779661
4149.146082,6.779661
4149.273111,6.779661
4149.400140000001,6.779661
4149.527169,6.779661
4149.654198,6.779661
4149.781227,6.779661
4149.908256000001,6.779661
4150.035285,6.779661
4150.416371,6.518905
4150.5434000000005,6.518905
4150.670429000001,6.518905
4150.797458,6.518905
4150.924487,6.518905
4151.051516,6.518905
4151.178545000001,6.518905
4151.432603,12.842243
4151.559632,12.842243
4151.686661000001,12.842243
4151.81369,12.842243
4151.940719,12.842243
4152.067748,12.842243
4152.194777000001,12.842243
4152.3218050000005,12.646675
4152.448834000001,12.581486
4155.878616,20.925684
4156.005645,20.925684
4156.132674,21.186441
4156.259702,21.186441
4156.3867310000005,21.186441
4156.513760000001,21.186441
4156.640789,21.186441
4156.767818,21.186441
4156.8948470000005,21.186441
4157.021876000001,21.186441
4159.689484,27.966102
4159.816513000001,27.966102
4159.943542,27.966102
4160.070570000001,27.966102
4160.197599,27.966102
4160.324628,27.966102
4160.4516570000005,27.966102
4160.578686000001,27.966102
4160.705715,27.966102
4160.832744,27.966102
4161.213831,27.053455
4161.34086,27.053455
4161.4678890000005,27.053455
4161.594918000001,27.053455
4161.721947,27.053455
4161.848976,27.053455
4161.976004,27.053455
4162.103033,27.053455
4162.2300620000005,27.053455
4162.357091000001,27.053455
4162.48412,27.053455
4162.611149,27.053455
4162.7381780000005,27.183833
4162.865207000001,27.183833
4162.992236,27.183833
4163.119265,27.183833
4163.2462940000005,27.183833
4163.373323000001,27.183833
4163.500352,27.183833
4163.627381,27.183833
4163.7544100000005,27.183833
4163.881439000001,27.183833
4164.008467000001,26.923077
4164.135496000001,26.923077
4164.262525,26.662321
4164.389554,26.662321
4164.5165830000005,26.401565
4164.643612000001,26.401565
4166.294988000001,24.054759
4166.422017000001,24.054759
4166.549046,24.054759
4166.676075,24.054759
4166.8031040000005,24.054759
4166.930133000001,24.054759
4167.057162,24.054759
4167.184191,24.054759
4169.343683,24.054759
4169.470712,24.054759
4169.5977410000005,24.185137
4169.724769,24.185137
4169.851798000001,24.185137
4169.978827000001,24.185137
4170.105856,24.185137
4170.232885,24.185137
4170.359914000001,24.185137
4170.486943000001,24.185137
4170.613972,24.185137
4170.741001,24.185137
4170.8680300000005,24.185137
4170.995059000001,24.185137
4171.122088,24.054759
4171.249117,24.054759
4171.3761460000005,23.924381
4171.503175000001,23.924381
4174.170782,16.753585
4174.297811,16.753585
4174.424840000001,16.753585
4174.551869000001,16.753585
4174.678898,16.753585
4174.805927,16.753585
4174.932956000001,16.753585
4175.059985000001,16.753585
4175.187014,15.319426
4175.314043,15.319426
4175.4410720000005,15.319426
4175.5681,15.319426
4175.695129000001,14.797914
4175.822158,14.797914
4175.949187,18.122555
4176.076216,18.122555
4176.203245000001,18.122555
4176.330274,18.122555
4176.457303,18.122555
4176.584332,18.122555
4176.711361000001,18.122555
4176.838390000001,18.122555
4181.284403000001,22.6206
4181.411431,22.6206
4181.538460000001,22.6206
4181.665489,22.6206
4181.792518,22.6206
4181.919547,22.6206
4182.046576000001,22.6206
4182.173605,22.6206
4182.300634,22.229465
4182.427663,22.229465
4182.554692000001,22.229465
4182.681721000001,22.229465
4184.841213000001,22.750978
4184.968242000001,22.750978
4185.095271,23.011734
4185.222299,23.011734
4185.349328,23.011734
4185.4763570000005,23.011734
4185.603386000001,23.011734
4185.730415,23.011734
4185.857444,23.011734
4185.984473,22.946545
4186.111502000001,22.881356
4186.238531,22.881356
4186.36556,22.881356
4186.492589,22.881356
4186.619618000001,22.881356
4186.746647,22.881356
4186.873676,22.881356
4192.208891,24.119948
4192.33592,24.119948
4192.462949000001,24.119948
4192.589978,24.119948
4192.717007,24.119948
4192.844036,24.119948
4192.971064,24.119948
4193.0980930000005,24.119948
4193.225122000001,24.119948
4193.352151,24.119948
4193.733238000001,21.642764
4193.860267,21.642764
4193.987296,21.642764
4194.1143250000005,21.642764
4194.241354000001,21.642764
4194.368383,21.642764
4194.495412,21.773142
4194.622441,21.773142
4194.749470000001,21.773142
4194.876499,21.773142
4195.003527000001,21.773142
4195.130556,21.773142
4195.257585,21.773142
4195.3846140000005,21.773142
4195.511643000001,21.642764
4195.638672,21.642764
4196.908961,8.018253
4197.03599,8.018253
4197.1630190000005,8.018253
4197.290048000001,8.018253
4197.417077,8.018253
4197.544106,8.018253
4197.6711350000005,8.018253
4197.798164000001,8.018253
4197.925193,13.428944
4198.052222,13.428944
4198.1792510000005,13.428944
4198.306280000001,13.428944
4198.433309,13.428944
4198.560338,13.428944
4198.687367,13.428944
4200.4657720000005,14.732725
4200.592801000001,14.732725
4200.719829000001,14.732725
4200.846858000001,14.732725
4200.973887,14.732725
4201.100916,14.732725
4201.227945000001,14.732725
4203.006350000001,6.518905
4203.133379000001,6.518905
4203.260408,6.518905
4203.387437,6.518905
4203.5144660000005,6.518905
4203.641495000001,6.518905
4203.768524,6.518905
4203.895553,6.518905
4204.27664,2.607562
4204.403669,2.607562
4204.5306980000005,2.607562
4204.657726,2.607562
4204.784755000001,2.607562
4204.911784,2.607562
4205.038813,2.607562
4205.165842,2.607562
4205.292871000001,2.607562
4205.419900000001,2.607562
4205.8009870000005,4.302477
4205.928016000001,4.302477
4206.055045,4.302477
4206.182074,4.302477
4206.3091030000005,4.302477
4206.436132000001,4.302477
4206.563160000001,4.302477
4206.690189000001,4.302477
4206.817218,4.302477
4206.944247,4.302477
4207.071276000001,4.302477
4207.198305,4.302477
4207.579392000001,4.302477
4207.706421000001,4.302477
4207.83345,4.302477
4207.960479,4.302477
4208.0875080000005,4.302477
4208.214537000001,4.302477
4208.341566,4.302477
4208.468594,4.302477
4211.644318000001,7.170795
4211.771347000001,7.170795
4211.898376,7.170795
4212.025405,7.170795
4212.1524340000005,7.170795
4212.279463000001,7.170795
4212.406491000001,7.170795
4212.53352,7.170795
4212.660549,7.170795
4212.787578,7.170795
4212.914607000001,10.821382
4213.041636,10.821382
4213.168665,10.821382
4213.295694,10.821382
4213.422723000001,10.821382
4213.549752000001,10.821382
4213.676781,10.821382
4213.80381,10.821382
4219.011996,8.018253
4219.139025,8.018253
4219.266054000001,8.018253
4219.393083000001,8.018253
4219.520112,8.018253
4219.647141,8.018253
4219.774170000001,8.018253
4219.901199,8.018253
4220.028228,8.018253
4220.155256,8.018253
4222.949893,18.122555
4223.076922,18.122555
4223.203951,18.122555
4223.330980000001,18.122555
4223.458009,18.122555
4223.585038,18.122555
4223.712067,18.122555
4223.839096000001,18.122555
4223.9661240000005,18.122555
4224.093153000001,18.122555
4224.220182,18.122555
4224.347211,18.122555
4224.4742400000005,18.122555
4224.601269000001,18.122555
4224.728298,16.818774
4224.855327,16.818774
4224.982356,16.818774
4225.109385000001,16.818774
4225.236414,16.818774
4225.363443,16.818774
4227.141848,24.64146
4227.268877,24.706649
4227.395906000001,24.706649
4227.522935,24.706649
4227.649964,24.706649
4227.776993,24.706649
4227.904021,24.706649
4228.0310500000005,24.706649
4228.158079000001,24.706649
4245.434014,54.302477
4245.561043000001,54.302477
4245.688072000001,54.302477
4245.815101,54.302477
4245.94213,54.302477
4246.069159000001,54.302477
4246.196188,54.302477
4246.323217,54.302477
4246.450246,54.302477
4246.577275000001,54.302477
4250.261114000001,43.481095
4250.388143,43.481095
4250.515172,43.481095
4250.642201000001,43.481095
4250.769230000001,43.481095
4250.896259,43.481095
4251.023287,43.481095
4251.150316,43.481095
4251.658432,38.983051
4251.785461,38.983051
4251.912490000001,38.983051
4252.039519,38.983051
4252.166548,38.983051
4252.293577,38.983051
4252.420606000001,38.983051
4252.547635000001,37.67927
4252.674664,37.67927
4262.328863000001,27.835724
4262.455892,27.835724
4262.582921,27.835724
4262.709949,27.835724
4262.836978,27.835724
4262.9640070000005,27.835724
4263.091036000001,27.835724
4263.218065,27.835724
4263.345094,27.835724
4263.4721230000005,27.835724
4267.41002,29.335072
4267.5370490000005,29.335072
4267.664078000001,29.335072
4267.791107,29.335072
4267.918136,29.335072
4268.045165,29.335072
4268.172194000001,29.335072
4268.299223,29.335072
4268.426251000001,29.335072
4268.55328,29.335072
4269.696541,25.423729
4269.8235700000005,25.423729
4269.950599000001,25.423729
4270.077628,25.423729
4270.204657,25.423729
4270.331686,25.423729
4270.458714,25.423729
4270.585743000001,25.423729
4270.712772000001,29.726206
4270.839801,29.726206
4270.96683,29.726206
4271.0938590000005,29.726206
4271.220888000001,29.726206
4271.347917,29.726206
4271.474946,29.726206
4271.6019750000005,29.726206
4272.237120000001,37.67927
4272.364148000001,37.67927
4272.491177000001,37.67927
4272.618206,37.67927
4272.745235,37.67927
4272.8722640000005,37.67927
4272.999293000001,37.67927
4274.52364,38.917862
4274.650669000001,38.983051
4274.777698000001,38.983051
4274.904727,38.983051
4275.031756,38.983051
4275.1587850000005,38.983051
4275.285814000001,38.983051
4275.412843,38.983051
4275.539872,38.983051
4275.6669010000005,39.243807
4275.793930000001,39.243807
4275.920959,39.243807
4276.047988,39.243807
4276.175016,39.243807
4276.302045,39.243807
4276.429074000001,39.243807
4276.556103000001,39.243807
4277.064219000001,38.722295
4277.191248,38.722295
4277.318277,38.722295
4277.4453060000005,38.722295
4277.572335000001,38.722295
4277.699364,38.722295
4277.826393,38.722295
4277.9534220000005,36.766623
4278.080451000001,36.766623
4278.207479000001,36.766623
4278.334508,36.766623
4278.461537,36.766623
4279.604798,36.245111
4279.7318270000005,36.245111
4279.858856000001,36.245111
4279.985885,36.245111
4280.112913000001,36.245111
4280.239942,36.245111
4280.366971,36.245111
4280.494000000001,36.245111
4284.940013,32.073012
4285.067042000001,32.073012
4285.194071,32.073012
4285.3211,32.073012
4285.448129,32.724902
4285.575158000001,32.724902
4285.702187000001,33.637549
4285.829216,33.637549
4285.956244,33.637549
4286.083273,33.637549
4286.210302,33.637549
4286.337331000001,33.637549
4286.46436,33.637549
4286.591389,33.637549
4286.718418,32.724902
4286.845447000001,32.724902
4286.972476000001,31.681877
4287.099505,31.681877
4287.226534,31.681877
4287.353563000001,31.681877
4287.480592000001,31.681877
4287.607621,31.681877
4287.73465,31.681877
4287.861678,31.681877
4287.988707,34.028683
4288.115736000001,34.028683
4288.242765,34.028683
4288.369794,34.028683
4288.496823,34.028683
4288.623852000001,34.028683
4288.750881,34.028683
4288.87791,34.028683
4289.004939,33.898305
4289.131968000001,33.898305
4289.258997000001,33.246415
4289.386026,33.246415
4289.513055,33.246415
4289.640084000001,33.246415
4289.767112,33.116037
4289.894141000001,33.116037
4290.529286,31.421121
4290.656315,31.421121
4290.783344,31.681877
4290.910373000001,31.681877
4291.037402,31.681877
4291.164431,31.681877
4291.29146,31.681877
4291.418489000001,31.681877
4291.545518000001,31.681877
4291.672546000001,31.681877
4295.356386,29.074316
4295.483415000001,29.074316
4295.6104430000005,29.074316
4295.737472000001,29.074316
4295.864501,29.074316
4295.99153,29.074316
4296.1185590000005,29.074316
4296.245588000001,29.074316
4296.880733,23.207301
4297.007762,23.207301
4297.134791,23.207301
4297.261820000001,23.207301
4297.388849000001,23.207301
4297.515877000001,23.207301
4297.642906,23.207301
4297.769935,23.207301
4297.8969640000005,23.207301
4298.023993000001,23.207301
4298.151022,23.207301
4298.278051,23.207301
4298.40508,23.207301
4298.532109000001,23.207301
4299.6753690000005,29.335072
4299.802398000001,29.335072
4299.929427,29.46545
4300.056456,29.46545
4300.1834850000005,29.595828
4300.310514000001,29.595828
4300.437543,29.595828
4300.564572,29.595828
4300.691601,29.595828
4300.818630000001,29.595828
4300.945659,29.595828
4301.072688,29.595828
4302.597035000001,16.492829
4302.724064,16.492829
4302.851093,16.492829
4302.978122,16.492829
4303.105151000001,16.492829
4303.232180000001,16.492829
4303.359208000001,16.492829
4303.486237,16.42764
4303.613266,16.42764
4303.7402950000005,17.079531
4303.867324000001,17.079531
4303.994353,17.079531
4304.121382,17.079531
4304.2484110000005,17.079531
4304.375440000001,17.079531
4304.502469,17.079531
4304.629498,17.079531
4304.7565270000005,16.42764
4304.883556000001,16.818774
4305.010585,16.818774
4305.137614,16.818774
4305.264642,16.818774
4305.391671,16.818774
4305.5187000000005,16.818774
4305.645729000001,16.818774
4314.1566680000005,27.574967
4314.283697000001,27.574967
4314.410726,27.574967
4314.537755,27.574967
4314.6647840000005,27.574967
4314.791813000001,27.574967
4314.918841000001,27.574967
4315.04587,27.574967
4315.172899,26.531943
4315.299928,26.531943
4315.426957000001,26.531943
4315.553986000001,26.531943
4315.681015,26.531943
4315.808044,26.531943
4315.935073000001,29.139505
4316.062102,29.139505
4316.189131,29.139505
4316.31616,29.139505
4316.4431890000005,29.139505
4316.570218000001,29.139505
4316.697247,29.139505
4316.824275000001,29.139505
4316.951304,23.533246
4317.078333,23.533246
4317.205362000001,23.533246
4317.332391,23.533246
4317.45942,23.533246
4317.586449,23.533246
4317.713478000001,24.706649
4317.840507000001,24.706649
4317.967536,24.706649
4318.094565,24.706649
4318.221594000001,24.706649
4318.348623,24.706649
4318.475652,24.706649
4318.602681,24.706649
4318.7297100000005,24.054759
4318.856738,24.054759
4318.983767000001,22.490222
4319.110796000001,22.490222
4319.237825,22.490222
4319.364854,22.490222
4319.491883000001,22.490222
4319.618912,22.490222
4321.651375,15.580183
4321.778404000001,15.580183
4321.905433,15.580183
4322.032462,15.580183
4322.159491,15.580183
4322.286520000001,15.580183
4322.413549000001,15.580183
4322.540578,15.580183
4322.667606,15.580183
4322.794635,15.580183
4322.921664,15.580183
4323.556809000001,18.122555
4323.683838000001,18.122555
4323.810867,18.122555
4323.937896,18.122555
4324.064925000001,18.122555
4324.191954,18.122555
4324.318983,18.122555
4324.446012,18.122555
4324.57304,18.122555
4324.700069,18.122555
4327.621735000001,24.445893
4327.748764,24.445893
4327.875793,24.706649
4328.002822,24.706649
4328.129851000001,24.706649
4328.256880000001,24.706649
4328.383909,24.706649
4328.510937,24.706649
4328.637966,24.706649
4328.764995,24.706649
4328.892024000001,24.706649
4329.019053,24.706649
4329.146082,21.186441
4329.273111,21.186441
4329.400140000001,21.838331
4329.527169000001,21.838331
4329.654198,23.402868
4329.781227,23.402868
4329.908256000001,24.706649
4330.035285,24.706649
4330.162314,24.706649
4330.289343,24.706649
4330.416371,24.706649
4330.5434000000005,24.706649
4330.670429000001,24.706649
4330.797458,24.706649
4330.924487,17.014342
4331.051516,17.014342
4331.178545000001,17.014342
4331.305574,17.014342
4331.432603,17.014342
4331.559632,17.014342
4331.686661000001,16.623207
4331.813690000001,16.623207
4331.940719,16.623207
4332.067748,16.623207
4332.194777000001,16.623207
4332.3218050000005,16.623207
4333.338037,16.623207
4333.465066000001,17.14472
4333.592095,17.14472
4333.719124,17.14472
4333.846153,17.14472
4333.973182000001,17.14472
4334.100211000001,17.14472
4334.22724,17.14472
4334.354268,17.14472
4334.481297,17.14472
4334.6083260000005,17.14472
4334.735355000001,17.14472
4334.862384,17.14472
4337.021876000001,25.228162
4337.148905,25.228162
4337.275934,25.619296
4337.402963,25.619296
4337.529992000001,25.619296
4337.657021,25.619296
4337.78405,25.619296
4337.911079,25.619296
4338.038108000001,25.619296
4338.1651360000005,25.619296
4338.292165000001,22.099087
4338.419194,22.099087
4338.546223,22.099087
4338.6732520000005,22.099087
4338.800281000001,22.099087
4338.92731,22.099087
4339.054339,22.099087
4339.1813680000005,22.099087
4339.308397000001,22.099087
4339.435426,22.099087
4339.562455,25.097784
4339.689484,25.097784
4339.816513000001,25.749674
4339.943542,25.749674
4340.07057,25.749674
4340.197599,25.749674
4340.324628,25.749674
4340.4516570000005,25.749674
4340.578686000001,25.749674
4340.705715,25.749674
4340.832744,18.122555
4340.9597730000005,18.122555
4341.086802000001,18.122555
4341.213831,18.122555
4341.34086,18.122555
4341.4678890000005,18.122555
4341.594918000001,18.122555
4341.721947,18.122555
4342.103033,24.054759
4342.2300620000005,24.054759
4342.357091000001,25.488918
4342.48412,25.488918
4342.611149,25.488918
4342.7381780000005,25.488918
4342.865207000001,25.488918
4342.992236,25.488918
4343.119265,25.488918
4343.2462940000005,25.488918
4343.373323000001,21.186441
4343.500352,21.121252
4343.627381,18.122555
4343.7544100000005,18.122555
4343.881439000001,18.122555
4344.008467000001,18.122555
4344.135496000001,18.122555
4344.262525,18.122555
4344.389554,18.122555
4344.5165830000005,18.122555
4344.643612000001,18.122555
4344.770641,18.122555
4346.676075,36.897001
4346.8031040000005,36.897001
4346.930133000001,37.67927
4347.057162,38.200782
4347.184191,38.265971
4347.3112200000005,38.722295
4347.438249000001,38.787484
4347.565278,38.787484
4347.692307,38.787484
4347.819335,38.787484
4347.946364,38.787484
4348.073393000001,38.787484
4348.200422,38.787484
4348.327451,33.116037
4348.45448,33.116037
4348.581509000001,33.116037
4348.708538000001,29.726206
4348.835567,29.726206
4348.962596,28.422425
4349.0896250000005,28.422425
4349.216654000001,17.992177
4349.343683,17.992177
4349.470712,17.992177
4349.5977410000005,17.992177
4349.724769,17.470665
4349.851798000001,17.470665
4350.105856,17.14472
4350.232885,17.14472
4350.359914000001,17.14472
4350.486943,17.14472
4350.613972,17.14472
4350.741001,17.14472
4350.8680300000005,17.14472
4350.995059000001,14.341591
4351.122088,14.341591
4351.249117,14.341591
4355.949187,15.906128
4356.076216,15.906128
4356.203245000001,15.906128
4356.330274,15.906128
4356.457303,15.906128
4356.584332,15.906128
4356.711361000001,15.906128
4357.346506,34.419817
4357.473534000001,34.419817
4357.600563,34.419817
4357.727592,34.419817
4357.854621,34.419817
4357.981650000001,34.419817
4358.108679000001,34.419817
4358.235708,34.419817
4359.760055000001,47.066493
4359.887084,47.066493
4360.014113,47.327249
4360.141142,47.327249
4360.268171000001,47.327249
4360.395200000001,47.327249
4360.522229,47.327249
4360.649258,47.327249
4360.776287000001,47.327249
4360.903316,47.327249
4361.030345,47.327249
4361.157374,47.327249
4361.284403000001,47.327249
4361.411431,47.327249
4361.538460000001,47.327249
4361.665489,47.327249
4362.554692000001,49.478488
4362.681721000001,49.478488
4362.80875,49.478488
4362.935779,49.478488
4363.062808000001,49.478488
4363.189837,49.478488
4363.316865000001,49.478488
4363.443894,49.478488
4363.570923,47.196871
4363.697952,47.196871
4363.824981000001,47.196871
4363.952010000001,47.196871
4364.079039,47.196871
4364.206068,47.196871
4364.333097000001,46.936115
4364.460126,46.936115
4364.587155,45.501956
4364.714184,45.501956
4364.841213000001,45.371578
4364.968242000001,45.371578
4365.095271,44.980443
4365.222299,44.980443
4365.349328,44.198175
4365.4763570000005,44.198175
4365.603386000001,44.067797
4365.730415,44.067797
4365.857444,43.676662
4365.984473,43.676662
4366.111502000001,43.676662
4366.238531000001,43.676662
4371.700775,48.370274
4371.8278040000005,48.370274
4371.954833000001,48.370274
4372.081862,48.370274
4372.208891,48.370274
4372.33592,48.370274
4372.462949000001,48.370274
4372.589978,48.370274
4374.495412,48.63103
4374.622441,48.63103
4374.749470000001,48.63103
4374.876499,48.63103
4375.003527000001,48.63103
4375.130556,48.63103
4375.257585,48.63103
4375.3846140000005,48.63103
4376.019759000001,47.327249
4376.146788,47.327249
4376.273817,47.327249
4376.4008460000005,47.327249
4376.527875000001,47.327249
4376.654904,47.327249
4376.781933,47.327249
4376.908961,47.327249
4377.03599,46.936115
4377.1630190000005,46.936115
4377.290048000001,46.936115
4377.417077,46.936115
4377.544106,46.936115
4377.6711350000005,46.936115
4377.798164000001,46.936115
4377.925193,46.936115
4378.052222,46.805737
4378.1792510000005,46.805737
4378.306280000001,46.675359
4378.433309,46.675359
4378.560338,46.740548
4378.687367,46.740548
4378.814395,46.740548
4378.941424000001,46.740548
4379.068453,46.740548
4379.195482,46.740548
4379.322511,46.740548
4379.4495400000005,46.740548
4379.576569000001,46.479791
4379.703598,46.479791
4379.830627,45.567145
4379.9576560000005,45.567145
4380.084685000001,45.567145
4380.211714,45.567145
4380.338743,45.567145
4380.4657720000005,45.567145
4380.592801000001,45.567145
4380.719829000001,45.567145
4380.846858000001,45.567145
4380.973887,45.567145
4381.100916,45.567145
4381.227945000001,45.567145
4381.354974000001,45.436767
4381.482003,45.436767
4381.609032,45.436767
4381.7360610000005,45.436767
4381.863090000001,45.436767
4381.990119,45.436767
4382.117148,45.436767
4382.2441770000005,45.436767
4382.371206000001,45.436767
4382.498235,45.436767
4382.625263,45.306389
4382.752292,45.306389
4382.879321,44.784876
4383.006350000001,44.784876
4383.133379000001,44.52412
4383.260408,44.52412
4383.387437,44.132986
4383.5144660000005,44.132986
4383.641495000001,44.002608
4383.768524,44.002608
4383.895553,43.611473
4384.0225820000005,43.611473
4384.149611000001,43.611473
4384.27664,43.611473
4384.403669,43.611473
4384.5306980000005,43.611473
4384.657726,43.611473
4384.784755000001,43.611473
4384.911784,43.611473
4385.038813,43.611473
4385.165842,43.611473
4385.292871000001,43.611473
4385.419900000001,43.611473
4385.546929,43.611473
4385.673958,43.611473
4385.8009870000005,43.611473
4385.928016000001,43.611473
4386.055045,43.611473
4386.182074,43.611473
4386.3091030000005,43.611473
4386.436132000001,43.611473
4386.563160000001,43.611473
4386.690189000001,43.611473
4386.817218,43.611473
4386.944247,43.611473
4387.071276000001,43.611473
4387.198305,43.611473
4387.325334,43.611473
4387.452363,43.611473
4387.579392000001,43.611473
4387.706421000001,43.611473
4387.83345,43.611473
4387.960479,43.611473
4388.0875080000005,43.611473
4390.501057,43.611473
4390.628086000001,43.611473
4390.755115,43.611473
4390.882144,43.611473
4391.009173,43.611473
4391.136202000001,43.611473
4391.263231000001,43.611473
4391.39026,43.611473
4391.517289,43.611473
4391.644318000001,43.611473
4391.771347,43.611473
4391.898376,43.611473
4392.025405,43.611473
4392.1524340000005,43.611473
4392.279463000001,43.611473
4392.406491000001,43.611473
4392.533520000001,43.611473
4392.660549,43.611473
4392.787578,43.611473
4392.914607000001,43.611473
4393.041636,43.611473
4393.168665,43.611473
4393.295694,43.611473
4393.422723000001,43.611473
4393.549752000001,43.611473
4393.676781,43.611473
4393.80381,43.611473
4393.930839000001,43.611473
4394.057868,43.611473
4394.184897,43.611473
4394.311925,43.611473
4394.438954,43.611473
4394.565983,43.611473
4394.693012000001,43.611473
4394.820041000001,43.611473
4394.94707,43.611473
4395.074099,43.611473
4395.201128000001,43.611473
4395.328157,43.611473
4395.455186,43.611473
4395.582215,44.263364
4395.709244000001,44.263364
4395.836273000001,44.393742
4395.963302,44.393742
4396.090331,44.52412
4396.217359,44.52412
4396.344388,44.52412
4396.471417000001,44.52412
4396.598446,44.52412
4396.725475,44.52412
4396.852504,44.52412
4396.979533000001,44.52412
4397.106562000001,44.52412
4397.233591,44.52412
4397.36062,45.306389
4397.487649000001,45.306389
4397.614678,45.306389
4397.741707,45.306389
4397.868736,45.306389
4397.995765000001,45.306389
4398.1227930000005,45.306389
4398.249822000001,45.306389
4398.630909,45.436767
4398.757938000001,45.436767
4398.884967,45.436767
4399.011996,45.436767
4399.139025,46.349413
4399.266054000001,46.349413
4399.393083000001,46.349413
4399.520112,46.349413
4399.647141,46.349413
4399.774170000001,46.349413
4399.901199,46.349413
4400.028228,46.349413
4400.155256,46.349413
4400.282285,46.349413
4400.409314,46.349413
4400.536343000001,46.349413
4400.663372,46.349413
4400.790401,46.349413
4400.91743,46.349413
4401.044459000001,46.349413
4401.171488,46.349413
4401.298517,46.349413
4401.425546,46.349413
4401.552575000001,46.349413
4404.4742400000005,48.565841
4404.601269000001,48.565841
4404.728298,48.565841
4404.855327,48.565841
4404.982356,48.565841
4405.109385000001,48.565841
4405.236414000001,48.565841
4405.363443,48.565841
4405.490472,48.565841
4405.617501000001,48.565841
4405.74453,48.696219
4405.871558000001,48.696219
4405.998587,49.217731
4406.125616,49.217731
4406.2526450000005,49.478488
4406.379674000001,49.478488
4406.506703,49.478488
4406.633732,49.478488
4406.7607610000005,49.478488
4406.887790000001,49.478488
4407.014819,49.478488
4407.141848,49.478488
4407.268877,49.478488
4407.395906000001,49.478488
4410.3175710000005,52.542373
4410.444600000001,52.607562
4410.571629,52.607562
4410.698658,52.607562
4410.8256870000005,52.607562
4410.952716000001,52.607562
4411.079745,52.607562
4411.206774,52.607562
4411.333803,53.585398
4411.460832000001,53.650587
4411.587861,53.650587
4411.714889000001,53.650587
4411.841918,53.650587
4411.968947,53.650587
4412.0959760000005,53.650587
4412.223005000001,53.650587
4412.350034,54.628422
4412.477063,54.693611
4412.6040920000005,54.693611
4412.731121000001,54.693611
4412.85815,54.693611
4412.985179,54.693611
4413.1122080000005,54.693611
4413.239237000001,54.693611
4413.366266,54.628422
4413.493295,54.302477
4413.620323,54.237288
4413.747352,54.172099
4413.8743810000005,47.001304
4414.001410000001,47.001304
4414.128439,46.870926
4414.255468,46.870926
4414.3824970000005,46.870926
4414.509526000001,46.870926
4414.8906130000005,49.34811
4415.017642000001,49.34811
4415.144671,49.34811
4415.2717,49.34811
4415.3987290000005,49.34811
4415.525757,49.34811
4415.652786000001,49.34811
4415.779815,49.34811
4415.906844,49.34811
4416.033873,49.34811
4416.1609020000005,49.34811
4416.287931000001,49.34811
4416.41496,49.34811
4416.541989,49.34811
4416.6690180000005,39.308996
4416.796047000001,39.308996
4416.923076,39.308996
4417.050105,39.308996
4417.1771340000005,39.308996
4417.304163000001,39.308996
4417.431192,30.312907
4417.558220000001,30.052151
4417.685249,30.052151
4417.812278,29.269883
4417.939307000001,29.269883
4418.066336,29.269883
4418.193365,29.269883
4418.320394,34.419817
4418.4474230000005,34.419817
4418.574452000001,34.419817
4418.701481,34.419817
4418.82851,35.59322
4418.9555390000005,35.59322
4419.082568000001,35.59322
4419.209597,35.59322
4419.336626,35.59322
4419.463654,38.983051
4419.590683,38.983051
4419.717712000001,44.719687
4419.844741000001,44.719687
4419.97177,44.850065
4420.098799,44.850065
4420.225828000001,45.371578
4420.352857000001,45.371578
4420.479886,45.371578
4420.606915,45.371578
4420.7339440000005,45.371578
4420.860973000001,45.371578
4420.988002,45.371578
4421.115031,45.371578
4421.2420600000005,43.546284
4421.369088,43.546284
4421.496117000001,30.312907
4421.623146,30.182529
4421.750175,30.11734
4421.877204,27.705346
4422.004233000001,27.705346
4422.131262000001,27.574967
4422.258291,27.574967
4422.38532,27.314211
4422.5123490000005,27.249022
4422.639378000001,27.053455
4422.766407,26.988266
4422.893436,26.923077
4423.0204650000005,26.857888
4423.274522000001,22.6206
4423.401551000001,22.6206
4423.52858,22.555411
4432.674664,5.345502
4432.801693,5.345502
4432.928722000001,7.692308
4433.05575,7.692308
4433.182779000001,7.692308
4433.309808,7.692308
4433.436837,7.692308
4433.563866,7.692308
4433.690895000001,15.123859
4433.817924000001,15.123859
4433.944953,17.405476
4434.071982,17.731421
4434.199011000001,17.731421
4434.32604,17.731421
4434.453069,17.731421
4434.580098,17.731421
4434.707127000001,17.731421
4434.834156000001,17.731421
4434.961184000001,17.731421
4435.088213,15.123859
4435.215242,15.123859
4435.342271,15.123859
4435.469300000001,15.123859
4435.596329,15.123859
4435.723358,15.123859
4435.850387,14.732725
4435.977416000001,14.732725
4436.104445000001,14.732725
4436.231474,14.732725
4436.358503,14.732725
4436.485532000001,14.732725
4436.612561,14.602347
4436.73959,14.602347
4436.866618,14.602347
4436.993647,14.602347
4437.1206760000005,14.471969
4437.247705000001,14.471969
4437.374734,12.451108
4437.501763,12.451108
4437.628792,12.385919
4437.755821000001,13.168188
4437.88285,13.168188
4438.009879,13.428944
4438.136908,13.428944
4438.263937000001,13.428944
4438.390966000001,13.428944
4438.517995,13.428944
4438.645024,13.428944
4438.772052,13.428944
4438.8990810000005,13.428944
4439.026110000001,14.928292
4439.153139,14.928292
4439.280168,14.928292
4439.407197,14.928292
4439.534226000001,14.928292
4439.661255,14.928292
4439.788284,14.928292
4439.915313,12.385919
4440.677487000001,28.292047
4440.804515000001,28.292047
4440.931544,28.292047
4441.058573,28.292047
4441.1856020000005,28.292047
4441.312631000001,28.292047
4441.43966,28.292047
4441.566689,28.292047
4441.693718,28.292047
4441.820747000001,28.292047
4441.947776,28.292047
4442.074805,28.292047
4442.201834,28.292047
4442.328863000001,28.292047
4442.709949,33.246415
4442.836978,33.246415
4442.9640070000005,34.22425
4443.091036000001,34.22425
4443.218065,34.22425
4443.345094,34.22425
4443.4721230000005,34.22425
4443.599152000001,34.22425
4443.726181,34.22425
4445.377557000001,38.070404
4445.504586,38.070404
4445.631615,38.461538
4445.7586440000005,38.461538
4445.885673000001,38.852673
4446.012702,38.852673
4446.139731,38.852673
4446.26676,38.852673
4446.393789000001,38.852673
4446.5208170000005,38.852673
4446.647846000001,38.852673
4446.774875,38.852673
4446.901904,36.375489
4447.0289330000005,36.375489
4447.155962000001,36.375489
4447.282991,36.375489
4447.41002,36.375489
4447.5370490000005,36.375489
4447.664078000001,37.809648
4447.791107,37.809648
4447.918136,37.809648
4448.045165,37.809648
4448.172194000001,37.809648
4448.299223,37.809648
4448.426251000001,37.809648
4448.55328,37.809648
4448.680309,37.809648
4448.8073380000005,37.809648
4448.934367000001,36.636245
4449.061396,36.636245
4449.188425,35.984355
4449.3154540000005,35.984355
4449.442483000001,35.984355
4449.569512,35.984355
4450.204657,38.591917
4450.331686,38.591917
4450.458714,38.591917
4450.585743000001,38.591917
4450.712772000001,38.722295
4450.839801,38.722295
4450.96683,38.983051
4451.0938590000005,38.983051
4451.220888000001,38.983051
4451.347917,38.983051
4451.474946,38.983051
4451.6019750000005,38.983051
4451.729004000001,38.983051
4451.856033,38.983051
4451.983062,35.202086
4452.1100910000005,35.202086
4452.237120000001,35.202086
4452.364148000001,35.202086
4452.491177,35.984355
4452.618206,35.984355
4452.745235,36.766623
4452.8722640000005,36.766623
4452.999293000001,36.766623
4453.126322,36.766623
4453.253351,36.766623
4453.3803800000005,36.766623
4453.507409000001,36.766623
4453.634438,36.701434
4453.761467,35.984355
4453.8884960000005,35.919166
4454.015525000001,35.59322
4454.142554,35.59322
4454.269582000001,35.59322
4454.396611,35.59322
4454.52364,35.723598
4454.650669000001,35.723598
4454.777698,35.723598
4454.904727,35.723598
4455.031756,35.723598
4455.1587850000005,35.723598
4455.285814000001,36.766623
4455.412843,36.766623
4455.539872,37.027379
4455.6669010000005,37.027379
4455.793930000001,37.027379
4455.920959,37.027379
4456.047988,37.027379
4456.175016,37.027379
4456.302045,37.027379
4456.429074000001,36.96219
4456.556103000001,33.767927
4456.683132,33.702738
4456.810161,33.376793
4456.937190000001,33.311604
4457.4453060000005,33.833116
4457.572335000001,33.898305
4457.699364,34.028683
4457.826393,34.028683
4457.9534220000005,34.028683
4458.080451000001,34.028683
4458.207479000001,34.028683
4458.334508,34.028683
4458.461537,34.028683
4458.588566,36.114733
4458.715595000001,36.114733
4458.842624000001,36.245111
4458.969653,36.245111
4459.096682,36.245111
4459.223711000001,36.245111
4459.35074,37.027379
4459.477769,37.027379
4459.604798,37.027379
4459.7318270000005,37.027379
4459.858856000001,37.027379
4459.985885,37.027379
4460.112913000001,37.027379
4460.239942,37.027379
4465.956244000001,39.308996
4466.083273,39.308996
4466.210302,39.308996
4466.337331000001,39.308996
4466.46436,39.308996
4466.591389,39.308996
4466.718418,39.308996
4466.845447000001,39.308996
4466.972476000001,39.308996
4467.099505,39.308996
4467.226534,39.04824
4467.353563000001,39.04824
4467.480592,38.526728
4467.607621,38.526728
4467.73465,38.526728
4467.861678,38.526728
4467.988707,38.526728
4468.115736000001,38.526728
4468.242765000001,38.526728
4468.369794,38.526728
4468.496823,38.526728
4468.623852000001,38.526728
4468.750881,38.526728
4468.87791,38.526728
4469.004939,38.526728
4469.131968000001,38.526728
4469.258997000001,38.526728
4469.386026,38.526728
4469.513055,38.526728
4469.640084000001,38.526728
4469.767112,38.526728
4469.894141000001,38.526728
4470.02117,38.526728
4470.148199,38.526728
4470.275228,38.526728
4470.402257000001,38.526728
4470.529286000001,38.526728
4470.656315,38.526728
4470.783344,38.526728
4470.910373000001,38.526728
4471.037402,37.744459
4471.164431,37.744459
4471.29146,37.744459
4471.418489000001,37.744459
4471.545518000001,37.744459
4471.672546000001,37.744459
4471.799575,37.353325
4471.926604,37.353325
4472.053633,37.353325
4472.180662000001,37.353325
4472.307691,37.353325
4472.43472,37.353325
4472.561749,37.353325
4472.688778000001,37.353325
4472.815807000001,37.353325
4472.942836,37.353325
4473.069865,37.353325
4473.196894000001,37.353325
4473.323923,37.353325
4473.450952,37.353325
4473.577981,37.353325
4473.705009,37.353325
4473.8320380000005,37.353325
4473.959067000001,37.353325
4474.086096,37.353325
4474.213125,37.353325
4474.340154,37.353325
4474.467183000001,37.353325
4474.594212,37.353325
4474.721241,37.353325
4474.84827,37.353325
4474.975299000001,37.353325
4475.356386,37.353325
4475.483415000001,37.353325
4475.6104430000005,37.353325
4475.737472000001,37.353325
4475.864501,37.353325
4475.99153,37.353325
4476.1185590000005,37.353325
4476.245588000001,37.353325
4476.372617,37.353325
4476.499646,37.353325
4476.626675,37.353325
4476.753704000001,37.353325
4476.880733,37.483703
4477.007762,37.483703
4477.134791,37.483703
4477.261820000001,37.483703
4477.388849000001,37.483703
4477.515877000001,37.483703
4477.642906,37.483703
4477.769935,37.483703
4477.8969640000005,37.483703
4478.023993000001,37.483703
4478.151022,37.483703
4478.278051,37.483703
4478.40508,37.483703
4478.532109000001,37.483703
4478.659138,37.483703
4478.786167,37.483703
4478.913196,37.353325
4479.040225000001,37.353325
4479.167254,37.353325
4479.294283,37.353325
4479.421311,37.353325
4479.54834,37.353325
4479.6753690000005,37.353325
4479.802398000001,37.353325
4479.929427,37.353325
4480.056456,37.353325
4480.1834850000005,37.483703
4480.310514000001,37.483703
4480.437543,37.483703
4480.564572,37.483703
4480.691601,37.483703
4480.818630000001,37.483703
4480.945659,37.483703
4481.072688,37.483703
4481.199717,37.483703
4481.326746000001,37.483703
4481.4537740000005,37.353325
4481.580803000001,37.353325
4481.707832,37.353325
4481.834861,37.353325
4481.9618900000005,36.701434
4482.088919000001,36.701434
4482.215948,36.701434
4482.342977,36.701434
4482.4700060000005,36.701434
4482.597035000001,36.701434
4482.724064,36.3103
4482.851093,36.3103
4482.978122,36.3103
4483.105151000001,36.3103
4483.232180000001,36.179922
4483.359208000001,36.179922
4483.486237,36.3103
4483.613266,36.3103
4483.7402950000005,36.3103
4483.867324000001,36.3103
4483.994353,36.3103
4484.121382,36.3103
4484.2484110000005,36.3103
4484.375440000001,36.3103
4484.502469,36.3103
4484.629498,36.3103
4484.7565270000005,36.3103
4484.883556000001,36.3103
4485.010585,36.3103
4485.137614,36.3103
4485.264642,36.3103
4485.391671,36.3103
4485.5187000000005,36.3103
4485.645729000001,36.3103
4485.772758,36.3103
4485.899787,36.3103
4486.0268160000005,36.3103
4486.153845000001,36.3103
4486.280874,36.3103
4486.407903,36.3103
4486.5349320000005,36.3103
4486.661961000001,36.3103
4486.78899,36.3103
4486.916019,36.3103
4487.043048,36.3103
4487.170076,36.3103
4487.297105000001,36.3103
4487.424134000001,36.3103
4487.551163,36.3103
4487.678192,36.3103
4487.8052210000005,36.3103
4487.932250000001,36.3103
4488.059279,36.179922
4488.186308,36.179922
4488.3133370000005,36.179922
4488.440366000001,36.179922
4488.567395,36.179922
4488.694424,36.179922
4488.8214530000005,36.179922
4488.948482000001,36.179922
4489.075510000001,36.179922
4489.202539,36.179922
4489.329568,36.179922
4489.456597,36.179922
4489.583626000001,36.179922
4489.710655000001,36.179922
4489.837684,36.179922
4489.964713,36.179922
4490.0917420000005,36.179922
4490.218771000001,36.179922
4490.3458,36.179922
4490.472829,36.179922
4490.5998580000005,36.3103
4490.726887000001,36.3103
4490.853916,36.3103
4490.980945,36.3103
4491.107973,36.3103
4491.235002,36.3103
4491.362031000001,36.3103
4491.48906,36.3103
4491.616089,36.3103
4491.743118,36.3103
4491.8701470000005,36.3103
4491.997176000001,36.3103
4492.124205,36.179922
4492.251234,36.179922
4492.3782630000005,36.3103
4492.505292000001,36.3103
4492.632321,36.3103
4492.75935,36.3103
4492.8863790000005,36.3103
4493.013407,36.3103
4493.140436000001,36.3103
4493.267465000001,36.3103
4493.394494,36.3103
4493.521523,36.3103
4493.648552000001,36.3103
4493.775581,36.3103
4493.90261,36.3103
4494.029639,36.3103
4494.1566680000005,36.3103
4494.283697000001,36.3103
4494.410726,88.657106
4494.537755,88.657106
4494.6647840000005,88.657106
4494.791813000001,88.657106
4494.918841000001,88.657106
4495.04587,88.657106
4495.172899,88.657106
4495.299928,36.179922
4495.426957000001,36.179922
4495.553986000001,36.179922
4495.681015,36.3103
4495.808044,36.3103
4495.935073000001,36.3103
4496.062102,36.3103
4496.189131,36.3103
4496.31616,36.3103
4496.4431890000005,36.3103
4496.570218000001,36.3103
4496.697247,36.3103
4496.824275000001,36.3103
4496.951304,36.3103
4497.078333,36.3103
4497.205362000001,36.3103
4497.332391,36.3103
4497.45942,36.3103
4497.586449,36.3103
4497.713478000001,36.3103
4497.840507000001,36.3103
4497.967536,36.3103
4498.094565,36.3103
4498.221594000001,36.3103
4498.348623,36.3103
4498.475652,36.3103
4498.602681,36.3103
4498.7297100000005,36.3103
4498.856738,36.245111
4498.983767000001,36.179922
4501.01623,36.245111
4501.143259,36.245111
4501.270288000001,36.245111
4501.397317000001,36.245111
4501.524346,36.245111
4501.651375,36.245111
4501.778404000001,36.245111
4501.905433,36.245111
4502.032462,36.245111
4502.159491,36.245111
4502.286520000001,36.245111
4502.413549000001,36.245111
4502.540578,36.245111
4502.667606,36.245111
4502.794635,36.245111
4502.921664,36.245111
4503.048693000001,36.114733
4503.175722,36.114733
4503.302751,36.114733
4503.42978,36.114733
4503.683838000001,36.049544
4503.810867,36.245111
4503.937896,36.245111
4504.064925000001,36.245111
4504.191954,36.245111
4504.318983,36.245111
4504.446012,36.245111
4504.57304,36.245111
4504.700069,36.245111
4504.827098000001,36.245111
4504.954127000001,36.245111
4505.081156,36.245111
4505.208185,36.245111
4505.335214000001,36.245111
4505.462243,36.245111
4505.589272,36.245111
4505.716301,36.245111
4505.843330000001,36.245111
4505.970359000001,36.245111
4506.097388,36.245111
4506.224417,36.245111
4506.605503000001,36.114733
4506.732532,36.114733
4506.859561,36.114733
4506.98659,36.114733
4507.113619000001,36.114733
4507.240648000001,36.114733
4507.367677,36.114733
4507.494706,36.114733
4507.621735000001,36.245111
4507.748764,36.245111
4507.875793,36.245111
4508.002822,36.245111
4508.129851000001,36.245111
4508.256880000001,36.245111
4508.383909,36.245111
4508.510937,36.245111
4508.637966,36.245111
4508.764995,36.245111
4508.892024000001,36.245111
4509.019053,36.245111
4509.146082,36.245111
4509.273111,36.245111
4509.400140000001,36.245111
4509.527169000001,36.245111
4509.654198,36.245111
4509.781227,36.245111
4509.908256000001,36.245111
4510.035285,36.245111
4510.162314,36.245111
4510.289343,36.245111
4510.416371,36.245111
4510.5434000000005,36.245111
4510.670429000001,36.245111
4510.797458,36.245111
4510.924487,36.114733
4511.051516,36.114733
4511.178545000001,36.114733
4511.305574,36.114733
4511.432603,36.114733
4511.559632,36.114733
4511.686661000001,36.114733
4511.813690000001,36.114733
4511.940719,37.027379
4512.067748,37.027379
4512.194777000001,37.027379
4512.3218050000005,37.027379
4512.448834000001,37.027379
4512.575863,37.027379
4512.702892,37.027379
4512.8299210000005,37.027379
4514.22724,38.200782
4514.354268,38.200782
4514.481297,38.200782
4514.6083260000005,38.200782
4514.735355000001,38.200782
4514.862384,38.200782
4514.989413,38.200782
4515.1164420000005,38.200782
4515.243471000001,38.200782
4515.3705,38.200782
4515.497529,38.200782
4515.624558,38.200782
4515.751587000001,38.200782
4515.878616,38.200782
4516.005645,38.200782
4516.132674,38.200782
4516.259702,38.200782
4516.3867310000005,38.200782
4516.513760000001,38.200782
4516.640789,38.200782
4516.767818,38.200782
4516.8948470000005,38.200782
4517.021876000001,38.200782
4517.148905,38.200782
4517.275934,38.33116
4517.402963,38.33116
4517.529992000001,38.33116
4517.657021,38.33116
4517.78405,38.33116
4517.911079,38.33116
4518.038108000001,38.33116
4518.1651360000005,38.33116
4518.292165000001,38.200782
4518.419194,38.200782
4518.546223,38.200782
4518.6732520000005,38.200782
4518.800281000001,38.200782
4518.92731,38.200782
4519.054339,38.200782
4519.1813680000005,38.200782
4519.308397000001,38.200782
4519.435426,38.200782
4519.562455,38.200782
4519.689484,38.200782
4519.816513000001,38.200782
4519.943542,38.200782
4520.07057,38.200782
4520.197599,38.200782
4520.324628,38.200782
4520.4516570000005,38.200782
4520.578686000001,38.200782
4520.705715,38.200782
4520.832744,38.200782
4520.9597730000005,38.200782
4521.086802000001,38.200782
4521.213831,38.200782
4521.34086,38.200782
4521.4678890000005,38.200782
4521.594918000001,38.200782
4521.721947,38.200782
4521.848976,38.070404
4521.976004,38.070404
4522.103033,37.288136
4522.2300620000005,37.288136
4522.357091000001,37.288136
4522.48412,37.288136
4522.611149,37.288136
4522.7381780000005,37.288136
4522.865207000001,37.288136
4522.992236,37.288136
4523.881439000001,37.418514
4524.008467000001,37.418514
4524.135496000001,37.418514
4524.262525,37.418514
4524.389554,37.418514
4524.5165830000005,37.418514
4524.643612000001,37.418514
4524.770641,37.418514
4524.89767,37.418514
4525.0246990000005,37.418514
4525.151728000001,37.418514
4525.278757,37.418514
4525.405786,37.548892
4525.5328150000005,37.548892
4525.659844000001,37.548892
4525.786873,37.548892
4525.913901,37.548892
4526.04093,37.548892
4526.167959,37.548892
4526.294988000001,37.548892
4526.422017000001,37.548892
4526.549046,37.548892
4526.676075,37.548892
4526.8031040000005,37.548892
4526.930133000001,37.548892
4527.057162,37.548892
4527.438249000001,37.418514
4527.565278,37.418514
4527.692307,37.418514
4527.819335,37.418514
4527.946364,37.418514
4528.073393000001,37.418514
4528.200422,37.418514
4528.327451,37.418514
4528.45448,37.418514
4528.581509000001,37.418514
4528.708538000001,37.418514
4528.835567,37.418514
4528.962596,37.418514
4529.0896250000005,37.418514
4529.216654000001,37.418514
4529.343683,37.418514
4529.470712,37.418514
4529.5977410000005,37.418514
4529.724769,37.418514
4529.851798000001,37.418514
4529.978827000001,37.418514
4530.105856,37.418514
4530.232885,37.418514
4530.359914000001,37.418514
4530.486943,37.418514
4530.613972,37.418514
4530.741001,36.636245
4530.8680300000005,36.636245
4530.995059000001,36.636245
4531.122088,36.636245
4531.249117,36.636245
4531.3761460000005,36.636245
4531.503175000001,37.027379
4531.630204,37.027379
4531.757232,37.027379
4531.884261,37.027379
4532.01129,37.027379
4532.138319000001,37.027379
4532.265348000001,37.027379
4532.392377,37.027379
4532.646435000001,37.027379
4532.773464,37.027379
4532.900493,37.027379
4533.027522,37.027379
4533.1545510000005,37.027379
4533.281580000001,37.027379
4533.408609,37.027379
4533.535638,37.027379
4533.662666,37.027379
4533.789695,37.027379
4533.916724000001,37.027379
4534.043753,37.027379
4534.170782,37.027379
4535.059985,36.245111
4535.187014,36.245111
4535.314043,36.245111
4535.4410720000005,36.245111
4535.5681,36.245111
4535.695129000001,36.245111
4535.822158000001,36.245111
4535.949187,36.245111
4536.076216,36.245111
4536.203245000001,36.245111
4536.330274,36.245111
4536.457303,36.245111
4536.584332,36.245111
4536.711361000001,36.245111
4536.838390000001,36.375489
4536.965419,36.375489
4537.092448,36.375489
4537.219477000001,36.375489
4537.346506,36.375489
4537.473534000001,36.375489
4537.600563,36.375489
4537.727592,36.375489
4537.854621,36.375489
4537.981650000001,36.375489
4538.108679000001,36.375489
4538.235708,36.3103
4538.362737,36.245111
4538.489766000001,36.245111
4538.616795,36.245111
4538.743824,36.245111
4538.870853,36.179922
4538.997882000001,36.179922
4539.124911000001,36.179922
4539.25194,36.179922
4539.378969,36.179922
4539.505997,36.179922
4539.633026,36.179922
4539.760055000001,36.179922
4539.887084,36.179922
4540.014113,36.179922
4540.141142,36.179922
4540.268171000001,36.179922
4540.395200000001,36.179922
4540.522229,36.179922
4540.649258,36.179922
4540.776287000001,36.179922
4540.903316,36.179922
4541.030345,36.179922
4541.411431,36.3103
4541.538460000001,36.3103
4541.665489,36.3103
4541.792518,36.3103
4541.919547,36.3103
4542.046576000001,36.3103
4542.173605,36.3103
4542.300634,36.3103
4542.427663,36.3103
4542.554692000001,36.3103
4542.681721000001,36.3103
4542.80875,36.3103
4542.935779,36.3103
4543.062808000001,36.3103
4543.189837,36.3103
4543.316865000001,36.3103
4543.443894,36.179922
4543.570923,36.179922
4543.697952,35.528031
4543.824981000001,35.528031
4543.952010000001,35.528031
4544.079039,35.528031
4544.206068,35.528031
4544.333097000001,35.528031
4544.460126,35.528031
4544.587155,35.528031
4544.714184,35.528031
4544.841213000001,35.528031
4544.968242000001,35.528031
4545.095271,35.528031
4545.222299,35.528031
4545.349328,35.528031
4545.4763570000005,35.528031
4545.603386000001,35.528031
4545.730415,35.528031
4545.857444,35.528031
4545.984473,35.528031
4546.111502000001,35.528031
4546.238531000001,35.528031
4546.36556,35.528031
4546.492589,35.528031
4546.619618000001,35.528031
4546.746647,35.528031
4546.873676,35.528031
4547.000705,35.528031
4547.127734000001,35.528031
4547.2547620000005,35.528031
4547.381791000001,35.528031
4547.50882,35.528031
4547.635849,35.528031
4547.7628780000005,35.528031
4547.889907000001,35.528031
4548.016936,35.528031
4548.143965,35.528031
4548.270994,35.528031
4548.398023000001,35.528031
4548.525052000001,35.528031
4548.652081,35.528031
4548.77911,35.658409
4548.906139000001,35.658409
4549.033168,35.658409
4549.160196000001,35.658409
4549.287225,35.658409
4549.414254,35.658409
4549.5412830000005,35.658409
4549.668312000001,35.658409
4549.795341,35.658409
4549.92237,35.658409
4550.049399,35.528031
4550.176428000001,35.528031
4550.303457,35.528031
4550.430486,35.528031
4550.557515,35.528031
4550.684544000001,35.528031
4550.811573000001,35.528031
4550.938602,35.528031
4551.06563,36.3103
4551.192659,36.3103
4551.3196880000005,36.3103
4551.446717000001,36.3103
4551.573746,36.3103
4551.700775,36.3103
4551.8278040000005,36.3103
4551.954833000001,36.3103
4552.081862,36.3103
4552.208891,36.3103
4552.33592,36.3103
4552.462949000001,36.3103
4552.589978,36.3103
4552.717007,36.3103
4553.0980930000005,35.528031
4553.225122000001,35.528031
4553.352151,35.528031
4553.47918,35.528031
4553.6062090000005,35.528031
4553.733238000001,35.528031
4553.860267,35.528031
4553.987296,35.528031
4554.1143250000005,35.528031
4554.241354000001,35.528031
4554.368383,35.528031
4554.495412,35.528031
4554.622441,35.528031
4554.749470000001,35.528031
4554.876499,35.528031
4555.003527000001,35.528031
4555.130556,35.528031
4555.257585,35.528031
4555.3846140000005,35.528031
4555.511643000001,35.528031
4555.638672,35.528031
4555.765701,35.528031
4555.8927300000005,35.528031
4556.019759000001,35.528031
4556.146788,35.528031
4556.273817,35.528031
4556.4008460000005,35.528031
4556.527875000001,35.528031
4556.654904,35.528031
4556.781933,35.528031
4556.908961,35.528031
4557.03599,35.528031
4557.1630190000005,35.658409
4557.290048000001,35.658409
4557.417077,35.658409
4557.544106,35.658409
4557.6711350000005,35.658409
4557.798164000001,35.658409
4557.925193,35.658409
4558.052222,35.658409
4558.1792510000005,35.658409
4558.306280000001,35.658409
4558.433309,35.658409
4558.560338,35.658409
4558.687367,35.658409
4558.814395,35.658409
4558.941424000001,35.658409
4559.068453,35.658409
4559.195482,35.658409
4559.322511,35.658409
4559.4495400000005,35.658409
4559.576569000001,35.658409
4559.703598,35.658409
4559.830627,35.658409
4559.9576560000005,35.658409
4560.084685000001,35.658409
4560.211714,35.658409
4560.338743,35.658409
4560.4657720000005,35.658409
4560.592801000001,35.658409
4560.719829000001,35.658409
4560.846858000001,35.658409
4560.973887,35.658409
4561.100916,35.658409
4561.227945000001,35.528031
4561.354974000001,35.528031
4561.482003,35.528031
4561.609032,35.528031
4561.7360610000005,35.528031
4561.863090000001,35.528031
4561.990119,35.658409
4562.117148,35.658409
4562.2441770000005,35.658409
4562.371206000001,35.658409
4562.498235,35.658409
4562.625263,35.658409
4562.752292,35.658409
4562.879321,35.658409
4563.006350000001,35.528031
4563.133379000001,35.528031
4563.260408,35.528031
4563.387437,35.528031
4563.5144660000005,35.528031
4563.641495000001,35.528031
4563.768524,35.528031
4563.895553,35.528031
4564.0225820000005,35.528031
4564.149611000001,35.528031
4564.27664,35.528031
4564.403669,35.528031
4564.5306980000005,35.528031
4564.657726,35.528031
4564.784755000001,35.528031
4564.911784,35.528031
4565.038813,35.528031
4565.165842,35.528031
4565.292871000001,35.658409
4565.419900000001,35.658409
4565.546929,35.658409
4565.673958,35.658409
4565.8009870000005,35.658409
4565.928016000001,35.658409
4566.055045,35.658409
4566.182074,35.658409
4566.3091030000005,35.658409
4566.436132000001,35.658409
4566.563160000001,35.658409
4566.690189000001,35.658409
4566.817218,35.658409
4566.944247,35.658409
4567.071276000001,35.658409
4567.198305,35.658409
4567.325334,35.658409
4567.452363,35.658409
4569.103739,35.528031
4569.230768,35.528031
4569.357797000001,35.528031
4569.484826,35.528031
4569.611855,35.528031
4569.738884,35.528031
4569.865913000001,35.528031
4569.992942000001,35.528031
4574.565983,38.135593
4574.693012000001,38.33116
4574.820041000001,38.396349
4574.94707,38.396349
4575.074099,38.396349
4575.201128000001,38.396349
4575.328157,38.396349
4575.455186,38.396349
4575.582215,38.396349
4575.709244000001,38.396349
4575.836273000001,38.396349
4579.774170000001,39.308996
4579.901199,39.308996
4580.028228,39.308996
4580.155256,39.308996
4580.282285,39.308996
4580.409314,39.308996
4580.536343000001,39.308996
4580.663372,39.308996
4580.790401,39.308996
4580.91743,39.308996
4581.044459000001,39.308996
4581.171488,39.308996
4583.076922,42.503259
4583.203951,42.503259
4583.330980000001,42.503259
4583.458009,42.503259
4583.585038,42.503259
4583.712067,42.503259
4583.839096000001,42.503259
4583.9661240000005,42.503259
4584.093153000001,42.503259
4584.220182,42.503259
4584.347211,42.503259
4584.4742400000005,42.503259
4584.601269000001,42.503259
4584.728298,42.503259
4584.855327,41.78618
4584.982356,41.78618
4585.109385000001,41.78618
4585.236414000001,41.78618
4585.363443,41.78618
4589.936484000001,38.591917
4590.063513,38.591917
4590.190542,38.591917
4590.3175710000005,38.591917
4590.444600000001,38.591917
4590.571629,38.591917
4590.698658,38.722295
4590.8256870000005,38.722295
4590.952716000001,38.722295
4591.079745,38.722295
4591.206774,38.722295
4591.333803,38.722295
4591.460832000001,38.722295
4591.587861,38.722295
4591.714889000001,38.722295
4591.841918,38.722295
4593.747352,36.375489
4593.8743810000005,36.375489
4594.001410000001,36.375489
4594.128439,36.375489
4594.255468,36.375489
4594.3824970000005,36.375489
4594.509526000001,36.375489
4594.636555,36.375489
4594.763584,36.245111
4594.8906130000005,36.245111
4595.017642000001,36.245111
4595.144671,36.245111
4595.2717,36.245111
4595.3987290000005,36.245111
4595.525757,36.245111
4595.652786000001,36.245111
4598.320394,34.419817
4598.4474230000005,34.419817
4598.574452000001,34.419817
4598.701481,34.419817
4598.82851,34.419817
4598.9555390000005,34.419817
4599.082568000001,34.419817
4599.209597,34.419817
4599.336626,34.419817
4599.463654,34.419817
4599.590683,34.419817
4599.717712000001,34.419817
4599.844741000001,34.419817
4599.97177,34.419817
4600.098799,34.419817
4600.225828000001,34.419817
4600.352857000001,33.637549
4600.479886,33.637549
4600.606915,33.637549
4600.7339440000005,33.637549
4600.860973000001,33.637549
4600.988002,33.637549
4601.115031,33.637549
4601.2420600000005,33.637549
4601.369088,33.637549
4601.496117000001,33.637549
4608.736767,39.308996
4608.863796000001,39.308996
4608.990825000001,39.308996
4609.117853000001,39.308996
4609.244882000001,39.308996
4609.371911,39.308996
4609.49894,39.308996
4609.625969000001,39.308996
4609.752998,39.308996
4609.880027,39.308996
4617.88285,39.308996
4618.009879,39.308996
4618.136908,39.308996
4618.263937000001,39.308996
4618.390966000001,39.308996
4618.517995,39.308996
4618.645024,39.308996
4618.772052,39.308996
4618.8990810000005,39.308996
4619.026110000001,39.308996
4619.153139,39.308996
4619.280168,39.308996
4619.407197,39.308996
4619.534226000001,39.308996
4619.661255,39.308996
4619.788284,39.308996
4619.915313,39.308996
4620.042342000001,39.308996
4620.169371,39.308996
4620.2964,39.308996
4620.423429,39.308996
4620.550458000001,39.308996
4620.677487000001,39.308996
4620.804515000001,39.308996
4620.931544,39.308996
4621.058573,39.308996
4621.1856020000005,39.308996
4621.312631000001,39.308996
4621.43966,39.308996
4621.566689,39.308996
4621.693718,39.308996
4621.820747000001,39.308996
4622.201834,39.308996
4622.328863000001,39.308996
4622.455892,39.308996
4622.582921,39.308996
4622.709949,39.308996
4622.836978,39.308996
4622.9640070000005,39.308996
4623.091036000001,39.308996
4623.218065,39.308996
4623.345094,39.308996
4623.4721230000005,39.308996
4623.599152000001,39.308996
4624.488355,39.113429
4624.615383,39.113429
4624.7424120000005,39.113429
4624.869441000001,39.113429
4624.99647,39.113429
4625.123499,39.113429
4625.2505280000005,39.113429
4625.377557000001,38.983051
4625.504586,38.983051
4625.631615,38.852673
4625.7586440000005,38.852673
4625.885673000001,38.722295
4626.012702,38.722295
4626.139731,38.657106
4626.26676,38.657106
4626.393789000001,38.657106
4626.5208170000005,38.657106
4626.647846000001,38.657106
4626.774875,38.657106
4626.901904,38.657106
4627.0289330000005,38.657106
4627.155962000001,38.657106
4627.282991,38.657106
4627.41002,38.657106
4627.5370490000005,38.657106
4627.664078000001,38.657106
4627.791107,38.657106
4627.918136,38.657106
4628.045165,38.657106
4628.172194000001,38.657106
4628.299223,38.657106
4628.426251000001,38.657106
4628.55328,38.657106
4628.680309,38.657106
4628.8073380000005,38.657106
4628.934367000001,38.657106
4629.061396,38.657106
4629.188425,38.657106
4629.3154540000005,38.657106
4629.442483000001,38.657106
4629.569512,38.657106
4629.696541,38.657106
4629.8235700000005,38.657106
4629.950599000001,38.657106
4630.077628,38.657106
4630.204657,38.657106
4630.331686,38.657106
4630.458714,38.657106
4633.634438,36.3103
4633.761467,36.3103
4633.8884960000005,36.3103
4634.015525000001,36.3103
4634.142554,36.3103
4634.269582000001,36.3103
4634.396611,36.3103
4634.52364,36.3103
4634.650669000001,36.3103
4634.777698,36.3103
4634.904727,36.3103
4635.031756,36.3103
4635.1587850000005,36.3103
4635.285814000001,36.3103
4635.6669010000005,36.3103
4635.793930000001,36.3103
4635.920959,36.3103
4636.047988,36.3103
4636.175016,36.3103
4636.302045,36.3103
4636.429074000001,36.3103
4636.556103000001,36.3103
4636.683132,36.3103
4636.810161,36.3103
4636.937190000001,36.3103
4637.064219,36.3103
4637.191248,36.3103
4637.318277,36.3103
4637.4453060000005,36.3103
4637.572335000001,36.3103
4637.699364,36.3103
4637.826393,36.3103
4637.9534220000005,36.3103
4638.080451000001,36.3103
4638.207479000001,36.3103
4638.334508,36.3103
4638.461537,36.3103
4638.588566,36.3103
4638.715595000001,36.3103
4638.842624000001,36.3103
4638.969653,36.3103
4639.096682,36.3103
4639.223711000001,36.3103
4639.35074,36.3103
4639.477769,36.3103
4639.604798,36.3103
4639.7318270000005,36.3103
4639.858856000001,36.3103
4639.985885,36.3103
4640.112913000001,36.3103
4640.239942,36.3103
4640.366971,36.3103
4640.494000000001,36.3103
4640.621029,36.3103
4640.748058,36.3103
4640.875087,36.3103
4641.002116000001,36.3103
4641.129145000001,36.3103
4641.256174,36.179922
4641.383203,36.179922
4641.5102320000005,35.528031
4641.637261000001,35.528031
4641.76429,35.528031
4641.891319,35.528031
4642.018347,35.528031
4642.145376,35.528031
4642.272405000001,35.528031
4642.399434000001,35.528031
4642.526463,35.528031
4642.653492,35.528031
4648.115736000001,26.662321
4648.242765000001,26.662321
4648.369794,26.662321
4648.496823,26.662321
4648.623852000001,26.662321
4648.750881,26.662321
4648.87791,26.662321
4649.004939,26.662321
4649.131968000001,26.01043
4649.258997000001,26.01043
4650.275228,14.928292
4650.402257000001,14.928292
4650.529286000001,14.928292
4650.656315,14.928292
4650.783344,14.928292
4650.910373000001,14.928292
4651.037402,14.928292
4651.164431,14.928292
4652.053633,11.929596
4652.180662000001,11.929596
4652.307691,11.929596
4652.43472,11.929596
4652.561749,11.929596
4652.688778000001,11.929596
4652.815807000001,11.929596
4652.942836,11.929596
4658.151022,11.538462
4658.278051,11.538462
4658.40508,11.538462
4658.532109000001,11.538462
4658.659138,11.538462
4658.786167,11.538462
4658.913196,11.538462
4659.040225000001,11.538462
4659.167254,11.538462
4659.294283,11.538462
4659.421311,11.538462
4659.54834,11.538462
4659.6753690000005,11.538462
4659.802398000001,11.538462
4659.929427,11.603651
4660.056456,11.603651
4660.1834850000005,11.603651
4660.310514000001,11.603651
4660.437543,11.603651
4660.564572,11.603651
4660.691601,11.603651
4660.818630000001,11.603651
4660.945659,11.603651
4661.072688,11.603651
4661.199717,11.603651
4661.326746000001,11.603651
4661.4537740000005,11.603651
4661.580803000001,11.603651
4661.707832,11.603651
4661.834861,11.603651
4661.9618900000005,11.603651
4662.088919000001,11.603651
4662.215948,11.603651
4662.342977,11.603651
4662.4700060000005,11.603651
4662.597035000001,11.603651
4662.978122,11.603651
4663.105151000001,11.603651
4663.232180000001,11.603651
4663.359208000001,11.603651
4663.486237,11.603651
4663.613266,11.603651
4663.7402950000005,11.603651
4663.867324000001,11.603651
4663.994353,11.603651
4664.121382,11.603651
4664.2484110000005,11.603651
4664.375440000001,11.603651
4664.502469,11.603651
4664.629498,11.603651
4664.7565270000005,11.603651
4664.883556000001,11.603651
4665.010585,11.603651
4665.137614,11.603651
4665.264642,11.603651
4665.391671,11.603651
4666.661961000001,39.308996
4666.78899,56.323338
4666.916019,99.478488
4667.043048,99.478488
4667.170076,99.478488
4667.297105000001,99.478488
4667.424134000001,99.478488
4667.551163,99.478488
4667.678192,99.478488
4667.8052210000005,99.478488
4670.3458,11.603651
4670.472829,11.603651
4670.5998580000005,11.603651
4670.726887000001,11.603651
4670.853916,11.603651
4670.980945,11.603651
4671.107973,11.603651
4671.235002,11.603651
4671.362031000001,11.603651
4671.48906,11.603651
4671.616089,11.603651
4671.743118,11.603651
4671.8701470000005,11.603651
4671.997176000001,11.603651
4672.124205,11.603651
4672.251234,11.603651
4672.3782630000005,11.603651
4672.505292000001,11.603651
4672.632321,11.603651
4672.75935,11.603651
4672.8863790000005,11.603651
4673.013407,11.603651
4673.140436000001,11.212516
4673.267465000001,11.212516
4673.394494,10.95176
4673.521523,10.95176
4673.648552000001,10.95176
4673.775581,10.95176
4673.90261,10.95176
4674.029639,10.95176
4674.1566680000005,10.821382
4674.283697000001,10.821382
4674.410726,10.821382
4674.537755,10.821382
4674.6647840000005,10.821382
4674.791813000001,10.821382
4674.918841000001,10.821382
4675.04587,10.821382
4675.172899,10.821382
4675.299928,10.821382
4675.426957000001,10.821382
4675.553986000001,10.821382
4675.681015,10.821382
4675.808044,10.821382
4675.935073000001,10.821382
4676.062102,10.821382
4676.951305,11.523438
4677.0783329999995,11.588542
4677.205362,11.588542
4677.332391,11.588542
4677.45942,11.588542
4677.586448999999,11.588542
4677.713478,11.588542
4677.840507,11.588542
4677.967536,11.588542
4678.094564999999,11.588542
4678.221594,11.588542
4678.348623,11.588542
4678.475652,11.588542
4678.602681,11.588542
4678.72971,11.653646
4678.856739,11.71875
4678.983767,11.71875
4679.110796,11.71875
4679.237825,11.71875
4679.3648539999995,11.71875
4679.491883,11.71875
4679.618912,11.71875
4679.745941,11.71875
4679.872969999999,11.71875
4679.999999,11.71875
4680.127028,11.71875
4680.254057,11.653646
4680.381085999999,11.588542
4680.508115,11.653646
4680.635144,11.71875
4680.762173,11.71875
4680.889202,11.71875
4681.01623,11.71875
4681.1432589999995,11.71875
4681.270288,11.71875
4681.397317,11.71875
4681.524346,11.71875
4682.540578,11.71875
4682.667607,11.71875
4682.794636,11.71875
4682.9216639999995,11.71875
4683.048693,11.71875
4683.175722,11.71875
4683.302751,11.71875
4683.4297799999995,11.71875
4683.556809,11.71875
4683.683838,11.71875
4683.810867,11.71875
4683.9378959999995,11.588542
4684.064925,11.523438
4693.211008,25.130208
4693.3380369999995,25.130208
4693.465066,25.130208
4693.592095,25.130208
4693.719124,25.130208
4693.8461529999995,25.130208
4693.973182,25.130208
4694.100211,25.0
4694.22724,25.0
4694.862384,20.898438
4694.989413,20.898438
4695.116442,20.898438
4695.243471,20.898438
4695.3705,20.898438
4695.497529,20.898438
4695.6245579999995,20.898438
4695.751587,20.898438
4695.878616,20.898438
4696.005645,20.898438
4696.1326739999995,19.466146
4696.259703,19.466146
4696.386731,19.335938
4696.51376,19.335938
4696.894847,16.210938
4697.021876,16.210938
4697.148905,16.210938
4697.275934,16.210938
4697.4029629999995,16.210938
4697.529992,16.210938
4697.657021,16.210938
4697.78405,16.210938
4697.9110789999995,14.648438
4698.038108,14.648438
4698.165137,14.648438
4698.292166,14.648438
4698.419194,14.388021
4698.546223,14.388021
4698.673252,14.257812
4698.800281,14.257812
4698.92731,13.997396
4699.054339,13.997396
4699.181368,13.216146
4699.308397,13.216146
4699.435426,13.216146
4699.562455,13.216146
4699.6894839999995,13.216146
4699.816513,13.216146
4700.705715,15.429688
4700.832744,15.429688
4700.959773,15.429688
4701.086802,15.429688
4701.213831,15.429688
4701.34086,15.429688
4701.467889,15.429688
4701.594918,15.429688
4702.230062,16.992188
4702.357091,16.992188
4702.48412,16.992188
4702.611149,16.992188
4702.738178,16.992188
4702.865207,16.992188
4702.992236,16.992188
4703.119265,16.992188
4703.246294,16.341146
4703.373323,16.341146
4703.500352,16.341146
4703.627381,16.341146
4703.75441,16.080729
4703.881439,16.080729
4704.008468,16.080729
4704.135496,16.080729
4704.262525,15.950521
4704.389554,15.950521
4704.516583,15.950521
4704.643612,15.950521
4704.770641,15.950521
4704.89767,15.950521
4705.024699,15.950521
4705.151728,15.950521
4705.278757,15.950521
4705.405786,15.950521
4705.532815,15.950521
4705.659844,15.950521
4705.786873,15.950521
4705.913902,15.950521
4706.040931,15.950521
4706.167958999999,15.950521
4706.294988,15.950521
4706.422017,15.950521
4707.31122,14.388021
4707.438249,14.388021
4707.565278,14.388021
4707.692307,14.388021
4707.819336,14.388021
4707.946365,14.388021
4708.073393,14.388021
4708.200422,14.388021
4708.327451,13.997396
4708.454479999999,13.997396
4708.581509,13.736979
4708.708538,13.736979
4708.835567,12.825521
4708.962596,12.825521
4709.089625,12.825521
4709.216654,12.825521
4709.343683,12.825521
4709.470712,12.825521
4709.597741,12.825521
4709.72477,13.736979
4709.851799,13.736979
4709.978827,13.736979
4710.105856,13.736979
4710.232884999999,14.648438
4710.359914,14.648438
4710.486943,14.648438
4710.613972,14.648438
4710.741001,14.648438
4710.86803,14.648438
4710.995059,14.648438
4711.503175,17.773438
4711.630204,17.773438
4711.757233,17.773438
4711.884261,17.773438
4712.0112899999995,17.773438
4712.138319,17.773438
4712.265348,17.773438
4712.392377,17.773438
4712.519405999999,17.773438
4712.646435,17.122396
4712.773464,17.122396
4712.900493,17.122396
4713.027522,17.057292
4713.154551,17.057292
4713.28158,17.057292
4713.408609,17.057292
4713.535638,17.057292
4713.662667,17.057292
4713.789696,17.057292
4713.916724,17.057292
4714.043753,17.057292
4714.170782,17.057292
4714.2978109999995,17.057292
4714.42484,17.057292
4714.551869,17.057292
4714.678898,17.057292
4714.805926999999,17.057292
4714.932956,17.057292
4715.059985,17.057292
4715.187014,17.057292
4715.314043,17.057292
4716.965419,15.885417
4717.092447999999,15.885417
4717.219477,15.885417
4717.346506,98.046875
4717.473535,98.046875
4717.600564,98.046875
4717.727592,98.046875
4717.8546209999995,98.046875
4717.98165,98.046875
4718.108679,98.046875
4718.235708,19.401042
4718.3627369999995,15.885417
4718.489766,16.015625
4718.616795,16.015625
4718.743824,16.015625
4718.870852999999,16.015625
4718.997882,16.015625
4719.124911,16.015625
4719.25194,16.015625
4719.378968999999,16.015625
4719.505998,16.015625
4719.6330259999995,16.015625
4719.760055,16.015625
4719.887084,16.015625
4720.014113,16.536458
4720.1411419999995,16.536458
4720.268171,16.666667
4720.3952,16.666667
4720.522229,16.796875
4720.6492579999995,16.796875
4720.776287,16.927083
4720.903316,16.927083
4721.030345,17.317708
4721.157373999999,17.317708
4721.284403,17.578125
4721.411432,17.578125
4721.538461,17.838542
4721.665489,17.838542
4721.792518,17.838542
4721.9195469999995,17.838542
4722.046576,17.838542
4722.173605,17.838542
4722.300634,17.838542
4722.4276629999995,17.838542
4722.554692,17.838542
4722.681721,17.838542
4722.80875,17.838542
4723.316866,17.838542
4723.443894999999,17.838542
4723.570923,17.838542
4723.6979519999995,17.838542
4723.824981,17.838542
4723.95201,17.838542
4724.079039,17.838542
4724.2060679999995,17.838542
4724.333097,17.838542
4724.460126,17.838542
4724.587155,17.838542
4724.7141839999995,17.838542
4724.841213,17.838542
4729.033168,20.833333
4729.160197,20.833333
4729.2872259999995,20.833333
4729.414254,20.833333
4729.541283,20.833333
4729.668312,20.833333
4729.795341,20.833333
4729.92237,20.833333
4731.0656309999995,22.916667
4731.19266,22.916667
4731.319688,22.916667
4731.446717,22.916667
4731.573746,22.916667
4731.700775,22.916667
4731.827804,22.916667
4731.954833,22.916667
4732.081862,22.916667
4732.208891,22.916667
4732.3359199999995,22.916667
4732.462949,22.916667
4732.8440359999995,24.088542
4732.971065,24.088542
4733.098094,24.088542
4733.225122,24.088542
4733.352151,24.088542
4733.47918,24.088542
4733.606209,24.869792
4733.733238,24.869792
4733.860267,24.869792
4733.987296,24.869792
4734.114325,24.869792
4734.241354,24.869792
4734.368383,24.869792
4734.495412,24.869792
4734.876499,25.911458
4735.003528,25.911458
4735.130556,25.911458
4735.257585,25.911458
4735.384614,25.911458
4735.511643,25.911458
4735.638672,25.911458
4735.765701,25.911458
4735.89273,25.911458
4736.019759,25.911458
4736.146788,25.911458
4736.273817,25.911458
4740.084685,30.859375
4740.211714,30.924479
4740.338743,30.989583
4740.465772,30.989583
4740.592801,30.989583
4740.71983,30.989583
4740.846859,30.989583
4740.973887,30.989583
4741.100915999999,30.989583
4741.227945,30.859375
4741.354974,30.859375
4741.482003,30.859375
4741.609032,30.859375
4741.736061,30.859375
4741.86309,30.859375
4742.498235,32.096354
4742.625264,32.161458
4742.752293,32.161458
4742.879320999999,32.161458
4743.00635,32.161458
4743.133379,32.161458
4743.260408,32.161458
4743.387436999999,32.161458
4743.514466,32.161458
4743.641495,32.161458
4743.768524,32.161458
4743.895553,32.942708
4744.022582,33.138021
4744.149611,33.203125
4744.27664,33.268229
4744.403669,33.268229
4744.530698,33.268229
4744.657727,33.268229
4744.784755,33.919271
4744.911784,33.984375
4745.038813,33.984375
4745.165841999999,33.984375
4745.292871,33.984375
4745.4199,33.984375
4745.546929,33.984375
4745.673958,33.984375
4745.800987,33.984375
4745.928016,33.984375
4746.055045,33.984375
4746.182074,33.984375
4746.309103,33.984375
4746.436132,33.984375
4746.563161,33.984375
4746.944246999999,35.15625
4747.071276,35.15625
4747.198305,35.221354
4747.325334,35.221354
4747.452362999999,35.221354
4747.579392,35.221354
4747.706421,35.221354
4747.83345,35.221354
4747.960479,35.221354
4748.087508,35.221354
4748.214537,35.221354
4748.341566,35.221354
4748.468595,35.221354
4748.595624,35.221354
4748.7226519999995,35.221354
4748.849681,35.221354
4748.97671,35.221354
4749.103739,35.221354
4749.230767999999,35.221354
4749.357797,35.221354
4749.738884,36.393229
4749.865913,36.393229
4749.992942,36.393229
4750.119971,36.393229
4750.247,36.393229
4750.374029,36.393229
4750.501058,36.393229
4750.628086,36.393229
4750.755115,36.393229
4750.882144,36.393229
4751.0091729999995,36.393229
4751.136202,36.393229
4751.263231,36.393229
4751.39026,36.393229
4751.517288999999,36.263021
4751.644318,36.328125
4751.771347,36.393229
4751.898376,36.393229
4752.025405,36.393229
4752.152434,36.393229
4752.279463,36.393229
4752.406492,36.393229
4752.53352,36.393229
4752.660549,36.393229
4752.7875779999995,36.393229
4752.914607,36.393229
4753.041636,36.393229
4753.168665,36.393229
4753.2956939999995,36.393229
4753.422723,36.393229
4753.549752,36.393229
4753.676781,36.393229
4753.803809999999,36.393229
4753.930839,36.393229
4754.057868,36.393229
4754.184897,36.393229
4754.311926,36.393229
4754.438955,36.393229
4754.5659829999995,36.393229
4754.693012,36.393229
4754.820041,36.393229
4754.94707,36.393229
4755.0740989999995,36.393229
4755.201128,36.393229
4755.328157,36.393229
4755.455186,36.393229
4755.582214999999,36.263021
4755.709244,36.263021
4755.836273,36.263021
4755.963302,36.263021
4756.090330999999,36.263021
4756.21736,36.263021
4756.344389,36.263021
4756.471417,36.263021
4758.376851,36.393229
4758.50388,36.393229
4758.6309089999995,36.393229
4758.757938,36.393229
4758.884967,36.393229
4759.011996,36.393229
4759.1390249999995,36.393229
4759.266054,36.393229
4759.393083,36.393229
4759.520112,36.393229
4759.6471409999995,36.393229
4759.77417,36.393229
4759.901199,36.393229
4760.028228,36.393229
4760.155256999999,36.393229
4760.282285,36.393229
4760.4093139999995,36.393229
4760.536343,36.393229
4760.663372,35.611979
4760.790401,35.611979
4760.9174299999995,35.611979
4761.044459,35.611979
4761.171488,35.611979
4761.298517,35.611979
4761.4255459999995,35.611979
4761.552575,35.611979
4761.679604,35.611979
4761.806633,35.611979
4763.2039509999995,34.309896
4763.33098,34.309896
4763.458009,34.309896
4763.585038,34.309896
4763.7120669999995,34.309896
4763.839096,34.309896
4763.966125,34.309896
4764.093154,34.309896
4764.220182,33.398438
4764.347211,33.398438
4764.47424,33.398438
4764.601269,33.398438
4764.728298,33.398438
4764.855327,33.398438
4764.9823559999995,33.398438
4765.109385,33.398438
4765.236414,33.398438
4765.363443,33.398438
4765.4904719999995,33.398438
4765.617501,33.398438
4765.74453,33.398438
4765.871559,33.398438
4765.9985879999995,33.398438
4766.125616,33.398438
4766.252645,33.398438
4766.379674,33.398438
4766.506703,33.398438
4766.633732,33.398438
4766.760761,33.007812
4766.88779,32.942708
4767.014819,32.617188
4767.141848,32.552083
4767.2688769999995,31.835938
4767.395906,31.835938
4767.522935,31.835938
4767.649964,31.835938
4767.7769929999995,31.835938
4767.904022,31.770833
4768.03105,31.445312
4768.158079,31.445312
4768.285108,31.445312
4768.412137,31.445312
4768.539166,31.445312
4768.666195,31.380208
4768.793224,31.380208
4768.920253,31.380208
4769.0472819999995,31.380208
4769.174311,31.380208
4769.30134,31.25
4769.428369,31.25
4771.3338029999995,28.125
4771.460832,28.125
4771.587861,28.125
4771.71489,28.125
4771.8419189999995,28.125
4771.968947,28.125
4772.095976,28.125
4772.223005,28.125
4772.350034,27.213542
4772.477063,27.213542
4772.604092,27.213542
4772.731121,27.213542
4772.85815,27.213542
4772.985179,27.213542
4773.112208,27.083333
4773.239237,27.083333
4773.366266,25.520833
4773.493295,25.520833
4773.6203239999995,25.520833
4773.747353,75.520833
4773.874381,75.520833
4774.00141,75.520833
4774.128439,75.520833
4774.255468,75.520833
4774.382497,75.520833
4774.509526,75.520833
4776.287931,22.005208
4776.41496,22.005208
4776.541989,22.005208
4776.669018,22.005208
4776.796047,22.005208
4776.923076,22.005208
4777.050105,22.005208
4777.177134,21.419271
4777.304163,21.419271
4777.431192,21.158854
4777.558221,21.158854
4777.685249,20.963542
4777.812277999999,20.898438
4777.939307,20.507812
4778.066336,20.507812
4778.193365,20.247396
4778.320394,20.247396
4778.447423,20.182292
4778.574452,20.182292
4778.701481,20.182292
4778.82851,20.182292
4778.955539,20.182292
4779.082568,20.182292
4779.209597,20.182292
4779.336626,20.117188
4779.463655,19.921875
4779.590684,19.856771
4779.717712,19.53125
4779.844741,19.53125
4779.97177,19.53125
4780.098798999999,19.466146
4780.225828,19.401042
4780.352857,19.401042
4780.479886,19.401042
4780.606915,19.335938
4780.733944,18.294271
4780.860973,18.294271
4780.988002,18.294271
4781.115031,18.294271
4781.24206,18.033854
4781.369089,18.033854
4807.028933,11.653646
4807.155962,11.653646
4807.282991,11.653646
4807.41002,11.653646
4807.537049,11.653646
4807.664078,11.653646
4807.791107,11.653646
4816.556103,13.541667
4816.683132,13.541667
4816.810160999999,13.671875
4816.93719,13.671875
4817.064219,13.671875
4817.191248,13.671875
4817.318277,13.671875
4817.445306,13.671875
4817.572335,13.671875
4817.699364,13.671875
4817.826393,13.671875
4817.953422,13.671875
4818.080451,13.671875
4818.20748,13.671875
4818.334508,13.541667
4818.461537,13.541667
4818.588565999999,13.020833
4818.715595,13.020833
4818.842624,12.890625
4818.969653,12.890625
4819.096681999999,12.890625
4819.223711,12.890625
4819.35074,12.890625
4819.477769,12.890625
4819.858856,11.71875
4819.985885,11.71875
4820.112914,11.71875
4820.239943,11.71875
4820.3669709999995,11.71875
4820.494,11.71875
4820.621029,11.71875
4820.748058,11.71875
4820.875086999999,11.71875
4821.002116,11.71875
4825.956245,16.276042
4826.083273,16.276042
4826.2103019999995,16.666667
4826.337331,16.666667
4826.46436,16.666667
4826.591389,16.666667
4826.7184179999995,16.666667
4826.845447,16.666667
4826.972476,16.666667
4827.099505,16.666667
4827.226533999999,16.666667
4827.353563,16.666667
4827.480592,16.666667
4827.607621,16.666667
4827.73465,16.666667
4827.861679,16.666667
4828.242765,20.703125
4828.369794,20.703125
4828.4968229999995,20.703125
4828.623852,20.703125
4828.750881,20.703125
4828.87791,20.703125
4829.0049389999995,20.703125
4829.131968,19.661458
4829.513054999999,28.320312
4829.640084,28.320312
4829.767113,28.320312
4829.894142,28.320312
4830.02117,28.320312
4830.148199,28.320312
4830.2752279999995,28.320312
4830.656315,33.333333
4830.7833439999995,33.333333
4830.910373,38.020833
4831.037402,38.020833
4831.164431,38.020833
4831.2914599999995,38.020833
4831.418489,38.020833
4831.545518,38.020833
4831.672547,38.020833
4831.799575999999,38.020833
4831.926604,39.583333
4832.0536329999995,39.583333
4832.180662,39.583333
4832.307691,39.583333
4832.43472,39.583333
4832.5617489999995,39.583333
4832.688778,39.583333
4832.815807,39.583333
4832.942836,39.583333
4833.0698649999995,39.583333
4833.196894,39.192708
4833.323923,39.192708
4833.450952,38.411458
4833.577980999999,38.411458
4833.70501,35.15625
4833.832038,35.15625
4833.959067,35.15625
4834.086096,35.15625
4834.213125,35.15625
4834.3401539999995,35.15625
4834.467183,34.375
4834.594212,34.375
4836.118559,27.473958
4836.245588,27.473958
4836.372617,27.473958
4836.499646,27.473958
4836.6266749999995,27.473958
4836.753704,27.473958
4836.880733,27.473958
4837.007762,26.497396
4837.1347909999995,26.497396
4837.26182,25.325521
4837.388849,25.325521
4837.896964,25.976562
4838.023993,25.976562
4838.151022,26.627604
4838.278051,26.627604
4838.4050799999995,26.757812
4838.532109,28.320312
4838.659138,28.320312
4838.786167,28.320312
4838.9131959999995,28.320312
4839.040225,28.320312
4839.167254,28.320312
4839.294283,28.320312
4839.4213119999995,28.320312
4839.548341,28.320312
4839.675369,28.320312
4839.802398,26.888021
4839.929427,26.888021
4840.056456,26.757812
4840.183485,26.757812
4840.310514,26.497396
4840.437543,26.497396
4840.564572,26.236979
4840.6916009999995,26.236979
4840.81863,22.721354
4840.945659,20.898438
4841.072688,20.898438
4841.1997169999995,19.335938
4841.326746,19.335938
4841.453775,19.335938
4841.580803,19.335938
4841.707832,19.335938
4841.834861,19.335938
4841.96189,18.294271
4842.088919,18.294271
4842.215948,18.294271
4842.342977,18.294271
4842.470006,18.033854
4842.597035,18.033854
4842.724064,18.033854
4842.851093,18.033854
4842.9781219999995,17.903646
4843.105151,17.903646
4843.23218,17.903646
4843.359209,17.903646
4843.486237,18.033854
4843.613266,18.033854
4843.740295,18.033854
4843.867324,18.033854
4843.994353,18.033854
4844.121382,18.033854
4844.248411,18.033854
4844.37544,18.033854
4844.502469,18.033854
4844.629498,18.033854
4844.756527,17.643229
4844.883556,17.643229
4845.010585,17.382812
4845.137614,17.382812
4845.2646429999995,17.252604
4845.391672,17.252604
4845.5187,17.252604
4845.645729,17.252604
4845.772758,17.252604
4845.899787,17.252604
4846.026816,17.252604
4846.153845,17.252604
4846.280874,17.252604
4846.407903,17.252604
4846.534932,17.252604
4846.661961,17.252604
4846.78899,17.252604
4846.916019,17.252604
4847.0430479999995,17.252604
4847.170077,17.252604
4847.297106,17.252604
4847.424134,17.252604
4847.551163,17.252604
4847.678192,17.252604
4847.805221,17.252604
4847.93225,17.252604
4848.059279,17.252604
4848.186308,17.252604
4848.313337,17.252604
4848.440366,17.252604
4848.567395,17.252604
4848.694424,17.252604
4848.821453,17.252604
4848.948482,17.252604
4849.075511,17.252604
4849.20254,17.252604
4849.329568,17.252604
4849.456597,17.252604
4849.583626,17.252604
4849.710655,17.252604
4849.837684,17.122396
4849.964713,17.122396
4850.218771,16.471354
4850.3458,16.471354
4850.472829,16.471354
4850.853916,15.299479
4850.980945,15.299479
4851.107974,15.299479
4851.235001999999,15.299479
4851.362031,15.299479
4851.48906,15.299479
4851.616089,15.299479
4851.743118,15.299479
4851.870147,15.169271
4851.997176,15.169271
4852.124205,14.908854
4852.251234,14.908854
4852.378263,14.648438
4852.505292,14.648438
4853.648552,12.825521
4853.775581,12.825521
4853.90261,12.825521
4854.029639,12.825521
4854.156668,12.825521
4854.283697,12.825521
4854.410726,12.825521
4854.537755,12.109375
4854.664784,12.109375
4854.791813,12.109375
4854.918842,12.109375
4855.045871,12.109375
4855.172899,11.848958
4855.299927999999,11.848958
4855.426957,11.71875
4855.553986,11.71875
4855.681015,11.71875
4855.808043999999,11.71875
4855.935073,11.71875
4856.062102,11.71875
4856.189131,11.71875
4856.31616,11.71875
4856.443189,11.71875
4856.570218,11.71875
4856.697247,11.71875
4856.824276,11.71875
4856.951305,11.71875
4857.0783329999995,11.71875
4857.205362,11.71875
4857.332391,11.71875
4857.45942,11.458333
4857.586448999999,11.458333
4859.999999,12.5
4860.127028,12.5
4860.254057,12.630208
4860.381085999999,12.630208
4860.508115,12.630208
4860.635144,12.630208
4860.762173,12.630208
4860.889202,12.630208
4861.01623,12.630208
4861.1432589999995,12.630208
4861.270288,15.885417
4861.397317,15.885417
4861.524346,15.885417
4861.6513749999995,15.885417
4861.778404,15.885417
4861.905433,15.885417
4862.032462,15.885417
4862.159490999999,15.885417
4863.302751,17.838542
4863.4297799999995,17.838542
4863.556809,17.838542
4863.683838,17.838542
4863.810867,17.838542
4863.9378959999995,17.838542
4864.064925,17.838542
4864.191954,17.838542
4864.318983,17.838542
4864.446011999999,17.838542
4864.573041,17.838542
4864.70007,17.708333
4864.827098,17.708333
4864.954127,17.447917
4865.081156,17.447917
4865.2081849999995,15.755208
4865.335214,15.755208
4865.462243,15.755208
4865.589272,15.364583
4865.7163009999995,15.364583
4865.84333,15.234375
4865.970359,15.234375
4867.113619,11.979167
4867.240648,11.979167
4867.367677,11.979167
4867.4947059999995,11.979167
4867.621735,11.979167
4867.748764,11.979167
4867.875793,11.979167
4868.0028219999995,11.979167
4868.129851,11.71875
4868.25688,11.71875
4868.383909,11.71875
4868.510937999999,11.71875
4868.637967,11.71875
4868.7649949999995,11.71875
4868.892024,11.71875
4869.019053,11.71875
4869.146082,11.458333
4869.2731109999995,11.458333
4869.40014,11.328125
4869.527169,11.328125
4874.22724,8.463542
4874.3542689999995,8.463542
4874.481297,8.463542
4874.608326,8.463542
4874.735355,8.463542
4874.862384,8.463542
4874.989413,8.463542
4875.116442,8.398438
4875.243471,8.203125
4875.3705,8.138021
4875.497529,7.942708
4875.6245579999995,7.877604
4875.751587,7.877604
4875.878616,7.877604
4876.005645,7.877604
4876.1326739999995,7.877604
4876.259703,7.877604
4876.386731,7.877604
4876.51376,7.877604
4876.640789,7.877604
4876.767818,7.877604
4876.894847,7.877604
4877.021876,7.877604
4877.148905,7.877604
4877.275934,7.877604
4877.4029629999995,7.877604
4877.529992,7.877604
4877.657021,7.877604
4877.78405,7.747396
4877.9110789999995,7.747396
4878.038108,7.226562
4878.165137,7.226562
4878.292166,7.226562
4878.419194,7.226562
4878.546223,4.882812
4878.673252,4.882812
4878.800281,4.882812
4878.92731,4.882812
4879.054339,4.882812
4879.181368,4.882812
4879.308397,3.580729
4879.435426,3.580729
4879.562455,2.669271
4879.6894839999995,2.669271
4879.816513,1.627604
4879.943542,1.627604
4880.070571,1.627604
4880.1975999999995,1.627604
4880.832744,3.190104
4880.959773,3.190104
4881.086802,3.190104
4881.213831,3.190104
4881.34086,3.190104
4881.467889,3.190104
4881.594918,3.190104
4881.721947,3.190104
4887.184191,6.315104
4887.31122,6.315104
4887.438249,6.315104
4887.565278,6.315104
4887.692307,6.315104
4887.819336,6.315104
4887.946365,6.315104
4888.073393,6.315104
4888.200422,6.315104
4888.327451,6.315104
4889.470712,94.856771
4889.597741,94.856771
4889.72477,94.856771
4889.851799,94.856771
4889.978827,94.856771
4890.105856,94.856771
4890.232884999999,94.856771
4890.359914,6.966146
4890.486943,6.966146
4890.613972,6.966146
4890.741001,6.445312
4890.86803,6.445312
4890.995059,6.445312
4891.122088,6.445312
4891.249117,6.445312
4891.376146,6.445312
4891.503175,6.445312
4891.630204,6.445312
4891.757233,6.445312
4891.884261,6.445312
4892.0112899999995,6.445312
4892.138319,6.445312
4892.265348,6.445312
4892.392377,6.445312
4892.519405999999,6.315104
4892.646435,6.315104
4892.773464,6.315104
4892.900493,6.315104
4893.027522,6.315104
4893.154551,6.315104
4893.28158,6.315104
4893.408609,6.315104
4893.535638,6.380208
4893.662667,6.445312
4893.789696,6.445312
4893.916724,6.445312
4894.043753,6.445312
4894.170782,6.445312
4894.2978109999995,6.445312
4894.42484,6.445312
4894.551869,6.315104
4894.678898,6.315104
4894.805926999999,6.315104
4894.932956,6.315104
4895.059985,6.315104
4895.187014,6.315104
4895.314043,6.315104
4895.441072,6.315104
4895.568101,6.315104
4895.69513,6.315104
4895.822158,6.184896
4895.949187,6.184896
4896.0762159999995,5.794271
4896.203245,5.729167
4896.330274,5.533854
4896.584331999999,4.817708
4896.711361,4.817708
4896.83839,4.817708
4896.965419,4.817708
4897.092447999999,4.817708
4897.219477,4.817708
4897.346506,4.817708
4897.473535,4.817708
4897.600564,4.817708
4897.727592,4.817708
4897.8546209999995,4.817708
4897.98165,4.817708
4898.108679,4.817708
4898.235708,4.817708
4898.3627369999995,4.817708
4898.489766,4.817708
4898.616795,4.817708
4898.743824,4.817708
4898.870852999999,5.46875
4898.997882,5.46875
4899.124911,5.46875
4899.25194,5.46875
4899.378968999999,5.598958
4899.505998,5.598958
4899.6330259999995,5.598958
4899.760055,5.598958
4899.887084,5.598958
4900.014113,5.598958
4900.1411419999995,5.598958
4900.268171,5.598958
4900.3952,5.598958
4900.522229,5.598958
4900.6492579999995,5.598958
4900.776287,5.598958
4900.903316,5.598958
4901.030345,5.598958
4901.157373999999,5.598958
4901.284403,5.598958
4901.411432,5.598958
4901.538461,5.598958
4901.665489,5.598958
4901.792518,5.598958
4901.9195469999995,5.598958
4902.046576,5.598958
4902.173605,5.598958
4902.300634,5.598958
4902.4276629999995,5.598958
4902.554692,5.598958
4902.681721,5.598958
4902.80875,5.598958
4902.9357789999995,5.598958
4903.062808,5.598958
4903.189837,5.598958
4903.316866,5.598958
4903.443894999999,5.598958
4903.570923,5.598958
4903.6979519999995,5.598958
4903.824981,5.598958
4903.95201,5.598958
4904.079039,5.598958
4904.2060679999995,5.598958
4904.333097,5.598958
4904.460126,6.25
4904.587155,6.25
4904.7141839999995,6.25
4904.841213,6.25
4904.968242,6.25
4905.095271,6.25
4905.222299999999,6.25
4905.349329,6.25
4905.476357,6.25
4909.414254,12.369792
4909.541283,12.369792
4909.668312,12.5
4909.795341,12.5
4909.92237,12.5
4910.0493989999995,12.5
4910.176428,12.5
4910.303457,12.5
4910.430486,12.5
4910.5575149999995,12.5
4910.684544,11.328125
4910.811573,11.328125
4910.938602,11.328125
4911.0656309999995,11.328125
4911.19266,11.328125
4911.319688,11.328125
4913.987296,8.723958
4914.114325,8.723958
4914.241354,8.723958
4914.368383,8.723958
4914.495412,8.723958
4914.6224409999995,8.723958
4914.74947,8.723958
4914.876499,8.723958
4915.003528,8.723958
4915.130556,8.723958
4915.257585,8.723958
4915.384614,8.723958
4917.798164,11.71875
4917.925193,11.71875
4918.052222,11.71875
4918.179251,11.71875
4918.30628,11.71875
4918.433309,11.71875
4918.560338,11.71875
4918.6873669999995,11.71875
4918.814396,11.71875
4918.941425,11.71875
4919.195482,11.71875
4919.322511,11.71875
4919.44954,11.71875
4919.576569,11.71875
4919.703598,11.71875
4919.830627,11.71875
4919.957656,11.71875
4920.084685,11.71875
4920.211714,11.653646
4920.338743,11.588542
4920.465772,11.588542
4920.592801,11.71875
4920.71983,11.71875
4920.846859,11.71875
4920.973887,11.71875
4921.100915999999,11.71875
4921.227945,11.71875
4921.354974,11.71875
4921.482003,11.71875
4921.609032,11.71875
4921.736061,11.71875
4921.86309,11.71875
4921.990119,11.71875
4922.117148,11.71875
4922.244177,11.71875
4922.371206,11.71875
4922.498235,11.71875
4922.625264,11.71875
4922.752293,11.71875
4922.879320999999,11.653646
4923.00635,11.653646
4923.133379,11.653646
4923.260408,11.653646
4923.895553,11.653646
4924.022582,11.653646
4924.149611,11.653646
4924.27664,11.653646
4924.403669,11.653646
4924.530698,11.653646
4924.657727,11.653646
4924.784755,11.653646
4924.911784,11.653646
4925.038813,11.653646
4925.165841999999,12.565104
4925.292871,12.565104
4925.4199,12.565104
4925.546929,12.565104
4925.673957999999,12.565104
4925.800987,12.565104
4925.928016,12.565104
4926.055045,12.565104
4926.182074,12.434896
4926.309103,12.434896
4926.436132,12.434896
4926.563161,12.434896
4926.944246999999,12.434896
4927.071276,12.434896
4927.198305,12.434896
4927.325334,12.434896
4927.452363,12.434896
4927.579392,12.434896
4927.706421,12.434896
4927.83345,12.434896
4927.960479,12.434896
4928.087508,12.434896
4928.214537,12.434896
4928.341566,12.434896
4928.468595,12.434896
4928.595624,12.434896
4928.7226519999995,12.434896
4928.849681,12.434896
4928.97671,12.565104
4929.103739,12.565104
4929.230767999999,12.565104
4929.357797,12.565104
4929.484826,12.565104
4929.611855,12.565104
4929.738884,12.565104
4929.865913,12.565104
4929.992942,12.565104
4930.119971,12.565104
4930.247,12.565104
4930.374029,12.565104
4930.501058,12.565104
4930.628086,12.565104
4930.755115,12.565104
4930.882144,12.565104
4931.0091729999995,12.434896
4931.136202,12.434896
4931.263231,12.434896
4931.39026,12.434896
4931.517288999999,12.434896
4931.644318,12.434896
4931.771347,12.434896
4931.898376,12.434896
4932.025405,12.174479
4932.152434,12.174479
4932.279463,11.914062
4932.406492,11.914062
4932.53352,11.783854
4932.660549,11.783854
4932.7875779999995,11.783854
4932.914607,11.783854
4933.041636,11.783854
4933.168665,11.783854
4933.2956939999995,11.783854
4933.422723,11.783854
4933.549752,11.783854
4933.676781,11.783854
4933.803809999999,11.783854
4933.930839,11.783854
4934.057868,11.783854
4934.184897,11.783854
4934.311926,11.783854
4934.438955,11.783854
4934.5659829999995,11.783854
4934.693012,11.783854
4934.820041,11.783854
4934.94707,11.783854
4935.0740989999995,11.783854
4935.201128,11.783854
4935.328157,12.434896
4935.455186,12.434896
4935.582214999999,12.565104
4935.709244,12.565104
4935.836273,12.565104
4935.963302,12.565104
4936.090330999999,12.565104
4936.21736,12.565104
4936.344389,12.565104
4936.471417,12.565104
4936.598446,12.565104
4936.725475,12.565104
4936.8525039999995,12.565104
4936.979533,12.565104
4937.106562,12.565104
4937.233591,12.565104
4937.3606199999995,12.565104
4937.487649,12.565104
4937.614678,13.606771
4937.741707,13.606771
4937.868735999999,13.606771
4937.995765,13.606771
4938.122794,13.606771
4938.249823,13.606771
4938.376851,13.606771
4938.50388,13.606771
4938.6309089999995,13.606771
4938.757938,13.606771
4938.884967,13.606771
4939.011996,13.606771
4939.1390249999995,13.606771
4939.266054,13.606771
4939.393083,13.606771
4939.520112,13.606771
4939.6471409999995,12.565104
4939.77417,12.565104
4939.901199,12.434896
4940.028228,12.434896
4940.155257,11.393229
4940.282285,11.393229
4940.4093139999995,11.393229
4940.536343,11.393229
4940.663372,11.393229
4940.790401,11.393229
4943.966125,12.434896
4944.093154,12.434896
4944.220182,12.434896
4944.347211,12.434896
4944.47424,12.434896
4944.601269,12.434896
4944.728298,12.565104
4944.855327,12.565104
4944.9823559999995,12.565104
4945.109385,12.565104
4945.236414,12.565104
4945.363443,12.565104
4945.4904719999995,12.565104
4945.617501,12.565104
4945.74453,12.565104
4945.871559,12.565104
4945.9985879999995,12.565104
4946.125616,12.565104
4946.252645,12.565104
4946.379674,12.565104
4946.506703,12.565104
4946.633732,12.565104
4946.760761,12.369792
4946.88779,12.369792
4948.285108,11.71875
4948.412137,11.71875
4948.539166,11.71875
4948.666195,11.71875
4948.793224,11.71875
4948.920253,11.71875
4949.0472819999995,11.71875
4949.174311,11.71875
4949.30134,11.71875
4949.428369,11.71875
4949.5553979999995,11.71875
4949.682427,11.71875
4949.809456,11.71875
4949.936484,11.71875
4950.571629,13.671875
4950.698658,13.671875
4950.825687,13.671875
4950.952716,13.671875
4951.079745,13.671875
4951.206774,13.671875
4951.3338029999995,13.671875
4951.460832,13.671875
4951.8419189999995,12.109375
4951.968946999999,12.109375
4952.095976,12.109375
4952.223005,12.109375
4952.350034,12.109375
4952.477063,12.109375
4952.604092,12.369792
4952.731121,12.369792
4952.85815,12.5
4952.985179,12.5
4953.112208,12.5
4953.239237,12.5
4953.366266,12.5
4953.493295,12.5
4953.6203239999995,12.5
4953.747353,12.5
4953.874381,12.239583
4954.00141,12.239583
4954.128439,12.239583
4954.255468,12.239583
4954.382497,11.71875
4954.509526,11.71875
4954.636555,11.71875
4954.763584,11.71875
4954.890613,11.71875
4955.017642,11.71875
4960.479886,8.59375
4960.606915,8.59375
4960.733944,8.59375
4960.860973,8.59375
4960.988002,8.59375
4961.115031,8.59375
4961.24206,8.59375
4961.369089,8.59375
4961.496118,8.59375
4961.623146,8.59375
4961.750175,8.59375
4961.877204,8.59375
4969.117854,7.877604
4969.244882999999,7.877604
4969.371911,7.877604
4969.4989399999995,7.877604
4969.625969,7.877604
4969.752998,7.877604
4969.880027,7.877604
4970.0070559999995,7.877604
4970.134085,7.877604
4970.261114,7.877604
4970.388143,7.877604
4970.515171999999,7.877604
4975.977416,6.705729
4976.104445,6.705729
4976.231474,6.705729
4976.3585029999995,6.705729
4976.485532,6.705729
4976.612561,6.705729
4976.73959,6.705729
4976.866618999999,6.705729
4976.993648,6.705729
4977.120676,6.705729
4984.361326,6.705729
4984.4883549999995,6.705729
4984.615384,6.705729
4984.742413,6.705729
4984.869441,6.705729
4984.99647,6.705729
4985.123499,6.705729
4985.250528,6.705729
4985.377557,6.705729
4985.504586,6.705729
4985.631615,6.705729
4985.758644,6.705729
4985.885673,6.705729
4986.012702,6.705729
4986.139731,6.705729
4986.2667599999995,6.705729
4986.393789,6.705729
4986.520818,6.705729
4986.647847,6.705729
4986.774875,6.705729
4986.901904,6.705729
4987.028933,6.705729
4993.507409,5.989583
4993.634438,5.989583
4993.761467,5.989583
4993.888496,5.989583
4994.015525,6.380208
4994.142554,6.380208
4994.269583,6.380208
4994.396612,6.380208
4994.523639999999,6.380208
4994.650669,6.380208
4994.777698,6.380208
4994.904727,6.380208
4995.031756,6.380208
4995.158785,6.380208
4995.285814,6.380208
4995.412843,6.380208
5016.372617,6.705729
5016.499646,6.705729
5016.6266749999995,6.705729
5016.753704,6.705729
5016.880733,6.705729
5017.007762,6.705729
5017.1347909999995,6.705729
5017.26182,6.705729
5017.388849,6.705729
5017.515878,6.705729
5017.6429069999995,6.705729
5017.769935,6.705729
5017.896964,6.705729
5018.023993,6.705729
5018.151022,6.705729
5018.278051,6.705729
5018.4050799999995,6.705729
5018.532109,6.705729
5031.870147,0.976562
5031.997176,0.976562
5032.124205,0.976562
5032.251233999999,0.976562
5032.378263,0.976562
5032.505292,0.976562
5032.632321,0.976562
5032.75935,0.976562
5032.886379,0.716146
5033.013408,0.716146
5033.140437,0.716146
5033.267465,0.716146
5033.394494,4.231771
5033.521522999999,4.231771
5033.648552,4.231771
5033.775581,4.231771
5033.90261,4.231771
5034.029639,4.231771
5034.156668,4.231771
5034.283697,4.231771
5034.410726,8.723958
5034.537755,8.723958
5034.664784,8.723958
5034.791813,8.723958
5034.918842,8.723958
5035.045871,8.723958
5035.172899,8.723958
5035.299927999999,8.723958
5036.31616,4.101562
5036.443189,5.143229
5036.570218,5.143229
5036.697247,5.143229
5036.824276,5.143229
5036.951305,5.143229
5037.0783329999995,5.143229
5037.205362,5.143229
5037.332391,5.143229
5038.983767,5.859375
5039.110796,5.859375
5039.237825,5.859375
5039.3648539999995,5.859375
5039.491883,5.859375
5039.618912,5.859375
5039.745941,5.859375
5039.87297,5.859375
5052.0677479999995,19.53125
5052.194777,19.53125
5052.321806,19.53125
5052.448835,19.53125
5052.575863,20.052083
5052.702892,20.052083
5052.829921,20.3125
5052.95695,20.3125
5053.083979,20.442708
5053.211008,20.442708
5053.3380369999995,20.442708
5053.465066,20.442708
5053.592095,20.442708
5053.719124,20.442708
5053.8461529999995,20.442708
5053.973182,20.442708
5054.100211,19.661458
5054.22724,19.661458
5054.3542689999995,15.625
5054.481297,15.625
5054.608326,15.625
5054.735355,15.625
5054.862384,15.625
5054.989413,15.625
5055.116442,15.625
5055.243471,15.625
5055.3705,13.151042
5055.497529,13.151042
5055.6245579999995,13.151042
5055.751587,13.151042
5055.878616,13.151042
5056.005645,13.151042
5056.1326739999995,13.151042
5056.259703,13.151042
5057.4029629999995,30.989583
5057.529992,30.989583
5057.657021,32.552083
5057.78405,32.552083
5057.9110789999995,32.552083
5058.038108,32.552083
5058.165137,32.552083
5058.292166,32.552083
5058.419194,32.552083
5058.546223,32.552083
5058.673252,32.552083
5058.800281,32.552083
5058.92731,26.041667
5059.054339,26.041667
5059.181368,25.911458
5059.308397,25.911458
5059.435426,25.911458
5059.562455,25.911458
5059.6894839999995,25.911458
5059.816513,25.911458
5059.943542,25.911458
5060.070571,25.911458
5062.48412,33.463542
5062.611149,33.463542
5062.738178,34.244792
5062.865207,34.244792
5062.992236,34.244792
5063.119265,34.244792
5063.246294,34.244792
5063.373323,34.244792
5063.500352,34.244792
5063.627381,34.244792
5063.75441,33.59375
5063.881439,33.59375
5064.008468,32.8125
5064.135496,32.8125
5064.262525,33.463542
5064.389553999999,33.463542
5064.516583,33.984375
5064.643612,33.984375
5064.770641,34.244792
5064.89767,34.244792
5065.024699,34.244792
5065.151728,34.244792
5065.278757,34.244792
5065.405786,34.244792
5065.532815,34.244792
5065.659844,34.244792
5066.803104,18.684896
5066.930133,18.684896
5067.057162,18.684896
5067.184191,18.684896
5067.31122,18.684896
5067.438249,18.684896
5067.565278,18.684896
5067.692307,18.684896
5073.662667,27.278646
5073.789696,27.278646
5073.916724,27.278646
5074.043753,27.278646
5074.170782,27.278646
5074.2978109999995,27.278646
5074.42484,27.278646
5074.551869,27.278646
5074.678898,27.669271
5074.805926999999,27.669271
5074.932956,28.059896
5075.059985,28.059896
5075.187014,28.320312
5075.314043,28.320312
5075.441072,28.320312
5075.568101,28.320312
5075.69513,28.320312
5075.822158,28.320312
5075.949187,28.320312
5076.0762159999995,28.320312
5076.203245,23.111979
5076.330274,23.111979
5076.457303,23.111979
5076.584331999999,23.111979
5076.711361,23.111979
5076.83839,23.111979
5076.965419,23.111979
5077.092447999999,23.111979
5078.235708,37.044271
5078.3627369999995,37.044271
5078.489766,37.044271
5078.616795,37.044271
5078.743824,37.044271
5078.870852999999,37.044271
5078.997882,37.044271
5080.014113,37.955729
5080.1411419999995,37.955729
5080.268171,37.955729
5080.3952,37.955729
5080.522229,37.955729
5080.6492579999995,37.955729
5080.776287,37.955729
5080.903316,26.888021
5081.030345,26.888021
5081.157374,26.888021
5081.284403,26.888021
5081.411432,26.888021
5081.538461,26.106771
5081.665489,26.106771
5083.062808,37.825521
5083.189837,37.825521
5083.316866,37.825521
5083.443895,37.825521
5083.570923,37.825521
5083.6979519999995,37.825521
5083.824981,37.825521
5086.36556,38.997396
5086.4925889999995,38.997396
5086.619618,38.997396
5086.746647,38.997396
5086.873676,38.997396
5087.0007049999995,38.997396
5087.127734,38.997396
5090.176428,36.848958
5090.303457,36.914062
5090.430486,36.914062
5090.5575149999995,36.914062
5090.684544,36.914062
5090.811573,36.914062
5090.938602,36.914062
5091.0656309999995,36.914062
5091.19266,36.914062
5094.114325,42.513021
5094.241354,42.513021
5094.368383,42.513021
5094.495412,42.513021
5094.6224409999995,42.513021
5094.74947,42.513021
5094.876499,42.513021
5095.003528,42.513021
5096.146788,44.726562
5096.273817,44.726562
5096.400846,44.726562
5096.654904,45.638021
5096.781933,45.638021
5096.9089619999995,45.768229
5097.03599,45.768229
5097.163019,45.768229
5097.290048,45.768229
5097.417077,45.768229
5097.544106,45.768229
5097.671135,46.419271
5097.798164,46.419271
5097.925193,46.419271
5098.052222,46.419271
5098.179251,46.419271
5098.30628,46.419271
5098.433309,46.419271
5098.560338,46.419271
5103.00635,54.817708
5103.133379,54.817708
5103.260408,54.947917
5103.387436999999,54.947917
5103.514466,54.947917
5103.641495,54.947917
5103.768524,55.729167
5103.895553,55.729167
5104.022582,55.729167
5104.149611,55.729167
5104.27664,55.729167
5104.403669,55.729167
5104.530698,55.729167
5104.657727,55.729167
5104.784755,55.729167
5104.911784,55.729167
5107.579392,58.723958
5107.706421,58.723958
5107.83345,58.723958
5107.960478999999,58.723958
5108.087508,58.723958
5108.214537,58.723958
5108.341566,58.723958
5108.468595,58.723958
5108.595624,58.723958
5108.7226519999995,58.723958
5114.438955,62.760417
5114.5659829999995,62.760417
5114.693012,63.085938
5114.820041,63.085938
5114.94707,63.085938
5115.0740989999995,63.085938
5115.201128,63.085938
5115.328157,63.085938
5115.455186,63.085938
5115.582214999999,63.020833
5115.709244,63.020833
5115.836273,63.020833
5115.963302,63.020833
5116.090330999999,63.020833
5116.21736,63.020833
5116.344389,63.020833
5116.471417,63.085938
5116.598446,63.151042
5116.725475,63.151042
5116.8525039999995,63.151042
5116.979533,63.151042
5117.106562,63.151042
5117.233591,93.359375
5117.3606199999995,93.359375
5117.487649,93.359375
5117.614678,93.359375
5117.741707,93.359375
5117.868735999999,93.359375
5117.995765,93.359375
5118.122794,93.359375
5118.249823,63.085938
5118.376851,63.085938
5118.50388,63.085938
5118.6309089999995,63.020833
5118.757938,63.020833
5118.884967,63.020833
5119.011996,63.020833
5119.1390249999995,63.020833
5119.266054,63.020833
5119.393083,63.020833
5119.520112,63.085938
5119.6471409999995,63.151042
5119.77417,63.151042
5119.901199,63.151042
5120.028228,63.151042
5120.155257,63.151042
5120.282285,63.151042
5120.4093139999995,63.151042
5120.536343,63.151042
5120.663372,63.151042
5120.790401,63.151042
5120.9174299999995,63.151042
5121.044459,63.151042
5121.171488,63.151042
5121.298517,63.151042
5121.4255459999995,63.151042
5121.552575,63.085938
5121.679604,63.020833
5121.806633,63.020833
5121.9336619999995,63.020833
5122.060691,63.085938
5122.18772,63.151042
5122.314748,63.151042
5122.441777,63.151042
5122.568806,63.151042
5122.6958349999995,63.151042
5122.822864,63.151042
5122.949893,63.151042
5123.076922,63.085938
5123.2039509999995,63.020833
5123.33098,63.020833
5123.458009,63.020833
5123.585038,63.020833
5123.7120669999995,63.020833
5123.839096,63.085938
5123.966125,63.085938
5124.093154,63.085938
5124.220182,63.085938
5124.347211,63.085938
5124.47424,63.085938
5124.601269,63.085938
5124.728298,63.085938
5124.855327,63.085938
5124.9823559999995,62.955729
5125.109385,62.955729
5125.236414,62.955729
5125.363443,62.304688
5125.4904719999995,62.304688
5125.617501,62.304688
5125.74453,62.304688
5125.871559,62.304688
5125.9985879999995,62.304688
5126.125616,62.304688
5126.252645,62.304688
5126.379674,62.304688
5126.506703,62.304688
5126.633732,62.304688
5126.760761,62.304688
5126.88779,62.304688
5127.014819,62.304688
5127.141848,62.304688
5127.2688769999995,62.304688
5127.395906,62.304688
5127.522935,62.304688
5127.649964,62.304688
5127.7769929999995,62.304688
5127.904022,62.304688
5128.03105,62.304688
5128.158079,62.304688
5128.285108,62.304688
5128.412137,62.304688
5128.539166,62.304688
5128.666195,62.304688
5128.793224,62.304688
5128.920253,62.304688
5129.0472819999995,62.304688
5129.174311,62.304688
5129.30134,62.304688
5129.428369,62.304688
5129.5553979999995,62.304688
5129.682427,62.304688
5129.809456,62.304688
5129.936484,62.304688
5130.063513,62.304688
5130.190542,62.304688
5130.317571,62.304688
5130.4446,62.239583
5130.571629,62.174479
5136.541989,59.179688
5136.669018,59.179688
5136.796047,59.179688
5136.923076,59.179688
5137.050105,59.179688
5137.177134,59.179688
5137.304163,59.179688
5137.431192,59.179688
5137.558221,59.179688
5137.685249,59.179688
5137.812277999999,58.398438
5137.939307,58.398438
5138.066336,58.398438
5138.193365,58.398438
5138.320394,58.007812
5138.447423,58.007812
5138.574452,58.007812
5138.701481,58.007812
5138.82851,58.007812
5138.955539,58.007812
5139.082568,58.007812
5139.209597,58.007812
5139.336626,58.007812
5139.463655,58.007812
5139.590684,57.877604
5139.717712,57.877604
5139.844741,57.617188
5139.97177,57.617188
5140.098798999999,57.356771
5140.225828,57.356771
5140.352857,57.356771
5140.479886,57.356771
5140.606915,57.096354
5140.733944,57.096354
5141.877204,55.013021
5142.004233,55.013021
5142.131262,55.013021
5142.258291,55.013021
5142.385319999999,55.013021
5142.512349,55.013021
5142.639378,55.013021
5142.766407,55.013021
5142.893436,54.492188
5143.020465,54.492188
5143.147494,54.231771
5143.274523,54.231771
5143.401552,54.231771
5143.52858,54.231771
5143.6556089999995,54.101562
5143.782638,54.101562
5143.909667,54.101562
5144.036696,54.101562
5144.163725,54.101562
5144.290754,54.101562
5144.417783,53.971354
5144.544812,53.971354
5144.671840999999,53.841146
5144.79887,53.841146
5144.925899,52.864583
5145.052928,52.864583
5145.179957,52.864583
5145.306986,52.864583
5145.4340139999995,52.864583
5145.561043,52.864583
5145.688072,52.994792
5145.815101,52.994792
5145.942129999999,52.994792
5146.069159,52.994792
5146.196188,52.994792
5146.323217,52.994792
5146.450246,52.994792
5146.577275,52.994792
5146.704304,52.994792
5146.831333,52.994792
5146.958361999999,52.994792
5147.085391,52.994792
5147.21242,52.994792
5147.339449,52.994792
5147.466477,52.864583
5147.593506,52.864583
5147.7205349999995,52.213542
5147.847564,52.213542
5147.974593,52.213542
5148.101622,52.213542
5148.228650999999,51.822917
5148.35568,51.822917
5148.482709,51.822917
5148.609738,51.822917
5148.736767,51.822917
5148.863796,51.822917
5148.990825,51.822917
5149.117854,51.822917
5149.244882999999,51.822917
5149.371911,51.822917
5155.088213999999,48.828125
5155.215242,48.828125
5155.3422709999995,48.828125
5155.4693,48.828125
5155.596329,48.828125
5155.723358,48.828125
5155.8503869999995,48.828125
5155.977416,48.828125
5156.104445,48.828125
5156.231474,48.828125
5156.3585029999995,48.828125
5156.485532,48.828125
5156.612561,48.828125
5156.73959,48.828125
5156.866618999999,48.697917
5156.993648,48.697917
5157.120676,48.697917
5157.247705,48.697917
5157.374734,48.697917
5157.501763,48.697917
5158.6450239999995,48.697917
5158.772053,48.697917
5158.899082,48.697917
5159.02611,48.697917
5159.153139,48.697917
5159.280168,48.697917
5159.4071969999995,48.697917
5159.534226,48.697917
5159.661255,48.697917
5159.788284,48.697917
5159.9153129999995,48.697917
5160.042342,48.697917
5160.4234289999995,48.697917
5160.550458,48.697917
5160.677487,48.697917
5160.804516,48.697917
5160.931544,48.697917
5161.058573,48.697917
5161.185602,48.697917
5161.312631,48.697917
5161.43966,48.828125
5161.566689,48.828125
5161.6937179999995,48.828125
5161.820747,48.828125
5161.947776,48.828125
5162.074805,48.828125
5162.2018339999995,48.828125
5162.328863,48.828125
5162.455892,48.828125
5162.582921,48.828125
5162.7099499999995,48.828125
5162.836978,48.828125
5162.964007,48.828125
5163.091036,48.828125
5163.218065,48.697917
5163.345094,48.697917
5163.472123,48.697917
5163.599152,48.697917
5163.726181,48.697917
5163.85321,48.697917
5163.9802389999995,48.697917
5164.107268,48.697917
5164.234297,48.697917
5164.361326,48.697917
5164.4883549999995,48.697917
5164.615384,48.697917
5164.742413,48.697917
5164.869441,48.697917
5164.99647,48.697917
5165.123499,48.697917
5165.250528,48.697917
5165.377557,48.697917
5165.504586,48.697917
5165.631615,48.697917
5165.758644,48.697917
5165.885673,48.697917
5166.012702,48.697917
5166.139731,48.697917
5166.2667599999995,48.697917
5166.393789,48.697917
5166.520818,48.697917
5166.647847,48.697917
5166.774875,48.763021
5166.901904,48.763021
5167.028933,48.763021
5167.155962,48.763021
5167.282991,48.763021
5167.41002,48.763021
5167.537049,48.763021
5167.664078,48.763021
5167.791107,48.763021
5167.918136,48.763021
5168.0451649999995,48.763021
5168.172194,48.763021
5168.299223,48.242188
5168.426252,48.242188
5168.5532809999995,48.242188
5168.680308999999,48.242188
5168.807338,47.981771
5168.934367,47.981771
5169.061396,47.981771
5169.188425,47.981771
5169.315454,47.851562
5169.442483,47.851562
5169.569512,47.981771
5169.696541,47.981771
5169.82357,47.981771
5169.950599,47.981771
5170.077628,47.981771
5170.204657,47.981771
5170.3316859999995,47.981771
5170.458715,47.981771
5170.585743,47.981771
5170.712772,47.981771
5170.839801,47.981771
5170.966829999999,47.981771
5171.093859,47.981771
5171.220888,47.981771
5171.347917,47.981771
5171.474946,47.981771
5171.601975,47.851562
5171.729004,47.851562
5171.856033,47.981771
5171.983062,47.981771
5172.110091,47.981771
5172.23712,47.981771
5172.364149,47.981771
5172.491178,47.981771
5172.618206,47.981771
5172.745235,47.981771
5172.872264,47.851562
5172.999293,47.851562
5174.650669,48.632812
5174.777698,94.856771
5174.904727,94.856771
5175.031756,94.856771
5175.158785,94.856771
5175.285814,94.856771
5175.412843,94.856771
5175.539872,94.856771
5175.666901,48.763021
5175.79393,48.763021
5175.920959,48.763021
5176.047988,48.763021
5176.175017,48.763021
5176.302046,48.763021
5176.429074,48.763021
5176.556103,48.763021
5176.683132,48.763021
5176.810160999999,48.763021
5176.93719,48.763021
5177.064219,48.763021
5177.191248,48.763021
5177.318277,48.763021
5177.445306,48.763021
5177.572335,48.763021
5177.699364,48.763021
5177.826393,48.763021
5177.953422,48.763021
5178.080451,48.763021
5178.20748,48.763021
5178.334508,48.763021
5178.461537,48.763021
5178.588565999999,48.763021
5178.715595,48.763021
5178.842624,48.763021
5178.969653,48.763021
5179.096681999999,48.763021
5183.288637,47.981771
5183.415666,47.981771
5183.542695,47.981771
5183.669723999999,47.981771
5183.796753,47.981771
5183.923782,47.981771
5184.050811,47.981771
5184.177839,47.981771
5184.304868,47.981771
5184.4318969999995,47.981771
5184.558926,47.981771
5184.685955,47.981771
5184.812984,47.981771
5184.940012999999,47.981771
5185.067042,47.981771
5185.194071,47.981771
5185.3211,47.981771
5185.448129,47.981771
5185.575158,47.981771
5185.702187,47.981771
5185.956244999999,47.981771
5186.083273,47.981771
5186.2103019999995,47.981771
5186.337331,47.981771
5186.46436,47.981771
5186.591389,47.981771
5186.7184179999995,47.981771
5186.845447,47.981771
5186.972476,47.916667
5187.607621,46.679688
5187.73465,46.679688
5187.861679,46.679688
5187.988708,46.679688
5188.115736,46.679688
5188.242765,46.679688
5188.369794,46.679688
5188.4968229999995,46.679688
5188.623852,46.809896
5188.750881,46.809896
5188.87791,46.809896
5189.004939,46.809896
5189.131968,46.809896
5189.258997,46.809896
5189.386026,46.809896
5189.513054999999,46.809896
5189.640084,46.809896
5189.767113,46.809896
5189.894142,46.809896
5190.02117,46.809896
5190.148199,46.744792
5190.2752279999995,46.744792
5190.402257,46.744792
5190.529286,46.744792
5190.656315,46.744792
5190.7833439999995,46.744792
5190.910373,46.744792
5191.037402,46.809896
5191.164431,46.809896
5191.29146,46.809896
5191.418489,46.809896
5191.545518,46.809896
5191.672547,46.809896
5191.799575999999,46.809896
5191.926604,46.744792
5192.0536329999995,46.809896
5192.180662,46.809896
5192.307691,46.809896
5192.43472,46.809896
5192.5617489999995,46.809896
5192.688778,46.809896
5192.815807,46.809896
5193.70501,46.744792
5193.832038,46.744792
5193.959067,46.744792
5194.086096,46.744792
5194.213125,46.744792
5194.3401539999995,46.744792
5194.467183,46.744792
5194.594212,46.744792
5194.721241,46.744792
5194.8482699999995,46.744792
5194.975299,46.744792
5195.102328,46.744792
5195.229357,46.744792
5195.3563859999995,46.744792
5195.483415,46.744792
5195.610444,46.744792
5195.737473,46.875
5195.864501,46.875
5195.99153,46.875
5196.118559,46.875
5196.245588,46.875
5196.372617,46.875
5196.499646,46.875
5196.6266749999995,46.875
5196.753704,46.875
5196.880733,46.875
5197.007762,46.875
5197.1347909999995,46.875
5197.26182,46.875
5197.388849,46.875
5197.515878,46.875
5197.6429069999995,46.875
5197.769935,46.875
5197.896964,46.875
5198.023993,46.875
5198.151022,46.875
5198.278051,46.875
5198.4050799999995,46.875
5198.532109,46.875
5198.659138,46.875
5198.786167,46.875
5198.9131959999995,46.875
5199.040225,46.744792
5199.167254,46.744792
5199.294283,46.744792
5199.4213119999995,46.744792
5199.548341,46.875
5199.675369,46.875
5199.802398,46.875
5199.929427,46.875
5200.056456,46.875
5200.183485,46.875
5200.310514,46.875
5200.437543,46.875
5200.564572,46.875
5200.6916009999995,46.875
5200.81863,46.875
5200.945659,46.875
5201.072688,46.875
5201.1997169999995,46.875
5201.326746,46.875
5201.453775,46.875
5201.580803,46.875
5201.707832,46.875
5201.834860999999,46.875
5201.96189,46.875
5202.088919,46.875
5202.215948,46.875
5202.342977,46.875
5202.470006,46.875
5202.851093,46.744792
5202.9781219999995,46.744792
5203.105151,46.744792
5203.23218,46.744792
5203.359209,46.744792
5203.486237,46.744792
5203.613266,46.744792
5203.740295,46.744792
5203.867324,46.744792
5203.994353,46.744792
5204.121381999999,46.744792
5204.248411,46.744792
5204.37544,46.744792
5204.502469,46.744792
5204.629498,46.875
5204.756527,46.875
5204.883556,46.875
5205.010585,46.875
5205.137614,46.875
5205.2646429999995,46.875
5205.391672,46.875
5205.5187,46.875
5205.645729,46.875
5205.772758,46.875
5205.899787,46.875
5206.026816,46.875
5206.153845,46.875
5206.280874,46.875
5206.407903,46.875
5206.534932,46.875
5206.661961,46.875
5206.78899,46.875
5206.916019,46.875
5207.0430479999995,46.875
5207.170077,46.875
5207.297106,46.875
5207.424134,46.875
5207.551163,46.875
5207.678191999999,46.875
5207.805221,46.875
5207.93225,46.875
5208.059279,46.875
5208.186308,46.875
5208.313337,46.875
5208.440366,46.875
5208.567395,46.875
5208.694424,46.875
5208.821453,46.875
5208.948482,46.875
5209.075511,46.875
5209.20254,46.875
5209.329568,46.875
5209.456597,46.875
5209.583626,46.875
5209.710655,46.875
5209.837684,46.875
5209.964712999999,46.875
5210.091742,46.875
5210.218771,46.875
5210.980945,46.744792
5211.107974,46.744792
5211.235001999999,46.744792
5211.362031,46.744792
5211.48906,46.744792
5211.616089,46.744792
5211.743118,46.809896
5211.870147,46.809896
5211.997176,46.809896
5212.124205,46.809896
5212.251233999999,46.809896
5212.378263,46.809896
5212.505292,46.809896
5212.632321,46.809896
5212.75935,46.809896
5212.886379,46.809896
5213.013408,46.809896
5213.140437,46.809896
5213.267465,46.809896
5213.394494,46.809896
5213.521522999999,46.809896
5213.648552,46.809896
5213.775581,46.809896
5213.90261,46.809896
5214.029639,46.809896
5214.156668,46.809896
5214.283697,46.809896
5214.410726,46.809896
5214.537754999999,46.809896
5214.664784,46.809896
5214.791813,46.809896
5214.918842,46.809896
5215.045871,46.809896
5215.172899,46.809896
5215.299928,46.809896
5215.426957,46.809896
5215.553986,46.809896
5215.681015,46.809896
5215.808043999999,46.809896
5215.935073,46.809896
5216.062102,46.809896
5216.189131,46.809896
5216.31616,46.809896
5216.443189,46.809896
5216.570218,46.809896
5216.697247,46.809896
5216.824275999999,46.809896
5216.951305,46.809896
5217.0783329999995,46.809896
5217.205362,46.809896
5217.332391,46.809896
5217.45942,46.809896
5217.586449,46.809896
5217.713478,46.809896
5217.840507,46.809896
5217.967536,46.809896
5218.094564999999,46.809896
5218.221594,46.809896
5218.348623,46.809896
5218.475652,46.809896
5218.602681,46.809896
5218.72971,46.809896
5218.856739,46.809896
5218.983767,46.809896
5219.110796,46.809896
5219.237825,46.809896
5219.3648539999995,46.809896
5219.491883,46.809896
5219.618912,46.809896
5219.745941,46.809896
5219.87297,46.809896
5219.999999,46.809896
5220.127028,46.809896
5220.254057,46.809896
5220.381085999999,46.809896
5220.508115,46.809896
5220.635144,46.809896
5220.762173,46.809896
5220.889202,46.809896
5221.01623,46.809896
5223.4297799999995,52.148438
5223.556809,52.148438
5223.683838,52.148438
5223.810867,52.148438
5223.9378959999995,52.148438
5224.064925,52.148438
5224.191954,52.278646
5224.318983,52.278646
5224.446012,52.278646
5224.573041,52.278646
5224.70007,52.278646
5224.827098,52.278646
5224.954127,52.539062
5225.081156,52.539062
5225.2081849999995,52.539062
5225.335214,52.539062
5225.462243,52.539062
5225.589272,52.539062
5225.7163009999995,52.539062
5225.84333,52.539062
5225.970359,52.539062
5226.097388,52.539062
5232.575863,17.838542
5232.702892,17.838542
5232.829921,17.838542
5232.95695,17.838542
5233.083979,17.838542
5233.211008,17.838542
5233.3380369999995,17.838542
5236.386731,48.958333
5236.51376,48.958333
5236.640789,48.958333
5236.767818,48.958333
5236.894847,48.958333
5237.021876,48.958333
5237.148905,48.958333
5237.275934,48.958333
5237.4029629999995,48.828125
5237.529992,48.828125
5237.657021,48.828125
5237.78405,48.828125
5237.9110789999995,48.828125
5238.038108,48.893229
5238.165137,48.958333
5238.292166,49.023438
5238.419194,49.023438
5238.546222999999,49.023438
5238.673252,49.023438
5238.800281,49.023438
5238.92731,49.023438
5239.054339,49.023438
5239.816513,51.627604
5239.943542,51.692708
5240.070571,51.692708
5240.1975999999995,51.692708
5240.324628,51.692708
5240.451657,51.692708
5240.578686,51.692708
5240.705715,51.692708
5240.832743999999,51.692708
5242.357091,49.088542
5242.48412,49.088542
5242.611149,49.088542
5242.738178,49.088542
5242.865207,49.088542
5242.992236,49.088542
5243.119264999999,49.088542
5243.246294,48.567708
5243.373323,48.567708
5243.500352,48.307292
5243.627381,48.307292
5243.75441,48.307292
5243.881439,48.828125
5244.008468,48.828125
5244.135496,48.958333
5244.262525,48.958333
5244.389553999999,48.958333
5244.516583,48.958333
5244.643612,48.958333
5244.770641,48.958333
5244.89767,48.958333
5245.024699,48.958333
5245.151728,48.958333
5245.278757,48.828125
5245.405786,48.828125
5245.532815,48.828125
5245.659844,48.828125
5245.786873,48.828125
5245.913902,48.828125
5246.040931,48.828125
5246.167959,48.828125
5246.294988,48.828125
5246.422017,48.893229
5246.549046,48.958333
5246.676074999999,48.958333
5246.803104,48.958333
5246.930133,48.958333
5247.057162,48.958333
5247.184191,48.958333
5247.31122,48.958333
5247.438249,48.958333
5247.565278,48.958333
5247.692307,48.958333
5247.819336,48.958333
5247.946365,48.958333
5248.073393,48.958333
5248.200422,48.958333
5248.327451,48.958333
5248.45448,48.958333
5248.581509,48.958333
5248.708538,48.958333
5248.835567,48.958333
5248.962595999999,48.958333
5249.089625,48.958333
5249.216654,48.958333
5249.343683,48.958333
5249.470712,48.958333
5249.597741,48.958333
5249.72477,48.893229
5249.851799,48.828125
5249.978827,49.023438
5250.105856,49.023438
5250.232884999999,49.023438
5250.359914,49.023438
5250.486943,49.023438
5250.613972,49.023438
5250.741001,49.023438
5255.949187,55.46875
5256.0762159999995,55.46875
5256.203245,57.682292
5256.330274,57.682292
5256.457303,57.682292
5256.584332,57.682292
5256.711361,57.682292
5256.83839,57.682292
5256.965419,57.682292
5257.092447999999,57.682292
5257.219477,57.942708
5257.346506,57.942708
5257.473535,57.942708
5257.600564,57.942708
5257.727592,57.942708
5257.8546209999995,57.942708
5257.98165,57.942708
5258.108679,57.942708
5258.997882,59.309896
5259.124911,59.309896
5259.25194,59.309896
5259.378968999999,59.309896
5259.505998,59.309896
5259.6330259999995,59.309896
5259.760055,59.309896
5259.887084,59.309896
5260.014113,56.705729
5260.1411419999995,56.705729
5260.268171,56.705729
5260.3952,56.705729
5260.522229,56.445312
5260.6492579999995,56.445312
5260.776287,56.445312
5260.903316,56.445312
5261.030345,58.398438
5261.157374,58.398438
5261.284403,59.570312
5261.411432,59.570312
5261.538461,59.570312
5261.665489,59.570312
5261.792518,59.570312
5261.9195469999995,59.570312
5262.046576,59.570312
5262.173605,59.570312
5262.300634,59.570312
5262.4276629999995,59.570312
5262.554692,59.570312
5262.681721,59.570312
5262.80875,59.570312
5262.9357789999995,59.570312
5263.062808,58.007812
5263.189837,58.007812
5263.316866,58.007812
5263.443895,58.007812
5263.570923,57.747396
5263.6979519999995,57.747396
5263.95201,55.794271
5264.079039,55.403646
5264.2060679999995,55.403646
5265.857444,53.710938
5265.9844729999995,53.710938
5266.111502,53.710938
5266.238531,53.710938
5266.36556,53.710938
5266.4925889999995,53.710938
5266.619618,53.710938
5266.746647,53.710938
5266.873676,53.580729
5267.0007049999995,53.580729
5267.127734,53.450521
5267.254763,53.450521
5267.381791,53.190104
5267.50882,53.190104
5267.635849,53.190104
5267.762878,53.190104
5267.889907,53.190104
5268.016936,53.190104
5268.143965,53.190104
5268.2709939999995,53.190104
5268.398023,53.190104
5268.525052,53.190104
5268.652081,53.190104
5268.7791099999995,53.190104
5268.906139,53.190104
5269.033168,53.190104
5269.160197,53.190104
5269.287226,53.190104
5269.414254,53.190104
5269.541283,53.190104
5269.668312,53.190104
5269.795341,53.190104
5269.92237,53.190104
5270.0493989999995,53.190104
5270.176428,53.190104
5270.303457,53.190104
5270.430486,53.190104
5270.5575149999995,53.190104
5270.684544,53.190104
5270.811573,53.190104
5270.938602,53.190104
5271.0656309999995,53.190104
5271.19266,53.190104
5271.319688,53.190104
5271.446717,53.190104
5271.573746,53.190104
5271.700775,53.190104
5271.827804,53.125
5271.954833,53.059896
5272.081862,53.059896
5272.208891,53.059896
5272.3359199999995,52.994792
5272.589978,52.994792
5272.717007,53.059896
5272.8440359999995,53.059896
5272.971065,53.059896
5273.098094,53.059896
5273.225122,53.059896
5273.352151,53.059896
5273.47918,53.059896
5273.606209,53.059896
5273.733238,53.059896
5273.860267,52.994792
5278.30628,53.841146
5278.433309,53.90625
5278.560338,53.971354
5278.6873669999995,53.971354
5278.814396,53.971354
5278.941425,53.971354
5279.068453,53.971354
5279.195482,53.971354
5279.322511,53.971354
5279.44954,53.90625
5279.576569,53.841146
5279.703598,53.841146
5279.830626999999,53.841146
5279.957656,53.841146
5280.084685,53.841146
5280.211714,53.90625
5280.338743,53.971354
5280.465772,56.510417
5280.592801,57.356771
5280.71983,57.356771
5280.846859,57.356771
5280.973887,57.356771
5281.100915999999,62.304688
5281.227945,62.304688
5281.354974,62.304688
5281.482003,62.304688
5281.609032,68.164062
5281.736061,68.164062
5281.86309,68.164062
5281.990119,68.164062
5282.117147999999,68.164062
5282.244177,68.164062
5282.371206,68.164062
5282.498235,68.164062
5282.625264,68.164062
5282.752293,68.164062
5282.879321,68.164062
5283.00635,68.164062
5283.133379,67.96875
5283.260408,67.96875
5283.387436999999,67.057292
5283.514466,67.057292
5283.641495,64.583333
5283.768524,64.583333
5283.895553,64.583333
5284.022582,64.583333
5284.149611,63.020833
5284.27664,63.020833
5284.403669,63.020833
5284.530698,63.020833
5284.657727,63.020833
5284.784755,63.020833
5291.771347,62.760417
5291.898376,62.760417
5292.025405,63.020833
5292.152434,63.020833
5292.279463,63.020833
5292.406492,63.020833
5292.53352,63.020833
5292.660549,63.020833
5292.7875779999995,63.020833
5292.914607,63.020833
5293.041636,62.5
5293.168665,62.5
5294.184897,59.570312
5294.311926,59.570312
5294.438955,59.570312
5294.5659829999995,59.570312
5294.693012,59.570312
5294.820041,59.570312
5294.94707,59.570312
5295.0740989999995,59.375
5295.201128,59.309896
5295.328157,58.854167
5295.455186,58.789062
5295.582215,58.59375
5295.709244,58.528646
5295.836273,58.463542
5295.963302,58.398438
5296.090330999999,58.203125
5296.21736,58.203125
5296.344389,58.203125
5296.471417,58.203125
5296.598446,58.203125
5296.725475,58.203125
5296.8525039999995,58.203125
5296.979533,58.203125
5297.106562,58.203125
5297.233591,58.203125
5297.3606199999995,58.203125
5297.487649,58.203125
5297.614678,58.203125
5297.741707,58.203125
5297.868736,58.203125
5297.995765,58.203125
5298.122794,58.203125
5298.249823,58.203125
5298.376851,58.203125
5298.50388,58.203125
5298.6309089999995,58.203125
5298.757938,57.942708
5298.884967,57.942708
5299.011996,57.552083
5299.1390249999995,57.552083
5299.266054,57.291667
5299.393083,57.291667
5299.520112,56.25
5299.6471409999995,56.25
5299.77417,56.25
5299.901199,56.25
5300.028228,55.208333
5300.155257,55.208333
5300.282285,55.208333
5300.4093139999995,55.208333
5300.536343,55.208333
5300.663372,55.208333
5300.790401,55.078125
5300.9174299999995,55.078125
5301.044459,55.078125
5301.171488,55.078125
5301.298517,55.078125
5301.4255459999995,55.078125
5301.552575,55.078125
5301.679604,55.078125
5301.806633,54.947917
5301.9336619999995,54.947917
5302.060691,47.395833
5302.18772,47.395833
5302.314748,47.395833
5302.441777,47.395833
5302.568806,46.614583
5302.6958349999995,46.614583
5302.822864,46.09375
5302.949893,46.09375
5303.076922,37.890625
5303.2039509999995,37.890625
5303.33098,37.760417
5303.458009,37.695312
5303.585038,36.263021
5303.7120669999995,36.263021
5303.839096,35.611979
5303.966125,35.611979
5304.347211,27.408854
5305.9985879999995,15.690104
5306.125616,15.690104
5306.252645,15.690104
5306.379674,15.690104
5306.506703,15.690104
5306.633732,15.690104
5306.760761,15.690104
5306.88779,15.690104
5307.014819,15.690104
5307.141848,15.690104
5307.2688769999995,16.210938
5307.395906,16.210938
5307.522935,16.601562
5307.649964,16.601562
5307.7769929999995,16.861979
5307.904022,16.861979
5308.03105,16.861979
5308.158079,16.861979
5308.285108,16.861979
5308.412137,16.861979
5308.539166,16.861979
5308.666195,16.861979
5308.793224,16.080729
5308.920253,16.080729
5309.0472819999995,15.820312
5309.174311,15.820312
5309.30134,15.429688
5309.428369,15.429688
5309.5553979999995,14.908854
5309.682427,14.908854
5309.809456,14.648438
5309.936484,14.648438
5314.890613,11.914062
5315.017642,11.914062
5315.144671,11.914062
5315.2717,11.914062
5315.398729,11.914062
5315.525758,11.914062
5315.652787,11.914062
5315.779815,11.914062
5317.177134,13.867188
5317.304163,13.867188
5317.431192,13.867188
5317.558221,13.867188
5317.685249,13.867188
5317.812277999999,13.867188
5317.939307,13.867188
5318.066336,13.867188
5318.193365,13.867188
5318.320394,13.867188
5318.447423,13.867188
5318.574452,13.867188
5318.701481,13.736979
5318.828509999999,13.736979
5318.955539,13.736979
5319.082568,13.736979
5319.209597,13.736979
5319.336626,13.736979
5319.463655,13.736979
5319.590684,13.736979
5319.717712,13.736979
5319.844741,13.736979
5319.97177,13.736979
5320.098798999999,13.736979
5320.225828,13.736979
5320.352857,13.736979
5320.479886,13.736979
5320.606915,13.736979
5324.290754,21.940104
5324.417783,21.940104
5324.544812,21.940104
5324.671840999999,21.940104
5324.79887,21.940104
5324.925899,21.940104
5325.052928,21.940104
5325.179957,21.940104
5325.815101,23.046875
5325.942129999999,23.046875
5326.069159,23.046875
5326.196188,23.046875
5326.323217,23.046875
5326.450246,23.046875
5326.577275,23.046875
5326.704304,23.046875
5326.831333,20.703125
5326.958361999999,20.703125
5327.085391,20.703125
5327.21242,20.703125
5327.339449,20.703125
5327.466477,20.703125
5327.593506,20.703125
5327.7205349999995,20.703125
5327.847564,20.572917
5327.974593,20.572917
5328.101622,20.442708
5328.228650999999,20.442708
5328.35568,20.3125
5328.482709,20.3125
5328.609738,20.3125
5328.736767,20.3125
5328.863796,20.3125
5328.990825,20.3125
5329.117854,20.3125
5329.244882999999,20.3125
5329.371911,20.182292
5329.4989399999995,20.182292
5330.896259,16.666667
5331.023288,16.666667
5331.150317,16.666667
5331.2773449999995,16.666667
5331.404374,16.666667
5331.531403,16.666667
5331.658432,16.666667
5331.7854609999995,16.666667
5332.420606,17.96875
5332.547635,17.96875
5332.674664,17.96875
5332.801692999999,17.96875
5332.928722,17.96875
5333.055751,17.96875
5333.182779,17.96875
5333.309808,17.96875
5333.436837,17.96875
5333.5638659999995,17.96875
5334.707127,18.75
5334.834156,18.75
5334.961185,18.75
5335.088213999999,18.75
5335.215242,18.75
5335.3422709999995,18.75
5335.4693,18.75
5335.596329,18.75
5340.169371,14.908854
5340.2964,14.908854
5340.4234289999995,14.908854
5340.550458,14.908854
5340.677487,14.908854
5340.804516,14.908854
5340.931544,14.908854
5341.947776,15.429688
5342.074805,15.429688
5342.2018339999995,15.559896
5342.328863,15.755208
5342.455892,15.755208
5342.582921,15.755208
5342.7099499999995,15.755208
5342.836977999999,15.755208
5342.964007,15.755208
5343.091036,15.755208
5343.218065,15.755208
5343.345094,15.755208
5343.472123,15.755208
5343.599152,15.755208
5343.726181,15.755208
5343.85321,15.755208
5343.9802389999995,15.755208
5344.107268,15.755208
5344.234297,15.690104
5344.361326,15.494792
5344.4883549999995,15.429688
5344.615384,15.234375
5344.742413,15.169271
5344.869441,15.104167
5344.99647,15.039062
5345.123499,14.973958
5345.250528,14.973958
5345.377557,14.973958
5345.504586,14.973958
5345.631615,14.973958
5345.758644,14.973958
5345.885673,14.973958
5346.012702,14.908854
5348.299223,73.502604
5348.426252,73.502604
5348.5532809999995,73.502604
5348.680308999999,73.502604
5348.807338,73.502604
5348.934367,73.502604
5349.061396,73.502604
5351.601975,14.127604
5351.729004,14.127604
5351.856033,14.127604
5351.983062,14.127604
5352.110091,14.127604
5352.23712,14.127604
5352.364149,14.127604
5352.491178,14.127604
5352.618206,14.908854
5352.745235,14.908854
5352.872264,14.908854
5352.999293,14.908854
5353.126322,14.908854
5353.253350999999,14.908854
5353.38038,14.908854
5353.507409,14.908854
5353.634438,14.192708
5353.761467,14.192708
5353.888496,14.192708
5354.015525,14.127604
5354.142554,14.127604
5354.269583,14.127604
5354.396612,14.127604
5354.523639999999,14.127604
5354.650669,14.127604
5354.777698,14.127604
5354.904727,14.127604
5355.031756,14.127604
5355.158785,14.127604
5355.285814,14.127604
5355.412843,14.127604
5355.539871999999,14.127604
5355.666901,14.127604
5355.79393,14.127604
5355.920959,14.127604
5356.047988,14.127604
5356.175017,14.127604
5356.302046,14.127604
5356.683132,12.955729
5356.810160999999,12.955729
5356.93719,12.955729
5357.064219,12.955729
5357.191248,12.955729
5357.318277,12.955729
5357.445306,12.955729
5357.572335,12.955729
5359.731827,12.955729
5359.858856,12.955729
5359.985885,12.955729
5360.112913999999,12.955729
5360.239943,12.955729
5360.3669709999995,12.955729
5360.494,12.955729
5360.621029,12.955729
5360.748058,12.955729
5360.875087,12.955729
5361.002116,12.955729
5361.129145,12.955729
5361.256174,12.955729
5361.383202999999,12.955729
5361.510232,12.955729
5361.637261,12.955729
5361.76429,12.955729
5361.891319,12.955729
5362.018348,12.955729
5362.145377,12.955729
5362.272405,12.955729
5362.399434,12.955729
5362.526463,12.955729
5362.6534919999995,12.955729
5362.780521,12.955729
5362.90755,12.955729
5371.29146,12.955729
5371.418489,12.955729
5371.545518,12.955729
5371.672547,12.955729
5371.799575999999,12.955729
5371.926604,12.955729
5372.0536329999995,12.955729
5389.456597,6.770833
5389.583626,6.770833
5389.710655,6.770833
5389.837684,6.770833
5389.964712999999,6.770833
5390.091742,6.770833
5390.218771,6.770833
5390.3458,6.770833
5391.362031,5.598958
5391.48906,5.598958
5391.616089,5.598958
5391.743118,5.598958
5391.870147,5.598958
5391.997176,5.598958
5392.124205,5.598958
5392.251233999999,5.598958
5392.378263,5.598958
5392.505292,5.598958
5392.632321,5.598958
5392.75935,5.598958
5392.886379,5.598958
5393.013408,5.598958
5393.140437,5.533854
5396.189131,3.645833
5396.31616,3.645833
5396.443189,3.645833
5396.570218,3.645833
5396.697247,3.645833
5396.824275999999,3.645833
5396.951305,3.645833
5402.28652,1.757812
5402.413549,1.757812
5402.540578,1.757812
5402.667606999999,1.757812
5402.794636,1.757812
5402.9216639999995,1.757812
5403.048693,1.757812
5403.175722,1.757812
5403.302751,1.757812
5403.4297799999995,1.757812
5403.556809,1.757812
5403.683838,1.757812
5403.810867,1.757812
5403.9378959999995,1.757812
5404.064925,1.757812
5404.191954,1.757812
5404.318983,1.757812
5404.446012,1.757812
5404.573041,1.757812
5404.70007,1.757812
5404.827098,1.757812
5404.954127,1.757812
5405.081156,1.757812
5405.2081849999995,1.757812
5405.335214,1.757812
5405.462243,1.757812
5405.589272,1.888021
5405.7163009999995,1.888021
5405.84333,1.888021
5405.970359,1.888021
5406.097388,1.888021
5406.224416999999,1.888021
5406.351446,1.888021
5406.478475,1.888021
5406.605504,1.757812
5406.732532,1.757812
5406.859561,1.757812
5406.9865899999995,1.757812
5407.113619,1.757812
5407.240648,1.757812
5407.367677,1.757812
5407.4947059999995,1.757812
5407.621735,1.757812
5407.748764,1.757812
5407.875793,1.757812
5408.002822,1.757812
5408.129851,1.627604
5408.25688,1.627604
5408.383909,1.627604
5408.510937999999,1.627604
5408.637967,1.627604
5408.7649949999995,1.627604
5408.892024,1.627604
5409.019053,1.627604
5409.146082,1.627604
5409.2731109999995,1.627604
5417.529992,12.369792
5417.657021,12.369792
5417.78405,12.369792
5417.9110789999995,12.369792
5418.038108,12.369792
5418.165137,12.369792
5418.292166,12.369792
5420.1975999999995,15.494792
5420.324628,15.494792
5420.451657,15.494792
5420.578686,15.494792
5420.705715,15.494792
5420.832743999999,15.494792
5420.959773,15.494792
5421.086802,15.494792
5421.213831,15.494792
5421.34086,15.494792
5426.803104,20.963542
5426.930133,20.963542
5427.057162,20.963542
5427.184191,20.963542
5427.31122,20.963542
5427.438249,20.963542
5427.565278,20.963542
5427.692307,20.963542
5427.819336,20.963542
5427.946365,20.963542
5431.630204,22.786458
5431.757233,22.786458
5431.884261,22.786458
5432.01129,22.786458
5432.138319,22.786458
5432.265348,22.786458
5432.392377,22.786458
5432.519405999999,22.786458
5437.98165,25.130208
5438.108679,25.130208
5438.235708,25.130208
5438.3627369999995,25.130208
5438.489766,25.130208
5438.616795,25.130208
5438.743824,25.130208
5438.870853,25.130208
5440.903316,20.507812
5441.030345,20.507812
5441.157374,20.507812
5441.284403,20.507812
5441.411432,20.507812
5441.538461,20.507812
5441.665489,20.507812
5441.792518,20.182292
5441.9195469999995,20.182292
5442.046576,20.182292
5442.173605,20.182292
5442.300634,20.182292
5442.4276629999995,20.052083
5442.554692,20.052083
5442.681721,19.791667
5442.80875,19.791667
5442.9357789999995,17.447917
5443.062808,17.447917
5443.189837,17.447917
5443.316866,17.447917
5443.443895,17.447917
5443.570923,17.382812
5443.6979519999995,17.382812
5443.824981,17.382812
5444.2060679999995,19.335938
5444.333097,19.335938
5444.460126,19.335938
5444.587155,19.335938
5444.7141839999995,19.335938
5444.841213,19.335938
5444.968242,19.335938
5445.095271,19.335938
5445.222299999999,19.335938
5445.349329,19.335938
5445.476357,19.335938
5445.603386,19.335938
5445.730415,12.825521
5445.857444,12.825521
5445.9844729999995,12.825521
5446.111502,12.825521
5446.238531,12.825521
5446.36556,12.825521
5446.4925889999995,12.565104
5446.619618,12.565104
5446.746647,12.434896
5446.873676,12.434896
5447.0007049999995,12.434896
5447.127734,12.434896
5447.254763,12.434896
5447.381791,12.434896
5447.50882,8.723958
5447.635849,8.723958
5447.762878,8.723958
5447.889907,8.723958
5448.016936,8.723958
5448.143965,8.723958
5448.2709939999995,8.723958
5448.398023,8.723958
5448.525052,8.138021
5448.652081,8.138021
5448.7791099999995,8.138021
5448.906139,8.138021
5449.033168,8.138021
5449.160197,8.138021
5449.287226,8.138021
5449.414254,8.138021
5459.44954,18.684896
5459.576569,18.684896
5459.703598,18.684896
5459.830626999999,18.684896
5459.957656,18.684896
5460.084685,18.684896
5460.211714,18.684896
5460.338743,18.684896
5461.736061,14.127604
5461.86309,14.127604
5461.990119,14.127604
5462.117147999999,14.127604
5462.244177,14.127604
5462.371206,14.127604
5462.498235,14.127604
5462.625264,14.127604
5462.752293,14.127604
5462.879321,14.127604
5463.00635,14.127604
5463.133379,14.127604
5463.260408,14.127604
5463.387436999999,14.127604
5463.895553,12.955729
5464.022582,12.955729
5464.149611,12.955729
5464.27664,12.955729
5464.403669,12.955729
5464.530698,12.955729
5464.657727,12.955729
5466.817218,12.825521
5466.944246999999,12.825521
5467.071276,12.825521
5467.198305,12.825521
5467.325334,12.825521
5467.452363,12.825521
5467.579392,12.825521
5467.706421,12.825521
5481.679604,7.161458
5481.806633,7.161458
5481.9336619999995,7.161458
5482.060691,7.161458
5482.18772,7.161458
5482.314748,7.161458
5482.441777,7.161458
5482.568806,7.161458
5482.6958349999995,7.421875
5482.822864,7.421875
5482.949893,7.421875
5483.076922,7.421875
5483.2039509999995,7.421875
5483.33098,7.421875
5483.458009,7.421875
5483.585038,7.421875
5487.2688769999995,8.203125
5487.395906,8.203125
5487.522935,8.203125
5487.649964,8.203125
5487.7769929999995,8.203125
5487.904022,8.203125
5488.03105,8.203125
5488.158079,8.203125
5488.285108,7.942708
5488.412137,7.942708
5488.539166,7.942708
5488.666195,7.942708
5488.793224,7.942708
5488.920253,7.942708
5489.0472819999995,7.942708
5489.174311,7.942708
5490.317571,6.705729
5490.4446,6.770833
5490.571629,6.770833
5490.698658,6.770833
5490.825687,6.770833
5490.952716,6.770833
5491.079745,6.770833
5491.206774,6.770833
5491.3338029999995,6.770833
5491.460832,6.770833
5491.587861,6.770833
5491.71489,6.770833
5491.8419189999995,6.770833
5491.968946999999,6.705729
5492.095976,6.705729
5492.223005,6.705729
5492.350034,6.705729
5492.477063,6.705729
5492.604092,6.705729
5492.731121,6.705729
5492.85815,6.705729
5492.985179,6.705729
5493.112208,6.705729
5493.239237,6.705729
5493.366266,6.705729
5493.493295,6.705729
5493.6203239999995,6.705729
5493.747353,6.705729
5493.874381,6.705729
5494.00141,6.705729
5494.128439,6.705729
5494.255467999999,6.705729
5494.382497,6.705729
5494.509526,6.705729
5494.636555,6.705729
5494.763584,6.705729
5494.890613,6.705729
5495.017642,6.705729
5495.144671,6.705729
5495.2717,6.705729
5495.398729,6.705729
5495.525758,6.705729
5495.652787,6.705729
5495.779815,6.705729
5495.906844,7.356771
5496.033873,7.356771
5496.160902,7.486979
5496.287931,7.486979
5496.41496,7.486979
5496.541988999999,7.486979
5496.669018,7.486979
5496.796047,7.486979
5496.923076,7.486979
5497.050105,7.486979
5498.955539,6.575521
5499.082568,6.575521
5499.209597,6.575521
5499.336626,6.575521
5499.463655,6.575521
5499.590684,6.575521
5499.717712,6.575521
5499.844741,6.575521
5499.97177,5.533854
5500.098798999999,5.533854
5500.225828,5.533854
5500.352857,5.533854
5500.479886,5.533854
5500.606915,5.533854
5500.733944,5.533854
5500.860973,5.533854
5500.988002,5.533854
5501.115030999999,5.533854
5501.24206,5.533854
5501.369089,5.533854
5501.496118,5.533854
5501.623146,5.533854
5501.750175,5.403646
5501.877204,5.403646
5502.004233,5.273438
5502.131262,5.273438
5502.258291,4.882812
5502.385319999999,4.882812
5502.512349,3.710938
5502.639378,3.710938
5502.766407,3.710938
5502.893436,3.710938
5503.020465,3.710938
5503.147494,3.710938
5503.274523,3.710938
5503.401552,3.710938
5503.52858,2.539062
5503.6556089999995,2.539062
5503.782638,2.539062
5503.909667,2.539062
5504.036696,2.539062
5504.163725,2.539062
5504.290754,2.539062
5504.417783,2.539062
5504.544812,2.408854
5504.671840999999,2.408854
5504.925899,1.757812
5505.052928,1.627604
5505.179957,1.627604
5506.577275,0.976562
5506.704304,0.976562
5506.831333,0.976562
5506.958361999999,0.976562
5507.085391,1.757812
5507.21242,1.757812
5507.339449,1.757812
5507.466477,1.757812
5507.593506,2.148438
5507.7205349999995,2.148438
5507.847564,2.148438
5507.974593,2.148438
5508.101622,2.148438
5508.228650999999,2.148438
5508.35568,2.148438
5508.482709,2.148438
5508.609738,2.148438
5508.736767,2.148438
5509.117854,2.018229
5509.244882999999,2.018229
5509.371911,2.018229
5509.4989399999995,2.018229
5509.625969,2.018229
5509.752998,2.018229
5509.880027,2.018229
5510.007056,2.018229
5510.388143,6.315104
5510.515171999999,6.315104
5510.642201,6.315104
5510.76923,6.315104
5510.896259,6.315104
5511.023288,6.315104
5511.150317,6.315104
5511.2773449999995,6.315104
5511.404374,6.315104
5511.531403,6.315104
5511.658432,6.315104
5511.7854609999995,6.315104
5511.91249,6.315104
5512.039519,6.315104
5512.166548,6.315104
5512.293577,6.315104
5512.420606,6.315104
5512.547635,6.315104
5512.674664,0.716146
5512.801692999999,0.716146
5512.928722,0.716146
5513.055751,0.716146
5513.182779,0.716146
5513.309808,0.716146
5513.436837,7.356771
5513.5638659999995,7.356771
5513.690895,7.356771
5513.817924,7.356771
5513.944953,7.356771
5514.0719819999995,7.356771
5514.199011,7.356771
5514.32604,7.356771
5514.707127,7.617188
5514.834156,7.617188
5514.961185,7.617188
5515.088213999999,7.617188
5515.215242,7.617188
5515.3422709999995,7.617188
5515.4693,7.617188
5515.596329,7.617188
5519.534226,8.59375
5519.661255,8.59375
5519.788284,8.59375
5519.9153129999995,8.59375
5520.042342,8.59375
5520.169371,8.59375
5520.2964,8.723958
5520.4234289999995,8.723958
5520.550458,8.723958
5520.677487,8.723958
5520.804516,8.723958
5520.931544,8.723958
5521.058573,8.723958
5521.185602,8.723958
5521.312631,8.723958
5521.43966,8.723958
5521.566689,7.8125
5521.6937179999995,7.8125
5521.820747,7.8125
5521.947776,7.8125
5522.328863,7.942708
5522.455892,7.942708
5522.582921,7.942708
5522.7099499999995,7.942708
5522.836977999999,7.942708
5522.964007,7.942708
5523.091036,7.942708
5523.218065,7.942708
5523.345094,7.942708
5523.472123,7.942708
5523.599152,7.8125
5523.726181,7.8125
5523.85321,7.8125
5523.9802389999995,7.8125
5524.107268,7.8125
5524.234297,7.8125
5524.361326,7.8125
5524.4883549999995,7.8125
5524.615384,7.8125
5524.742413,7.8125
5524.869441,7.942708
5524.99647,7.942708
5525.123499,7.942708
5525.250528,7.942708
5525.377557,7.942708
5525.504586,7.942708
5525.631615,7.942708
5525.758644,7.942708
5525.885673,7.942708
5526.012702,7.942708
5526.139731,7.942708
5526.2667599999995,7.942708
5526.393789,7.942708
5526.520818,7.942708
5526.647847,7.942708
5526.774875,7.942708
5526.901904,7.942708
5527.028933,7.942708
5527.155962,7.942708
5527.282991,7.942708
5527.41002,7.942708
5527.537049,7.942708
5527.664078,7.942708
5527.791107,7.942708
5527.918136,7.942708
5528.0451649999995,7.942708
5528.172194,7.942708
5528.299223,7.942708
5528.426252,7.942708
5528.5532809999995,7.942708
5528.680308999999,7.942708
5528.807338,7.942708
5528.934367,7.942708
5529.061396,7.942708
5529.188425,7.942708
5529.315454,7.942708
5529.442483,7.942708
5529.569512,7.942708
5529.696541,7.942708
5529.82357,7.942708
5529.950599,7.942708
5530.077628,7.942708
5530.204657,7.942708
5530.3316859999995,7.942708
5530.458715,7.942708
5530.585743,7.942708
5530.712772,7.942708
5530.839801,7.942708
5530.966829999999,7.942708
5531.093859,7.942708
5531.220888,7.942708
5531.347917,7.942708
5531.474946,7.942708
5531.601975,7.942708
5531.729004,7.942708
5531.856033,7.942708
5531.983062,7.942708
5532.110091,7.942708
5532.23712,7.942708
5532.364149,7.942708
5532.491178,7.942708
5532.618206,7.942708
5532.745235,7.942708
5532.872264,7.942708
5532.999293,7.942708
5533.126322,7.942708
5533.253350999999,7.942708
5533.38038,7.942708
5533.507409,7.942708
5533.634438,7.942708
5533.761467,7.942708
5533.888496,7.942708
5534.015525,7.942708
5534.142554,7.942708
5534.269583,7.942708
5534.396612,7.942708
5534.523639999999,7.942708
5534.650669,7.942708
5534.777698,7.942708
5534.904727,7.942708
5535.031756,7.942708
5535.158785,7.942708
5535.285814,7.942708
5535.412843,7.942708
5535.539871999999,7.942708
5535.666901,7.942708
5535.79393,7.942708
5535.920959,7.942708
5536.047988,7.942708
5536.175017,7.942708
5536.302046,7.942708
5536.429074,7.942708
5536.556103,7.942708
5536.683132,7.942708
5536.810160999999,7.942708
5536.93719,7.942708
5537.064219,7.942708
5537.191248,7.942708
5537.318277,7.942708
5537.445306,7.942708
5537.572335,7.942708
5538.588566,8.59375
5538.715595,8.59375
5538.842624,8.59375
5538.969653,8.59375
5539.096681999999,8.59375
5539.223711,8.59375
5539.35074,8.59375
5539.477769,8.59375
5539.604798,8.528646
5540.239943,8.658854
5540.3669709999995,8.658854
5540.494,8.658854
5540.621029,8.658854
5540.748058,8.658854
5540.875087,8.658854
5541.002116,8.658854
5541.129145,8.658854
5541.256174,8.658854
5541.383202999999,8.658854
5541.510232,8.658854
5541.637261,8.658854
5541.76429,8.658854
5541.891319,8.658854
5542.018348,8.658854
5542.145377,8.658854
5542.272405,12.955729
5542.399434,12.955729
5542.526463,13.606771
5542.6534919999995,13.606771
5542.780521,13.606771
5542.90755,15.299479
5543.034579,15.299479
5543.161608,15.299479
5543.288637,15.299479
5543.415666,15.299479
5543.542695,15.299479
5543.669723999999,15.299479
5543.796753,15.299479
5544.177839,22.721354
5544.304868,22.721354
5544.4318969999995,22.981771
5544.558926,22.981771
5544.685955,22.981771
5544.812984,22.981771
5544.940012999999,22.981771
5545.067042,22.981771
5545.194071,22.981771
5545.3211,22.981771
5545.448129,22.591146
5545.575158,22.591146
5545.702187,22.070312
5545.829216,22.070312
5545.956244999999,21.028646
5546.083273,21.028646
5546.591389,15.169271
5546.7184179999995,15.169271
5546.845447,15.169271
5546.972476,15.169271
5547.099505,15.169271
5547.226533999999,15.169271
5547.353563,15.169271
5547.480592,13.476562
5547.607621,13.476562
5547.73465,13.476562
5547.861679,13.476562
5547.988708,13.476562
5548.115736,13.476562
5548.242765,13.476562
5548.369794,13.346354
5548.4968229999995,13.346354
5548.623852,12.955729
5548.750881,12.955729
5548.87791,12.955729
5549.004939,12.955729
5557.26182,6.835938
5557.388849,6.835938
5557.515878,6.835938
5557.6429069999995,6.835938
5557.769935,6.835938
5557.896964,6.835938
5558.023993,19.596354
5558.151022,19.596354
5558.278051,19.596354
5558.4050799999995,19.596354
5558.532109,19.596354
5558.659138,19.596354
5558.786167,19.596354
5558.9131959999995,19.596354
5559.040225,19.596354
5559.167254,19.596354
5559.294283,6.705729
5559.4213119999995,6.705729
5559.548341,6.705729
5559.675369,6.705729
5559.802398,6.705729
5559.929427,6.705729
5560.056456,6.705729
5560.183485,6.705729
5560.310514,6.705729
5560.437543,6.705729
5560.564572,5.794271
5560.6916009999995,5.794271
5560.81863,5.794271
5560.945659,5.794271
5561.072688,5.794271
5561.1997169999995,5.794271
5561.326746,5.794271
5561.453775,5.794271
5561.580803,5.794271
5561.707832,5.794271
5561.834860999999,5.794271
5561.96189,5.794271
5562.088919,5.794271
5562.215948,5.794271
5562.342977,5.794271
5562.470006,5.794271
5562.597035,5.794271
5562.724064,5.794271
5562.851093,5.794271
5562.9781219999995,5.729167
5563.105151,5.664062
5563.23218,5.598958
5563.359209,5.338542
5563.486237,5.338542
5563.613266,5.208333
5563.740295,5.208333
5563.867324,4.947917
5563.994353,4.947917
5564.121381999999,4.817708
5564.248411,4.817708
5564.37544,4.817708
5564.502469,4.817708
5564.629498,4.817708
5564.756527,4.817708
5564.883556,4.817708
5565.010585,4.817708
5565.137614,4.817708
5565.2646429999995,4.817708
5565.391672,4.817708
5565.5187,4.882812
5565.645729,4.947917
5565.772758,4.947917
5565.899787,4.947917
5566.026816,4.947917
5566.153845,4.947917
5566.280874,4.947917
5566.407903,4.947917
5566.534932,4.947917
5566.661961,4.947917
5566.78899,4.947917
5566.916019,4.947917
5567.0430479999995,4.947917
5567.170077,4.947917
5567.297106,4.947917
5567.424134,4.947917
5567.551163,4.947917
5567.678191999999,4.817708
5567.805221,4.817708
5567.93225,4.947917
5568.059279,4.947917
5568.186308,4.947917
5568.313337,4.947917
5568.440366,4.947917
5568.567395,4.947917
5568.694424,4.947917
5568.821453,4.947917
5568.948482,4.947917
5569.075511,4.947917
5569.20254,4.947917
5569.329568,4.947917
5569.456597,4.817708
5569.583626,4.817708
5569.710655,4.427083
5569.837684,4.427083
5569.964712999999,3.645833
5570.091742,3.645833
5570.218771,3.645833
5570.3458,3.645833
5570.472829,3.645833
5570.599858,3.645833
5570.726887,3.645833
5570.853916,3.645833
5570.980945,3.645833
5571.107974,3.645833
5571.235001999999,3.645833
5571.362031,3.645833
5571.48906,3.645833
5571.616089,3.645833
5571.743118,3.645833
5571.870147,3.645833
5571.997176,3.645833
5572.124205,3.645833
5572.251233999999,3.645833
5572.378263,3.645833
5572.505292,3.645833
5572.632321,3.645833
5572.632321,95.058518
5572.75935,95.058518
5572.8863790000005,95.058518
5573.013408,95.058518
5573.140437,94.993498
5588.637967,19.505852
5588.764996,19.505852
5588.892025,19.505852
5589.019054,19.505852
5589.146082,19.505852
5589.273111,19.505852
5589.40014,19.505852
5589.527169,19.505852
5591.940719,4.746424
5592.067748,4.746424
5592.194777,5.006502
5592.321806,5.006502
5592.448835,5.006502
5592.575864,5.006502
5592.702893,5.006502
5592.829922,5.006502
5592.95695,5.006502
5593.083979,5.006502
5593.211008,5.006502
5593.338037,5.006502
5593.465066,4.876463
5593.592095,4.876463
5593.719124,4.746424
5593.846153,4.746424
5601.34086,3.836151
5601.4678890000005,3.836151
5601.594918,3.836151
5601.721947,3.836151
5601.848976,3.836151
5601.976005,3.836151
5602.103034,3.836151
5602.230063,3.836151
5602.484121,5.396619
5602.61115,5.461638
5602.738178,5.526658
5602.865207,5.526658
5602.992236,5.526658
5603.119265,5.526658
5603.2462940000005,5.526658
5603.373323,5.526658
5603.500352,5.526658
5603.627381,5.526658
5603.7544100000005,5.526658
5603.881439,4.486346
5604.008468,4.486346
5604.135497,4.486346
5604.262526,4.486346
5604.389555,4.096229
5604.516584,4.096229
5630.557515,99.609883
5630.684544,99.609883
5630.811573,99.609883
5630.938602,99.609883
5631.065631,99.609883
5631.19266,99.609883
5631.319689,99.609883
5631.446718,96.488947
5638.814396,11.378414
5638.941425,11.378414
5639.068454,11.378414
5639.195483,11.378414
5639.322512,11.378414
5639.44954,11.378414
5639.576569,11.378414
5664.474241,19.505852
5664.601269,19.505852
5664.728298,19.505852
5664.855327,19.505852
5664.982356,19.505852
5665.109385,19.505852
5665.236414,19.505852
5665.363443,19.505852
5665.490472,19.505852
5679.209597,19.570871
5679.336626,19.570871
5679.4636550000005,19.570871
5679.590684,19.570871
5679.717713,19.570871
5679.844742,19.570871
5679.971771,19.570871
5680.098799,19.570871
5680.225828,19.570871
5680.352857,19.570871
5680.479886,19.570871
5680.606915,19.570871
5688.101622,94.993498
5688.228651,94.993498
5688.35568,94.993498
5688.482709,94.993498
5688.609738,94.993498
5688.736767,94.993498
5688.863796,94.993498
5814.241354,4.226268
5814.368383,4.226268
5814.495412,4.226268
5814.622441,4.226268
5814.74947,4.226268
5814.876499,4.226268
5815.003528,4.226268
5815.130557,4.226268
5815.257586,4.226268
5815.384615,4.226268
5815.511644,4.226268
5815.638672,4.226268
5815.765701,4.226268
5815.8927300000005,4.226268
5816.019759,4.226268
5816.146788,4.226268
5816.273817,4.226268
5816.4008460000005,4.226268
5816.527875,4.356307
5816.654904,4.356307
5816.781933,4.356307
5816.908962,4.356307
5817.035991,4.356307
5817.16302,4.356307
5817.290049,4.356307
5817.417078,4.356307
5817.544106,4.356307
5817.6711350000005,4.356307
5817.798164,4.356307
5817.925193,4.356307
5818.052222,4.356307
5818.1792510000005,4.356307
5818.30628,4.356307
5818.433309,4.356307
5818.560338,4.356307
5818.687367,4.356307
5818.814396,4.356307
5818.941425,4.356307
5820.592801,5.396619
5820.71983,5.396619
5820.846859,5.396619
5820.973888,5.396619
5821.100917,5.396619
5821.227946,5.396619
5821.354974,5.396619
5821.482003,5.396619
5821.609032,5.396619
5821.736061,5.396619
5821.86309,5.396619
5821.990119,5.396619
5824.149611,5.396619
5824.27664,5.396619
5824.403669,5.396619
5824.5306980000005,5.396619
5824.657727,5.396619
5824.784756,5.396619
5824.911785,5.526658
5825.0388140000005,5.526658
5825.165843,5.526658
5825.292871,5.526658
5825.4199,5.526658
5825.546929,5.526658
5825.673958,5.526658
5825.800987,5.526658
5825.928016,5.526658
5826.055045,5.526658
5826.182074,5.461638
5826.309103,5.396619
5826.436132,5.461638
5826.563161,5.461638
5826.69019,5.461638
5826.8172190000005,5.461638
5826.944248,5.461638
5827.071277,5.461638
5827.198305,5.461638
5827.325334,5.396619
5827.452363,5.396619
5827.579392,5.396619
5827.706421,5.461638
5827.83345,5.526658
5827.960479,5.526658
5828.087508,5.526658
5828.214537,5.526658
5828.341566,5.526658
5828.468595,5.526658
5828.595624,5.526658
5828.722653,5.526658
5828.849682,5.526658
5828.976711,5.526658
5829.103739,5.526658
5829.230768,5.526658
5829.357797,5.526658
5829.484826,5.526658
5829.611855,5.526658
5829.738884,5.526658
5829.865913,5.526658
5829.992942,5.526658
5830.119971,5.526658
5830.247,5.526658
5830.3740290000005,5.526658
5830.501058,5.526658
5830.628087,5.526658
5830.755116,5.526658
5830.882145,5.526658
5831.009174,5.526658
5831.136202,5.526658
5831.263231,5.526658
5831.39026,5.526658
5831.517289,5.526658
5831.644318,5.526658
5831.771347,5.526658
5831.898376,5.526658
5832.025405,5.526658
5832.152434,5.526658
5832.279463,5.526658
5832.787579,5.526658
5832.914608,5.526658
5833.041636,5.526658
5833.168665,5.526658
5833.295694,5.526658
5833.422723,5.526658
5833.549752,5.526658
5833.676781,5.526658
5833.80381,5.526658
5833.930839,5.526658
5834.057868,5.526658
5834.184897,5.526658
5834.311926,5.526658
5834.438955,5.526658
5834.565984,5.526658
5834.693013,5.526658
5834.820042,5.526658
5834.94707,5.526658
5835.074099,5.526658
5835.201128,5.526658
5835.328157,5.526658
5835.455186,5.526658
5835.582215,5.526658
5835.709244,6.176853
5835.836273,6.176853
5835.963302,6.176853
5836.090331,6.176853
5836.21736,6.176853
5836.344389,6.176853
5836.471418,6.176853
5836.598447,6.176853
5836.725476,6.176853
5836.852504,6.176853
5836.979533,6.176853
5837.106562,6.176853
5837.233591,6.176853
5837.36062,6.111834
5838.376852,6.176853
5838.503881,6.176853
5838.63091,6.176853
5838.757939,6.306892
5838.884967,6.306892
5839.011996,6.306892
5839.139025,6.306892
5839.266054,6.306892
5839.393083,6.306892
5839.520112,6.306892
5839.647141,6.306892
5840.028228,7.347204
5840.155257,7.347204
5840.282286,7.347204
5840.409315,7.347204
5840.536344,7.347204
5840.663373,7.347204
5840.790401,7.347204
5840.91743,7.282185
5842.314749,7.217165
5842.441778,7.217165
5842.568807,7.217165
5842.695835,7.217165
5842.822864,7.217165
5842.949893,7.217165
5843.076922,7.217165
5843.203951,7.217165
5843.33098,7.217165
5843.458009,7.217165
5843.585038,7.217165
5843.712067,7.217165
5843.839096,7.217165
5843.966125,7.217165
5844.093154,7.217165
5844.220183,7.217165
5844.347212,7.217165
5844.855327,7.282185
5844.982356,7.347204
5845.109385,7.412224
5845.236414,7.412224
5845.363443,7.412224
5845.490472,7.412224
5845.617501,7.412224
5845.74453,7.412224
5845.871559,7.412224
5845.998588,7.412224
5846.125617,7.412224
5846.252646,7.412224
5846.379675,7.412224
5846.506703,7.412224
5846.633732,7.412224
5846.7607610000005,7.412224
5859.4636550000005,97.919376
5859.590684,97.919376
5859.717713,97.919376
5859.844742,97.919376
5859.971771,97.919376
5860.098799,97.919376
5860.225828,97.919376
5863.401552,7.672302
5863.5285810000005,7.672302
5863.65561,7.672302
5863.782639,7.672302
5863.909668,7.672302
5864.036696,7.672302
5864.163725,7.672302
5864.290754,7.672302
5864.417783,7.672302
5864.544812,7.672302
5864.925899,5.071521
5865.052928,5.071521
5865.179957,5.071521
5865.306986,5.071521
5865.434015,5.071521
5865.561044,5.071521
5865.688073,5.461638
5865.8151020000005,5.461638
5865.94213,5.461638
5866.069159,5.461638
5866.196188,5.461638
5866.323217,5.461638
5866.450246,5.461638
5866.577275,5.461638
5866.704304,12.093628
5866.831333,12.093628
5866.958362,12.093628
5867.0853910000005,12.093628
5867.21242,12.093628
5867.339449,12.093628
5867.466478,12.093628
5867.593507,12.093628
5867.720536,12.093628
5867.847564,12.093628
5867.974593,8.712614
5868.101622,8.712614
5868.228651,8.712614
5868.35568,8.712614
5868.482709,8.712614
5868.609738,8.712614
5868.736767,4.421326
5868.863796,4.421326
5868.990825,4.421326
5869.117854,4.421326
5869.244883,6.892068
5869.3719120000005,6.892068
5869.498941,7.412224
5869.62597,7.412224
5869.752998,7.412224
5869.880027,7.412224
5870.007056,7.412224
5870.134085,7.412224
5870.261114,7.412224
5870.388143,7.412224
5870.515172,7.412224
5870.642201,7.412224
5870.76923,7.412224
5870.896259,7.412224
5871.023288,7.412224
5871.150317,7.412224
5871.277346,7.412224
5871.404375,7.412224
5871.531404,7.282185
5871.6584330000005,7.282185
5871.785461,5.851756
5871.91249,5.851756
5872.039519,5.851756
5872.166548,5.851756
5872.293577,5.461638
5872.420606,5.461638
5872.547635,5.461638
5872.674664,5.461638
5872.801693,5.20156
5872.928722,5.20156
5873.055751,5.20156
5873.18278,5.20156
5873.309809,5.20156
5873.436838,5.20156
5873.563867,5.20156
5873.690895,5.20156
5874.32604,7.802341
5874.453069,7.802341
5874.580098,7.802341
5874.707127,7.802341
5874.834156,7.802341
5874.961185,7.802341
5875.088214,7.802341
5875.215243,7.802341
5875.342272,7.672302
5875.469301,7.672302
5875.596329,7.672302
5875.723358,7.672302
5875.850387,7.672302
5875.977416,7.672302
5876.104445,14.239272
5876.231474,14.239272
5876.358503,14.239272
5876.485532,20.286086
5876.612561,20.286086
5876.73959,20.286086
5876.866619,20.286086
5876.993648,20.286086
5877.120677,20.286086
5877.247706,26.657997
5877.374735,26.657997
5877.501763,26.657997
5877.628792,26.657997
5877.755821,26.657997
5877.88285,26.657997
5878.009879,26.657997
5878.136908,26.657997
5878.263937,30.819246
5878.390966,30.819246
5878.517995,30.819246
5878.645024,30.819246
5878.772053,30.819246
5878.899082,30.819246
5879.026111,30.819246
5879.280169,26.918075
5879.407197,26.918075
5879.534226,26.918075
5879.661255,26.918075
5879.788284,26.918075
5879.915313,26.918075
5880.042342,26.918075
5880.169371,26.918075
5880.2964,26.918075
5880.423429,26.918075
5880.550458,26.918075
5880.677487,26.918075
5882.328863,31.404421
5882.455892,31.404421
5882.582921,31.404421
5882.70995,31.404421
5882.836979,31.404421
5882.964008,31.404421
5883.091037,31.404421
5883.980239,35.110533
5884.107268,35.110533
5884.234297,35.110533
5884.361326,35.110533
5884.488355,35.110533
5884.615384,35.110533
5884.742413,35.110533
5884.869442,35.110533
5885.2505280000005,35.890767
5885.377557,35.890767
5885.504586,37.061118
5885.631615,37.061118
5885.7586440000005,37.061118
5885.885673,37.061118
5886.012702,37.711313
5886.139731,37.711313
5886.26676,37.711313
5886.393789,37.711313
5886.520818,37.711313
5886.647847,37.711313
5886.774876,37.711313
5886.901905,37.711313
5887.028934,34.330299
5887.155962,34.330299
5887.282991,34.720416
5887.41002,34.720416
5887.5370490000005,34.720416
5887.664078,34.720416
5887.791107,34.720416
5887.918136,34.720416
5888.045165,34.720416
5888.172194,34.720416
5888.299223,34.720416
5888.426252,34.720416
5889.188425,26.657997
5889.315454,26.657997
5889.442483,26.657997
5889.569512,26.657997
5889.696541,26.657997
5889.8235700000005,26.657997
5889.950599,26.657997
5890.077628,26.657997
5890.204657,26.26788
5890.331686,26.26788
5890.458715,25.097529
5890.585744,25.097529
5890.712773,25.097529
5890.839802,25.097529
5890.966831,25.097529
5891.0938590000005,25.097529
5891.220888,25.097529
5891.347917,25.097529
5891.474946,19.505852
5891.601975,19.505852
5891.729004,19.505852
5891.856033,19.505852
5891.983062,23.537061
5892.1100910000005,23.537061
5892.23712,23.537061
5892.364149,23.537061
5892.491178,23.927178
5892.618207,23.927178
5892.745236,24.187256
5892.872265,24.187256
5892.999293,24.187256
5893.126322,24.187256
5893.253351,24.187256
5893.3803800000005,24.187256
5893.507409,24.187256
5893.634438,24.187256
5893.761467,20.806242
5893.888496,20.806242
5894.015525,20.806242
5894.142554,20.806242
5894.269583,20.806242
5894.3966120000005,20.806242
5894.523641,22.756827
5894.65067,22.756827
5894.777699,23.472042
5894.904727,23.537061
5895.031756,23.537061
5895.158785,23.537061
5895.285814,23.537061
5895.412843,23.537061
5895.539872,23.537061
5895.6669010000005,23.537061
5895.79393,23.537061
5895.920959,23.537061
5896.047988,22.756827
5896.175017,22.756827
5896.302046,22.756827
5896.429075,22.756827
5896.556104,21.976593
5896.683133,21.976593
5896.810162,21.976593
5896.93719,21.976593
5897.064219,21.326398
5897.191248,21.326398
5897.318277,21.326398
5897.445306,21.261378
5897.572335,21.261378
5897.699364,21.261378
5897.826393,20.676203
5897.9534220000005,20.611183
5898.080451,19.310793
5898.20748,19.310793
5898.334509,19.310793
5898.4615380000005,19.310793
5898.588567,19.310793
5898.715596,19.310793
5898.842624,19.310793
5898.969653,19.310793
5899.096682,19.310793
5899.223711,19.310793
5899.35074,19.310793
5899.477769,19.310793
5899.604798,19.180754
5899.731827,19.180754
5899.858856,14.759428
5899.985885,14.759428
5900.112914,14.759428
5900.2399430000005,14.759428
5900.366972,14.759428
5900.494001,14.759428
5900.62103,14.759428
5900.748058,14.759428
5900.875087,11.89857
5901.002116,11.89857
5910.275229,12.808843
5910.402257,12.808843
5910.529286,12.808843
5910.656315,12.808843
5910.783344,12.808843
5910.910373,12.808843
5911.037402,12.808843
5911.164431,12.808843
5911.29146,11.638492
5911.418489,11.638492
5911.545518,11.638492
5911.672547,11.638492
5911.799576,11.638492
5911.926605,11.638492
5912.053634,11.638492
5912.180663,11.638492
5912.688778,7.737321
5912.815807,7.737321
5912.942836,7.737321
5913.069865,7.737321
5913.196894,7.737321
5913.323923,7.737321
5913.450952,7.737321
5913.577981,7.737321
5913.70501,7.217165
5913.832039,7.217165
5913.959068,7.217165
5914.086097,7.217165
5914.213126,7.217165
5914.340154,7.217165
5915.610444,79.388817
5915.737473,79.388817
5915.864502,79.388817
5915.991531,79.388817
5916.11856,79.388817
5916.245588,79.388817
5916.372617,79.388817
5916.499646,79.323797
5916.626675,0.325098
5916.753704,0.325098
5916.880733,0.325098
5917.007762,0.325098
5917.134791,0.325098
5917.26182,0.325098
5917.388849,0.325098
5917.515878,7.347204
5917.642907,7.347204
5917.769936,7.347204
5917.896965,7.347204
5918.023994,7.347204
5918.151022,7.347204
5918.278051,7.347204
5918.40508,7.347204
5918.913196,14.369311
5919.040225,14.369311
5919.167254,15.539662
5919.294283,15.539662
5919.421312,15.539662
5919.548341,15.539662
5919.67537,15.539662
5919.802399,15.539662
5919.929428,15.539662
5920.056456,15.539662
5920.437543,13.328999
5920.564572,13.328999
5920.691601,15.279584
5920.81863,15.279584
5920.945659,16.579974
5921.072688,16.579974
5921.199717,16.579974
5921.326746,16.579974
5921.453775,16.579974
5921.580804,16.579974
5921.707833,16.579974
5921.834862,16.579974
5921.961891,15.019506
5922.088919,15.019506
5922.215948,6.501951
5922.342977,6.501951
5922.4700060000005,6.501951
5922.597035,6.501951
5922.724064,6.501951
5922.851093,8.062419
5922.978122,8.062419
5923.105151,8.062419
5923.23218,11.248375
5923.359209,11.248375
5923.486238,11.378414
5923.613267,11.378414
5923.740296,11.378414
5923.867325,11.378414
5923.994353,11.378414
5924.121382,11.378414
5924.2484110000005,11.378414
5924.37544,11.378414
5924.629498,8.712614
5924.7565270000005,8.712614
5924.883556,8.712614
5925.010585,8.712614
5925.137614,8.712614
5925.264643,8.712614
5925.391672,8.712614
5935.553986,0.390117
5935.681015,0.390117
5935.808044,0.390117
5935.935073,0.390117
5936.062102,0.390117
5936.189131,0.390117
5936.31616,0.390117
5936.443189,0.390117
5937.078334,8.712614
5937.205363,8.712614
5937.332392,8.712614
5937.459421,8.712614
5937.586449,8.712614
5937.713478,8.712614
5937.840507,8.712614
5937.967536,8.712614
5938.094565,8.712614
5942.159491,8.452536
5942.28652,8.452536
5942.413549,8.452536
5942.540578,8.452536
5942.667607,8.452536
5942.794636,8.452536
5942.921665,8.452536
5943.048694,7.542263
5943.175723,7.477243
5944.191954,5.981795
5944.318983,5.981795
5944.446012,5.981795
5944.573041,5.981795
5944.70007,8.257477
5944.827099,8.257477
5944.954128,8.257477
5945.081157,8.257477
5945.208186,8.257477
5945.335214,8.257477
5945.462243,8.257477
5948.637967,8.712614
5948.764996,8.712614
5948.892025,8.712614
5949.019054,8.712614
5949.146082,8.712614
5949.273111,8.712614
5949.40014,8.712614
5949.527169,8.712614
5951.178545,8.712614
5951.305574,8.712614
5951.432603,8.712614
5951.559632,8.712614
5951.686661,8.712614
5951.81369,8.712614
5951.940719,8.712614
5952.067748,8.712614
5952.194777,8.192458
5952.321806,8.127438
5952.448835,8.062419
5952.575864,7.997399
5952.702893,7.672302
5952.829922,7.607282
5952.95695,7.282185
5953.083979,7.217165
5953.211008,6.892068
5953.338037,6.827048
5953.465066,5.461638
5953.592095,5.461638
5953.719124,5.461638
5953.846153,5.461638
5953.973182,5.461638
5954.100211,5.461638
5954.22724,5.461638
5954.354269,7.737321
5954.481298,7.802341
5954.608327,7.802341
5954.735356,7.93238
5954.862385,7.93238
5954.989413,7.93238
5955.1164420000005,7.93238
5955.243471,7.93238
5955.3705,7.93238
5955.497529,7.93238
5955.624558,7.93238
5955.751587,7.93238
5955.878616,7.93238
5956.005645,7.93238
5956.132674,7.93238
5956.259703,7.93238
5956.386732,7.93238
5956.767819,8.062419
5956.894847,8.062419
5957.021876,8.062419
5957.148905,8.062419
5957.275934,8.062419
5957.402963,8.062419
5957.529992,8.062419
5957.657021,7.997399
5957.911079,5.461638
5958.038108,5.461638
5958.165137,5.461638
5958.292166,5.461638
5958.419195,5.461638
5958.546224,5.461638
5958.673253,5.461638
5958.800281,5.461638
5958.92731,5.461638
5959.054339,5.461638
5959.181368,5.461638
5959.308397,5.461638
5960.578687,8.582575
5960.705715,8.582575
5960.832744,8.712614
5960.9597730000005,8.712614
5961.086802,8.712614
5961.213831,8.712614
5961.34086,8.712614
5961.4678890000005,8.712614
5961.594918,8.712614
5961.721947,8.712614
5973.28158,54.876463
5973.408609,54.876463
5973.535638,54.876463
5973.6626670000005,54.876463
5973.789696,54.876463
5973.916725,54.876463
5974.043754,54.876463
6032.095977,37.841352
6032.223006,85.630689
6032.350034,85.630689
6032.477063,85.630689
6032.604092,85.630689
6032.731121,85.630689
6032.85815,85.630689
6032.985179,85.630689
6042.893436,16.970091
6043.020465,17.035111
6043.147494,17.035111
6043.274523,17.035111
6043.401552,17.035111
6043.5285810000005,17.035111
6043.65561,17.035111
6043.782639,17.035111
6044.163725,22.43173
6044.290754,26.918075
6044.417783,26.918075
6044.544812,26.918075
6044.671841,26.918075
6044.79887,26.918075
6044.925899,26.918075
6045.052928,28.218466
6045.179957,28.218466
6045.306986,28.218466
6045.434015,28.218466
6045.561044,28.218466
6045.688073,28.218466
6045.8151020000005,28.218466
6045.94213,28.218466
6046.069159,28.218466
6046.196188,28.218466
6046.323217,28.218466
6046.450246,28.218466
6046.577275,28.218466
6046.704304,28.218466
6046.831333,28.218466
6046.958362,28.218466
6047.0853910000005,28.218466
6047.21242,28.218466
6049.3719120000005,33.550065
6049.498941,33.550065
6049.62597,33.680104
6049.752998,33.680104
6049.880027,33.680104
6050.007056,33.680104
6050.134085,33.680104
6050.261114,33.680104
6050.388143,33.680104
6050.515172,33.680104
6050.642201,32.769831
6050.76923,32.769831
6050.896259,32.769831
6051.023288,32.769831
6051.150317,32.769831
6051.277346,32.769831
6051.404375,32.379714
6051.531404,32.379714
6052.293577,37.321196
6052.420606,37.776333
6052.547635,37.841352
6052.674664,37.841352
6052.801693,37.841352
6052.928722,37.841352
6053.055751,37.841352
6053.18278,37.841352
6053.309809,37.841352
6053.436838,35.50065
6053.563867,35.50065
6053.690895,35.50065
6053.817924,35.50065
6053.944953,38.946684
6054.071982,38.946684
6054.199011,38.946684
6054.32604,38.946684
6054.453069,38.946684
6054.580098,38.946684
6054.707127,38.946684
6054.961185,39.076723
6055.088214,39.076723
6055.215243,39.076723
6055.342272,39.076723
6055.469301,39.076723
6055.596329,39.076723
6055.723358,39.076723
6055.850387,35.240572
6055.977416,35.240572
6056.104445,35.240572
6056.231474,34.850455
6056.358503,34.785436
6057.247706,37.646294
6057.374735,37.711313
6057.501763,37.776333
6057.628792,37.776333
6057.755821,37.776333
6057.88285,37.776333
6058.009879,37.776333
6058.136908,37.776333
6058.263937,37.776333
6058.390966,37.776333
6058.517995,36.80104
6058.645024,36.736021
6058.772053,38.296489
6058.899082,38.296489
6059.026111,39.076723
6059.15314,39.076723
6059.280169,39.076723
6059.407197,39.076723
6059.534226,39.076723
6059.661255,39.076723
6059.788284,39.076723
6059.915313,39.076723
6060.042342,39.076723
6060.169371,38.556567
6060.804516,38.816645
6060.931545,38.816645
6061.058574,38.816645
6061.185603,38.816645
6061.312632,38.816645
6061.43966,38.816645
6061.566689,38.816645
6061.693718,38.816645
6061.820747,38.816645
6061.947776,38.816645
6062.074805,38.816645
6062.201834,38.686606
6062.328863,38.361508
6062.455892,38.296489
6062.582921,38.296489
6062.70995,38.296489
6062.836979,34.785436
6062.964008,34.785436
6063.091037,34.785436
6063.218066,34.785436
6063.345094,34.785436
6063.4721230000005,34.785436
6063.599152,38.16645
6063.726181,38.16645
6063.85321,38.816645
6063.980239,38.816645
6064.107268,39.076723
6064.234297,39.076723
6064.361326,39.076723
6064.488355,39.076723
6064.615384,39.076723
6064.742413,39.076723
6064.869442,39.076723
6064.996471,39.076723
6065.885673,36.996099
6066.012702,36.996099
6066.139731,36.996099
6066.26676,36.996099
6066.393789,36.996099
6066.520818,36.996099
6066.647847,36.996099
6066.774876,36.996099
6066.901905,36.996099
6067.028934,36.996099
6067.664078,33.224967
6067.791107,33.224967
6067.918136,33.224967
6068.045165,33.224967
6068.172194,33.224967
6068.299223,33.224967
6068.426252,33.224967
6068.553281,33.224967
6068.68031,33.224967
6068.807339,33.224967
6068.934368,33.355007
6069.061397,33.355007
6069.188425,33.355007
6069.315454,33.355007
6069.442483,33.355007
6069.569512,33.355007
6069.696541,33.355007
6069.8235700000005,33.355007
6069.950599,31.924577
6070.077628,31.924577
6070.204657,31.924577
6070.331686,31.924577
6070.458715,31.924577
6070.585744,31.924577
6071.474946,35.56567
6071.601975,35.56567
6071.729004,35.56567
6071.856033,35.56567
6071.983062,35.56567
6072.1100910000005,35.56567
6072.23712,35.56567
6072.364149,35.56567
6072.491178,35.56567
6072.618207,35.56567
6072.999293,34.395319
6073.126322,34.395319
6073.253351,35.825748
6073.3803800000005,35.825748
6073.507409,35.955787
6073.634438,35.955787
6073.761467,35.955787
6073.888496,35.955787
6074.015525,35.955787
6074.142554,35.955787
6074.269583,35.955787
6074.3966120000005,35.955787
6074.523641,35.825748
6074.65067,35.825748
6074.904727,35.175553
6075.031756,35.175553
6075.158785,35.175553
6076.047988,37.516255
6076.175017,37.516255
6076.302046,37.516255
6076.429075,37.516255
6076.556104,37.516255
6076.683133,37.516255
6076.810162,37.516255
6076.93719,37.516255
6077.064219,37.386216
6077.191248,37.386216
6077.572335,36.736021
6077.699364,36.736021
6077.826393,36.736021
6077.9534220000005,36.736021
6078.080451,36.736021
6078.20748,36.736021
6078.334509,36.736021
6078.4615380000005,36.736021
6079.096682,35.175553
6079.223711,35.175553
6079.35074,35.175553
6079.477769,35.175553
6079.604798,35.175553
6079.731827,35.175553
6079.858856,35.175553
6079.985885,35.175553
6080.2399430000005,24.642393
6080.366972,24.642393
6080.494001,24.642393
6080.62103,24.642393
6080.748058,24.642393
6080.875087,24.642393
6081.002116,24.642393
6081.129145,24.642393
6081.256174,21.0013
6081.383203,20.351105
6081.637261,33.224967
6081.76429,33.224967
6081.891319,33.224967
6082.018348,33.224967
6082.145377,33.224967
6082.272406,33.224967
6082.399435,33.224967
6082.5264640000005,33.224967
6082.653492,33.224967
6082.780521,33.224967
6082.90755,33.224967
6083.034579,33.224967
6083.669724,41.612484
6083.796753,41.677503
6083.923782,41.677503
6084.050811,42.457737
6084.17784,42.457737
6084.304869,42.457737
6084.431898,42.457737
6084.558927,42.457737
6084.685955,42.457737
6084.812984,42.457737
6084.940013,42.457737
6085.067042,39.076723
6085.194071,39.076723
6085.3211,39.076723
6085.448129,39.076723
6085.575158,39.076723
6086.845447,48.309493
6086.972476,48.309493
6087.099505,48.309493
6087.226534,48.309493
6087.353563,48.309493
6087.480592,48.309493
6087.607621,48.309493
6087.73465,48.309493
6087.861679,47.919376
6087.988708,47.919376
6088.115737,48.309493
6088.242766,48.309493
6088.3697950000005,48.309493
6088.496823,48.309493
6088.623852,53.120936
6088.750881,53.120936
6088.87791,53.120936
6089.004939,53.120936
6089.131968,53.120936
6089.258997,53.120936
6089.386026,53.120936
6089.513055,53.120936
6089.640084,53.120936
6089.767113,53.120936
6089.894142,57.737321
6090.021171,57.737321
6090.1482,57.737321
6090.275229,57.737321
6090.402257,57.737321
6090.529286,57.737321
6090.656315,57.737321
6091.164431,53.511053
6091.418489,55.20156
6091.672547,55.786736
6091.799576,55.851756
6091.926605,55.851756
6092.053634,55.851756
6092.180663,55.851756
6092.307692,55.851756
6092.43472,55.851756
6092.561749,55.851756
6092.688778,51.820546
6092.815807,51.820546
6092.942836,51.820546
6093.069865,51.820546
6093.196894,51.820546
6093.323923,51.820546
6093.450952,51.820546
6093.577981,51.820546
6094.213126000001,57.477243
6094.340154,57.542263
6094.467183,57.542263
6094.721241,58.257477
6094.84827,58.322497
6094.975299,58.322497
6095.102328,58.322497
6095.229357,58.322497
6095.356386,58.322497
6095.483415,58.322497
6095.610444,58.322497
6095.737473,58.257477
6096.499646,58.127438
6096.626675,58.127438
6096.753704,58.127438
6096.880733,58.127438
6097.007762,58.127438
6097.134791,58.127438
6097.26182,58.127438
6097.388849,58.062419
6097.515878,57.997399
6097.642907,49.089727
6097.769936,49.089727
6097.896965,49.089727
6098.023994,49.089727
6098.151022,49.089727
6098.278051,51.690507
6098.40508,51.690507
6098.532109,52.340702
6098.659138,52.340702
6098.786167,52.340702
6098.913196,52.340702
6099.040225,52.340702
6099.167254,52.340702
6099.294283,52.340702
6099.421312,52.340702
6099.929428,32.769831
6100.056456,32.769831
6100.183485,33.550065
6100.310514,33.550065
6100.437543,33.550065
6100.564572,33.550065
6100.691601,33.550065
6100.81863,33.550065
6100.945659,33.550065
6101.072688,33.550065
6101.199717,32.509753
6101.326746,32.509753
6101.961891,35.110533
6102.088919,35.110533
6102.215948,35.110533
6102.342977,35.110533
6102.470006,35.110533
6102.597035,35.110533
6102.724064,35.110533
6102.851093,35.110533
6108.948482,63.914174
6109.075511,63.914174
6109.20254,63.914174
6109.3295689999995,63.914174
6109.456598,63.914174
6109.583627,63.914174
6109.710656,63.914174
6109.837684,63.849155
6109.964713,63.849155
6110.0917420000005,63.849155
6110.218771,63.849155
6110.3458,63.849155
6110.472829,63.849155
6113.3944950000005,64.759428
6113.521524,64.759428
6113.648552,64.759428
6113.775581,64.759428
6113.90261,64.759428
6114.029639,64.759428
6114.156668,64.759428
6114.283697,64.759428
6114.410726,64.759428
6114.537755,64.759428
6114.918842,64.759428
6115.045871,64.759428
6115.1729,64.759428
6115.299929,64.759428
6115.426958,64.759428
6115.553986,64.759428
6115.681015,64.759428
6115.808044,64.759428
6115.935073000001,64.759428
6116.062102,64.759428
6116.189131,64.759428
6116.31616,64.759428
6116.697247,64.759428
6116.824276,64.759428
6116.9513050000005,64.759428
6117.078334,64.759428
6117.205363,64.759428
6117.332392,64.759428
6117.459421,64.759428
6117.586449,64.759428
6117.713478,64.759428
6117.840507,64.759428
6117.967536,57.477243
6118.094565,57.477243
6118.221594000001,57.477243
6118.348623,57.477243
6118.475652,57.477243
6118.602681,57.477243
6118.72971,57.477243
6118.856739,54.356307
6118.983768,54.356307
6119.110797,54.356307
6119.2378260000005,54.356307
6119.364855,54.356307
6119.491883,54.356307
6119.618912,54.356307
6119.745941,54.356307
6122.28652,13.849155
6122.413549,13.849155
6122.540578,13.849155
6122.667607,13.849155
6122.7946360000005,13.849155
6122.921665,13.849155
6123.048694,14.43433
6123.175723,14.43433
6123.302751,14.43433
6123.42978,14.43433
6123.556809,14.43433
6123.683838,21.651495
6123.810867,21.651495
6123.937896,21.651495
6124.064925,21.651495
6124.191954,21.651495
6124.318983,21.651495
6124.446012,21.651495
6124.573041,21.651495
6124.70007,21.261378
6124.827099,21.261378
6124.954128,21.261378
6125.0811570000005,21.261378
6125.208186,21.261378
6125.335214,21.261378
6125.462243,21.261378
6125.589272,21.261378
6317.148905,86.996099
6317.275934,86.996099
6317.402963,86.996099
6317.529992,86.996099
6317.657021,86.996099
6317.78405,86.996099
6317.911079,86.996099
6373.930839,88.686606
6374.057868,88.751625
6374.184897,88.751625
6374.311926,88.751625
6374.438955,88.751625
6374.565984,88.751625
6374.693013,88.751625
6374.820042,88.751625
6378.249823,0.325098
6378.376852,0.325098
6378.503881000001,0.325098
6378.63091,0.325098
6378.757939,0.325098
6378.884967,0.325098
6379.011996,0.325098
6379.139025,0.325098
6379.266054,0.325098
6379.393083,0.325098
6381.044459,0.325098
6381.171488,0.325098
6381.298517,0.325098
6381.425546,0.325098
6381.552575,0.325098
6381.679604,0.325098
6381.806633,0.325098
6381.933662,0.325098
6386.633732,1.235371
6386.760761,1.235371
6386.88779,1.235371
6387.014819,1.235371
6387.141848,1.235371
6387.268877,1.235371
6387.395906,1.235371
6387.522935,1.235371
6387.649964,1.235371
6387.776993,1.235371
6387.904022,1.235371
6388.031051,1.235371
6388.15808,1.235371
6388.285109,1.235371
6388.412138,1.235371
6388.5391660000005,1.235371
6388.666195,1.235371
6388.793224,1.235371
6388.920253,1.235371
6389.0472819999995,1.235371
6389.174311,1.235371
6389.30134,1.235371
6389.428369,1.235371
6389.555398,1.235371
6389.682427,1.235371
6389.809456,1.235371
6389.936485,1.235371
6390.063514,1.235371
6390.190543,1.235371
6390.317572,1.235371
6390.4446,1.235371
6390.571629,1.235371
6390.698658,1.235371
6390.8256870000005,1.235371
6390.952716,1.235371
6391.079745,1.235371
6391.206774,1.235371
6391.333803,1.235371
6391.460832,1.235371
6391.587861,1.235371
6391.71489,1.235371
6391.841919,1.235371
6391.968948,1.235371
6392.095977,1.235371
6392.223006,1.235371
6392.350034,1.235371
6392.477063,1.235371
6392.604092,1.235371
6392.731121,1.235371
6392.85815,1.235371
6392.985179,1.235371
6393.1122080000005,1.235371
6393.239237,1.235371
6393.366266,1.235371
6393.493295,1.235371
6393.620324,1.235371
6393.747353,1.235371
6393.874382,1.235371
6394.001411,1.235371
6394.12844,1.235371
6394.255468,1.235371
6394.3824970000005,1.235371
6394.509526,1.235371
6394.636555,1.235371
6394.763584,1.235371
6394.890613,1.235371
6395.017642,1.235371
6395.144671,1.235371
6395.2717,1.235371
6395.3987290000005,1.235371
6395.525758,1.235371
6395.652787,1.235371
6395.779816,1.235371
6395.906845,1.235371
6396.033874,1.235371
6396.160903,1.235371
6396.287931,1.235371
6396.41496,1.235371
6396.541989,1.235371
6396.6690180000005,1.235371
6396.796047,1.235371
6396.923076,1.235371
6397.050105,1.235371
6397.177134,1.235371
6397.304163,1.235371
6397.431192,1.235371
6397.558221,1.235371
6397.68525,1.235371
6397.812279,1.235371
6397.939308,1.235371
6398.066337,1.235371
6398.193365,1.235371
6398.320394,1.235371
6398.447423,1.235371
6398.82851,1.235371
6398.9555390000005,1.235371
6399.082568,1.235371
6399.209597,1.235371
6399.336626,1.235371
6399.463655,1.235371
6399.590684,1.235371
6399.717713,1.235371
6399.844742,1.235371
6399.971771,1.235371
6400.098799,1.235371
6400.225828000001,1.235371
6400.352857,1.235371
6400.479886,1.235371
6400.606915,1.235371
6400.733944,1.235371
6400.860973,1.235371
6400.988002,1.235371
6401.115031,1.235371
6401.2420600000005,1.235371
6401.369089,1.235371
6401.496118,1.235371
6401.623147,1.235371
6401.750176,1.235371
6401.877205,1.235371
6402.004233,1.235371
6402.131262,1.235371
6402.258291,1.235371
6402.38532,1.235371
6402.5123490000005,1.235371
6402.639378,1.235371
6402.766407,1.235371
6402.893436,1.235371
6403.020465,1.235371
6403.147494,1.235371
6403.274523,1.235371
6403.401552,1.235371
6403.5285810000005,1.235371
6403.65561,1.235371
6403.782639,1.235371
6403.909668,1.235371
6404.036696,1.235371
6404.163725,1.235371
6404.290754,1.235371
6404.417783,1.235371
6404.544812,1.235371
6404.671841,1.235371
6404.7988700000005,1.235371
6404.925899,1.235371
6405.052928,1.235371
6405.179957,1.235371
6405.306986,1.235371
6405.434015,1.235371
6405.561044,1.235371
6405.688073,1.235371
6405.8151020000005,1.235371
6405.94213,1.235371
6406.069159,1.235371
6406.196188,1.235371
6406.323217,1.235371
6406.450246,1.235371
6406.577275,1.235371
6406.704304,1.235371
6406.831333,1.235371
6406.958362,1.235371
6407.0853910000005,1.235371
6407.21242,1.235371
6407.339449,1.235371
6407.466478,1.235371
6407.593507,1.235371
6408.990825,1.235371
6409.117854,1.235371
6409.244883,1.235371
6409.3719120000005,1.235371
6409.498941,1.235371
6409.62597,1.235371
6409.752998,1.235371
6409.880027,1.235371
6410.007056,1.235371
6410.134085,1.235371
6410.261114,1.235371
6410.388143,1.235371
6410.515172,1.235371
6410.642201,1.235371
6410.76923,1.235371
6410.896259,1.235371
6411.023288,1.235371
6411.150317,1.235371
6411.277346,1.235371
6411.404375,1.235371
6411.531404,1.235371
6411.6584330000005,1.235371
6411.785461,1.235371
6411.91249,1.235371
6412.039519,1.235371
6412.166548,1.235371
6412.293577,1.235371
6412.420606,1.235371
6412.547635,1.235371
6412.674664,1.235371
6412.801693,1.235371
6412.928722,1.235371
6413.055751,1.235371
6413.18278,1.235371
6413.309809,1.235371
6413.436838,1.235371
6413.563867,1.235371
6413.690895,1.235371
6413.817924,1.235371
6413.944953,1.235371
6414.071982,1.235371
6414.199011,1.235371
6417.374735,18.205462
6417.501763,18.855657
6417.628792,18.855657
6417.755821,18.855657
6417.88285,18.855657
6418.009879,18.855657
6418.136908,18.855657
6418.263937,18.855657
6418.390966,18.855657
6418.390966,3.443795
6418.517995,3.443795
6418.645024,3.443795
6418.772053,3.443795
6418.899082,3.443795
6419.026111,3.443795
6419.15314,3.443795
6419.280169,3.443795
6419.4071969999995,3.443795
6419.534226,3.443795
6419.661255,3.443795
6419.788284,3.443795
6419.9153129999995,3.443795
6420.042342,3.378817
6420.169371,3.378817
6420.2964,3.378817
6420.4234289999995,3.378817
6420.550458,3.378817
6420.677487,3.378817
6420.804516,3.378817
6420.931545,3.378817
6421.058574,3.378817
6421.185603,3.378817
6421.312631,3.378817
6421.43966,3.378817
6421.566689,3.378817
6421.6937179999995,3.378817
6421.820747,3.378817
6421.947776,3.378817
6422.964008,3.31384
6423.091037,3.378817
6423.218066,3.378817
6423.345094,3.378817
6423.472123,3.378817
6423.599152,3.378817
6423.726181,3.378817
6423.85321,3.378817
6423.9802389999995,3.378817
6424.107268,3.378817
6424.234297,3.378817
6424.361326,3.378817
6424.4883549999995,3.378817
6424.615384,3.378817
6424.742413,3.378817
6424.869442,3.378817
6424.996471,3.378817
6425.1235,3.378817
6425.250528,3.378817
6425.377557,3.378817
6425.504586,3.378817
6426.139731,3.378817
6426.2667599999995,3.378817
6426.393789,3.378817
6426.520818,3.378817
6426.647847,3.378817
6426.7748759999995,3.378817
6426.901905,3.378817
6427.028934,3.378817
6427.155962,3.378817
6427.282991,3.378817
6435.285814,3.378817
6435.412843,3.378817
6435.539872,3.378817
6435.666901,3.378817
6435.79393,3.378817
6435.920959,3.378817
6436.047988,3.378817
6436.175017,3.378817
6436.302046,3.378817
6436.429075,3.378817
6436.556104,3.378817
6436.6831329999995,3.378817
6438.969653,3.378817
6439.096682,3.378817
6439.223711,3.378817
6439.35074,3.378817
6439.477769,3.378817
6439.604798,3.378817
6439.731827,3.378817
6439.858856,3.378817
6439.985885,3.378817
6444.304869,4.548408
6444.431898,4.548408
6444.558926,4.548408
6444.685955,4.548408
6444.812984,4.548408
6444.940013,4.548408
6445.067042,4.548408
6449.004939,4.548408
6449.131968,4.548408
6449.258997,4.548408
6449.386026,4.548408
6449.513055,4.548408
6449.640084,4.548408
6449.767113,4.548408
6454.8482699999995,4.483431
6454.975299,4.483431
6455.102328,4.483431
6455.229357,4.483431
6455.356386,4.483431
6455.483415,4.483431
6455.610444,4.483431
6455.737473,4.483431
6458.023994,4.483431
6458.151022,4.483431
6458.278051,4.483431
6458.4050799999995,4.483431
6458.532109,4.483431
6458.659138,4.483431
6458.786167,4.483431
6458.9131959999995,4.483431
6459.040225,4.483431
6459.167254,4.483431
6459.294283,4.483431
6462.851093,4.483431
6462.9781219999995,4.483431
6463.105151,4.483431
6463.23218,4.483431
6463.359209,4.483431
6463.4862379999995,4.483431
6463.613267,4.483431
6463.867325,4.613385
6463.994353,4.613385
6464.121382,4.613385
6464.248411,4.613385
6464.37544,4.613385
6464.502469,4.613385
6464.629498,4.613385
6475.299929,5.588044
6475.426958,5.653021
6475.553986,5.653021
6475.681015,5.653021
6475.808044,5.653021
6475.935073,5.653021
6476.062102,5.653021
6476.189131,5.653021
6476.31616,5.717999
6476.443189,5.782976
6476.570218,5.782976
6476.697247,5.782976
6476.824276,5.782976
6476.951305,5.782976
6477.078334,5.782976
6477.205363,5.782976
6477.332392,5.782976
6477.45942,5.782976
6477.586449,5.782976
6477.713478,5.782976
6477.840507,5.782976
6477.967536,5.782976
6478.094565,5.782976
6478.221594,5.782976
6478.348623,5.782976
6478.475652,5.782976
6478.602681,5.782976
6478.72971,5.782976
6478.856739,5.782976
6478.983768,5.782976
6479.110797,5.782976
6479.237826,5.782976
6479.364854,5.782976
6479.491883,5.782976
6479.618912,5.782976
6479.745941,5.782976
6479.87297,5.782976
6479.999999,5.782976
6480.127028,5.782976
6480.254057,5.782976
6480.381086,5.782976
6480.508115,5.782976
6480.635144,5.782976
6480.762173,5.782976
6480.889202,5.782976
6481.016231,5.782976
6481.14326,5.782976
6481.270289,5.782976
6481.397317,5.782976
6481.524346,5.782976
6481.651375,5.782976
6481.778404,5.782976
6481.905433,5.782976
6482.032462,5.782976
6482.159491,5.782976
6482.28652,5.782976
6482.413549,5.782976
6482.540578,5.782976
6482.667607,5.782976
6482.794636,5.782976
6482.921665,5.782976
6483.048694,5.782976
6483.175723,5.782976
6483.302751,5.782976
6483.42978,5.782976
6483.556809,5.782976
6489.2731109999995,6.497726
6489.40014,6.497726
6489.527169,6.497726
6489.654198,6.497726
6489.7812269999995,6.497726
6489.908256,6.497726
6490.035285,6.497726
6490.162314,6.497726
6490.289343,6.497726
6490.416372,6.497726
6490.543401,6.497726
6490.67043,6.497726
6490.797459,6.497726
6490.924488,6.497726
6491.0515159999995,6.497726
6491.178545,6.497726
6491.305574,6.432749
6495.878616,6.497726
6496.005645,6.497726
6496.1326739999995,6.497726
6496.259703,6.497726
6496.386732,6.497726
6496.513761,6.497726
6496.64079,6.497726
6496.767819,6.497726
6499.6894839999995,6.497726
6499.816513,6.497726
6499.943542,6.497726
6500.070571,6.497726
6500.1975999999995,6.497726
6500.324629,6.497726
6500.451658,6.497726
6500.578687,6.497726
6500.705715,6.497726
6500.832744,6.497726
6500.959773,6.497726
6501.086802,6.497726
6501.213831,6.497726
6501.34086,6.497726
6501.467889,6.497726
6501.594918,6.497726
6501.721947,6.497726
6501.848976,6.497726
6501.9760049999995,6.497726
6502.103034,6.497726
6505.532815,6.497726
6505.659844,6.497726
6505.786873,6.497726
6505.913902,6.497726
6506.040931,6.497726
6506.16796,6.497726
6506.294989,6.497726
6506.422018,6.497726
6506.549046,6.497726
6506.676075,6.497726
6506.803104,6.497726
6506.930133,6.497726
6507.057162,6.497726
6507.184191,6.497726
6507.31122,6.497726
6507.438249,6.497726
6507.565278,6.497726
6507.692307,6.497726
6507.819336,6.497726
6507.946365,6.497726
6508.073394,6.497726
6508.200423,6.497726
6508.3274519999995,6.497726
6508.45448,6.497726
6508.581509,6.497726
6508.708538,6.497726
6508.835567,6.497726
6508.962596,6.497726
6509.089625,6.497726
6509.216654,6.497726
6509.343683,6.497726
6509.470712,6.497726
6509.597741,6.497726
6509.72477,6.497726
6509.851799,6.497726
6509.978828,6.497726
6510.105857,6.497726
6510.232886,6.497726
6510.359914,6.497726
6510.486943,6.497726
6510.613972,6.497726
6510.741001,6.497726
6510.86803,6.497726
6510.995059,6.497726
6511.122088,6.497726
6511.249117,6.497726
6511.376146,6.497726
6511.503175,6.497726
6513.662667,6.432749
6513.789696,6.497726
6513.916725,6.497726
6514.043754,6.497726
6514.170783,6.497726
6514.297811,6.497726
6514.42484,6.497726
6514.551869,6.497726
6514.678898,6.497726
6514.805927,6.497726
6514.932956,6.497726
6515.059985,6.497726
6515.187014,6.497726
6515.314043,6.497726
6515.441072,6.497726
6515.568101,6.497726
6515.69513,6.497726
6515.822159,6.497726
6515.949188,6.497726
6516.076217,6.497726
6516.203245,6.497726
6516.330274,6.497726
6516.457303,6.497726
6516.584332,6.497726
6516.711361,6.562703
6516.83839,6.562703
6516.965419,6.562703
6517.092448,6.562703
6517.219477,6.562703
6517.346506,6.562703
6517.473535,6.562703
6517.600564,6.562703
6517.727593,6.562703
6517.854622,6.562703
6517.981651,6.562703
6518.108679,6.562703
6518.235708,6.497726
6518.362737,6.432749
6518.489766,6.562703
6518.616795,6.562703
6518.743824,6.562703
6518.870853,6.562703
6518.997882,6.562703
6519.124911,6.562703
6519.25194,6.562703
6519.378969,6.562703
6519.505998,6.562703
6519.633027,6.562703
6519.760056,6.562703
6519.887085,6.562703
6520.014113,6.562703
6520.1411419999995,6.562703
6520.268171,6.562703
6520.3952,6.562703
6520.522229,6.562703
6520.649258,6.562703
6520.776287,6.562703
6520.903316,6.562703
6521.030345,6.562703
6521.157374,6.562703
6521.284403,6.562703
6521.411432,6.562703
6521.538461,6.562703
6521.66549,6.562703
6521.792519,6.562703
6521.919548,6.562703
6522.046576,6.562703
6522.173605,6.562703
6522.300634,6.562703
6522.427663,6.562703
6522.554692,6.562703
6522.681721,6.562703
6522.80875,6.562703
6522.935779,6.562703
6523.062808,6.562703
6523.189837,6.562703
6523.316866,6.562703
6523.443895,6.562703
6523.570924,6.562703
6523.697953,6.562703
6523.824982,6.562703
6523.95201,6.562703
6524.079039,6.562703
6524.2060679999995,6.562703
6524.333097,6.562703
6524.460126,6.562703
6524.587155,6.562703
6524.714184,6.562703
6524.841213,6.562703
6524.968242,6.562703
6525.857444,6.562703
6525.9844729999995,6.562703
6526.111502,6.562703
6526.238531,6.562703
6526.36556,6.562703
6526.4925889999995,6.562703
6526.619618,6.562703
6526.746647,6.562703
6527.889907,7.602339
6528.016936,7.602339
6528.143965,7.732294
6528.2709939999995,7.732294
6528.398023,7.732294
6528.525052,7.732294
6528.652081,7.732294
6528.7791099999995,7.732294
6528.906139,7.732294
6529.033168,7.732294
6529.160197,7.732294
6529.287226,7.732294
6529.414255,7.602339
6529.541284,7.602339
6529.668313,7.602339
6529.795341,7.602339
6529.92237,7.732294
6530.0493989999995,7.732294
6530.176428,7.732294
6530.303457,7.732294
6530.430486,7.732294
6530.5575149999995,7.732294
6530.684544,7.732294
6530.811573,7.732294
6530.938602,7.602339
6531.0656309999995,7.602339
6531.19266,7.602339
6531.319689,7.602339
6531.446718,7.602339
6531.573747,7.602339
6531.700775,7.602339
6531.827804,7.602339
6531.954833,7.602339
6532.081862,7.602339
6532.208891,7.602339
6532.3359199999995,7.602339
6532.717007,7.602339
6532.8440359999995,7.602339
6532.971065,7.602339
6533.098094,7.602339
6533.225123,7.602339
6533.3521519999995,7.602339
6533.479181,7.732294
6533.606209,7.732294
6533.733238,7.732294
6533.860267,7.732294
6533.987296,7.732294
6534.114325,7.732294
6534.241354,7.732294
6534.368383,7.732294
6534.495412,7.732294
6534.6224409999995,7.732294
6534.74947,7.732294
6534.876499,7.732294
6535.003528,7.732294
6535.1305569999995,7.732294
6535.257586,7.732294
6535.384615,7.732294
6535.511643,7.732294
6535.638672,7.732294
6535.765701,7.732294
6535.89273,7.732294
6536.019759,7.732294
6536.146788,7.732294
6536.273817,7.732294
6536.400846,7.732294
6536.527875,7.732294
6536.654904,7.732294
6536.781933,7.732294
6536.9089619999995,7.732294
6537.035991,7.732294
6537.16302,7.732294
6537.290049,7.732294
6537.4170779999995,7.732294
6537.544106,7.732294
6537.671135,7.732294
6537.798164,7.732294
6537.925193,7.732294
6538.052222,7.732294
6538.179251,7.732294
6538.30628,7.732294
6538.433309,7.732294
6538.560338,7.732294
6538.6873669999995,7.732294
6538.814396,7.732294
6538.941425,7.732294
6539.068454,7.732294
6539.1954829999995,7.732294
6539.322512,7.732294
6539.44954,7.732294
6539.576569,7.732294
6539.703598,7.732294
6541.354974,7.732294
6541.482003,7.732294
6541.609032,7.732294
6541.736061,7.732294
6541.86309,7.732294
6541.990119,7.732294
6542.117148,7.732294
6542.244177,7.732294
6542.371206,7.732294
6542.498235,7.732294
6542.625264,7.732294
6542.752293,7.732294
6542.879322,7.732294
6543.006351,7.732294
6543.13338,7.732294
6543.260408,7.732294
6543.387437,7.732294
6543.514466,7.732294
6543.641495,7.732294
6543.768524,7.732294
6543.895553,7.732294
6544.022582,7.732294
6544.149611,7.732294
6544.27664,7.732294
6544.403669,7.732294
6544.530698,7.732294
6544.657727,7.732294
6544.784756,7.732294
6544.911785,7.732294
6545.038814,7.732294
6545.165842,7.732294
6545.292871,7.732294
6545.4199,7.732294
6545.546929,7.732294
6545.673958,7.732294
6545.800987,7.732294
6545.928016,7.732294
6546.055045,7.732294
6546.182074,7.732294
6546.309103,99.610136
6546.436132,99.610136
6546.563161,99.610136
6546.69019,99.610136
6546.817219,99.610136
6546.944248,99.610136
6547.071277,99.610136
6547.198305,8.641975
6547.325334,8.641975
6547.452363,8.641975
6547.579392,8.641975
6547.706421,8.641975
6547.83345,8.641975
6551.517289,8.641975
6551.644318,8.641975
6551.771347,8.641975
6551.898376,8.641975
6552.025405,8.641975
6552.152434,8.641975
6552.279463,8.641975
6552.406492,8.641975
6552.533521,8.641975
6552.66055,8.641975
6552.787579,8.641975
6552.914607,8.641975
6553.041636,8.641975
6553.168665,8.641975
6553.295694,8.641975
6553.422723,8.641975
6553.549752,8.641975
6553.676781,8.641975
6553.80381,8.641975
6553.930839,8.641975
6554.057868,8.641975
6554.184897,8.641975
6554.311926,8.641975
6554.438955,8.641975
6554.565984,8.641975
6554.693013,8.641975
6554.820042,8.641975
6554.94707,8.641975
6555.0740989999995,8.641975
6555.201128,8.641975
6555.328157,8.641975
6555.455186,8.641975
6555.582215,8.641975
6555.709244,8.641975
6555.836273,8.641975
6555.963302,8.641975
6556.090331,8.641975
6556.21736,8.641975
6556.344389,8.641975
6556.471418,8.641975
6556.598447,8.641975
6556.725476,8.641975
6556.8525039999995,8.641975
6556.979533,8.641975
6557.106562,8.641975
6557.233591,8.641975
6557.3606199999995,8.641975
6557.487649,8.641975
6557.614678,8.641975
6557.741707,8.641975
6557.868736,8.641975
6557.995765,8.641975
6558.122794,8.641975
6558.249823,8.641975
6558.376852,8.641975
6558.503881,8.641975
6558.63091,8.641975
6558.757938,8.641975
6558.884967,8.641975
6559.011996,8.641975
6559.139025,8.641975
6559.266054,8.641975
6559.393083,8.641975
6559.520112,8.641975
6559.647141,8.641975
6559.77417,8.641975
6560.409315,8.641975
6560.536344,8.641975
6560.663372,8.641975
6560.790401,8.641975
6560.9174299999995,8.641975
6561.044459,8.641975
6561.171488,8.641975
6561.298517,8.641975
6561.425546,8.641975
6561.552575,8.641975
6561.679604,8.641975
6561.806633,8.641975
6562.18772,8.641975
6562.314749,8.641975
6562.441778,8.641975
6562.568807,8.641975
6562.6958349999995,8.641975
6562.822864,8.641975
6562.949893,8.641975
6563.076922,8.641975
6563.2039509999995,8.641975
6563.33098,8.641975
6563.458009,8.641975
6563.585038,8.641975
6563.712067,8.641975
6563.839096,8.641975
6563.966125,8.641975
6564.093154,8.641975
6564.220183,8.641975
6564.347212,8.641975
6564.474241,8.641975
6564.601269,8.641975
6564.728298,8.641975
6564.855327,8.641975
6564.9823559999995,8.641975
6565.109385,8.641975
6565.236414,8.641975
6565.363443,8.641975
6603.345094,67.251462
6603.472123,67.251462
6603.599152,67.251462
6603.726181,67.251462
6603.85321,67.251462
6603.9802389999995,67.251462
6604.107268,67.251462
6662.159491,45.74399
6662.28652,45.74399
6662.413549,45.74399
6662.540578,45.74399
6662.667607,45.74399
6662.794636,45.74399
6662.921665,45.74399
6776.485532,96.751137
6776.612561,96.751137
6776.73959,96.751137
6776.866619,96.751137
6776.993648,96.751137
6777.120677,96.751137
6777.247706,96.751137
6891.700775,22.74204
6891.827804,22.74204
6891.954833,22.74204
6892.081862,22.74204
6892.208891,22.74204
6892.3359199999995,22.74204
6892.462949,22.74204
7003.740296,67.446394
7003.867325,67.446394
7003.994353,67.446394
7004.121382,67.446394
7004.248411,67.446394
7004.37544,67.446394
7004.502469,67.446394
7004.629498,1.299545
7004.756527,1.299545
7035.3705,17.283951
7035.497529,17.283951
7035.6245579999995,17.283951
7035.751587,17.283951
7035.878616,17.283951
7036.005645,17.283951
7036.132674,24.756335
7036.259703,24.821313
7036.386732,25.146199
7036.513761,25.211176
7036.6407899999995,25.795971
7036.767819,25.795971
7036.894847,26.05588
7037.021876,26.05588
7037.148905,26.05588
7037.275934,39.116309
7037.4029629999995,39.116309
7037.529992,39.116309
7037.657021,39.116309
7037.78405,39.116309
7037.9110789999995,39.116309
7038.038108,39.116309
7038.165137,39.116309
7042.357092,47.043535
7042.4841209999995,47.043535
7042.611149,47.043535
7042.738178,47.043535
7042.865207,47.043535
7042.992236,47.043535
7043.119265,47.043535
7043.246294,47.043535
7043.373323,39.57115
7043.500352,39.57115
7043.627381,36.647173
7043.75441,36.647173
7043.881439,36.387264
7044.008468,36.387264
7044.135497,28.330084
7044.262526,28.265107
7044.389555,23.846654
7044.516584,23.846654
7044.643612,23.781676
7044.770641,23.716699
7044.89767,17.153996
7045.024699,17.153996
7045.151728,17.153996
7045.278757,17.153996
7045.405786,17.089019
7045.532815,16.244314
7045.659844,16.179337
7045.786873,15.854451
7045.913902,15.789474
7046.040931,14.294997
7046.16796,14.230019
7046.294989,13.775179
7046.422018,13.710201
7046.549046,12.735543
7046.676075,12.670565
7046.803104,12.605588
7046.930133,12.540611
7047.057162,12.280702
7047.184191,12.280702
7047.31122,11.760884
7047.438249,11.760884
7047.565278,11.37102
7047.692307,11.37102
7047.819336,11.111111
7047.946365,11.111111
7061.792519,93.762183
7061.919548,93.762183
7062.046576,93.762183
7062.173605,93.762183
7062.300634,93.762183
7062.427663,93.762183
7062.554692,93.762183
7120.479886,75.178687
7120.606915,75.178687
7120.733944,75.178687
7120.860973,75.178687
7120.988002,75.178687
7121.115031,75.178687
7121.24206,75.178687
7167.353563,1.234568
7167.480592,1.234568
7167.607621,1.234568
7167.73465,1.234568
7167.861679,1.234568
7167.988708,1.234568
7168.115737,1.234568
7168.242766,1.234568
7168.369795,1.234568
7168.4968229999995,1.234568
7168.623852,1.234568
7172.053634,2.404159
7172.180663,2.404159
7172.307691,2.404159
7172.43472,2.404159
7172.561749,2.404159
7172.688778,2.404159
7172.815807,2.404159
7172.942836,2.404159
7173.0698649999995,2.404159
7173.196894,2.404159
7173.323923,2.404159
7173.450952,2.404159
7173.577981,2.404159
7173.70501,2.404159
7173.832039,1.104613
7173.959068,1.104613
7174.086096999999,1.104613
7174.213125,1.104613
7174.3401539999995,1.104613
7174.467183,1.104613
7174.594212,1.104613
7174.721241,1.104613
7174.84827,1.104613
7174.975299,1.104613
7234.170783,64.327485
7234.297811,64.327485
7234.42484,64.327485
7234.551869,64.327485
7234.678898,64.327485
7234.805926999999,64.327485
7234.932956,64.327485
7290.698658,78.102664
7290.825687,78.102664
7290.952716,78.102664
7291.079745,78.102664
7291.206774,78.102664
7291.3338029999995,78.102664
7291.460832,78.102664
7296.160903,100.0
7296.287932,100.0
7296.41496,100.0
7296.541988999999,100.0
7296.669018,100.0
7296.796047,100.0
7296.923076,100.0
7297.050104999999,100.0
7303.782639,25.569291
7303.909667999999,35.003253
7304.036697,35.003253
7304.163724999999,35.003253
7304.290754,35.003253
7304.417783,35.003253
7304.544812,35.003253
7304.671840999999,35.003253
7304.79887,13.337671
7362.215948,93.298634
7362.342976999999,93.298634
7362.470006,93.298634
7362.597035,93.298634
7362.724064,93.298634
7362.851092999999,93.298634
7362.9781219999995,93.298634
7363.105151,13.272609
7363.23218,13.272609
7379.364855,86.011711
7379.491884,94.014314
7379.618912,94.014314
7379.745941,94.014314
7379.872969999999,94.014314
7379.999999,94.014314
7380.127028,94.014314
7380.254057,94.014314
7380.381085999999,86.076773
7380.508115,65.387118
7380.635144,65.387118
7380.762173,65.387118
7380.889201999999,65.387118
7381.016231,65.387118
7381.14326,54.001301
7381.270289,54.001301
7381.397317999999,54.001301
7381.524346,42.615485
7381.6513749999995,42.615485
7381.778404,25.309044
7381.905433,25.309044
7382.032462,25.309044
7382.159490999999,25.309044
7382.28652,25.309044
7382.413549,25.309044
7382.540578,25.309044
7382.667606999999,25.309044
7382.794636,22.966818
7382.921665,22.966818
7383.048694,22.966818
7383.175722999999,22.966818
7383.302752,16.851008
7383.4297799999995,16.851008
7383.556809,16.851008
7383.683838,16.851008
7383.810867,16.851008
7383.9378959999995,15.81002
7384.064925,15.81002
7384.191954,13.728042
7384.318983,13.728042
7384.446011999999,12.621991
7384.573041,12.621991
7384.70007,12.556929
7384.827099,12.296682
7384.954127999999,12.296682
7385.081157,11.906311
7385.208186,11.906311
7420.014114,99.544567
7420.141143,99.544567
7420.268171,99.544567
7420.3952,99.544567
7420.522229,99.544567
7420.6492579999995,99.544567
7420.776287,99.544567
7420.903316,99.544567
7424.7141839999995,94.404684
7424.841213,98.243331
7424.968242,98.243331
7425.095271,98.243331
7425.222299999999,98.243331
7425.349329,98.243331
7425.476358,98.243331
7425.603387,98.243331
7425.730415999999,97.007157
7425.857445,62.58946
7425.9844729999995,62.58946
7426.111502,62.58946
7426.238531,62.58946
7426.36556,62.58946
7426.4925889999995,62.58946
7426.619618,62.58946
7426.746647,47.49512
7426.873676,47.49512
7427.0007049999995,47.49512
7427.127734,31.424854
7427.254763,31.424854
7427.381792,31.424854
7427.508820999999,31.424854
7427.63585,23.422251
7427.762879,23.422251
7427.889908,23.422251
7428.016936,23.422251
7428.143964999999,23.422251
7428.2709939999995,23.03188
7428.525052,16.005205
7428.652081,16.005205
7428.7791099999995,16.005205
7428.906139,16.005205
7429.033168,16.005205
7429.160197,16.005205
7429.2872259999995,16.005205
7429.414255,15.744958
7429.541284,15.744958
7429.668313,12.752115
7429.795341999999,12.752115
7429.922369999999,12.752115
7430.0493989999995,12.361744
7430.176428,12.361744
7430.303457,12.23162
7430.430485999999,12.23162
7430.5575149999995,11.190631
7430.684544,11.190631
7430.811573,11.190631
7430.938602,11.190631
7431.0656309999995,11.190631
7431.19266,11.190631
7592.519405999999,99.544567
7592.646435,99.544567
7592.773464,99.544567
7592.900493,99.544567
7593.027521999999,99.544567
7593.154551,99.544567
7593.28158,99.544567
7704.812984,93.363696
7704.940012999999,93.363696
7705.067042,93.363696
7705.194071,93.363696
7705.3211,93.363696
7705.448128999999,93.363696
7705.575158,93.363696
7762.230063,99.544567
7762.357092,99.544567
7762.4841209999995,99.544567
7762.61115,99.544567
7762.738179,99.544567
7762.865207,99.544567
7762.992236,99.544567
7763.119264999999,56.603774
7820.663372999999,93.363696
7820.790402,93.363696
7820.9174299999995,93.363696
7821.044459,93.363696
7821.171488,93.363696
7821.298516999999,93.363696
7821.4255459999995,93.363696
7929.146083,18.34743
7929.2731109999995,18.34743
7929.40014,18.34743
7929.527169,18.34743
7929.654198,18.34743
7929.7812269999995,18.34743
7929.908256,18.34743
7930.035285,18.34743
7991.136203,73.715029
7991.263231,73.715029
7991.39026,73.715029
7991.517288999999,73.715029
7991.644318,73.715029
7991.771347,73.715029
7991.898376,73.715029
7992.025404999999,65.191932
7992.152434,65.191932
7992.279463,65.191932
8048.934368,96.486662
8049.0613969999995,99.609629
8049.188426,99.609629
8049.315454,99.609629
8049.442483,99.609629
8103.302751,1.104613
8103.4297799999995,1.104613
8103.556809,1.104613
8103.683838,1.104613
8103.810867,1.104613
8103.9378959999995,1.104613
8104.064925,1.104613
8217.374733999999,12.020793
8217.501763,12.020793
8217.628792,12.020793
8217.755821,12.020793
8217.88285,12.020793
8218.009879,12.020793
8218.136908,12.020793
8275.935073,95.061728
8276.062102,95.061728
8276.189131,95.061728
8276.31616,95.061728
8276.443189,95.061728
8276.570217999999,95.061728
8276.697247,95.061728
8276.824276,85.834958
8333.098093,75.048733
8333.225122,75.048733
8333.352151,75.048733
8333.47918,75.048733
8333.606209,75.048733
8333.733238,75.048733
8333.860267,75.048733
8444.883556,95.061728
8445.010585,95.061728
8445.137614,95.061728
8445.264642,95.061728
8445.391671,95.061728
8445.5187,95.061728
8445.645729,95.061728
8560.479886,96.621183
8560.606915,96.621183
8560.733944,96.621183
8560.860972999999,96.621183
8560.988002,96.621183
8561.115031,96.621183
8561.24206,96.621183
8561.369089,85.834958
8561.496117,1.299545
8617.896964,93.697206
8618.023992999999,93.697206
8618.151022,93.697206
8618.278051,93.697206
8618.40508,93.697206
8618.532109,93.697206
8618.659137999999,93.697206
8618.786167,93.697206
8676.076216,95.126706
8676.203245,95.126706
8676.330274,95.126706
8676.457303,95.126706
8676.584332,95.126706
8676.711361,95.126706
8676.838389999999,95.126706
8676.965419,95.126706
8844.516583,84.145549
8844.643612,84.145549
8844.770641,84.145549
8844.89767,84.145549
8845.024699,84.145549
8845.151728,84.145549
8845.278757,84.145549
8845.405786,42.755036
8914.636555,79.622396
8914.763584,79.622396
8914.890613,79.622396
8915.017641999999,79.622396
8915.144671,79.622396
8915.2717,79.622396
8915.398728999999,79.622396
8915.525758,21.09375
9084.47424,45.507812
9084.601268999999,97.981771
9084.728298,97.981771
9084.855327,97.981771
9084.982355999999,97.981771
9085.109385,97.981771
9085.236413999999,97.981771
9085.363443,97.981771
9140.875086999999,5.533854
9141.002116,5.533854
9141.129144999999,5.533854
9141.256174,5.533854
9141.383203,5.533854
9141.510231999999,5.533854
9141.637261,5.533854
9303.091037,0.390625
9303.218065,0.390625
9303.345094,0.390625
9303.472123,0.390625
9303.599151999999,0.390625
9303.726181,0.390625
9303.85321,0.390625
9303.980238999999,0.390625
9308.426252,1.953125
9308.553280999999,1.953125
9308.68031,1.953125
9308.807338999999,1.953125
9308.934368,1.953125
9309.061396,1.953125
9309.188425,1.953125
9309.315454,1.953125
9309.442482999999,0.520833
9309.569512,0.520833
9309.696541,0.520833
9309.823569999999,0.520833
9309.950599,0.520833
9310.077628,0.520833
9310.204657,0.520833
9310.331686,0.520833
9310.458714999999,0.520833
9310.585744,0.520833
9542.667607,99.414062
9542.794635999999,99.414062
9542.921665,99.414062
9543.048694,99.414062
9543.175722,99.414062
9543.302751,99.414062
9543.429779999999,99.414062
9543.556809,99.414062
9557.657020999999,17.838542
9557.784049999998,17.838542
9557.911079,17.838542
9558.038107999999,17.838542
9558.165137,17.838542
9558.292166,17.838542
9558.419194999999,17.838542
9558.546224,17.838542
9715.553985999999,99.544271
9715.681015,99.544271
9715.808044,99.544271
9715.935072999999,99.544271
9716.062102,99.544271
9716.189131,99.544271
9716.316159999998,99.544271
9854.777697999998,27.083333
9854.904727,93.229167
9855.031755999998,93.229167
9855.158784999998,93.229167
9855.285813999999,93.229167
9855.412842999998,93.229167
9855.539872,93.229167
9855.666900999999,93.229167
9855.793929999998,93.229167
9913.465065999999,2.408854
9913.592094999998,56.445312
9913.719124,84.049479
9913.846152999999,84.049479
9913.973181999998,84.049479
9914.100210999999,84.049479
9914.227239999998,84.049479
9914.354268999998,84.049479
9914.481297999999,84.049479
10200.550457999998,36.132812
10200.677486999999,36.132812
10200.804515999998,36.132812
10200.931544999998,36.132812
10201.058573999999,36.132812
10201.185601999998,36.132812
10201.312630999999,36.132812
10201.439659999998,11.523438
10257.967535999998,88.671875
10258.094565,88.671875
10258.221593999999,88.671875
10258.348622999998,88.671875
10258.475652,88.671875
10258.602680999998,88.671875
10258.729709999998,88.671875
10258.856738999999,64.0625
10315.130556999999,88.736979
10315.257585999998,88.736979
10315.384613999999,88.736979
10315.511642999998,88.736979
10315.638672,88.736979
10315.765700999998,88.736979
10315.892729999998,88.736979
10316.019758999999,64.127604
10419.675369999999,0.585938
10419.802398999998,0.585938
10419.929427,0.585938
10420.056455999998,0.585938
10420.183484999998,0.585938
10420.310513999999,0.585938
10420.437542999998,0.585938
10420.564572,0.585938
10423.740294999998,2.148438
10423.867323999999,2.148438
10423.994352999998,2.148438
10424.121381999998,2.148438
10424.248410999999,2.148438
10424.375439999998,2.148438
10424.502469,2.148438
10424.629497999998,2.148438
10424.756526999998,2.148438
10424.883555999999,2.148438
10425.010584999998,2.148438
10425.137614,2.148438
10425.264642999999,2.148438
10425.391671999998,2.148438
10425.518700999999,2.148438
10425.645729999998,2.148438
10425.772758,2.148438
10425.899786999998,2.148438
10542.893435999998,20.963542
10543.020464999998,20.963542
10543.147493999999,20.963542
10543.274522999998,20.963542
10543.401552,20.963542
10543.528580999999,20.963542
10543.655609999998,20.963542
10600.564572,22.460938
10600.691600999999,22.460938
10600.818629999998,22.460938
10600.945658999999,22.460938
10601.072687999998,22.460938
10601.199716999998,22.460938
10601.326745999999,22.460938
10642.611149999999,45.873944
10642.738178999998,45.873944
10642.865208,45.873944
10642.992235999998,45.873944
10643.119265,45.873944
10643.246293999999,45.873944
10643.373322999998,45.873944
10643.500352,45.873944
10700.536343999998,98.310591
10700.663373,98.310591
10700.790401999999,98.310591
10700.917430999998,98.310591
10701.044458999999,98.310591
10701.171487999998,98.310591
10701.298517,98.310591
10701.425545999999,98.310591
10757.826393,95.191683
10757.953421999999,95.191683
10758.080450999998,98.310591
10758.20748,98.310591
10758.334508999998,98.310591
10758.461538,98.310591
10758.588566999999,98.310591
10758.715595999998,98.310591
10758.842625,98.310591
10928.172193999999,45.74399
10928.299222999998,45.74399
10928.426252,45.74399
10928.553280999999,45.74399
10928.68031,45.74399
10928.807338999999,45.74399
10928.934367999998,45.74399
10984.827098999998,52.111761
10984.954128,68.940871
10985.081156999999,68.940871
10985.208185999998,68.940871
10985.335215,68.940871
10985.462243999998,68.940871
10985.589272,68.940871
10985.716300999999,68.940871
10985.84333,68.875893
11043.514466999999,53.411306
11043.641494999998,53.411306
11043.768524,53.411306
11043.895552999998,53.411306
11044.022582,53.411306
11044.149610999999,53.411306
11044.276639999998,53.411306
11101.693717999999,51.981806
11101.820746999998,62.638077
11101.947775999999,62.638077
11102.074804999998,62.638077
11102.201834,62.638077
11102.328862999999,62.638077
11102.455891999998,62.638077
11102.582921,62.638077
11102.709949999999,62.638077
11159.110797,47.303444
11159.237825999999,47.303444
11159.364854999998,47.303444
11159.491884,47.303444
11159.618912999998,47.303444
11159.745941,47.303444
11159.872969999999,47.303444
11216.400845999999,85.640026
11216.527875,85.640026
11216.654903999999,85.640026
11216.781932999998,85.640026
11216.908962,85.640026
11217.035990999999,85.640026
11217.163019999998,85.640026
11245.744529999998,17.803769
11245.871559,17.803769
11245.998587999999,17.803769
11246.125616999998,17.803769
11246.252645999999,17.803769
11246.379674999998,17.803769
11246.506704,17.803769
11246.633732999999,17.803769
11272.928721999999,96.426251
11273.055750999998,96.426251
11273.18278,96.426251
11273.309808999998,96.426251
11273.436838,96.426251
11273.563866999999,96.426251
11273.690895999998,96.426251
11273.817925,96.426251
11329.456597999999,56.465237
11329.583626999998,99.545159
11329.710656,99.545159
11329.837684999999,99.545159
11329.964713999998,99.545159
11330.091741999999,99.545159
11330.218770999998,99.545159
11330.3458,99.545159
11386.619617999999,84.210526
11386.746646999998,84.210526
11386.873676,84.210526
11387.000704999999,84.210526
11387.127733999998,84.210526
11387.254762999999,84.210526
11387.381791999998,84.210526
11387.508821,84.145549
11444.671841,53.476283
11444.798869999999,98.180637
11444.925898999998,98.180637
11445.052928,98.180637
11445.179956999998,98.180637
11445.306986,98.180637
11445.434014999999,98.180637
11445.561043999998,98.180637
11445.561043999998,96.677524
11445.688072999998,96.677524
11445.815101999999,96.677524
11445.942130999998,96.677524
11446.06916,96.677524
11490.529286999998,0.586319
11490.656315999999,0.586319
11490.783344999998,0.586319
11490.910373999997,0.586319
11491.037402999998,0.586319
11491.164430999997,0.586319
11491.291459999999,0.586319
11491.418488999998,0.586319
11491.545517999999,0.586319
11491.672546999998,0.586319
11492.053633999998,2.019544
11492.180662999997,2.019544
11492.307691999998,2.019544
11492.434720999998,2.019544
11492.561749999999,2.019544
11492.688778999998,2.019544
11492.815807999998,2.149837
11492.942836999999,2.149837
11493.069864999998,2.149837
11493.196893999999,2.149837
11493.323922999998,2.149837
11493.450951999997,2.149837
11493.577980999999,2.149837
11493.705009999998,2.149837
11493.832038999999,2.149837
11493.959067999998,2.149837
11494.086096999998,2.149837
11494.213125999999,2.149837
11494.340154999998,2.149837
11494.467183999997,2.149837
11494.594212999998,2.149837
11494.721241999998,2.149837
11494.848270999999,2.149837
11494.975298999998,2.149837
11495.102327999999,2.149837
11495.229356999998,2.149837
11495.356385999998,2.149837
11495.483414999999,2.149837
11502.215948999998,94.983713
11502.342977999999,94.983713
11502.470006999998,94.983713
11502.597035999997,94.983713
11502.724063999998,94.983713
11502.851092999997,94.983713
11502.978121999999,94.983713
11503.105150999998,93.485342
11557.727592999998,68.859935
11557.854621999999,68.859935
11557.981650999998,68.859935
11558.108679999998,68.859935
11558.235708999999,68.859935
11558.362737999998,68.859935
11558.489767,68.859935
11614.890613999998,77.980456
11615.017641999999,77.980456
11615.144670999998,77.980456
11615.271699999998,77.980456
11615.398728999999,77.980456
11615.525757999998,77.980456
11615.652786999999,77.980456
11672.307691999998,84.169381
11672.434720999998,84.169381
11672.561749999999,84.169381
11672.688778999998,84.169381
11672.815807999998,84.169381
11672.942836999999,84.169381
11673.069864999998,84.169381
11673.196893999999,56.482085
11786.633732999999,98.175896
11786.760761999998,98.175896
11786.887790999997,99.674267
11787.014819999999,99.674267
11787.141848999998,99.674267
11787.268876999999,99.674267
11787.395905999998,99.674267
11787.522934999999,99.674267
11787.649963999998,99.674267
11845.321099999997,85.863192
11845.448128999999,85.863192
11845.575157999998,85.863192
11845.702186999999,85.863192
11845.829215999998,85.863192
11845.956244999998,85.863192
11846.083273999999,85.863192
11846.210302999998,85.863192
11959.011996999998,39.348534
11959.139025999999,39.348534
11959.266054999998,39.348534
11959.393083999998,39.348534
11959.520111999998,39.348534
11959.647140999998,39.348534
11959.774169999999,39.348534
12014.650669999999,37.980456
12014.777698999998,37.980456
12014.904727999998,37.980456
12015.031756999999,37.980456
12015.158785999998,37.980456
12015.285814999997,37.980456
12015.412843999999,37.980456
12071.686661999998,95.04886
12071.813689999999,95.04886
12071.940718999998,95.04886
12072.067747999998,95.04886
12072.194776999999,95.04886
12072.321805999998,95.04886
12072.448834999997,95.04886
12072.575863999999,95.04886
12245.462243999998,99.674267
12245.589272999998,99.674267
12245.716301999999,99.674267
12245.843330999998,99.674267
12245.970358999999,99.674267
12246.097387999998,99.674267
12246.224416999998,99.674267
12263.246293999997,73.3939
12263.373322999998,73.3939
12263.500351999997,73.3939
12263.627380999998,73.3939
12263.754409999998,73.3939
12263.881438999997,73.3939
12264.008467999998,73.3939
12320.536343999998,64.179104
12320.663372999998,64.179104
12320.790400999998,64.179104
12320.917429999998,64.179104
12321.044458999997,64.179104
12321.171487999998,64.179104
12321.298516999997,64.179104
12408.440365999997,97.79364
12408.567394999998,97.79364
12408.694423999998,98.182998
12408.821452999997,98.182998
12408.948481999998,98.182998
12409.075510999997,98.182998
12409.202539999998,98.182998
12409.329568999998,98.182998
12409.456597999997,98.182998
12409.583626999998,98.182998
12539.915312999998,1.038287
12540.042341999997,1.038287
12540.169370999998,1.038287
12540.296399999997,1.038287
12540.423428999997,1.038287
12540.550457999998,1.038287
12540.677486999997,1.038287
12540.804515999998,1.038287
12540.931544999998,1.038287
12541.058573999997,1.038287
12541.185602999998,1.038287
12541.312631999997,1.038287
12541.439659999998,2.20636
12541.566688999997,2.20636
12541.693717999997,2.20636
12541.820746999998,2.20636
12541.947775999997,2.20636
12542.074804999998,2.20636
12542.201833999998,2.20636
12542.328862999997,2.20636
12542.455891999998,2.141467
12588.186307999998,7.98183
12588.313336999998,7.98183
12588.440365999997,7.98183
12588.567394999998,7.98183
12588.694423999998,7.98183
12588.821452999997,7.98183
12588.948481999998,7.98183
12589.075510999997,7.98183
12589.202539999998,7.98183
12589.329568999998,7.98183
12589.456597999997,7.98183
12589.583626999998,7.98183
12589.710655999997,7.98183
12589.837683999998,7.98183
12589.964712999998,7.98183
12590.091741999997,7.98183
12590.218770999998,7.98183
12590.345799999997,7.592472
12590.472828999998,7.592472
12590.599857999998,7.592472
12590.726886999997,7.592472
12590.853915999998,6.813757
12590.980944999998,6.813757
12591.107973999997,6.813757
12591.235002999998,6.813757
12591.362031999997,6.813757
12591.489060999998,6.813757
12591.616089999998,6.4244
12591.743117999999,6.4244
12591.870146999998,6.035042
12591.997175999997,6.035042
12592.124204999998,5.905256
12592.251233999998,5.905256
12592.378262999997,5.77547
12592.505291999998,5.77547
12592.632320999997,5.77547
12592.759349999998,5.77547
12592.886378999998,5.77547
12593.013407999997,5.77547
12593.140436999998,5.77547
12593.267465999998,5.77547
12593.394494999997,5.77547
12593.521523999998,5.77547
12593.648551999997,5.77547
12593.775580999998,5.77547
12593.902609999997,5.77547
12594.029638999998,5.77547
12594.156667999998,5.77547
12594.283696999997,5.77547
12594.410725999998,5.77547
12594.537754999998,5.77547
12594.664783999997,5.77547
12594.791812999998,5.77547
12594.918841999997,5.77547
12595.045870999998,5.77547
12595.172899999998,5.645685
12595.299928999997,5.645685
12595.426957999998,5.645685
12595.553986999998,5.645685
12595.681014999998,5.645685
12595.808043999998,5.645685
12595.935072999997,5.645685
12596.062101999998,5.645685
12596.189130999997,5.645685
12596.316159999998,5.645685
12596.443188999998,5.645685
12596.570217999997,5.645685
12596.697246999998,5.645685
12596.824275999998,5.645685
12596.951304999997,5.645685
12597.078333999998,5.645685
12597.205362999997,5.645685
12597.332391999998,5.77547
12597.459420999998,5.77547
12597.586448999999,5.77547
12597.713477999998,5.77547
12597.840506999997,5.77547
12597.967535999998,5.77547
12598.094564999998,5.77547
12598.221593999997,5.77547
12598.348622999998,5.77547
12598.475651999997,5.77547
12598.602680999998,5.77547
12598.729709999998,5.77547
12598.856738999997,5.77547
12598.983767999998,5.77547
12599.110796999998,5.77547
12599.237825999997,5.77547
12599.364854999998,5.77547
12599.491882999997,5.77547
12599.618911999998,5.77547
12599.745940999997,5.645685
12599.872969999997,5.710578
12599.999998999998,5.77547
12600.127027999997,5.77547
12600.254056999998,5.77547
12600.381085999998,5.77547
12600.508114999997,5.77547
12600.635143999998,5.77547
12600.762172999997,5.77547
12600.889201999998,5.77547
12601.016230999998,5.77547
12601.143259999997,5.77547
12601.270288999998,5.77547
12601.397316999997,5.77547
12601.524345999998,5.645685
12601.651374999998,5.645685
12601.778403999997,5.645685
12601.905432999998,5.645685
12602.032461999997,5.645685
12602.159490999999,5.645685
12602.286519999998,5.645685
12602.413548999997,5.645685
12602.540577999998,5.645685
12602.667606999998,5.645685
12602.794635999997,5.645685
12602.921664999998,5.645685
12603.048693999997,5.645685
12603.175722999998,5.645685
12603.556808999998,5.645685
12603.683837999997,5.645685
12603.810866999998,5.645685
12603.937895999998,5.645685
12604.064924999997,5.645685
12604.191953999998,5.645685
12604.318982999997,5.645685
12604.446011999997,5.645685
12604.827098999998,5.515899
12604.954127999998,5.580792
12605.081156999997,5.645685
12605.208185999998,5.645685
12605.335213999997,5.645685
12605.462242999998,5.645685
12605.589271999997,5.645685
12605.716300999997,5.645685
12605.843329999998,5.645685
12605.970358999997,5.645685
12606.097387999998,5.645685
12606.224416999998,5.645685
12606.351445999997,5.645685
12606.478474999998,5.710578
12606.605503999997,5.77547
12606.732532999999,5.77547
12606.859561999998,5.77547
12606.986590999997,17.975341
12607.113619999998,17.975341
12607.240647999997,17.975341
12607.367676999998,17.975341
12607.494705999998,17.975341
12607.621734999997,17.975341
12607.748763999998,17.975341
12607.875792999997,5.645685
12608.002821999999,5.645685
12608.129850999998,5.645685
12608.256879999997,5.645685
12608.383908999998,5.645685
12608.510937999998,5.645685
12608.637966999997,5.645685
12608.764995999998,5.645685
12608.892024999997,5.645685
12609.019053999999,5.645685
12609.146081999997,5.645685
12609.273110999997,5.645685
12609.400139999998,5.645685
12609.527168999997,5.645685
12609.654197999998,5.645685
12609.781226999998,5.645685
12609.908255999997,5.645685
12610.035284999998,5.645685
12610.162313999997,5.645685
12610.289342999997,5.645685
12610.416371999998,5.645685
12610.543400999997,5.645685
12617.784049999998,4.86697
12617.911078999998,4.86697
12618.038107999997,4.86697
12618.165136999998,4.86697
12618.292165999997,4.86697
12618.419194999997,4.86697
12618.546223999998,4.86697
12618.673252999997,4.86697
12618.800281999998,4.86697
12618.927309999997,4.86697
12619.054338999998,4.86697
12619.181367999998,4.86697
12620.070570999998,4.21804
12620.197599999998,4.21804
12620.324628999997,4.21804
12620.451657999998,4.21804
12620.578686999997,4.21804
12620.705715999997,4.21804
12620.832743999998,4.21804
12620.959772999997,4.21804
12621.086801999998,4.21804
12621.213830999997,4.282933
12621.340859999998,4.347826
12621.467888999998,4.412719
12621.594917999997,4.477612
12621.721946999998,4.477612
12621.848975999997,4.477612
12621.976004999997,4.477612
12622.103033999998,4.477612
12622.230062999997,4.477612
12622.357091999998,4.477612
12622.484120999998,4.477612
12622.611149999997,4.477612
12622.738177999998,4.477612
12622.865206999997,4.477612
12622.992235999998,4.477612
12623.119264999998,4.477612
12623.246293999997,4.477612
12623.373322999998,4.477612
12623.500351999997,4.477612
12623.627380999998,4.477612
12623.754409999998,4.477612
12623.881438999997,4.477612
12624.008467999998,4.477612
12624.135496999997,4.477612
12624.262525999997,4.477612
12624.389554999998,4.477612
12624.516583999997,4.477612
12624.643611999998,3.698897
12624.770640999997,3.698897
12624.897669999998,3.698897
12625.024698999998,3.698897
12625.151727999997,3.698897
12625.278756999998,3.76379
12625.405785999998,3.76379
12625.532814999997,3.76379
12625.659843999998,3.76379
12625.786872999997,3.76379
12625.913901999998,3.76379
12626.040930999998,3.76379
12626.167959999997,3.698897
12626.294988999998,3.698897
12626.422017999997,3.698897
12626.549045999998,3.698897
12626.676074999998,3.698897
12626.803103999997,3.698897
12626.930132999998,4.347826
12627.057161999997,4.347826
12627.184190999998,4.347826
12627.311219999998,4.412719
12627.438248999997,4.412719
12627.565277999998,4.412719
12627.692306999998,4.412719
12627.819335999997,4.412719
12627.946364999998,4.412719
12628.073393999997,4.412719
12628.200422999998,5.451006
12628.327451999998,5.451006
12628.454480999997,5.451006
12628.581508999998,5.451006
12628.708537999997,5.451006
12628.835566999998,5.451006
12628.962595999998,5.451006
12629.089624999997,5.451006
12629.216653999998,5.451006
12629.343682999997,5.451006
12629.470711999998,5.580792
12629.597740999998,5.580792
12629.724769999997,5.580792
12629.851798999998,5.580792
12629.978827999998,5.580792
12630.105856999997,5.580792
12630.232885999998,5.580792
12630.359914999997,5.580792
12630.486942999998,5.580792
12630.613971999997,5.580792
12630.741000999999,5.580792
12630.868029999998,5.580792
12630.995058999997,5.580792
12631.122087999998,5.580792
12631.249116999998,5.580792
12631.376145999997,5.580792
12631.503174999998,5.580792
12631.630203999997,5.580792
12631.757232999998,6.359507
12631.884261999998,6.359507
12632.011290999997,6.359507
12632.138319999998,6.359507
12632.265348999998,6.359507
12632.392376999998,6.359507
12632.519405999998,6.359507
12632.646434999997,6.359507
12632.773463999998,6.489293
12632.900492999997,6.489293
12633.027521999998,6.489293
12633.154550999998,6.489293
12633.281579999997,6.489293
12633.408608999998,6.489293
12633.535637999998,6.489293
12633.662666999997,6.4244
12633.789695999998,6.359507
12633.916724999997,6.359507
12634.043753999998,6.489293
12634.170782999998,6.489293
12634.297810999997,6.489293
12634.424839999998,6.489293
12634.551868999997,6.489293
12634.678897999998,6.489293
12634.805926999998,6.489293
12634.932955999997,6.489293
12635.059984999998,6.489293
12635.187013999997,6.489293
12635.314042999998,6.489293
12635.441071999998,6.489293
12635.568100999997,6.489293
12635.695129999998,6.489293
12635.822158999998,6.489293
12635.949187999997,6.4244
12636.076216999998,6.359507
12636.203245999997,6.359507
12636.330273999998,6.359507
12636.457302999997,6.359507
12636.584331999999,6.359507
12636.711360999998,6.359507
12636.838389999997,6.359507
12636.965418999998,6.359507
12637.092447999998,6.489293
12637.219476999997,6.489293
12637.346505999998,6.489293
12637.473534999997,6.489293
12637.600563999998,6.489293
12637.727592999998,6.489293
12637.854621999997,6.489293
12637.981650999998,6.489293
12638.108679999998,6.489293
12638.235707999998,6.489293
12638.362736999998,6.489293
12638.489765999997,6.4244
12638.616794999998,6.359507
12638.743823999997,6.359507
12638.870852999997,6.359507
12638.997881999998,6.359507
12639.124910999997,6.359507
12639.251939999998,6.359507
12639.378968999998,6.359507
12639.505997999997,6.359507
12639.633026999998,6.359507
12639.760055999997,6.359507
12639.887084999998,6.359507
12640.014113999998,6.359507
12640.141141999997,6.359507
12640.268170999998,6.359507
12640.395199999997,6.359507
12640.522228999998,6.359507
12640.649257999998,6.359507
12640.776286999997,6.359507
12640.903315999998,6.359507
12641.030344999997,6.359507
12641.157373999999,6.359507
12641.284402999998,6.359507
12641.411431999997,6.359507
12641.538460999998,6.359507
12641.665489999998,6.229721
12641.792518999997,6.229721
12641.919547999998,4.802077
12642.046575999997,4.802077
12642.173604999998,4.802077
12642.300633999997,4.802077
12642.427662999997,5.710578
12642.554691999998,5.710578
12642.681720999997,5.710578
12642.808749999998,5.710578
12642.935778999998,5.710578
12643.062807999997,5.710578
12643.189836999998,5.710578
12643.316865999997,5.710578
12643.443894999997,5.710578
12643.570923999998,5.710578
12643.697952999997,5.710578
12643.824981999998,5.710578
12643.952010999998,5.710578
12644.079038999998,5.710578
12644.206067999998,5.580792
12644.333096999997,5.580792
12644.460125999998,5.061648
12644.587154999997,5.061648
12644.714183999997,4.931862
12644.841212999998,4.931862
12644.968241999997,4.931862
12645.095270999998,4.931862
12645.222299999998,4.931862
12645.349328999997,4.931862
12645.476357999998,4.931862
12645.603386999997,4.931862
12645.730415999999,4.802077
12645.857444999998,4.802077
12645.984472999997,5.580792
12646.111501999998,5.580792
12646.238530999997,5.580792
12646.365559999998,5.580792
12646.492588999998,5.580792
12646.619617999997,5.580792
12646.746646999998,5.580792
12646.873675999997,5.580792
12647.000704999999,5.580792
12647.127733999998,5.580792
12647.254762999997,5.580792
12647.381791999998,5.580792
12647.508820999998,5.580792
12647.635849999997,5.580792
12647.762878999998,5.580792
12647.889906999997,5.580792
12648.016935999998,6.359507
12648.143964999997,6.359507
12648.270993999997,6.359507
12648.398022999998,6.359507
12648.525051999997,6.359507
12648.652080999998,6.359507
12648.779109999998,6.359507
12648.906138999997,6.359507
12649.033167999998,6.359507
12649.160196999997,6.359507
12649.287225999997,6.359507
12649.414254999998,6.359507
12649.541283999997,6.359507
12649.668312999998,6.359507
12649.795340999997,5.970149
12649.922369999998,5.970149
12650.049398999998,5.970149
12650.176427999997,5.970149
12650.303456999998,6.359507
12650.430485999997,6.359507
12650.557514999997,6.359507
12650.684543999998,6.359507
12650.811572999997,6.359507
12650.938601999998,6.359507
12651.065630999998,6.359507
12651.192659999997,6.359507
12655.130556999997,7.527579
12655.257585999998,7.527579
12655.384614999997,7.657365
12655.511643999998,7.657365
12655.638671999997,7.657365
12655.765700999998,7.657365
12655.892729999998,7.657365
12656.019758999997,7.657365
12656.146787999998,7.657365
12656.273816999998,7.657365
12656.400845999997,7.657365
12656.527874999998,7.657365
12656.654903999997,7.657365
12656.781932999998,7.657365
12664.149610999997,54.76963
12664.276639999998,54.76963
12664.403668999998,54.76963
12664.530697999997,54.76963
12664.657726999998,54.76963
12664.784755999997,54.76963
12664.911784999998,54.76963
12665.038813999998,48.669695
12665.165842999997,48.669695
12676.979532999998,11.680727
12677.106561999997,11.680727
12677.233590999998,11.680727
12677.360619999998,11.680727
12677.487648999997,11.680727
12677.614677999998,11.680727
12677.741706999997,11.680727
12677.868735999997,11.680727
12677.995764999998,12.459442
12678.122793999997,12.459442
12678.249822999998,12.589228
12678.376851999998,12.589228
12678.503880999997,12.589228
12678.630909999998,12.589228
12678.757938999997,12.589228
12678.884966999998,12.589228
12679.011995999997,13.497729
12679.139024999997,13.497729
12679.266053999998,13.627515
12679.393082999997,13.627515
12679.520111999998,13.627515
12679.647140999998,13.627515
12679.774169999997,13.627515
12679.901198999998,13.627515
12680.028227999997,13.627515
12680.155256999999,13.627515
12680.282285999998,13.627515
12680.409314999997,13.627515
12680.536343999998,13.627515
12680.663372999998,13.627515
12680.790400999998,13.627515
12680.917429999998,13.627515
12681.044458999997,13.627515
12681.171487999998,13.627515
12681.298516999997,13.627515
12681.425545999997,13.627515
12681.552574999998,13.627515
12681.679603999997,13.627515
12681.806632999998,13.627515
12681.933661999998,13.627515
12682.060690999997,13.627515
12682.187719999998,13.627515
12682.314748999997,13.627515
12682.441777999997,13.627515
12683.076921999998,14.795587
12683.203950999998,14.795587
12683.330979999997,14.795587
12683.458008999998,14.795587
12683.585037999997,14.795587
12683.712066999997,14.795587
12683.839095999998,14.795587
12683.966124999997,14.795587
12684.093153999998,14.795587
12684.220182999998,14.795587
12685.617500999997,15.574302
12685.744529999998,15.574302
12685.871558999997,15.574302
12685.998587999999,15.574302
12686.125616999998,15.574302
12686.252645999997,15.574302
12686.379674999998,15.574302
12686.506703999998,15.574302
12686.633731999998,15.574302
12686.760760999998,15.574302
12686.887789999997,15.574302
12687.014818999998,15.574302
12687.141847999997,16.353018
12687.268876999997,16.353018
12687.395905999998,16.353018
12687.522934999997,16.353018
12687.649963999998,16.353018
12687.776992999998,16.353018
12687.904021999997,16.353018
12688.031050999998,16.353018
12690.190542999997,23.880597
12690.317571999998,23.880597
12690.444599999997,23.880597
12690.571628999998,23.880597
12690.698657999998,23.880597
12690.825686999997,23.880597
12690.952715999998,23.880597
12691.079744999997,23.880597
12691.206773999998,23.880597
12691.333802999998,23.880597
12691.460831999997,23.815704
12691.587860999998,23.750811
12691.714889999997,23.426347
12691.841918999997,23.361454
12691.968947999998,23.296561
12692.095976999997,23.296561
12692.223005999998,23.296561
12692.350034999998,23.296561
12692.477062999998,23.296561
12692.604091999998,23.296561
12692.731120999997,23.296561
12692.858149999998,23.296561
12692.985178999998,23.296561
12693.112207999997,23.296561
12693.239236999998,23.296561
12693.366265999997,23.296561
12693.493294999998,23.296561
12693.620323999998,23.296561
12693.747352999997,23.296561
12693.874381999998,23.296561
12694.001410999997,24.594419
12694.128439999997,24.594419
12694.255468999998,24.853991
12694.382496999997,24.853991
12694.509525999998,24.853991
12694.636554999997,24.853991
12694.763583999998,24.853991
12694.890612999998,24.853991
12695.017641999997,24.853991
12695.144670999998,24.853991
12695.271699999998,24.853991
12695.398728999997,24.853991
12695.525757999998,24.853991
12695.652786999997,24.853991
12695.779815999998,25.373134
12695.906844999998,25.373134
12696.033873999997,25.373134
12696.160902999998,25.373134
12696.287930999997,25.373134
12696.414959999998,25.373134
12696.541988999998,25.373134
12696.669017999997,25.373134
12697.431191999998,27.839066
12697.558220999998,27.839066
12697.685249999997,27.839066
12697.812278999998,27.839066
12697.939307999997,27.839066
12698.066336999998,27.839066
12698.193364999997,27.839066
12698.320393999998,27.839066
12698.447422999998,27.774173
12698.574451999997,27.579494
12698.701480999998,27.579494
12698.828509999998,27.579494
12698.955538999997,27.579494
12699.082567999998,27.579494
12699.209596999997,27.579494
12701.750175999998,30.953926
12701.877204999997,31.083712
12702.004233999998,31.083712
12702.131261999997,31.083712
12702.258290999998,31.083712
12702.385319999998,31.083712
12702.512348999997,31.083712
12702.639377999998,31.083712
12702.766406999997,31.083712
12702.893435999998,31.083712
12703.020464999998,31.083712
12703.147493999997,30.953926
12703.274522999998,30.953926
12703.909667999998,28.293316
12704.036695999997,28.293316
12704.163724999999,28.293316
12704.290753999998,28.293316
12704.417782999997,28.293316
12704.544811999998,28.293316
12704.671840999998,28.293316
12704.798869999997,28.293316
12704.925898999998,28.293316
12705.052927999997,28.293316
12705.179956999998,28.293316
12705.306985999998,28.293316
12705.434014999997,28.293316
12705.561043999998,28.293316
12714.071981999998,27.968851
12714.199010999997,27.968851
12714.326039999998,27.968851
12714.453068999997,27.968851
12714.580097999999,27.968851
12714.707126999998,27.968851
12714.834155999997,27.968851
12714.961184999998,27.968851
12715.088213999998,27.839066
12715.215242999997,27.839066
12715.342271999998,27.839066
12715.469300999997,27.839066
12715.596328999998,27.839066
12715.723357999997,27.839066
12716.358502999998,28.293316
12716.485531999997,28.293316
12716.612560999998,28.293316
12716.739589999997,28.293316
12716.866618999997,28.293316
12716.993647999998,28.293316
12717.120676999997,28.293316
12717.247705999998,28.293316
12717.374734999998,28.293316
12717.501763999997,28.293316
12717.628791999998,28.228423
12717.755820999997,28.228423
12717.882849999998,26.800779
12718.009878999997,26.800779
12718.136907999997,26.800779
12718.263936999998,26.800779
12718.390965999997,26.411421
12718.517994999998,26.411421
12718.645023999998,25.50292
12718.772052999997,25.50292
12718.899081999998,25.50292
12719.026110999997,25.50292
12719.153139999999,25.50292
12719.280168999998,25.50292
12719.407197999997,25.50292
12719.534225999998,25.50292
12719.661254999997,26.022064
12719.788283999998,26.022064
12719.915312999998,26.022064
12720.042341999997,26.022064
12720.169370999998,26.022064
12720.296399999997,26.022064
12720.423428999997,26.022064
12720.550457999998,26.022064
12720.677486999997,25.892278
12720.804515999998,25.892278
12720.931544999998,26.022064
12721.058573999997,26.022064
12721.185602999998,26.022064
12721.312631999997,26.022064
12721.439659999998,26.022064
12721.566688999997,26.022064
12721.693717999997,26.022064
12721.820746999998,26.022064
12721.947775999997,26.022064
12722.074804999998,26.022064
12722.201833999998,27.06035
12722.328862999997,27.06035
12722.455891999998,27.06035
12722.582920999997,27.06035
12722.709949999997,27.06035
12722.836978999998,27.06035
12722.964007999997,27.06035
12723.091036999998,27.06035
12723.218065999998,27.06035
12723.345093999998,27.06035
12723.472122999998,26.800779
12723.599151999997,26.800779
12723.726180999998,26.541207
12723.853209999997,26.541207
12723.980238999997,26.411421
12724.107267999998,26.411421
12724.234296999997,25.632706
12724.361325999998,25.632706
12724.488354999998,25.632706
12724.615383999997,25.632706
12724.742412999998,25.632706
12724.869441999997,25.632706
12724.996470999999,26.022064
12725.123499999998,26.022064
12725.250528999997,26.022064
12725.377556999998,26.022064
12725.504585999997,26.022064
12725.631614999998,26.022064
12725.758643999998,26.022064
12725.885672999997,26.022064
12726.012701999998,26.800779
12726.139730999997,26.800779
12726.266759999997,26.800779
12726.393788999998,26.800779
12726.520817999997,26.800779
12726.647846999998,26.800779
12726.774875999998,26.800779
12726.901904999997,26.800779
12727.028933999998,26.800779
12727.155962999997,26.800779
12727.282990999998,26.670993
12727.410019999998,26.670993
12727.537048999997,26.411421
12727.664077999998,26.411421
12727.791106999997,26.411421
12727.918135999998,26.411421
12728.045164999998,26.022064
12728.172193999997,26.022064
12728.299222999998,26.022064
12728.426251999997,26.022064
12728.553280999997,24.853991
12728.680309999998,24.853991
12728.807338999997,24.853991
12728.934367999998,24.853991
12729.061396999998,24.853991
12729.188424999998,24.853991
12729.315453999998,24.464633
12729.442482999997,24.464633
12729.569511999998,24.464633
12729.696540999998,24.464633
12729.823569999997,24.075276
12729.950598999998,24.075276
12730.077627999997,24.075276
12730.204656999998,24.075276
12730.331685999998,24.075276
12730.458714999997,24.075276
12730.585743999998,24.075276
12730.712772999997,24.075276
12733.126321999998,24.853991
12733.253350999998,24.853991
12733.380379999997,24.853991
12733.507408999998,24.853991
12733.634437999997,24.853991
12733.761466999998,24.853991
12733.888495999998,24.853991
12734.015524999997,24.853991
12734.142553999998,24.853991
12734.269582999998,24.853991
12734.396611999997,24.334848
12734.523640999998,24.334848
12734.650669999997,24.334848
12734.777698999998,24.334848
12734.904727999998,24.075276
12735.031755999998,24.075276
12735.158784999998,23.296561
12735.285813999997,23.296561
12735.412842999998,23.296561
12735.539871999998,23.296561
12735.666900999997,23.296561
12735.793929999998,23.296561
12735.920958999997,23.166775
12736.047987999998,23.166775
12736.175016999998,22.128488
12736.302045999997,22.128488
12736.429074999998,22.128488
12736.556103999998,22.128488
12736.683132999997,22.128488
12736.810161999998,22.128488
12736.937189999997,22.128488
12737.064218999998,22.128488
12737.191247999997,22.128488
12737.318276999998,22.128488
12737.445305999998,22.128488
12737.572334999997,22.128488
12737.699363999998,22.128488
12737.826392999998,22.128488
12737.953421999997,22.128488
12738.080450999998,22.128488
12739.477768999997,22.128488
12739.604797999998,22.128488
12739.731826999998,22.128488
12739.858855999997,22.128488
12739.985884999998,22.258274
12740.112913999998,22.258274
12740.239942999997,22.258274
12740.366971999998,22.258274
12740.494000999997,22.258274
12740.621029999998,22.258274
12740.748057999997,22.258274
12740.875086999997,22.258274
12741.002115999998,21.479559
12741.129144999997,21.479559
12741.256173999998,21.479559
12741.383202999998,21.479559
12741.510231999997,21.479559
12741.637260999998,21.479559
12741.764289999997,21.090201
12741.891318999998,21.090201
12742.018347999998,21.090201
12742.145376999997,21.090201
12742.272405999998,20.960415
12742.399434999998,20.960415
12744.812983999998,18.234912
12744.940012999998,18.234912
12745.067041999997,18.234912
12745.194070999998,18.234912
12745.321099999997,18.234912
12745.448128999997,18.234912
12745.575157999998,18.234912
12745.702186999997,18.234912
12745.829215999998,17.326411
12745.956244999998,17.326411
12746.083273999997,16.807268
12746.210302999998,16.807268
12746.337331999997,16.807268
12746.464360999998,16.807268
12746.591388999997,14.86048
12746.718417999997,14.86048
12746.845446999998,14.86048
12746.972475999997,14.86048
12747.099504999998,14.86048
12747.226533999998,14.86048
12747.353562999997,14.471123
12747.480591999998,14.471123
12747.607620999997,14.471123
12747.734649999999,14.471123
12747.861678999998,14.081765
12747.988707999997,14.081765
12748.115736999998,14.081765
12748.242765999998,14.081765
12748.369794999997,14.081765
12748.496822999998,14.081765
12748.623851999997,14.081765
12748.750880999998,14.081765
12748.877909999997,14.081765
12749.004938999999,14.081765
12749.131967999998,14.081765
12749.258996999997,14.081765
12749.386025999998,14.081765
12749.513054999998,14.081765
12749.894141999997,13.043478
12750.021170999999,13.043478
12750.148199999998,13.043478
12750.275228999997,13.043478
12750.402257999998,13.043478
12750.529285999997,13.043478
12750.656314999998,13.043478
12750.783343999998,13.043478
12750.910372999997,12.913692
12751.037401999998,12.913692
12751.418488999998,12.913692
12751.545517999997,12.913692
12751.672546999998,12.913692
12751.799575999998,12.913692
12751.926604999997,12.913692
12752.053633999998,12.913692
12752.180662999997,12.913692
12752.307691999998,12.913692
12753.705009999998,11.875406
12753.832038999997,11.875406
12753.959067999998,11.875406
12754.086096999998,11.875406
12754.213125999997,11.875406
12754.340153999998,11.875406
12754.467182999997,11.875406
12754.594211999998,11.875406
12754.721240999997,11.875406
12754.848269999997,11.875406
12754.975298999998,11.875406
12755.102327999997,11.875406
12755.229356999998,11.875406
12755.356385999998,11.875406
12755.483414999997,11.875406
12755.610443999998,11.875406
12755.737472999997,11.875406
12755.864501999997,11.875406
12755.991530999998,11.875406
12756.118559999997,11.875406
12756.245587999998,11.875406
12756.372616999997,11.875406
12756.499645999998,11.875406
12756.626674999998,11.875406
12756.753703999997,11.875406
12756.880732999998,11.875406
12757.007761999997,11.875406
12757.134790999997,11.875406
12757.261819999998,11.875406
12757.388848999997,11.875406
12757.515877999998,11.74562
12757.642906999998,11.74562
12757.769935999997,11.74562
12757.896964999998,11.74562
12758.023993999997,11.74562
12758.151022999999,11.74562
12758.278050999998,11.74562
12758.405079999997,11.74562
12758.532108999998,11.74562
12758.659137999997,11.74562
12759.040224999997,11.875406
12759.167253999998,11.875406
12759.294282999997,11.875406
12759.421311999999,11.875406
12759.548340999998,11.875406
12759.675369999997,11.875406
12759.802398999998,11.875406
12759.929427999998,11.875406
12760.056456999997,11.875406
12760.183484999998,11.875406
12760.310513999997,11.875406
12760.437542999998,11.875406
12760.564571999997,11.875406
12760.691600999997,11.875406
12760.818629999998,11.875406
12760.945658999997,11.875406
12761.072687999998,11.875406
12761.199716999998,11.875406
12763.613266999997,11.74562
12763.740295999998,11.74562
12763.867324999997,11.74562
12763.994352999998,11.74562
12764.121381999998,11.74562
12764.248410999997,11.74562
12764.375439999998,11.74562
12764.502468999997,11.74562
12764.629497999998,11.74562
12764.756526999998,11.74562
12764.883555999997,11.74562
12765.010584999998,11.74562
12765.137613999997,11.875406
12765.264642999997,11.875406
12765.391671999998,11.875406
12765.518700999997,11.875406
12765.645729999998,11.875406
12765.772758999998,11.875406
12765.899787999997,11.875406
12766.026815999998,11.875406
12766.153844999997,11.875406
12766.280873999998,11.875406
12766.407902999998,11.875406
12766.534931999997,11.875406
12768.694423999998,11.875406
12768.821452999997,11.875406
12768.948481999998,11.875406
12769.075510999997,11.875406
12769.202539999998,11.875406
12769.329568999998,11.875406
12769.456597999997,11.875406
12769.583626999998,11.875406
12769.710655999997,11.875406
12769.837683999998,11.875406
12769.964712999998,11.875406
12770.091741999997,11.875406
12770.218770999998,11.875406
12770.345799999997,11.875406
12770.472828999998,11.875406
12770.599857999998,11.875406
12770.726886999997,11.875406
12770.853915999998,11.875406
12770.980944999998,11.875406
12771.107973999997,11.875406
12771.235002999998,11.875406
12771.362031999997,11.875406
12772.251233999998,11.356262
12772.378262999997,11.356262
12772.505291999998,11.356262
12772.632320999997,11.356262
12772.759349999998,11.356262
12772.886378999998,11.356262
12773.013407999997,11.356262
12773.140436999998,11.356262
12773.267465999998,11.09669
12773.394494999997,11.09669
12773.521523999998,11.09669
12773.648551999997,11.09669
12773.775580999998,11.09669
12773.902609999997,11.09669
12774.029638999997,11.226476
12774.156667999998,11.226476
12774.283696999997,11.226476
12774.410725999998,11.226476
12774.537754999998,11.226476
12774.664783999997,11.226476
12774.791812999998,11.226476
12774.918841999997,11.226476
12775.045870999998,11.09669
12775.172899999998,11.09669
12775.299928999997,11.226476
12775.426957999998,11.226476
12775.553986999998,11.226476
12775.681014999998,11.226476
12775.808043999998,11.226476
12775.935072999997,11.226476
12776.062101999998,11.226476
12776.189130999997,11.226476
12776.316159999998,11.09669
12776.443188999998,11.09669
12776.570217999997,11.09669
12776.697246999998,11.09669
12776.824275999998,11.09669
12776.951304999997,11.09669
12777.078333999998,11.09669
12777.205362999997,11.09669
12777.332391999998,11.09669
12777.459420999998,11.09669
12779.872969999997,8.371188
12779.999998999998,8.371188
12780.127027999997,8.371188
12780.254056999998,8.371188
12780.381085999998,8.371188
12780.508114999997,8.371188
12780.635143999998,8.371188
12780.762172999997,8.371188
12780.889201999998,8.371188
12781.016230999998,8.371188
12781.143259999997,8.111616
12781.270288999998,8.111616
12781.397316999997,8.111616
12781.524345999998,8.111616
12781.651374999998,8.111616
12781.778403999997,8.111616
12781.905432999998,8.111616
12782.032461999997,8.111616
12782.159490999999,8.111616
12782.286519999998,8.111616
12786.478474999998,11.09669
12786.605503999997,11.09669
12786.732532999999,11.09669
12786.859561999998,11.09669
12786.986590999997,11.09669
12787.113619999998,11.09669
12787.240647999997,11.09669
12787.367676999998,11.09669
12793.083978999997,8.371188
12793.211007999998,8.371188
12793.338036999998,8.371188
12793.465065999997,8.371188
12793.592094999998,8.371188
12793.719123999997,8.371188
12793.846152999999,8.371188
12793.973181999998,8.371188
12794.100210999997,8.371188
12794.227239999998,8.371188
12794.354268999998,7.203115
12794.481297999997,7.203115
12794.608326999998,7.203115
12794.735355999997,7.203115
12794.862384999997,7.203115
12794.989412999998,7.203115
12795.116441999997,7.203115
12795.243470999998,7.203115
12795.370499999997,7.722258
12795.497528999998,7.722258
12795.624557999998,7.98183
12795.751586999997,7.98183
12795.878615999998,7.98183
12796.005644999997,7.98183
12796.132673999997,7.98183
12796.259702999998,7.98183
12796.386731999997,7.98183
12796.513760999998,7.98183
12798.165136999998,11.486048
12798.292165999997,11.486048
12798.419194999999,11.486048
12798.546223999998,11.486048
12798.673252999997,11.486048
12798.800281999998,11.486048
12798.927309999997,11.486048
12799.054338999998,11.486048
12799.435425999998,13.7573
12799.562454999997,13.7573
12799.689483999997,13.887086
12799.816512999998,13.887086
12799.943541999997,13.887086
12800.070570999998,13.887086
12800.197599999998,13.887086
12800.324628999997,13.887086
12800.451657999998,13.887086
12800.578686999997,13.887086
12800.705715999997,13.887086
12800.832743999998,13.887086
12800.959772999997,13.887086
12801.086801999998,13.887086
12801.213830999997,13.887086
12801.340859999998,13.887086
12801.467888999998,13.887086
12801.594917999997,13.822193
12801.721946999998,12.978585
12801.848975999997,12.913692
12801.976004999997,12.459442
12802.103033999998,12.394549
12802.230062999997,12.19987
12802.357091999998,12.134977
12802.484120999998,11.810513
12802.611149999997,11.74562
12802.738177999998,11.291369
12802.865206999997,11.161583
12802.992235999998,11.161583
12803.119264999998,11.161583
12803.246293999997,11.161583
12803.373322999998,11.161583
12803.500351999997,11.161583
12803.627380999998,11.161583
12803.754409999998,11.161583
12803.881438999997,11.161583
12804.008467999998,11.161583
12804.135496999997,11.09669
12813.916724999997,8.371188
12814.043753999998,8.371188
12814.170782999998,8.371188
12814.297810999997,8.371188
12814.424839999998,8.371188
12814.551868999997,8.371188
12814.678897999998,8.371188
12814.805926999998,8.371188
12814.932955999997,7.527579
12815.059984999998,7.527579
12815.187013999997,7.527579
12815.314042999998,7.527579
12815.441071999998,7.138222
12815.568100999997,7.138222
12815.695129999998,6.87865
12815.822158999998,6.87865
12815.949187999997,6.87865
12816.076216999998,6.87865
12816.203245999997,6.87865
12816.330273999998,6.87865
12816.457302999997,6.87865
12816.584331999999,6.87865
12816.711360999998,6.87865
12816.838389999997,6.87865
12816.965418999998,6.87865
12817.092447999998,6.87865
12817.219476999997,6.748864
12817.346505999998,6.748864
12817.473534999997,6.87865
12817.600563999997,6.87865
12817.727592999998,6.87865
12817.854621999997,6.87865
12817.981650999998,6.87865
12818.108679999998,6.87865
12818.235707999998,6.87865
12818.362736999998,6.87865
12818.489765999997,6.87865
12818.616794999998,6.87865
12818.743823999997,6.87865
12818.870852999997,6.87865
12818.997881999998,6.87865
12819.124910999997,6.87865
12819.251939999998,6.87865
12819.378968999998,6.87865
12819.505997999997,6.87865
12819.633026999998,6.87865
12819.760055999997,6.87865
12819.887084999998,6.87865
12820.014113999998,6.87865
12820.141141999997,6.87865
12820.268170999998,6.87865
12820.395199999997,6.87865
12820.522228999998,6.87865
12820.649257999998,6.87865
12820.776286999997,6.87865
12820.903315999998,6.87865
12821.030344999997,6.87865
12821.157373999999,6.87865
12821.284402999998,6.87865
12821.411431999997,6.87865
12821.538460999998,6.229721
12821.665489999998,6.229721
12821.792518999997,6.099935
12821.919547999998,6.099935
12822.046575999997,6.489293
12822.173604999998,6.489293
12822.300633999997,6.489293
12822.427662999999,6.489293
12822.554691999998,6.489293
12822.681720999997,6.489293
12822.808749999998,6.489293
12822.935778999998,6.489293
12823.062807999997,6.489293
12823.189836999998,6.489293
12824.841212999998,16.742375
12824.968241999997,16.742375
12825.095270999998,96.301103
12825.222299999998,96.301103
12825.349328999997,96.301103
12825.476357999998,96.301103
12825.603386999997,96.301103
12825.730415999999,96.301103
12825.857444999998,96.301103
12825.984472999997,7.657365
12826.111501999998,7.657365
12826.238530999997,7.657365
12826.365559999998,7.008436
12826.492588999998,7.008436
12826.619617999997,6.87865
12826.746646999998,6.87865
12826.873675999997,6.87865
12827.000704999999,6.87865
12836.908961999998,27.255029
12837.035990999997,90.395847
12837.163019999998,90.395847
12837.290048999997,90.395847
12837.417077999999,90.395847
12837.544105999998,90.395847
12837.671134999997,90.395847
12837.798163999998,90.395847
12837.925192999997,27.384815
12868.793223999997,8.371188
12868.920252999998,8.371188
12869.047281999998,8.371188
12869.174310999997,8.371188
12869.301339999998,8.371188
12869.428368999997,8.371188
12869.555397999997,8.371188
12869.682426999998,8.371188
12869.809455999997,8.176509
12869.936484999998,8.176509
12870.317571999998,8.046723
12870.444599999997,8.046723
12870.571628999998,8.046723
12870.698657999998,8.111616
12870.825686999997,8.176509
12870.952715999998,8.176509
12871.079744999997,8.176509
12871.206773999998,8.176509
12871.333802999998,8.176509
12871.460831999997,8.176509
12871.587860999998,8.176509
12871.714889999997,8.176509
12871.841918999997,8.046723
12871.968947999998,8.046723
12872.095976999997,8.046723
12872.223005999998,8.046723
12872.350034999998,8.046723
12872.477062999998,8.046723
12872.604091999998,8.046723
12872.731120999997,8.046723
12872.858149999998,8.046723
12872.985178999998,8.046723
12873.112207999997,8.046723
12873.239236999998,8.111616
12873.366265999997,8.176509
12873.493294999998,8.176509
12873.620323999998,8.176509
12873.747352999997,8.176509
12873.874381999998,8.176509
12874.001410999997,8.176509
12874.128439999997,8.176509
12874.255468999998,8.176509
12874.382496999997,8.046723
12874.509525999998,8.046723
12874.636554999997,8.046723
12874.763583999998,8.046723
12874.890612999998,8.046723
12875.017641999997,8.111616
12875.144670999998,8.176509
12875.271699999998,8.176509
12875.398728999997,8.176509
12875.525757999998,8.176509
12875.652786999997,8.176509
12875.779815999998,8.176509
12875.906844999998,8.176509
12876.033873999997,8.176509
12876.160902999998,8.176509
12876.287930999997,8.176509
12876.414959999998,8.176509
12876.541988999998,8.176509
12876.669017999997,8.176509
12876.796046999998,8.176509
12876.923075999997,8.176509
12877.050104999998,8.176509
12877.177133999998,8.176509
12877.304162999997,8.176509
12877.431191999998,8.046723
12877.558220999998,8.046723
12877.685249999997,8.046723
12877.812278999998,8.046723
12877.939307999997,8.046723
12878.066336999998,8.111616
12878.193364999997,8.111616
12878.320393999998,8.111616
12878.447422999998,8.111616
12878.574451999997,8.111616
12878.701480999998,8.111616
12878.828509999998,8.111616
12880.098798999998,8.371188
12880.225827999997,8.371188
12880.352856999998,8.371188
12880.479885999997,8.371188
12880.606914999998,8.371188
12880.733943999998,8.371188
12880.860972999997,8.371188
12880.988001999998,8.371188
12881.115030999998,8.371188
12881.242059999997,8.046723
12881.369088999998,8.046723
12881.496117999997,8.046723
12881.623146999998,8.046723
12894.453068999997,90.395847
12894.580097999999,90.395847
12894.707126999998,90.395847
12894.834155999997,90.395847
12894.961184999998,90.395847
12895.088213999998,90.395847
12895.215242999997,90.395847
12895.342271999998,16.547696
12895.469300999997,16.547696
12942.597034999997,8.111616
12942.724063999998,8.111616
12942.851092999997,8.111616
12942.978121999997,8.111616
12943.105150999998,8.111616
12943.232179999997,8.111616
12943.359208999998,8.111616
12943.486237999998,8.111616
12943.613266999997,8.111616
12943.740295999998,8.111616
12943.867324999997,7.98183
12943.994352999998,7.98183
12950.218770999998,7.98183
12950.345799999997,7.98183
12950.472828999998,7.98183
12950.599857999998,7.98183
12950.726886999997,7.98183
12950.853915999998,7.98183
12950.980944999998,7.98183
12951.107973999997,7.98183
12957.332391999998,7.98183
12957.459420999998,7.98183
12957.586448999999,7.98183
12957.713477999998,7.98183
12957.840506999997,7.98183
12957.967535999998,7.98183
12958.094564999998,7.98183
12958.221593999997,7.98183
12958.348622999998,7.98183
12958.475651999997,7.98183
12958.602680999997,7.98183
12958.729709999998,7.98183
12958.856738999997,7.98183
12958.983767999998,7.98183
12959.110796999998,7.98183
12959.237825999997,7.98183
12959.364854999998,7.98183
12959.491882999997,7.98183
12999.378968999998,10.966905
12999.505997999997,11.031798
12999.633026999998,11.031798
12999.760055999997,11.031798
12999.887084999998,11.226476
13000.014113999998,11.291369
13000.141141999997,11.421155
13000.268170999998,11.421155
13000.395199999997,11.421155
13000.522228999998,11.421155
13000.649257999998,11.421155
13000.776286999997,11.421155
13000.903315999998,11.421155
13001.030344999997,11.421155
13001.157373999999,11.161583
13001.284402999998,11.161583
13001.411431999997,11.031798
13001.538460999998,11.031798
13001.665489999998,11.031798
13001.792518999997,11.031798
13001.919547999998,11.031798
13002.046575999997,11.031798
13002.173604999998,11.031798
13002.300633999997,11.031798
13002.427662999999,11.031798
13002.554691999998,11.031798
13002.681720999997,11.031798
13002.808749999998,11.031798
13002.935778999998,11.031798
13003.062807999997,11.031798
13003.189836999998,11.031798
13003.316865999997,11.031798
13003.443894999997,11.031798
13003.570923999998,11.031798
13003.697952999997,11.031798
13003.824981999998,11.031798
13003.952010999998,11.031798
13004.079038999998,11.031798
13004.206067999998,11.031798
13004.333096999997,11.031798
13004.460125999998,11.031798
13004.587154999997,11.031798
13004.714183999997,11.031798
13004.841212999998,11.031798
13004.968241999997,11.031798
13005.095270999998,11.031798
13005.222299999998,11.031798
13005.349328999997,11.031798
13005.476357999998,11.031798
13005.603386999997,11.031798
13005.730415999999,11.031798
13005.857444999998,11.031798
13005.984472999997,11.031798
13006.111501999998,11.031798
13006.238530999997,11.031798
13006.365559999998,11.031798
13006.492588999998,11.031798
13006.619617999997,11.031798
13006.746646999998,11.031798
13006.873675999997,11.031798
13007.000704999999,11.031798
13007.127733999998,11.031798
13007.254762999997,11.031798
13007.381791999998,11.031798
13007.508820999998,11.031798
13007.635849999997,11.031798
13007.762878999998,11.031798
13007.889906999997,11.031798
13008.016935999998,11.031798
13008.143964999997,11.031798
13008.270993999997,11.031798
13008.398022999998,11.031798
13008.525051999997,11.031798
13008.652080999998,11.031798
13008.779109999998,11.031798
13008.906138999997,11.031798
13009.033167999998,11.810513
13009.160196999997,11.810513
13009.287225999997,11.810513
13009.414254999998,11.810513
13009.541283999997,11.810513
13009.668312999998,11.810513
13009.795340999997,11.810513
13009.922369999998,11.810513
13010.049398999998,11.810513
13010.176427999997,11.810513
13010.303456999998,11.810513
13010.430485999997,11.810513
13010.557514999997,11.810513
13010.684543999998,11.810513
13010.811572999997,11.810513
13010.938601999998,11.810513
13012.081861999997,14.276444
13012.208890999998,14.276444
13012.335919999998,14.665801
13012.462948999997,14.665801
13012.589977999998,14.795587
13012.717006999997,14.795587
13012.844035999997,14.795587
13012.971064999998,14.795587
13013.098093999997,15.574302
13013.225122999998,15.574302
13013.352151999998,15.574302
13013.479180999997,15.574302
13013.606209999998,15.574302
13013.733237999997,15.574302
13013.860266999998,16.353018
13013.987295999998,16.353018
13014.114324999997,16.612589
13014.241353999998,16.612589
13014.368382999997,16.612589
13014.495411999998,16.612589
13014.622440999998,16.612589
13014.749469999997,16.612589
13014.876498999998,16.612589
13015.003527999997,16.612589
13015.130556999997,16.612589
13015.257585999998,16.612589
13015.384614999997,16.612589
13015.511643999998,16.612589
13015.638671999997,16.612589
13015.765700999998,16.612589
13015.892729999998,16.612589
13016.019758999997,16.612589
13018.433308999998,21.674238
13018.560337999998,21.674238
13018.687366999997,21.674238
13018.814395999998,21.674238
13018.941424999997,21.674238
13019.068453999998,21.674238
13019.195482999998,21.674238
13019.322511999997,21.674238
13024.530697999997,27.903958
13024.657726999998,27.903958
13024.784755999997,27.903958
13024.911784999998,27.903958
13025.038813999998,27.903958
13025.165842999997,27.903958
13025.292870999998,27.903958
13025.419899999997,27.903958
13026.817218999997,30.759247
13026.944247999998,30.759247
13027.071276999997,30.759247
13027.198304999998,30.759247
13027.325333999997,30.759247
13027.452362999997,30.759247
13027.579391999998,30.759247
13027.706420999997,30.759247
13027.833449999998,30.759247
13027.960478999998,30.759247
13028.087507999997,30.759247
13028.214536999998,30.759247
13028.341565999997,30.759247
13028.468594999998,30.759247
13028.595623999998,30.759247
13028.722652999997,30.759247
13028.849681999998,30.759247
13028.976710999998,30.759247
13029.103739999997,30.759247
13029.230767999998,30.759247
13031.009173999997,32.316677
13031.136201999998,32.316677
13031.263230999997,32.576249
13031.390259999998,32.576249
13031.517288999998,32.576249
13031.644317999997,32.576249
13031.771346999998,32.576249
13031.898375999997,32.576249
13032.025404999997,32.576249
13033.041635999998,32.576249
13033.168664999997,32.576249
13033.295693999997,32.576249
13033.422722999998,32.576249
13033.549751999997,32.576249
13033.676780999998,32.576249
13033.803809999998,32.576249
13033.930838999997,32.576249
13034.057867999998,32.511356
13034.184896999997,32.446463
13034.311925999998,32.38157
13034.438954999998,32.316677
13034.565983999997,32.251785
13034.693012999998,32.057106
13034.820041999998,31.992213
13034.947069999998,31.797534
13035.074098999998,31.732641
13036.090330999998,32.057106
13036.217359999997,32.057106
13036.344388999998,32.057106
13036.471417999997,32.057106
13036.598446999997,32.057106
13036.725475999998,32.057106
13036.852504999997,32.057106
13036.979532999998,32.057106
13039.393082999997,32.835821
13039.520111999998,32.835821
13039.647140999998,32.835821
13039.774169999997,32.835821
13039.901198999998,32.835821
13040.028227999997,32.835821
13040.155256999999,32.835821
13040.282285999998,32.835821
13041.933661999998,28.293316
13042.060690999997,28.293316
13042.187719999998,28.293316
13042.314748999997,28.293316
13042.441777999997,28.293316
13042.568806999998,28.293316
13042.695834999997,28.293316
13047.776992999998,28.16353
13047.904021999997,28.16353
13048.031050999998,28.16353
13048.158079999997,28.16353
13048.285108999997,28.16353
13048.412137999998,28.16353
13048.539165999997,28.16353
13048.666194999998,28.16353
13068.609737999997,22.452953
13068.736766999999,22.452953
13068.863795999998,22.452953
13068.990824999997,22.452953
13069.117853999998,22.452953
13069.244882999998,22.452953
13069.371911999997,22.452953
13069.498940999998,22.452953
13069.625969999997,22.712524
13069.752998999998,22.712524
13069.880026999997,22.84231
13070.007055999999,22.84231
13070.134084999998,22.972096
13070.261113999997,22.972096
13070.388142999998,22.972096
13070.515171999998,22.972096
13070.642200999997,22.972096
13070.769229999998,22.972096
13070.896258999997,22.972096
13071.023287999997,22.972096
13071.404374999998,23.231668
13071.531403999998,23.231668
13071.658432999997,23.231668
13071.785460999998,23.231668
13071.912489999997,23.231668
13072.039518999998,23.231668
13072.166547999997,23.231668
13072.293576999997,23.231668
13072.420605999998,23.231668
13072.547634999997,23.231668
13072.674663999998,23.101882
13072.801692999998,23.101882
13072.928721999997,23.101882
13073.055750999998,23.101882
13073.182779999997,22.84231
13073.309808999998,22.84231
13073.436837999998,22.582738
13073.563866999997,22.582738
13074.707126999998,17.196626
13074.834155999997,17.196626
13074.961184999998,17.196626
13075.088213999998,17.196626
13075.215242999997,17.196626
13075.342271999998,17.196626
13075.469300999997,17.196626
13075.596328999998,17.131733
13075.723357999997,17.131733
13075.850386999999,17.131733
13075.977415999998,17.650876
13076.104444999997,17.650876
13076.231473999998,17.650876
13076.358502999998,17.650876
13076.485531999997,17.650876
13076.612560999998,17.650876
13076.739589999997,17.650876
13076.866618999997,17.650876
13076.993647999998,17.650876
13077.120676999997,17.650876
13077.247705999998,17.585983
13077.374734999998,17.06684
13077.501763999997,17.06684
13077.628791999998,17.06684
13077.755820999997,17.06684
13077.882849999998,17.06684
13078.009878999997,17.06684
13078.136907999997,17.001947
13078.263936999998,17.001947
13078.390965999997,17.001947
13078.517994999998,17.001947
13078.645023999998,17.001947
13078.772052999997,17.001947
13078.899081999998,17.001947
13079.026110999997,16.937054
13079.534225999998,17.650876
13079.788283999998,17.780662
13079.915312999998,17.845555
13080.042341999997,17.845555
13080.169370999998,17.845555
13080.296399999997,17.845555
13080.423428999999,17.845555
13080.550457999998,17.845555
13080.677486999997,17.845555
13080.804515999998,17.715769
13080.931544999998,17.715769
13081.058573999997,17.715769
13081.185602999998,17.715769
13081.312631999997,17.715769
13081.439659999998,17.715769
13081.566688999997,17.715769
13081.693717999997,17.715769
13084.361325999998,17.326411
13084.488354999998,17.326411
13084.615383999997,17.326411
13084.742412999998,17.326411
13084.869441999997,17.326411
13084.996470999999,17.326411
13085.123499999998,17.326411
13085.250528999997,17.326411
13085.377556999998,17.06684
13085.504585999997,17.06684
13085.631614999998,17.06684
13085.758643999998,17.06684
13085.885672999997,17.06684
13086.012701999998,17.06684
13086.139730999997,17.06684
13086.266759999997,17.06684
13086.393788999998,17.06684
13086.520817999997,17.06684
13088.680309999998,12.005191
13088.807338999997,12.005191
13088.934367999998,12.005191
13089.061396999998,12.005191
13089.188424999998,12.005191
13089.315453999998,12.005191
13089.442482999997,12.005191
13089.569511999998,12.005191
13089.696540999998,11.74562
13089.823569999997,11.74562
13089.950598999998,11.615834
13090.077627999997,11.615834
13090.204656999998,11.615834
13090.331685999998,11.615834
13090.458714999997,11.615834
13090.585743999998,11.615834
13090.712772999997,11.615834
13090.839801999997,11.615834
13090.966830999998,11.615834
13091.220887999998,11.74562
13091.347916999997,11.74562
13091.474945999998,11.74562
13091.601974999998,11.74562
13091.729003999997,11.74562
13091.856032999998,11.74562
13091.983061999998,11.74562
13092.110090999997,11.74562
13092.237119999998,11.486048
13092.364148999997,11.486048
13097.826392999998,11.74562
13097.953421999997,11.74562
13098.080450999998,11.875406
13098.207479999997,11.875406
13098.334508999998,11.875406
13098.461537999998,11.875406
13098.588566999997,11.875406
13098.715595999998,11.875406
13098.842623999997,11.875406
13098.969652999998,11.875406
13110.783343999998,2.141467
13110.910372999997,2.141467
13111.037401999998,2.141467
13111.164430999997,2.141467
13111.291459999997,13.692408
13111.418488999998,13.692408
13111.545517999997,13.692408
13111.672546999998,13.692408
13111.799575999998,13.692408
13111.926604999997,13.692408
13112.053633999998,13.692408
13112.180662999997,13.692408
13112.307691999998,13.692408
13112.434719999997,13.692408
13112.561748999997,13.692408
13112.688777999998,13.692408
13112.815806999997,13.692408
13112.942835999998,13.692408
13113.069864999998,2.271252
13113.196893999997,2.271252
13113.323922999998,2.271252
13113.450951999997,2.271252
13113.577980999999,2.141467
13113.705009999998,2.141467
13113.832038999997,2.141467
13113.959067999998,2.141467
13114.086096999998,2.141467
13114.213125999997,2.141467
13114.340153999998,2.141467
13114.467182999997,2.141467
13114.594211999998,2.141467
13114.721240999997,2.141467
13114.848269999999,2.141467
13114.975298999998,2.141467
13115.102327999997,14.86048
13115.229356999998,14.86048
13115.356385999998,14.86048
13115.483414999997,14.86048
13115.610443999998,14.86048
13115.737472999997,14.86048
13115.864501999997,14.86048
13115.991530999998,14.86048
13116.118559999997,14.86048
13116.245587999998,14.86048
13116.372616999997,14.86048
13116.499645999998,14.86048
13116.626674999998,0.843608
13116.753703999997,0.843608
13116.880732999998,0.584036
13117.007761999997,0.584036
13120.691600999997,85.528877
13120.818629999998,85.528877
13120.945658999997,85.528877
13121.072687999998,85.528877
13121.199716999998,85.528877
13121.326745999997,85.528877
13121.453774999998,85.528877
13121.580803999997,85.528877
13121.707832999997,15.768981
13121.834861999998,15.768981
13122.851092999997,15.249838
13122.978121999997,15.249838
13123.105150999998,15.249838
13123.232179999997,15.249838
13123.359208999998,15.249838
13123.486237999998,15.249838
13123.613266999997,15.249838
13123.740295999998,14.990266
13123.867324999997,14.990266
13124.883555999997,14.600909
13125.010584999998,14.600909
13125.137613999997,14.600909
13125.264642999997,14.600909
13125.391671999998,14.600909
13125.518700999997,14.600909
13125.645729999998,14.600909
13125.772758999998,14.341337
13125.899787999997,14.341337
13126.026815999998,14.211551
13126.153844999997,14.211551
13126.280873999998,14.211551
13126.407902999998,14.211551
13126.534931999997,14.211551
13126.661960999998,14.211551
13126.788989999997,14.211551
13126.916018999998,14.211551
13127.043047999998,13.822193
13127.170076999997,13.822193
13127.297105999998,13.822193
13127.424134999997,13.822193
13127.551163999997,13.30305
13127.678192999998,13.30305
13127.805221999997,13.043478
13127.932249999998,13.043478
13128.059278999997,13.043478
13128.186307999998,13.043478
13128.313336999998,13.043478
13128.440365999997,13.043478
13128.567394999998,13.043478
13128.694423999998,13.043478
13128.821452999997,13.043478
13128.948481999998,13.043478
13129.075510999997,13.043478
13129.202539999998,13.043478
13129.329568999998,13.043478
13129.456597999997,13.043478
13129.583626999998,13.043478
13129.710655999997,13.043478
13129.837683999998,13.043478
13129.964712999998,13.043478
13130.091741999997,13.043478
13130.218770999998,13.043478
13130.345799999997,13.043478
13130.472828999998,13.043478
13130.599857999998,13.043478
13130.726886999997,13.043478
13130.853915999998,12.134977
13130.980944999998,12.134977
13131.107973999997,12.134977
13131.235002999998,12.134977
13131.362031999997,11.615834
13131.489060999998,11.615834
13131.616089999998,11.356262
13131.743117999999,11.356262
13131.870146999998,11.226476
13131.997175999997,11.226476
13132.124204999998,11.09669
13132.251233999998,11.09669
13132.378262999997,11.09669
13132.505291999998,11.09669
13132.632320999997,11.09669
13132.759349999998,11.09669
13132.886378999998,11.09669
13133.013407999997,11.09669
13133.140436999998,10.966905
13133.267465999998,10.966905
13134.537754999998,8.371188
13134.664783999997,8.371188
13134.791812999998,8.371188
13134.918841999997,8.371188
13135.045870999998,8.371188
13135.172899999998,8.371188
13135.299928999997,8.371188
13135.426957999998,8.371188
13135.553986999998,8.371188
13135.681014999998,7.98183
13135.808043999998,7.98183
13135.935072999997,7.852044
13136.062101999998,7.852044
13136.189130999997,7.592472
13136.316159999998,7.592472
13136.443188999998,6.943543
13136.570217999997,6.943543
13136.697246999998,6.943543
13136.824275999998,6.943543
13136.951304999997,6.943543
13137.078333999998,7.073329
13137.205362999997,7.073329
13137.332391999998,7.073329
13137.459420999998,7.073329
13137.586448999999,7.073329
13137.713477999998,7.073329
13137.840506999997,7.073329
13137.967535999998,7.073329
13138.094564999998,7.073329
13138.221593999997,6.813757
13138.348622999998,6.813757
13138.475651999997,6.813757
13138.602680999997,6.813757
13138.729709999998,6.813757
13138.856738999997,6.813757
13138.983767999998,6.813757
13139.110796999998,6.813757
13139.237825999997,6.813757
13139.364854999998,6.813757
13139.872969999997,6.813757
13139.999998999998,6.813757
13140.127027999997,6.813757
13140.254056999998,6.813757
13140.381085999998,6.813757
13140.508114999997,6.813757
13140.635143999998,7.073329
13140.762172999997,7.073329
13140.889201999998,7.073329
13141.016230999998,7.073329
13141.143259999997,7.073329
13141.270288999998,7.073329
13141.397316999997,7.073329
13141.524345999998,7.073329
13141.651374999998,7.073329
13141.778403999997,7.073329
13141.905432999998,7.073329
13142.032461999997,7.073329
13142.159490999999,7.073329
13142.286519999998,7.073329
13142.413548999997,7.073329
13142.540577999998,7.073329
13142.667606999998,7.073329
13142.794635999997,7.073329
13142.921664999998,7.073329
13143.048693999997,7.073329
13143.175722999998,7.073329
13143.302751999998,7.073329
13143.429779999999,7.008436
13143.556808999998,6.943543
13143.683837999997,6.943543
13143.810866999998,6.943543
13143.937895999998,7.073329
13144.064924999997,7.073329
13144.191953999998,7.203115
13144.318982999997,7.203115
13144.446011999997,7.203115
13144.573040999998,7.203115
13144.573040999998,7.727273
13144.700069999997,7.727273
13144.827098999998,7.727273
13144.954127999998,7.727273
13145.081156999999,7.727273
13145.208185999998,7.727273
13145.335214999997,7.727273
13145.462243999998,7.727273
13145.589271999997,7.727273
13145.716300999999,6.948052
13145.843329999998,6.948052
13145.970358999997,6.948052
13146.097387999998,6.948052
13146.224416999998,7.077922
13146.351445999997,7.077922
13146.478474999998,7.077922
13146.605503999997,7.077922
13146.732532999999,7.077922
13146.859561999998,7.077922
13146.986590999997,7.077922
13147.113619999998,7.077922
13147.240648999998,7.077922
13147.367677999999,7.077922
13147.494705999998,7.077922
13147.621734999997,7.077922
13147.748763999998,6.948052
13147.875792999997,6.948052
13148.002821999999,7.077922
13148.129850999998,7.077922
13148.256879999997,7.077922
13148.383908999998,7.077922
13148.510937999998,7.077922
13148.637966999997,7.077922
13148.764995999998,7.077922
13148.892024999997,7.077922
13149.019053999999,7.077922
13149.146082999998,7.077922
13149.273111999997,7.077922
13149.400140999998,7.077922
13149.527168999997,7.077922
13149.654197999998,7.077922
13149.781226999998,7.077922
13149.908255999997,7.077922
13150.035284999998,6.948052
13150.162313999997,6.948052
13150.289342999999,6.948052
13150.416371999998,6.948052
13150.543400999997,6.948052
13150.670429999998,6.948052
13152.067747999998,7.077922
13152.194776999997,7.077922
13152.321805999998,7.077922
13152.448834999997,7.077922
13152.575863999999,7.077922
13152.702892999998,7.077922
13152.829921999997,7.077922
13152.956950999998,7.077922
13153.083979999998,7.077922
13153.211008999999,7.077922
13153.338036999998,6.948052
13153.465065999997,6.948052
13153.592094999998,6.948052
13153.719123999997,6.948052
13153.846152999999,6.948052
13153.973181999998,6.948052
13154.100210999997,6.948052
13154.227239999998,6.948052
13154.354268999998,6.948052
13154.481297999997,6.948052
13158.165136999998,6.948052
13158.292165999997,6.948052
13158.419194999999,7.077922
13158.546223999998,7.077922
13158.673252999997,7.077922
13158.800281999998,7.077922
13158.927310999998,7.077922
13159.054339999997,7.077922
13159.181367999998,7.077922
13159.308396999997,7.077922
13159.435425999998,7.077922
13159.562454999997,7.077922
13159.689483999999,7.077922
13159.816512999998,7.077922
13159.943541999997,7.077922
13160.070570999998,7.077922
13160.197599999998,6.948052
13160.324628999997,6.948052
13160.451657999998,6.948052
13160.578686999997,6.948052
13160.705715999999,6.948052
13160.832744999998,6.948052
13160.959773999997,6.948052
13161.086801999998,6.948052
13161.213830999997,6.948052
13161.340859999998,6.948052
13161.467888999998,6.948052
13161.594917999997,6.948052
13161.721946999998,6.948052
13161.848975999997,6.948052
13161.976004999999,7.207792
13162.103033999998,7.272727
13162.230062999997,7.272727
13162.357091999998,7.272727
13162.484120999998,7.272727
13162.611149999997,7.532468
13162.738178999998,7.727273
13162.865207999997,7.727273
13162.992235999998,7.727273
13163.119264999998,7.727273
13163.246293999999,7.727273
13163.373322999998,7.727273
13163.500351999997,7.727273
13163.627380999998,7.727273
13163.754409999998,7.727273
13163.881438999997,7.727273
13164.008467999998,7.727273
13164.135496999997,7.727273
13164.262525999999,7.727273
13164.389554999998,7.792208
13164.516583999997,7.792208
13164.643612999998,7.792208
13164.770641999998,7.792208
13164.897669999998,7.792208
13165.024698999998,7.792208
13165.151727999997,7.792208
13165.278756999998,7.727273
13165.405785999998,7.727273
13165.532814999999,7.727273
13165.659843999998,7.727273
13165.786872999997,7.727273
13165.913901999998,7.727273
13166.040930999998,7.727273
13166.167959999997,7.727273
13166.294988999998,7.727273
13166.422017999997,7.727273
13166.549046999999,7.727273
13166.676075999998,7.727273
13166.803104999997,7.727273
13166.930132999998,7.727273
13167.057161999997,7.727273
13167.184190999998,7.727273
13167.311219999998,7.727273
13167.438248999997,7.727273
13167.565277999998,7.727273
13167.692306999998,7.727273
13177.854621999997,25.779221
13177.981650999998,25.779221
13178.108679999998,25.779221
13178.235708999999,25.779221
13178.362737999998,25.779221
13178.489765999997,25.779221
13178.616794999998,25.779221
13178.743823999997,25.779221
13178.870852999999,1.233766
13179.633026999998,10.844156
13179.760055999997,10.844156
13179.887084999998,10.844156
13180.014113999998,10.844156
13180.141142999997,10.844156
13180.268171999998,10.844156
13180.395199999997,10.844156
13180.522228999998,10.844156
13180.649257999998,10.844156
13180.776286999997,10.844156
13180.903315999998,10.844156
13181.030344999997,10.844156
13181.411431999997,11.883117
13181.538460999998,11.883117
13181.665489999998,11.883117
13181.792518999999,11.883117
13181.919547999998,11.883117
13182.046576999997,11.883117
13182.173605999998,12.662338
13182.300634999998,12.662338
13182.427662999999,12.792208
13182.554691999998,12.792208
13182.681720999997,12.792208
13182.808749999998,12.792208
13182.935778999998,12.792208
13183.062807999997,12.792208
13183.189836999998,12.792208
13183.316865999997,12.792208
13183.443894999999,12.792208
13183.570923999998,12.792208
13183.697952999997,12.792208
13183.824981999998,12.792208
13183.952010999998,12.792208
13184.079039999999,12.792208
13184.206068999998,12.792208
13184.333096999997,12.792208
13184.460125999998,12.792208
13184.587154999997,12.792208
13184.714183999999,12.792208
13184.841212999998,12.792208
13184.968241999997,12.792208
13185.095270999998,12.792208
13185.222299999998,12.792208
13185.349328999997,12.792208
13185.476357999998,12.792208
13185.603386999997,12.792208
13185.730415999999,12.792208
13185.857444999998,12.792208
13185.984473999997,12.792208
13186.111502999998,12.792208
13186.238530999997,12.792208
13186.365559999998,12.792208
13186.492588999998,12.792208
13186.619617999997,12.792208
13186.746646999998,12.727273
13186.873675999997,12.662338
13187.000704999999,12.662338
13187.127733999998,12.662338
13187.254762999997,12.662338
13187.381791999998,12.662338
13187.508820999998,12.662338
13187.635849999997,12.662338
13187.762878999998,12.662338
13187.889907999997,12.662338
13188.016936999999,12.662338
13188.143964999997,12.662338
13188.270993999999,12.727273
13188.398022999998,12.727273
13188.525051999997,12.727273
13188.652080999998,12.727273
13188.779109999998,12.727273
13188.906138999997,12.727273
13189.033167999998,12.727273
13189.160196999997,12.727273
13189.287225999999,12.727273
13189.414254999998,12.727273
13189.541283999997,12.727273
13189.668312999998,12.727273
13189.795341999998,12.727273
13189.922370999997,12.727273
13190.049399999998,12.727273
13190.176427999997,12.727273
13190.303456999998,12.727273
13190.430485999997,12.727273
13190.557514999999,12.727273
13190.684543999998,12.727273
13190.811572999997,12.727273
13190.938601999998,12.727273
13191.065630999998,12.727273
13191.192659999997,12.727273
13191.319688999998,12.597403
13191.446717999997,12.597403
13191.573746999999,12.662338
13191.700775999998,12.727273
13191.827804999997,12.727273
13191.954833999998,12.727273
13192.081861999997,12.727273
13192.208890999998,12.727273
13192.335919999998,12.792208
13192.462948999997,12.857143
13192.589977999998,12.857143
13192.717006999997,12.857143
13192.844035999999,12.857143
13192.971064999998,12.857143
13193.098093999997,12.857143
13193.225122999998,12.857143
13193.352151999998,12.857143
13193.479180999997,12.857143
13193.606209999998,12.857143
13193.733238999997,12.857143
13193.860267999999,12.857143
13193.987295999998,12.857143
13194.114324999999,12.857143
13194.241353999998,12.857143
13194.368382999997,12.727273
13194.495411999998,12.727273
13194.622440999998,12.727273
13194.749469999997,12.727273
13194.876498999998,12.727273
13195.003527999997,12.727273
13195.130556999999,12.727273
13195.257585999998,12.727273
13195.384614999997,12.727273
13195.511643999998,12.727273
13195.638672999998,12.727273
13195.765701999997,12.727273
13195.892729999998,12.727273
13196.019758999997,12.727273
13196.146787999998,12.727273
13196.273816999998,12.727273
13196.400845999999,12.792208
13196.527874999998,12.857143
13196.654903999997,12.857143
13196.781932999998,12.857143
13196.908961999998,12.857143
13197.035990999997,12.857143
13197.163019999998,12.857143
13197.290048999997,12.857143
13197.417077999999,12.857143
13197.544106999998,12.857143
13197.671135999997,12.857143
13197.798164999998,12.857143
13197.925192999997,12.857143
13198.052221999998,12.857143
13198.179250999998,12.857143
13198.306279999997,12.857143
13198.433308999998,12.857143
13198.560337999998,12.857143
13198.687366999999,12.857143
13198.814395999998,12.857143
13198.941424999997,12.857143
13199.068453999998,12.857143
13199.195482999998,12.857143
13199.322511999997,12.857143
13199.449540999998,12.857143
13199.576569999997,12.857143
13199.703598999999,12.857143
13199.830626999998,12.857143
13199.957655999999,12.857143
13200.084684999998,12.857143
13200.211713999997,12.857143
13200.338742999998,12.857143
13200.465771999998,12.857143
13200.592800999997,12.857143
13200.719829999998,12.857143
13200.846858999997,12.857143
13200.973887999999,12.857143
13201.100916999998,12.857143
13201.227945999997,12.857143
13201.354974999998,12.857143
13201.482003999998,12.727273
13201.609032999997,12.727273
13201.736060999998,12.857143
13201.863089999997,12.857143
13201.990118999998,12.857143
13202.117147999998,12.857143
13202.244176999999,12.857143
13202.371205999998,12.857143
13202.498234999997,12.857143
13202.625263999998,12.857143
13202.752292999998,12.857143
13202.879321999997,12.857143
13203.006350999998,12.857143
13203.133379999997,12.857143
13203.260408999999,12.857143
13203.387437999998,12.857143
13203.514466999997,12.857143
13203.641494999998,12.857143
13203.768523999997,12.857143
13203.895552999998,12.857143
13204.022581999998,12.857143
13204.149610999997,12.857143
13204.276639999998,12.857143
13204.403668999998,12.857143
13204.530697999999,12.857143
13204.657726999998,12.857143
13204.784755999997,12.857143
13204.911784999998,12.857143
13205.038813999998,12.857143
13205.165842999997,12.857143
13205.292871999998,12.857143
13205.419900999997,12.857143
13206.055044999997,13.896104
13206.182073999998,13.896104
13206.309102999998,13.896104
13206.436131999997,13.896104
13206.563160999998,13.896104
13206.690189999998,13.896104
13206.817218999999,13.896104
13206.944247999998,13.896104
13207.071276999997,13.896104
13207.198305999998,13.896104
13207.325334999998,14.025974
13207.452363999997,14.025974
13207.579391999998,14.025974
13207.706420999997,14.025974
13207.833449999998,14.025974
13207.960478999998,14.025974
13208.087507999999,14.025974
13208.214536999998,14.025974
13208.341565999997,14.025974
13208.468594999998,14.025974
13208.595623999998,14.025974
13208.722652999997,14.025974
13208.849681999998,14.025974
13208.976710999998,14.025974
13209.103739999999,14.025974
13209.230768999998,14.025974
13209.357797999997,14.025974
13209.484825999998,14.025974
13209.611854999997,14.025974
13209.738883999999,14.025974
13209.865912999998,14.025974
13209.992941999997,14.025974
13210.119970999998,14.025974
13210.246999999998,14.025974
13210.374028999999,14.025974
13210.501057999998,14.025974
13210.628086999997,14.025974
13210.755115999998,14.025974
13210.882144999998,14.025974
13211.009173999997,14.025974
13211.136202999998,14.025974
13211.263231999998,14.025974
13211.390259999998,14.025974
13211.517288999998,14.025974
13211.644317999997,14.025974
13211.771346999998,14.025974
13211.898375999997,14.025974
13212.025404999998,14.025974
13212.152433999998,14.025974
13212.279462999997,14.025974
13212.406491999998,14.025974
13212.533520999998,14.025974
13212.660549999999,14.025974
13212.787578999998,14.025974
13212.914607999997,14.025974
13213.041636999998,14.025974
13213.168665999998,14.025974
13213.295693999999,14.025974
13213.422722999998,14.025974
13213.549751999997,14.025974
13213.676780999998,14.025974
13213.803809999998,14.025974
13213.930838999997,14.025974
13214.057867999998,14.025974
13214.184896999997,14.025974
13214.311925999998,14.025974
13214.438954999998,14.025974
13214.565983999997,14.025974
13214.693012999998,13.896104
13214.820041999998,13.896104
13214.947070999999,13.896104
13215.074099999998,13.896104
13215.455185999997,15.064935
13215.582214999999,15.064935
13215.709243999998,15.064935
13215.836272999997,15.064935
13215.963301999998,15.064935
13216.090330999998,15.064935
13216.217359999999,15.064935
13216.344388999998,15.064935
13216.471417999997,15.064935
13216.598446999998,15.064935
13216.725475999998,15.064935
13216.852504999997,15.064935
13216.979533999998,15.064935
13217.106562999998,15.064935
13217.233590999998,15.064935
13217.360619999998,15.064935
13217.487648999997,15.064935
13217.614677999998,15.064935
13217.741706999997,15.064935
13217.868735999999,15.064935
13217.995764999998,15.064935
13218.122793999997,15.064935
13218.249822999998,15.064935
13218.376851999998,15.064935
13225.617500999997,16.883117
13225.744529999998,16.883117
13225.871558999997,16.883117
13225.998587999999,16.883117
13226.125616999998,16.883117
13226.252645999997,16.883117
13226.379674999998,16.883117
13226.506703999998,16.883117
13245.942130999998,18.311688
13246.069159999997,18.311688
13246.196187999998,18.311688
13246.323216999997,18.311688
13246.450245999999,18.311688
13246.577274999998,18.311688
13246.704303999997,18.311688
13246.831332999998,18.311688
13265.758643999998,6.883117
13265.885672999997,6.883117
13266.012701999998,6.883117
13266.139730999997,6.883117
13266.266759999999,6.883117
13266.393788999998,6.883117
13266.520817999997,6.883117
13266.647846999998,6.883117
13266.774875999998,6.883117
13266.901904999997,6.883117
13267.028933999998,6.883117
13267.155962999997,6.883117
13267.537048999999,6.883117
13267.664077999998,6.883117
13267.791106999997,6.883117
13267.918135999998,6.883117
13268.045164999998,6.883117
13268.172193999997,6.883117
13268.299222999998,6.883117
13268.426251999997,6.883117
13268.553280999999,6.883117
13268.680309999998,6.883117
13275.539871999998,5.064935
13275.666900999999,5.064935
13275.793929999998,5.064935
13275.920958999997,5.064935
13276.047987999998,5.064935
13276.175016999998,5.064935
13276.302045999997,5.064935
13276.429074999998,5.0
13276.556103999998,4.935065
13276.683132999999,4.87013
13276.810161999998,4.87013
13276.937190999997,4.87013
13277.064219999998,4.87013
13277.191247999997,4.87013
13301.707832999999,5.649351
13301.834861999998,5.649351
13301.961890999997,5.649351
13302.088919999998,5.649351
13302.215948999998,5.649351
13302.342976999998,5.649351
13302.470005999998,5.649351
13302.597034999997,5.649351
13302.724063999998,5.649351
13302.851092999997,5.649351
13302.978121999999,5.649351
13303.105150999998,5.649351
13309.583626999998,5.649351
13309.710655999997,5.649351
13309.837684999999,5.779221
13309.964713999998,5.779221
13310.091741999999,5.779221
13310.218770999998,5.779221
13310.345799999997,5.779221
13310.472828999998,5.779221
13310.599857999998,5.779221
13310.726886999997,5.779221
13310.853915999998,5.779221
13310.980944999998,5.779221
13311.107973999999,5.779221
13311.235002999998,5.779221
13311.362031999997,5.779221
13311.489060999998,5.779221
13311.616089999998,5.779221
13311.743118999997,5.779221
13311.870147999998,5.779221
13311.997175999997,5.779221
13312.124204999998,5.779221
13312.251233999998,5.779221
13312.378262999999,5.649351
13312.505291999998,5.649351
13312.632320999997,5.649351
13312.759349999998,5.649351
13312.886378999998,5.649351
13313.013407999997,5.649351
13313.140436999998,5.649351
13313.267465999998,5.649351
13313.394494999999,5.649351
13313.521523999998,5.649351
13313.648552999997,5.649351
13313.775581999998,5.649351
13313.902610999998,5.649351
13314.029638999998,5.649351
13314.156667999998,5.649351
13314.283696999997,5.649351
13314.410725999998,5.649351
13314.537754999998,5.649351
13320.254056999998,5.779221
13320.381085999998,5.779221
13320.508114999997,5.779221
13320.635143999998,5.779221
13320.762172999997,5.779221
13320.889201999998,5.779221
13321.016230999998,5.779221
13321.143259999997,5.779221
13321.270288999998,5.779221
13321.397317999998,5.779221
13321.524346999999,5.779221
13321.651375999998,5.779221
13321.778403999997,5.779221
13321.905432999998,5.779221
13322.032461999997,5.649351
13322.159490999999,5.649351
13322.286519999998,5.649351
13322.413548999997,5.649351
13322.540577999998,5.649351
13322.667606999998,5.649351
13326.351445999997,6.948052
13326.478474999998,6.948052
13326.605503999997,7.337662
13326.732532999999,7.337662
13326.859561999998,7.337662
13326.986590999997,7.337662
13327.113619999998,7.337662
13327.240648999998,7.337662
13327.367677999999,7.337662
13327.494705999998,7.337662
13327.621734999997,7.207792
13327.748763999998,7.207792
13327.875792999997,6.818182
13328.002821999999,6.818182
13328.129850999998,6.948052
13328.256879999997,6.948052
13328.383908999998,6.948052
13328.510937999998,6.948052
13328.637966999999,6.948052
13328.764995999998,6.948052
13328.892024999997,6.948052
13329.019053999999,6.948052
13329.146082999998,6.948052
13329.273111999997,6.948052
13329.400140999998,6.818182
13329.527168999997,6.818182
13341.086801999998,7.597403
13341.213830999997,7.597403
13341.340859999998,7.597403
13341.467888999998,7.597403
13341.594917999997,7.597403
13341.721946999998,7.597403
13341.848975999997,7.597403
13341.976004999999,7.597403
13342.103033999998,7.597403
13342.230062999997,7.597403
13342.357091999998,7.597403
13342.484120999998,7.597403
13342.611149999997,7.597403
13342.738178999998,7.597403
13342.865207999997,7.597403
13342.992235999998,7.597403
13343.119264999998,7.597403
13343.246293999999,7.597403
13343.373322999998,7.597403
13343.500351999997,7.597403
13343.627380999998,7.597403
13343.754409999998,7.597403
13349.089624999999,56.558442
13349.216653999998,56.558442
13349.343682999997,56.558442
13349.470711999998,56.558442
13349.597740999998,56.558442
13349.724769999997,56.558442
13349.851798999998,56.558442
13350.486943999998,6.688312
13350.613972999998,6.688312
13350.741000999999,6.688312
13350.868029999998,6.688312
13350.995058999997,6.688312
13351.122087999998,6.688312
13351.249116999998,6.688312
13351.376145999999,6.688312
13351.757232999998,6.688312
13351.884261999998,6.688312
13352.011290999997,6.688312
13352.138319999998,6.688312
13352.265348999998,6.688312
13352.392377999999,6.688312
13352.519406999998,6.688312
13352.646434999999,6.688312
13352.773463999998,6.688312
13352.900492999997,6.688312
13353.027521999998,6.688312
13353.154550999998,6.688312
13353.281579999997,6.688312
13353.408608999998,6.688312
13353.535637999998,6.688312
13353.662666999999,6.688312
13353.789695999998,6.688312
13353.916724999997,6.688312
13354.043753999998,6.688312
13354.170782999998,6.688312
13354.297811999997,6.688312
13354.424840999998,6.688312
13354.551869999998,6.688312
13354.678897999998,6.688312
13354.805926999998,6.688312
13354.932955999997,6.688312
13355.059984999998,6.688312
13355.187013999997,6.688312
13355.314042999998,6.688312
13355.441071999998,6.688312
13359.505997999997,6.623377
13359.633026999998,6.688312
13359.760055999997,6.688312
13359.887084999998,6.688312
13360.014113999998,6.688312
13360.141142999997,6.688312
13360.268171999998,6.688312
13360.395199999997,6.688312
13360.522228999998,6.688312
13360.649257999998,6.688312
13360.776286999997,6.688312
13360.903315999998,6.688312
13361.030344999997,6.688312
13361.157373999999,6.688312
13361.284402999998,6.688312
13361.411431999997,6.623377
13361.538460999998,6.623377
13361.665489999998,6.753247
13361.792518999999,6.753247
13361.919547999998,6.753247
13362.046576999997,6.753247
13362.173605999998,6.753247
13362.300634999998,6.753247
13362.427662999999,6.753247
13362.554691999998,6.753247
13362.681720999997,6.753247
13362.808749999998,6.753247
13362.935778999998,6.753247
13363.062807999997,6.753247
13363.189836999998,6.753247
13363.316865999997,6.753247
13363.443894999999,6.753247
13363.570923999998,6.753247
13363.697952999997,6.753247
13363.824981999998,6.688312
13367.508820999998,5.714286
13367.635849999997,5.714286
13367.762878999998,5.714286
13367.889907999997,5.714286
13368.016936999999,5.714286
13368.143964999997,5.714286
13368.270993999999,5.714286
13368.398022999998,5.714286
13368.525051999997,6.233766
13368.652080999998,6.233766
13368.779109999998,6.233766
13368.906138999997,6.233766
13369.033167999998,6.233766
13369.160196999997,6.233766
13369.287225999999,6.233766
13369.414254999998,6.233766
13369.541283999997,6.233766
13369.668312999998,6.233766
13369.795341999998,6.233766
13369.922370999997,6.233766
13370.049399999998,6.233766
13370.176427999997,6.233766
13370.303456999998,6.233766
13370.430485999997,6.233766
13370.557514999999,6.233766
13370.684543999998,6.233766
13370.811572999997,6.233766
13370.938601999998,6.233766
13371.319688999998,7.142857
13371.446717999997,7.142857
13371.573746999999,7.402597
13371.700775999998,7.402597
13371.827804999997,7.402597
13371.954833999998,7.402597
13372.081861999997,7.402597
13372.208890999998,7.402597
13372.335919999998,7.402597
13372.462948999997,7.402597
13372.589977999998,7.402597
13372.717006999997,7.402597
13372.844035999999,7.402597
13372.971064999998,7.402597
13373.098093999997,7.402597
13373.225122999998,7.402597
13373.352151999998,7.402597
13373.479180999997,7.402597
13373.606209999998,7.402597
13373.733238999997,7.402597
13373.860267999999,7.402597
13373.987295999998,7.402597
13374.114324999999,7.402597
13374.241353999998,7.402597
13374.368382999997,7.402597
13374.495411999998,7.402597
13374.622440999998,7.402597
13374.749469999997,7.402597
13374.876498999998,7.402597
13375.003527999997,7.402597
13375.130556999999,7.402597
13375.257585999998,7.402597
13375.384614999997,7.402597
13375.511643999998,7.402597
13375.638672999998,7.402597
13375.765701999997,7.402597
13375.892729999998,7.402597
13376.019758999997,7.402597
13376.146787999998,7.402597
13376.273816999998,7.402597
13376.400845999999,7.402597
13376.527874999998,7.402597
13376.654903999997,7.402597
13376.781932999998,7.402597
13376.908961999998,7.402597
13377.035990999997,7.402597
13377.163019999998,7.402597
13377.290048999997,7.402597
13377.417077999999,7.402597
13377.544106999998,7.402597
13377.671135999997,7.402597
13377.798164999998,7.337662
13377.925192999997,7.272727
13378.052221999998,7.272727
13378.179250999998,7.272727
13378.306279999997,7.272727
13378.433308999998,7.272727
13378.560337999998,7.272727
13378.687366999999,7.272727
13378.814395999998,7.272727
13378.941424999997,7.272727
13379.068453999998,7.272727
13379.195482999998,7.272727
13379.322511999997,7.272727
13379.449540999998,7.272727
13379.576569999997,7.272727
13379.703598999999,7.272727
13379.830626999998,7.272727
13379.957655999999,7.272727
13380.084684999998,7.272727
13380.211713999997,7.272727
13380.338742999998,7.272727
13380.465771999998,7.272727
13380.592800999997,7.272727
13380.719829999998,7.272727
13380.846858999997,7.272727
13380.973887999999,7.272727
13381.100916999998,7.272727
13381.227945999997,7.272727
13381.354974999998,7.207792
13398.122793999997,7.012987
13398.249822999998,7.012987
13398.376851999998,7.012987
13398.503880999997,7.012987
13398.630909999998,7.012987
13398.757938999997,7.012987
13398.884967999998,7.012987
13399.011996999998,7.012987
13399.139024999999,7.467532
13399.266053999998,7.467532
13399.393082999997,7.467532
13399.520111999998,7.467532
13399.647140999998,7.467532
13399.774169999997,7.467532
13399.901198999998,7.467532
13403.203950999998,8.246753
13403.330979999997,8.311688
13403.458008999998,8.311688
13403.585037999997,8.311688
13403.712066999999,8.311688
13403.839095999998,8.311688
13403.966124999997,8.311688
13404.093153999998,8.311688
13404.220182999998,8.311688
13404.347211999997,8.311688
13404.474240999998,8.311688
13404.601269999997,8.311688
13404.728298999999,8.311688
13404.855327999998,8.311688
13404.982355999999,8.311688
13405.109384999998,8.311688
13405.236413999997,8.311688
13405.363442999998,8.311688
13405.490471999998,8.311688
13405.617500999997,8.311688
13405.744529999998,8.311688
13405.871558999997,8.311688
13405.998587999999,8.311688
13406.252645999997,8.311688
13406.379674999998,8.311688
13406.506703999998,8.311688
13406.633732999999,8.311688
13406.760761999998,8.311688
13406.887789999997,8.311688
13407.014818999998,8.311688
13407.141847999997,8.311688
13407.268876999999,8.311688
13407.395905999998,8.311688
13407.522934999997,8.311688
13407.649963999998,8.311688
13407.776992999998,8.311688
13407.904021999997,8.311688
13408.031050999998,8.311688
13408.158079999997,8.311688
13408.285108999999,8.311688
13408.412137999998,8.311688
13408.539166999997,8.311688
13425.052927999997,8.311688
13425.179956999998,8.311688
13425.306985999998,8.311688
13425.434014999997,8.311688
13425.561043999998,8.311688
13425.688072999998,8.311688
13425.815101999999,8.311688
13425.942130999998,8.311688
13426.069159999997,8.311688
13426.196187999998,8.311688
13426.323216999997,8.311688
13426.450245999999,8.311688
13426.577274999998,8.311688
13426.704303999997,8.311688
13426.831332999998,8.311688
13426.958361999998,8.311688
13427.085390999999,8.311688
13427.212419999998,8.311688
13427.339448999997,8.311688
13427.466477999998,8.311688
13427.593506999998,8.311688
13427.720535999997,8.311688
13427.847564999998,8.311688
13427.974593999998,8.311688
13428.355679999997,8.311688
13428.482708999998,8.311688
13428.609737999997,8.311688
13428.736766999999,8.311688
13428.863795999998,8.311688
13428.990824999997,8.311688
13429.117853999998,8.311688
13429.244882999998,8.311688
13429.371911999999,8.311688
13429.498940999998,8.311688
13429.625969999997,8.311688
13429.752998999998,8.311688
13429.880027999998,8.311688
13430.007056999997,8.311688
13430.134084999998,8.311688
13430.261113999997,8.311688
13431.404374999998,8.311688
13431.531403999998,8.311688
13431.658432999999,8.311688
13431.785461999998,8.311688
13431.912490999997,8.311688
13432.039518999998,8.311688
13432.166547999997,8.311688
13432.293576999999,8.311688
13440.804515999998,8.311688
13440.931544999998,8.311688
13441.058573999997,8.311688
13441.185602999998,8.311688
13441.312631999997,8.311688
13441.439660999999,8.311688
13441.566689999998,8.311688
13441.693717999999,8.311688
13441.820746999998,8.311688
13441.947775999997,8.311688
13442.074804999998,8.311688
13442.201833999998,8.311688
13442.328862999997,8.311688
13442.455891999998,8.311688
13442.582920999997,8.311688
13442.709949999999,8.311688
13442.836978999998,8.311688
13442.964007999997,8.311688
13443.091036999998,8.311688
13443.218065999998,8.311688
13443.345094999997,8.311688
13443.472123999998,8.311688
13443.599152999997,8.311688
13443.726180999998,8.311688
13443.853209999997,8.311688
13443.980238999999,8.311688
13444.107267999998,8.311688
13444.234296999997,8.311688
13444.361325999998,8.311688
13444.488354999998,8.311688
13444.615383999997,8.311688
13444.742412999998,8.311688
13444.869441999997,8.311688
13444.996470999999,8.311688
13445.123499999998,8.311688
13445.250528999997,8.311688
13461.764289999997,43.961039
13461.891318999998,43.961039
13462.018347999998,43.961039
13462.145376999997,43.961039
13462.272405999998,43.961039
13462.399434999998,43.961039
13462.526463999999,43.961039
13515.243470999998,11.103896
13515.370499999997,11.103896
13515.497528999998,11.103896
13515.624557999998,11.103896
13515.751586999997,11.103896
13515.878615999998,11.103896
13516.005644999997,11.883117
13516.132673999999,11.883117
13516.259702999998,12.012987
13516.386731999997,12.012987
13516.513760999998,12.012987
13516.640789999998,12.012987
13516.767818999997,12.662338
13516.894847999998,12.662338
13517.021876999997,12.662338
13517.148905999999,12.662338
13517.275933999998,12.792208
13517.402962999999,12.792208
13517.529991999998,12.792208
13517.657020999997,12.792208
13517.784049999998,12.792208
13517.911078999998,12.792208
13518.038107999997,12.792208
13518.165136999998,12.792208
13519.054339999997,15.0
13519.435425999998,84.220779
13519.562454999997,84.220779
13519.689483999999,88.636364
13519.816512999998,88.636364
13519.943541999997,88.636364
13520.070570999998,88.636364
13520.197599999998,88.636364
13520.324628999997,88.636364
13520.451657999998,88.636364
13520.578686999997,15.779221
13520.705715999999,15.779221
13520.832744999998,15.779221
13520.959773999997,15.779221
13521.086801999998,15.779221
13521.213830999997,15.779221
13521.340859999998,15.779221
13521.467888999998,15.779221
13521.594917999997,15.779221
13521.721946999998,15.779221
13522.611149999997,18.636364
13522.738178999998,18.636364
13522.865207999997,18.636364
13522.992235999998,18.636364
13523.119264999998,18.636364
13523.246293999999,18.636364
13523.373322999998,18.636364
13523.500351999997,18.636364
13523.627380999998,18.636364
13523.754409999998,18.636364
13523.881438999997,18.636364
13524.008467999998,18.636364
13524.135496999997,18.636364
13524.262525999999,18.636364
13524.389554999998,18.636364
13524.516583999997,18.636364
13528.200422999998,21.883117
13528.327451999998,21.883117
13528.454480999997,21.883117
13528.581509999998,21.883117
13528.708538999997,21.883117
13528.835566999998,21.883117
13528.962595999998,21.883117
13529.089624999999,21.883117
13529.216653999998,21.883117
13529.343682999997,21.883117
13529.724769999997,22.922078
13529.851798999998,22.922078
13529.978827999998,23.051948
13530.105856999999,23.051948
13530.232885999998,23.051948
13530.359914999997,23.051948
13530.486943999998,23.051948
13530.613972999998,23.051948
13530.741000999999,23.051948
13530.868029999998,23.051948
13530.995058999997,23.051948
13531.122087999998,23.051948
13531.249116999998,23.051948
13531.376145999999,23.051948
13532.011290999997,24.87013
13532.138319999998,24.935065
13532.265348999998,25.0
13532.392377999999,25.0
13532.519406999998,25.0
13532.646434999999,25.0
13532.773463999998,25.0
13532.900492999997,25.0
13533.027521999998,25.0
13533.154550999998,25.0
13533.281579999997,25.0
13533.408608999998,25.0
13533.535637999998,24.87013
13533.662666999999,24.87013
13533.789695999998,24.480519
13533.916724999997,24.480519
13535.059984999998,24.87013
13535.187013999997,24.935065
13535.314042999998,25.0
13535.441071999998,25.0
13535.568100999997,25.0
13535.695129999998,25.064935
13535.822158999998,25.064935
13535.949187999999,25.194805
13536.076216999998,25.194805
13536.203245999997,25.194805
13536.330274999998,25.194805
13536.457303999998,25.194805
13536.584331999999,26.428571
13536.711360999998,26.428571
13536.838389999997,26.428571
13536.965418999998,26.428571
13537.092447999998,26.428571
13537.219476999999,26.428571
13537.346505999998,27.077922
13537.473534999997,27.142857
13537.600563999998,27.207792
13537.727592999998,27.207792
13537.854621999997,27.207792
13537.981650999998,27.207792
13538.108679999998,27.987013
13538.235708999999,28.051948
13538.362737999998,28.116883
13538.489765999997,28.116883
13538.616794999998,28.116883
13538.743823999997,28.116883
13538.870852999999,28.116883
13538.997881999998,28.116883
13539.124910999997,28.116883
13539.251939999998,28.116883
13542.554691999998,30.909091
13542.681720999997,30.974026
13542.808749999998,30.974026
13542.935778999998,30.974026
13543.062807999997,30.974026
13543.189836999998,30.974026
13543.316865999997,31.038961
13543.443894999999,31.103896
13543.570923999998,31.103896
13543.697952999997,31.103896
13543.824981999998,31.168831
13543.952010999998,31.168831
13544.079039999997,31.168831
13544.206068999998,31.168831
13544.333096999997,31.168831
13544.460125999998,31.168831
13544.587154999997,31.168831
13544.714183999999,31.168831
13544.841212999998,31.168831
13544.968241999997,31.168831
13545.095270999998,31.168831
13546.238530999997,33.116883
13546.365559999998,33.116883
13546.492588999998,33.116883
13546.619617999997,33.116883
13546.746646999998,33.116883
13546.873675999997,33.116883
13547.000704999999,33.116883
13547.127733999998,33.116883
13547.254762999997,33.116883
13547.381791999998,33.116883
13547.508820999998,32.597403
13547.635849999999,32.597403
13547.762878999998,32.597403
13547.889907999997,32.597403
13548.016936999999,32.597403
13548.143964999997,32.597403
13548.270993999999,33.376623
13548.398022999998,33.376623
13548.525051999997,33.376623
13548.652080999998,33.376623
13548.779109999998,33.376623
13548.906138999997,33.376623
13549.033167999998,33.376623
13549.160196999997,33.311688
13549.287225999999,32.727273
13549.414254999998,32.727273
13549.541283999997,32.727273
13549.668312999998,32.727273
13549.795341999998,32.727273
13549.922370999997,32.727273
13550.049399999998,31.818182
13550.176427999997,31.818182
13550.303456999998,31.818182
13550.430485999997,31.818182
13550.557514999999,31.818182
13550.684543999998,31.753247
13550.811572999997,31.428571
13550.938601999998,31.428571
13551.065630999998,31.558442
13551.192659999997,31.558442
13551.319688999998,31.558442
13551.446717999997,31.558442
13551.573746999999,31.558442
13551.700775999998,31.558442
13551.827804999997,31.558442
13551.954833999998,31.558442
13552.081861999997,32.207792
13552.208890999998,32.207792
13552.335919999998,32.337662
13552.462948999997,32.337662
13552.589977999998,32.337662
13552.717006999997,32.337662
13552.844035999999,32.337662
13552.971064999998,32.337662
13553.098093999997,32.337662
13553.225122999998,32.337662
13553.352151999998,32.337662
13553.479180999997,32.337662
13553.606209999998,32.337662
13553.733238999997,32.337662
13553.860267999999,32.337662
13553.987295999998,32.337662
13554.114324999999,32.337662
13554.241353999998,32.337662
13554.368382999997,32.337662
13554.495411999998,32.337662
13554.622440999998,32.337662
13554.749469999997,32.337662
13554.876498999998,32.337662
13555.003527999997,32.337662
13555.130556999999,32.337662
13555.257585999998,32.272727
13555.384614999997,32.207792
13555.511643999998,32.207792
13555.638672999998,32.337662
13555.765701999997,32.337662
13555.892729999998,32.337662
13556.019758999997,32.337662
13556.146787999998,32.337662
13556.273816999998,32.337662
13556.400845999999,32.337662
13556.527874999998,32.337662
13556.654903999997,32.337662
13556.781932999998,32.337662
13556.908961999998,32.337662
13557.035990999997,32.337662
13557.163019999998,32.337662
13557.290048999997,32.337662
13557.417077999999,32.337662
13557.544106999998,32.337662
13557.671135999997,32.337662
13557.798164999998,32.337662
13557.925192999997,32.337662
13558.052221999998,32.337662
13558.179250999998,32.337662
13558.306279999997,32.272727
13558.433308999998,32.207792
13558.560337999998,32.142857
13558.687366999999,31.558442
13558.814395999998,31.558442
13558.941424999997,31.558442
13559.068453999998,31.558442
13559.195482999998,31.558442
13559.322511999997,31.493506
13561.990118999998,28.376623
13562.117147999998,28.376623
13562.244176999999,28.376623
13562.371205999998,28.376623
13562.498234999997,28.376623
13562.625263999998,28.376623
13562.752292999998,28.376623
13562.879321999997,28.376623
13563.006350999998,28.376623
13563.133379999997,28.376623
13563.260408999999,28.376623
13563.387437999998,28.376623
13565.419900999997,27.142857
13565.546928999998,27.142857
13565.673957999998,27.142857
13565.800986999999,27.142857
13565.928015999998,27.142857
13566.055044999997,27.142857
13566.182073999998,27.142857
13568.341565999997,28.376623
13568.468594999998,28.376623
13568.595623999998,28.376623
13568.722652999997,28.376623
13568.849681999998,28.376623
13568.976710999998,28.376623
13569.103739999999,28.376623
13569.230768999998,28.376623
13569.357797999997,28.376623
13569.484825999998,28.376623
13569.611854999997,28.376623
13569.738883999999,28.376623
13569.865912999998,28.376623
13569.992941999997,28.376623
13576.217359999999,28.376623
13576.344388999998,28.376623
13576.471417999997,28.376623
13576.598446999998,28.376623
13576.725475999998,28.376623
13576.852504999997,28.376623
13576.979533999998,28.376623
13577.106562999998,28.376623
13577.233590999998,28.376623
13577.360619999998,28.376623
13577.487648999997,28.376623
13577.614677999998,28.376623
13577.741706999997,28.311688
13577.868735999999,28.311688
13577.995764999998,28.311688
13578.122793999997,28.311688
13578.249822999998,28.311688
13578.376851999998,28.311688
13578.503880999997,28.311688
13578.630909999998,54.87013
13578.757938999997,54.87013
13578.884967999998,54.87013
13579.011996999998,54.87013
13579.139024999999,54.87013
13579.266053999998,54.87013
13579.393082999997,54.87013
13579.520111999998,27.142857
13579.647140999998,27.142857
13579.774169999997,27.142857
13579.901198999998,27.142857
13580.028227999997,27.272727
13580.155256999999,27.272727
13580.282285999998,27.272727
13580.409314999997,27.272727
13580.536343999998,27.272727
13580.663372999998,27.272727
13580.790401999999,27.272727
13580.917430999998,27.272727
13581.044458999997,26.883117
13581.171487999998,26.883117
13581.298516999997,25.324675
13581.425545999999,25.324675
13581.552574999998,25.324675
13581.679603999997,25.324675
13581.806632999998,25.324675
13581.933661999998,25.324675
13582.060690999997,25.324675
13582.187719999998,25.324675
13582.568806999998,22.727273
13582.695835999997,22.727273
13582.822864999998,22.727273
13582.949893999998,22.727273
13583.076921999998,22.727273
13583.203950999998,22.727273
13583.330979999997,22.727273
13583.458008999998,22.727273
13589.174310999997,21.428571
13589.301339999998,21.428571
13589.428368999997,21.428571
13589.555397999999,21.428571
13589.682426999998,21.428571
13589.809455999997,21.428571
13589.936484999998,21.428571
13590.063513999998,21.428571
13590.190542999997,21.428571
13590.317571999998,21.428571
13597.558220999998,17.922078
13597.685249999999,17.922078
13597.812278999998,17.922078
13597.939307999997,17.922078
13598.066336999998,17.922078
13598.193365999998,17.922078
13598.320394999997,17.922078
13598.447422999998,17.922078
13598.574451999997,17.922078
13598.701480999998,17.922078
13598.828509999998,17.922078
13598.955538999999,17.922078
13599.082567999998,18.051948
13599.209596999997,18.051948
13599.336625999998,18.051948
13599.463654999998,18.051948
13599.590683999997,18.051948
13599.717712999998,18.051948
13599.844741999997,18.051948
13599.971770999999,18.051948
13600.098799999998,17.922078
13600.225828999997,17.922078
13600.352857999998,17.922078
13600.479885999997,17.922078
13600.860972999997,17.922078
13600.988001999998,17.922078
13601.115030999998,17.922078
13601.242059999999,17.922078
13601.369088999998,17.922078
13601.496117999997,17.922078
13601.623146999998,17.922078
13601.750175999998,17.922078
13601.877204999997,17.922078
13602.004233999998,17.922078
13602.131262999997,17.922078
13602.258291999999,17.922078
13602.385319999998,17.922078
13602.512348999997,17.922078
13602.639377999998,17.922078
13602.766406999997,17.922078
13602.893435999998,17.922078
13603.020464999998,17.922078
13603.147493999997,17.922078
13603.274522999998,17.922078
13603.401551999998,17.922078
13603.528580999999,17.922078
13603.655609999998,18.051948
13603.782638999997,18.051948
13603.909667999998,18.051948
13604.036696999998,18.051948
13604.163725999997,18.051948
13604.290753999998,18.051948
13604.417782999997,18.051948
13604.544811999998,18.051948
13604.671840999998,18.051948
13604.798869999999,18.051948
13604.925898999998,17.922078
13605.052927999997,17.922078
13605.179956999998,17.922078
13605.306985999998,17.922078
13605.434014999997,17.922078
13605.561043999998,17.922078
13605.688072999998,17.922078
13605.815101999999,17.922078
13605.942130999998,17.922078
13606.069159999997,17.922078
13606.196187999998,17.922078
13606.323216999997,17.922078
13613.055750999998,16.753247
13613.182779999997,16.818182
13613.309808999998,16.818182
13613.436837999998,16.818182
13613.563866999997,16.818182
13613.690895999998,16.818182
13613.817924999998,16.818182
13613.944952999998,16.818182
13614.071981999998,16.753247
13614.199010999997,16.753247
13614.326039999998,16.753247
13614.453068999997,16.818182
13614.580097999999,16.883117
13614.707126999998,16.883117
13614.834155999997,16.883117
13614.961184999998,16.883117
13615.088213999998,16.883117
13615.215242999999,16.883117
13615.342271999998,16.883117
13615.469300999997,16.883117
13615.596329999998,16.883117
13615.723358999998,16.883117
13615.850387999997,16.883117
13615.977415999998,16.883117
13616.104444999997,16.883117
13616.231473999998,16.883117
13616.358502999998,16.883117
13616.485531999997,16.883117
13616.612560999998,16.883117
13616.739589999997,16.883117
13616.866618999999,16.883117
13616.993647999998,16.883117
13617.120676999997,16.883117
13617.247705999998,16.883117
13617.374734999998,16.883117
13617.501763999997,16.883117
13617.628792999998,16.883117
13617.755821999997,16.883117
13617.882849999998,16.883117
13618.009878999997,16.883117
13618.390965999997,16.753247
13618.517994999998,16.753247
13618.645023999998,16.753247
13618.772052999997,16.753247
13618.899081999998,16.753247
13619.026110999997,16.753247
13619.153139999999,16.753247
13619.280168999998,16.753247
13619.407197999997,16.753247
13619.534226999998,16.753247
13619.661255999998,16.753247
13619.788283999998,16.753247
13619.915312999998,16.753247
13620.042341999997,16.753247
13620.169370999998,15.974026
13620.296399999997,15.974026
13620.423428999999,15.974026
13620.550457999998,15.974026
13620.677486999997,15.974026
13620.804515999998,15.974026
13620.931544999998,15.974026
13621.058573999997,15.974026
13621.185602999998,15.974026
13621.312631999997,15.974026
13621.439660999999,15.974026
13621.566689999998,15.974026
13621.693717999999,15.974026
13621.820746999998,15.974026
13622.964007999997,17.922078
13623.091036999998,17.922078
13623.218065999998,17.922078
13623.345094999997,17.987013
13623.472123999998,17.987013
13623.599152999997,17.987013
13623.726180999998,17.987013
13623.853209999997,17.987013
13623.980238999999,17.987013
13624.107267999998,17.987013
13630.585743999998,11.883117
13630.712772999997,11.883117
13630.839801999999,11.883117
13630.966830999998,11.883117
13631.093859999997,11.883117
13631.220888999998,11.883117
13631.347916999997,11.883117
13631.474945999998,11.818182
13631.601974999998,11.753247
13631.729003999997,11.688312
13631.856032999998,11.103896
13631.983061999998,11.103896
13632.110090999999,11.103896
13632.237119999998,11.103896
13632.364148999997,11.103896
13632.491177999998,11.103896
13632.618206999998,11.103896
13632.745235999997,11.103896
13632.872264999998,11.103896
13632.999293999997,11.103896
13633.126322999999,11.103896
13633.253351999998,11.103896
13633.380379999999,11.103896
13633.507408999998,11.103896
13633.634437999997,11.103896
13633.761466999998,11.103896
13633.888495999998,11.103896
13634.015524999997,11.103896
13634.142553999998,11.103896
13634.269582999998,11.103896
13634.396611999999,11.103896
13634.523640999998,11.103896
13634.650669999997,11.103896
13634.777698999998,11.103896
13634.904727999998,11.103896
13635.031756999997,11.103896
13635.158785999998,11.103896
13635.285813999997,11.038961
13636.302045999997,99.415584
13636.429074999998,99.415584
13636.556103999998,99.415584
13636.683132999999,99.415584
13636.810161999998,99.415584
13636.937190999997,99.415584
13637.064219999998,99.415584
13640.748058999998,8.311688
13640.875087999997,8.311688
13641.002116999998,8.311688
13641.129144999997,8.311688
13641.256173999998,8.311688
13641.383202999998,8.311688
13641.510231999997,8.311688
13641.637260999998,8.311688
13641.764289999997,7.987013
13641.891318999998,7.987013
13642.018347999998,7.987013
13642.145376999997,7.987013
13642.272405999998,7.987013
13642.399434999998,7.987013
13642.526463999999,7.987013
13642.653492999998,7.987013
13642.780521999997,7.987013
13642.907550999998,7.987013
13643.034578999997,7.987013
13643.161607999999,7.987013
13643.288636999998,7.987013
13643.415665999997,7.987013
13643.542694999998,7.987013
13643.669723999998,7.987013
13643.796752999999,7.987013
13643.923781999998,7.922078
13644.050810999997,7.337662
13644.177839999998,7.337662
13644.304868999998,7.337662
13644.431897999997,7.272727
13644.558926999998,6.818182
13644.685955999998,6.818182
13644.812984999999,6.818182
13644.940012999998,6.818182
13645.067041999999,6.818182
13645.194070999998,6.818182
13645.321099999997,6.818182
13645.448128999999,6.818182
13645.575157999998,6.818182
13645.702186999997,6.818182
13645.829215999998,7.337662
13645.956244999998,7.337662
13646.083273999999,7.597403
13646.210302999998,7.597403
13646.337331999997,7.597403
13646.464360999998,7.597403
13646.591389999998,7.597403
13646.718418999997,7.597403
13646.845446999998,7.597403
13646.972475999997,7.597403
13647.099504999998,7.597403
13647.226533999998,7.532468
13647.353562999997,6.818182
13647.480591999998,6.818182
13647.607620999997,6.818182
13647.734649999999,6.818182
13647.861678999998,6.818182
13647.988707999997,6.753247
13648.115736999998,6.038961
13648.242765999998,6.038961
13648.369794999999,6.038961
13648.496823999998,6.038961
13648.623852999997,6.038961
13648.750881999998,5.974026
13649.004938999999,5.649351
13649.131967999998,5.649351
13649.258996999997,5.584416
13652.434720999998,3.051948
13652.561749999997,3.051948
13652.688777999998,3.051948
13652.815806999997,3.051948
13652.942835999998,3.051948
13653.069864999998,3.051948
13653.196893999997,3.051948
13653.323922999998,3.051948
13653.450951999997,3.051948
13653.577980999999,3.051948
13653.705009999998,2.662338
13653.832038999997,2.662338
13653.959067999998,2.662338
13654.086096999998,2.662338
13654.213125999999,2.662338
13654.340154999998,2.662338
13654.467183999997,2.662338
13654.594211999998,2.662338
13654.721240999997,2.662338
13654.848269999999,2.662338
13657.134790999999,2.532468
13657.261819999998,2.532468
13657.388848999997,2.532468
13657.515877999998,2.532468
13657.642906999998,2.532468
13657.769935999997,2.532468
13657.896964999998,2.532468
13658.023993999997,2.662338
13658.151022999999,2.662338
13658.278051999998,2.662338
13658.405080999997,2.662338
13658.532108999998,2.662338
13658.659137999997,2.662338
13658.786166999998,2.662338
13658.913195999998,2.662338
13659.040224999997,2.662338
13659.167253999998,2.662338
13659.294282999997,2.662338
13659.421311999999,2.662338
13659.548340999998,2.662338
13659.675369999997,2.662338
13659.802398999998,2.662338
13659.929427999998,2.662338
13660.056456999999,2.662338
13660.183485999998,2.662338
13660.310514999997,2.532468
13660.437542999998,2.532468
13660.564571999997,2.662338
13660.691600999999,2.662338
13660.818629999998,2.662338
13660.945658999997,2.662338
13661.072687999998,2.662338
13661.199716999998,2.662338
13661.326745999997,2.662338
13661.453774999998,2.662338
13661.580803999997,2.662338
13661.707832999999,2.662338
13661.834861999998,2.662338
13661.961890999997,2.662338
13662.088919999998,2.662338
13662.215948999998,2.662338
13662.342976999998,2.662338
13662.470005999998,2.662338
13662.597034999997,2.532468
13662.724063999998,2.532468
13662.851092999997,2.532468
13662.978121999999,97.792208
13663.105150999998,97.792208
13663.232179999997,97.792208
13663.359208999998,97.792208
13663.486237999998,97.792208
13663.613266999997,97.792208
13663.740295999998,97.792208
13663.867324999997,97.792208
13666.280873999998,97.792208
13666.407902999998,97.792208
13666.534931999999,97.792208
13666.661960999998,97.792208
13666.788989999997,97.792208
13666.916018999998,97.792208
13667.043047999998,97.792208
13667.170076999997,97.792208
13667.297105999998,97.792208
13667.424134999997,97.792208
13667.551163999999,97.792208
13667.678192999998,97.792208
13667.805221999997,97.792208
13667.932250999998,97.792208
13668.059279999998,97.792208
13668.186307999998,97.792208
13668.313336999998,97.792208
13668.440365999997,97.792208
13668.948481999998,2.532468
13669.075510999997,2.532468
13669.202539999998,2.532468
13669.329568999998,2.532468
13669.456597999997,2.532468
13669.583626999998,2.532468
13669.710655999997,2.532468
13669.837684999999,2.532468
13669.964713999998,2.532468
13670.091741999997,2.532468
13670.218770999998,2.532468
13670.345799999997,2.532468
13670.472828999998,2.532468
13670.599857999998,2.532468
13670.726886999997,2.272727
13670.853915999998,2.272727
13670.980944999998,2.272727
13671.107973999999,2.272727
13671.235002999998,2.142857
13671.362031999997,2.142857
13671.489060999998,1.883117
13671.616089999998,1.883117
13671.743118999997,1.883117
13671.870147999998,1.883117
13671.997175999997,1.753247
13672.124204999998,1.753247
13672.251233999998,1.753247
13672.378262999999,1.753247
13672.505291999998,1.753247
13672.632320999997,1.753247
13672.759349999998,1.883117
13672.886378999998,1.883117
13673.013407999997,1.883117
13673.140436999998,97.792208
13673.267465999998,97.792208
13673.394494999999,97.792208
13673.521523999998,97.792208
13673.648552999997,97.792208
13673.775581999998,97.792208
13673.902610999998,97.792208
13674.029638999998,97.792208
13674.156667999998,97.792208
13674.283696999997,97.792208
13674.410725999998,97.792208
13674.537754999998,97.792208
13674.664783999997,97.792208
13674.791812999998,97.792208
13674.918841999997,97.792208
13675.045870999998,97.792208
13675.172899999998,97.792208
13675.299928999997,97.792208
13675.426957999998,97.792208
13675.553986999998,97.792208
13675.681015999999,97.792208
13675.808044999998,97.792208
13675.935072999997,97.792208
13676.062101999998,97.792208
13676.189130999997,97.792208
13676.316159999998,97.792208
13676.443188999998,97.792208
13676.570217999997,97.792208
13676.697246999998,97.792208
13676.824275999998,97.792208
13676.951304999999,97.792208
13677.078333999998,97.792208
13677.205362999997,97.792208
13677.332391999998,97.792208
13677.459420999998,97.792208
13677.586449999997,97.792208
13677.713478999998,97.792208
13677.840506999997,97.792208
13677.967535999998,1.753247
13678.094564999998,1.753247
13678.221593999999,1.753247
13678.348622999998,1.753247
13678.475651999997,1.753247
13678.602680999998,1.753247
13678.729709999998,1.753247
13678.856738999997,1.623377
13678.983767999998,1.623377
13679.110796999998,1.753247
13679.237825999999,1.753247
13679.364854999998,1.753247
13679.491883999997,1.753247
13679.618912999998,1.753247
13679.745940999997,1.753247
13679.872969999999,1.753247
13679.999998999998,1.753247
13680.127027999997,1.753247
13680.254056999998,1.753247
13681.397317999998,1.103896
13681.524346999999,1.103896
13681.651375999998,1.103896
13681.778403999997,1.103896
13681.905432999998,1.103896
13682.032461999997,1.103896
13682.159490999999,1.753247
13682.286519999998,1.753247
13682.413548999997,2.012987
13682.540577999998,2.012987
13682.667606999998,2.012987
13682.794635999999,2.012987
13682.921664999998,2.012987
13683.048693999997,2.012987
13683.175722999998,2.012987
13683.302751999998,2.012987
13683.429780999997,2.142857
13683.556809999998,2.142857
13683.683837999997,2.142857
13683.810866999998,2.142857
13683.937895999998,2.142857
13684.064924999999,2.142857
13684.191953999998,2.142857
13684.318982999997,2.142857
13684.446011999999,2.142857
13684.573040999998,2.142857
13686.986590999997,0.844156
13687.113619999998,0.844156
13687.240648999998,0.844156
13687.367677999999,0.844156
13687.494705999998,0.844156
13687.621734999997,0.844156
13687.748763999998,0.844156
13687.875792999997,0.844156
13688.002821999999,0.714286
13688.129850999998,0.714286
13692.194776999997,42.532468
13692.321805999998,42.532468
13692.448834999997,42.532468
13692.575863999999,42.532468
13692.702892999998,42.532468
13692.829921999997,42.532468
13692.956950999998,42.532468
13693.719123999997,2.467532
13693.846152999999,2.662338
13693.973181999998,2.662338
13694.100210999997,2.662338
13694.227239999998,2.662338
13694.354268999998,2.662338
13694.481297999999,2.662338
13694.608326999998,2.662338
13694.735355999997,2.662338
13694.862384999999,2.532468
13694.989413999998,2.532468
13695.116442999997,2.402597
13695.243470999998,2.467532
13695.370499999997,2.532468
13695.497528999998,2.532468
13695.624557999998,2.532468
13695.751586999997,2.532468
13695.878615999998,2.532468
13696.005644999997,2.532468
13696.132673999999,2.532468
13696.259702999998,2.532468
13696.386731999997,2.532468
13696.513760999998,2.532468
13696.640789999998,2.532468
13696.767818999997,2.532468
13696.894847999998,2.532468
13697.021876999997,2.532468
13697.148905999999,2.532468
13697.275933999998,2.532468
13697.402962999999,2.532468
13697.529991999998,2.532468
13697.657020999997,2.532468
13697.784049999998,2.532468
13697.911078999998,2.532468
13698.038107999997,2.532468
13698.165136999998,2.532468
13698.292165999997,2.532468
13698.419194999999,2.532468
13698.546223999998,2.532468
13698.673252999997,2.532468
13698.800281999998,2.532468
13700.705715999999,2.402597
13700.832744999998,2.402597
13700.959773999997,2.402597
13701.086801999998,2.402597
13701.213830999997,2.402597
13701.340859999998,2.402597
13701.467888999998,2.402597
13701.594917999997,2.402597
13701.721946999998,2.402597
13701.848975999997,2.402597
13703.754409999998,2.532468
13703.881438999997,2.532468
13704.008467999998,2.532468
13704.135496999997,2.532468
13704.262525999999,2.532468
13704.389554999998,2.532468
13704.516583999997,2.532468
13704.643612999998,2.532468
13704.770641999998,2.532468
13704.897669999998,2.532468
13706.930132999998,2.467532
13707.057161999997,2.467532
13707.184190999998,2.467532
13707.311219999998,2.467532
13707.438248999997,2.467532
13707.565277999998,2.467532
13707.692306999998,2.467532
13707.819335999999,2.402597
13707.946364999998,2.402597
13708.327451999998,2.402597
13708.454480999997,2.467532
13708.581509999998,2.532468
13708.708538999997,2.532468
13708.835566999998,2.532468
13708.962595999998,2.532468
13709.089624999997,2.532468
13709.216653999998,2.532468
13709.343682999997,2.532468
13709.470711999998,2.532468
13709.597740999998,2.532468
13709.724769999997,2.532468
13709.851798999998,2.532468
13709.978827999998,2.532468
13710.105856999999,2.532468
13710.232885999998,2.532468
13710.359914999997,2.532468
13710.486943999998,2.532468
13710.613972999998,2.532468
13710.741000999999,2.532468
13710.868029999998,2.402597
13710.995058999997,2.402597
13711.122087999998,2.402597
13711.249116999998,2.402597
13711.376145999999,2.402597
13711.503174999998,2.402597
13711.630203999997,2.402597
13711.757232999998,2.402597
13711.884261999998,2.402597
13712.011290999997,2.467532
13712.138319999998,2.532468
13712.265348999998,2.532468
13712.392377999999,2.532468
13712.519406999998,2.532468
13712.646434999999,2.532468
13712.773463999998,2.532468
13712.900492999997,2.532468
13713.027521999998,2.532468
13713.154550999998,3.181818
13713.281579999997,3.181818
13713.408608999998,3.181818
13713.535637999998,3.181818
13713.662666999997,3.181818
13713.789695999998,3.181818
13713.916724999997,3.181818
13714.043753999998,3.246753
13714.170782999998,3.311688
13714.297811999997,3.311688
13714.424840999998,3.311688
13714.551869999998,3.311688
13714.678897999998,3.311688
13714.805926999998,3.311688
13714.932955999997,3.311688
13715.059984999998,3.311688
13715.187013999997,3.311688
13715.314042999998,3.311688
13715.441071999998,3.311688
13715.568100999997,3.311688
13715.695129999998,3.311688
13715.822158999998,3.311688
13715.949187999999,3.311688
13716.076216999998,3.311688
13716.203245999997,3.311688
13716.330274999998,3.311688
13716.457303999998,3.311688
13716.584331999999,3.311688
13716.711360999998,3.311688
13716.838389999997,3.311688
13716.965418999998,3.376623
13717.092447999998,3.376623
13717.219476999999,3.376623
13717.346505999998,3.376623
13717.473534999997,3.376623
13717.600563999998,3.376623
13717.727592999998,3.376623
13717.854621999997,3.376623
13717.981650999998,3.376623
13718.108679999998,3.376623
13718.235708999999,3.376623
13718.362737999998,3.376623
13718.489765999999,3.376623
13718.616794999998,3.376623
13718.743823999997,3.376623
13718.870852999999,3.376623
13718.997881999998,3.376623
13719.124910999997,3.311688
13719.251939999998,3.246753
13719.378968999998,3.246753
13719.505997999997,3.246753
13719.633026999998,3.246753
13719.760055999997,3.246753
13719.887084999998,3.246753
13720.014113999998,3.376623
13720.141142999997,3.376623
13720.268171999998,3.376623
13720.395199999997,3.376623
13720.522228999998,3.376623
13720.649257999998,3.376623
13720.776286999997,3.376623
13720.903315999998,3.311688
13721.030344999997,3.246753
13721.157373999999,3.246753
13721.284402999998,3.376623
13721.411431999997,3.376623
13721.538460999998,3.376623
13721.665489999998,3.376623
13721.792518999999,3.376623
13721.919547999998,3.376623
13722.046576999997,3.376623
13722.173605999998,3.376623
13722.300634999998,3.376623
13722.427662999999,3.376623
13722.554691999998,3.376623
13722.681720999997,3.311688
13722.808749999998,3.246753
13722.935778999998,3.246753
13723.062807999999,3.246753
13723.189836999998,3.246753
13723.316865999997,3.246753
13723.443894999999,3.246753
13723.824981999998,3.246753
13723.952010999998,3.246753
13724.079039999997,3.246753
13724.206068999998,3.246753
13724.333096999997,3.246753
13724.460125999998,3.246753
13724.587154999997,3.246753
13724.714183999999,3.246753
13724.841212999998,3.246753
13724.968241999997,3.246753
13725.095270999998,3.246753
13725.222299999998,3.246753
13725.349328999997,3.246753
13725.476357999998,3.246753
13725.603386999997,3.246753
13725.730415999999,3.246753
13725.857444999998,3.246753
13725.984473999997,3.246753
13726.111502999998,3.246753
13726.238530999997,3.246753
13726.365559999998,3.246753
13726.492588999998,3.246753
13726.619617999997,3.246753
13726.746646999998,3.246753
13726.873675999997,3.246753
13727.000704999999,3.246753
13727.127733999998,3.246753
13727.254762999997,3.246753
13727.381791999998,3.246753
13727.508820999998,3.246753
13727.635849999999,3.246753
13727.762878999998,3.181818
13727.889907999997,3.116883
13728.016936999999,3.116883
13728.398022999998,3.246753
13728.525051999997,3.246753
13728.652080999998,3.246753
13728.779109999998,3.246753
13728.906138999997,3.246753
13729.033167999998,3.246753
13729.160196999997,3.246753
13729.287225999999,3.246753
13729.414254999998,3.246753
13729.541283999997,3.246753
13729.668312999998,3.246753
13729.795341999998,3.246753
13729.922370999997,3.246753
13730.049399999998,3.246753
13730.176427999997,3.246753
13730.303456999998,3.246753
13730.430485999997,3.246753
13730.557514999999,3.246753
13730.684543999998,3.246753
13730.811572999997,3.246753
13730.938601999998,3.246753
13731.065630999998,3.246753
13731.192659999997,3.246753
13731.319688999998,3.246753
13731.446717999997,3.246753
13731.573746999999,3.246753
13731.700775999998,3.246753
13731.827804999997,3.246753
13731.954833999998,3.246753
13732.081861999997,3.246753
13732.208890999998,3.246753
13732.335919999998,3.246753
13732.462948999997,3.246753
13732.589977999998,3.246753
13732.717006999997,3.246753
13732.844035999999,3.246753
13732.971064999998,3.246753
13733.098093999997,3.246753
13733.225122999998,3.246753
13733.352151999998,3.246753
13733.479180999999,3.246753
13733.606209999998,3.246753
13733.733238999997,3.246753
13733.860267999999,3.246753
13733.987295999998,3.246753
13734.114324999999,3.246753
13734.241353999998,3.246753
13734.368382999997,3.246753
13734.495411999998,3.246753
13734.622440999998,3.246753
13734.749469999997,3.246753
13734.876498999998,3.246753
13735.003527999997,3.246753
13735.130556999999,3.246753
13735.257585999998,3.246753
13735.384614999997,3.246753
13735.511643999998,3.246753
13735.638672999998,3.246753
13735.765701999997,3.246753
13735.892729999998,3.246753
13736.019758999997,3.246753
13736.146787999998,3.246753
13736.273816999998,3.246753
13736.400845999999,3.246753
13736.527874999998,3.246753
13736.654903999997,3.246753
13736.781932999998,3.246753
13736.908961999998,3.246753
13737.035990999997,3.246753
13737.163019999998,3.246753
13737.290048999997,3.246753
13737.417077999999,3.246753
13737.544106999998,3.246753
13737.671135999997,3.246753
13737.798164999998,3.246753
13737.925192999997,3.246753
13738.052221999998,3.246753
13738.179250999998,3.246753
13738.306279999997,3.246753
13738.433308999998,3.246753
13738.560337999998,3.246753
13738.687366999999,3.246753
13738.814395999998,3.246753
13738.941424999997,3.246753
13739.068453999998,3.246753
13739.195482999998,3.246753
13739.449540999998,3.246753
13739.576569999997,3.246753
13739.703598999999,3.246753
13739.830626999998,3.246753
13739.957655999999,3.246753
13740.084684999998,3.246753
13740.211713999997,3.246753
13740.338742999998,3.246753
13740.465771999998,3.246753
13740.592800999997,3.246753
13740.719829999998,3.246753
13740.846858999997,3.246753
13740.973887999999,3.246753
13741.100916999998,3.246753
13741.227945999997,3.246753
13742.625263999998,5.584416
13742.752292999998,5.584416
13742.879321999997,5.584416
13743.006350999998,5.584416
13743.133379999997,5.584416
13743.260408999999,5.584416
13743.387437999998,5.584416
13743.514466999997,5.584416
13743.641494999998,5.584416
13743.768523999997,5.584416
13743.895552999998,5.584416
13744.022581999998,5.584416
13744.149610999997,5.454545
13744.276639999998,5.454545
13744.403668999998,4.935065
13744.530697999999,4.935065
13744.657726999998,4.805195
13744.784755999997,4.805195
13744.911784999998,4.805195
13745.038813999998,4.805195
13745.165842999997,4.805195
13745.292871999998,4.805195
13745.673957999998,4.805195
13745.800986999999,4.805195
13745.928015999998,4.805195
13746.055044999997,4.805195
13746.182073999998,4.805195
13746.309102999998,4.805195
13746.436131999997,4.805195
13746.563160999998,4.805195
13746.690189999998,4.805195
13746.817218999999,4.805195
13746.944247999998,4.805195
13747.071276999997,4.805195
13747.198305999998,4.805195
13747.325334999998,4.805195
13747.452363999997,4.805195
13747.579391999998,4.805195
13747.706420999997,4.805195
13747.833449999998,4.805195
13747.960478999998,4.805195
13748.087507999997,4.805195
13748.214536999998,4.805195
13748.341565999997,4.805195
13748.468594999998,4.805195
13748.595623999998,4.805195
13748.722652999997,4.805195
13748.849681999998,4.805195
13748.976710999998,4.935065
13749.103739999999,4.935065
13749.230768999998,5.064935
13749.357797999997,67.142857
13749.484825999998,67.142857
13749.611854999997,67.142857
13749.738883999999,67.142857
13749.865912999998,67.142857
13749.992941999997,67.142857
13750.119970999998,67.142857
13750.246999999998,4.805195
13750.374028999999,4.805195
13750.501057999998,4.805195
13750.628086999997,4.805195
13750.755115999998,4.805195
13750.882144999998,4.805195
13751.009173999997,4.805195
13751.136202999998,4.805195
13751.263231999998,4.805195
13751.390259999998,4.805195
13751.517288999998,4.805195
13751.644317999999,4.805195
13751.771346999998,4.675325
13751.898375999997,4.675325
13756.090330999998,4.805195
13756.217359999999,4.805195
13756.344388999998,4.805195
13756.471417999997,4.805195
13756.598446999998,4.805195
13756.725475999998,4.805195
13756.852504999997,4.805195
13756.979533999998,4.805195
13757.106562999998,4.805195
13757.233590999998,4.805195
13757.360619999998,4.805195
13757.487648999999,4.805195
13757.614677999998,4.805195
13757.741706999997,4.805195
13757.868735999999,4.805195
13757.995764999998,4.805195
13758.122793999997,4.805195
13758.249822999998,4.805195
13758.376851999998,4.805195
13758.503880999997,4.805195
13758.630909999998,4.805195
13758.757938999997,4.805195
13758.884967999998,4.805195
13759.011996999998,4.805195
13759.139024999999,4.805195
13759.266053999998,4.805195
13759.393082999997,4.805195
13759.520111999998,4.805195
13762.695835999997,4.675325
13762.822864999998,4.675325
13762.949893999998,4.675325
13763.076921999998,4.675325
13763.203950999998,4.675325
13763.330979999997,4.675325
13763.458008999998,4.805195
13763.585037999997,4.805195
13763.712066999999,4.805195
13763.839095999998,4.805195
13763.966124999997,4.805195
13764.093153999998,4.805195
13764.220182999998,4.805195
13764.347211999997,4.805195
13764.474240999998,4.805195
13764.601269999997,4.805195
13764.728298999999,4.805195
13764.855327999998,4.805195
13764.982355999999,4.805195
13765.109384999998,4.805195
13765.236413999997,4.805195
13765.363442999998,4.805195
13765.490471999998,4.805195
13765.617500999997,4.805195
13765.744529999998,4.805195
13765.871558999997,4.805195
13765.998587999999,4.805195
13766.125616999998,4.805195
13766.252645999997,4.805195
13766.379674999998,4.805195
13766.506703999998,4.805195
13766.633732999999,4.805195
13766.760761999998,4.805195
13766.887789999997,4.805195
13767.014818999998,4.805195
13767.141847999997,4.805195
13767.268876999999,4.805195
13767.395905999998,4.805195
13767.522934999997,4.805195
13767.649963999998,4.805195
13767.776992999998,4.805195
13767.904021999997,4.805195
13768.031050999998,4.805195
13768.158079999997,4.805195
13768.285108999999,4.805195
13768.412137999998,4.805195
13768.539166999997,4.805195
13768.666195999998,4.805195
13768.793223999997,4.805195
13768.920252999998,4.805195
13769.047281999998,4.805195
13769.174310999997,4.805195
13769.301339999998,4.805195
13769.428368999997,4.805195
13769.555397999999,4.805195
13769.682426999998,4.805195
13769.809455999997,4.805195
13769.936484999998,4.805195
13770.063513999998,4.805195
13770.190542999997,4.805195
13770.317571999998,4.805195
13770.444600999997,4.805195
13770.571629999999,4.805195
13770.698658999998,4.805195
13770.825686999999,4.805195
13770.952715999998,4.805195
13771.079744999997,4.805195
13771.206773999998,4.805195
13771.333802999998,4.805195
13771.460831999997,4.805195
13771.587860999998,4.805195
13771.714889999997,4.805195
13773.620323999998,5.454545
13773.747352999997,5.454545
13773.874381999998,5.454545
13774.001410999997,5.454545
13774.128439999999,5.584416
13774.255468999998,5.584416
13774.382497999997,5.584416
13774.509526999998,5.584416
13774.636554999997,5.584416
13774.763583999998,5.584416
13774.890612999998,5.584416
13775.017641999997,5.584416
13775.144670999998,5.584416
13775.271699999998,5.584416
13775.398728999999,5.454545
13775.525757999998,5.454545
13775.652786999997,5.454545
13775.779815999998,5.454545
13775.906844999998,5.584416
13776.033873999997,5.584416
13776.160902999998,5.584416
13776.287931999997,5.584416
13776.414960999999,5.584416
13776.541988999998,5.584416
13776.669017999997,5.584416
13776.796046999998,5.584416
13776.923075999997,5.584416
13777.050104999998,5.584416
13777.177133999998,5.584416
13777.304162999997,5.584416
13777.431191999998,5.584416
13777.558220999998,5.584416
13777.685249999999,5.584416
13777.812278999998,5.584416
13777.939307999997,5.584416
13778.066336999998,5.584416
13778.193365999998,5.584416
13778.320394999997,5.584416
13778.447422999998,5.584416
13778.574451999997,5.584416
13778.701480999998,5.584416
13778.828509999998,5.584416
13778.955538999999,5.584416
13779.082567999998,5.584416
13779.209596999997,5.584416
13779.336625999998,5.584416
13779.463654999998,5.584416
13779.590683999997,5.584416
13779.717712999998,5.584416
13779.844741999997,5.584416
13779.971770999999,5.584416
13780.098799999998,5.584416
13780.225828999997,5.584416
13780.352857999998,5.584416
13780.479885999997,5.584416
13780.606914999998,5.584416
13780.733943999998,5.584416
13780.860972999997,5.584416
13780.988001999998,5.584416
13781.115030999998,5.584416
13781.242059999999,5.584416
13781.369088999998,5.584416
13781.496117999997,5.584416
13781.623146999998,5.584416
13781.750175999998,5.584416
13781.877204999997,5.584416
13782.004233999998,5.584416
13782.131262999997,5.584416
13782.258291999999,5.584416
13782.385319999998,5.584416
13782.512348999997,5.584416
13782.639377999998,5.584416
13782.766406999997,5.584416
13782.893435999998,5.584416
13783.020464999998,5.584416
13783.147493999997,5.584416
13783.274522999998,5.584416
13783.401551999998,5.584416
13783.528580999999,5.584416
13783.655609999998,5.584416
13783.782638999997,5.584416
13783.909667999998,5.584416
13784.036696999998,5.454545
13784.163725999997,5.454545
13784.290753999998,5.584416
13784.417782999997,5.584416
13784.544811999998,5.584416
13784.671840999998,5.584416
13784.798869999999,5.584416
13784.925898999998,5.584416
13785.052927999997,5.584416
13785.179956999998,5.584416
13785.306985999998,5.584416
13785.434014999997,5.584416
13785.561043999998,5.584416
13785.688072999998,5.584416
13785.815101999999,5.454545
13785.942130999998,5.454545
13786.069159999997,5.454545
13786.196187999998,5.454545
13786.323216999997,5.454545
13786.450245999999,5.454545
13786.577274999998,5.454545
13786.704303999997,5.454545
13786.831332999998,5.454545
13786.958361999998,5.454545
13787.085390999997,5.454545
13787.212419999998,5.454545
13787.339448999997,5.454545
13787.466477999998,5.454545
13787.593506999998,5.454545
13787.720535999997,5.454545
13787.847564999998,5.454545
13787.974593999998,5.454545
13788.101622999999,5.454545
13788.228650999998,5.454545
13788.355679999997,5.454545
13788.482708999998,5.454545
13788.609737999997,5.454545
13788.736766999999,5.454545
13788.863795999998,5.454545
13788.990824999997,5.454545
13789.117853999998,5.584416
13789.244882999998,5.584416
13789.371911999999,5.584416
13789.498940999998,5.584416
13789.625969999997,5.584416
13789.752998999998,5.584416
13789.880027999998,5.584416
13790.007056999997,5.584416
13790.134084999998,5.584416
13790.261113999997,5.584416
13790.388142999998,5.584416
13790.515171999998,5.584416
13790.642200999999,5.584416
13790.769229999998,5.584416
13790.896258999997,5.584416
13791.023287999999,5.584416
13791.150316999998,5.454545
13791.277345999997,5.454545
13791.404374999998,5.454545
13791.531403999998,5.454545
13791.658432999997,5.584416
13791.785461999998,5.584416
13791.912490999997,5.584416
13792.039518999998,5.584416
13792.166547999997,5.584416
13792.293576999999,5.584416
13792.420605999998,5.584416
13792.547634999997,5.584416
13792.674663999998,5.584416
13792.801692999998,5.584416
13792.928721999997,5.584416
13793.055750999998,5.584416
13793.182779999997,5.584416
13793.309808999998,5.584416
13793.436837999998,5.584416
13793.563866999997,5.584416
13793.690895999998,5.584416
13793.817924999998,5.584416
13793.944952999998,5.584416
13794.071981999998,5.584416
13794.199010999997,5.584416
13794.326039999998,5.584416
13794.453068999997,5.584416
13794.580097999999,5.584416
13794.707126999998,5.584416
13794.834155999997,5.584416
13794.961184999998,5.584416
13795.088213999998,5.584416
13795.215242999999,5.584416
13795.342271999998,5.584416
13795.469300999997,5.584416
13795.596329999998,5.584416
13795.723358999998,5.584416
13795.850387999997,5.584416
13795.977415999998,5.584416
13796.104444999997,5.584416
13796.231473999998,5.584416
13796.358502999998,5.584416
13796.485531999999,5.584416
13796.612560999998,5.584416
13796.739589999997,5.584416
13796.866618999999,5.584416
13796.993647999998,5.584416
13797.120676999997,5.584416
13797.247705999998,5.584416
13797.374734999998,5.584416
13797.501763999997,5.584416
13797.628792999998,5.584416
13797.755821999997,5.584416
13797.882849999998,5.584416
13798.009878999997,5.584416
13798.136907999999,5.584416
13798.263936999998,5.584416
13798.390965999997,5.584416
13798.517994999998,5.584416
13798.645023999998,5.584416
13798.772052999997,5.584416
13798.899081999998,5.584416
13799.026110999997,5.584416
13799.153139999999,5.584416
13799.280168999998,5.584416
13799.407197999997,5.584416
13799.534226999998,6.233766
13799.661255999998,6.298701
13799.788283999998,6.363636
13799.915312999998,6.363636
13800.042341999997,6.363636
13800.169370999998,6.363636
13800.296399999997,6.363636
13800.423428999999,6.363636
13800.550457999998,6.363636
13800.677486999997,6.363636
13800.804515999998,6.363636
13800.931544999998,6.363636
13801.058573999999,6.363636
13801.185602999998,6.363636
13801.312631999997,6.363636
13801.439660999999,6.363636
13801.566689999998,6.363636
13801.693717999999,6.363636
13801.820746999998,6.363636
13801.947775999997,6.363636
13802.074804999998,6.363636
13802.201833999998,6.363636
13802.328862999997,6.363636
13802.455891999998,6.363636
13802.582920999997,6.363636
13802.709949999999,6.363636
13802.836978999998,6.363636
13802.964007999997,6.363636
13803.091036999998,6.363636
13803.218065999998,6.363636
13803.345094999997,6.363636
13803.472123999998,6.363636
13803.599152999997,6.363636
13803.726180999998,6.363636
13803.853209999997,6.363636
13803.980238999999,6.363636
13804.107267999998,6.233766
13804.234296999997,6.298701
13804.361325999998,6.363636
13804.488354999998,6.363636
13804.615383999997,6.363636
13804.742412999998,6.363636
13804.869441999997,6.363636
13804.996470999999,6.363636
13805.123499999998,6.363636
13805.250528999997,6.363636
13805.377557999998,6.363636
13805.504586999998,6.363636
13805.631614999998,6.363636
13805.758643999998,6.428571
13805.885672999997,6.428571
13806.012701999998,6.428571
13806.139730999997,6.558442
13806.266759999999,6.558442
13806.393788999998,59.415584
13806.520817999997,59.415584
13806.647846999998,59.415584
13806.774875999998,59.415584
13806.901904999997,59.415584
13807.028933999998,59.415584
13807.155962999997,59.415584
13807.282991999999,59.350649
13807.410020999998,6.428571
13807.537048999999,6.428571
13807.664077999998,6.428571
13807.791106999997,6.428571
13807.918135999998,6.428571
13808.045164999998,6.428571
13808.172193999997,6.428571
13808.299222999998,6.428571
13808.426251999997,6.428571
13808.553280999999,6.428571
13808.680309999998,6.428571
13808.807338999997,6.428571
13808.934367999998,6.428571
13809.061396999998,6.428571
13809.188425999997,6.428571
13809.315454999998,6.428571
13809.442482999997,6.428571
13809.569511999998,6.363636
13809.696540999998,6.298701
13809.823569999999,6.298701
13809.950598999998,6.298701
13810.077627999997,6.298701
13810.204656999998,6.298701
13810.331685999998,6.298701
13810.458714999997,6.298701
13810.585743999998,6.298701
13810.712772999997,6.298701
13810.839801999999,6.298701
13810.966830999998,6.298701
13811.093859999997,6.298701
13811.220888999998,6.428571
13811.347916999997,6.428571
13811.474945999998,6.428571
13811.601974999998,6.428571
13811.729003999997,6.428571
13811.856032999998,6.428571
13811.983061999998,6.428571
13812.110090999999,6.428571
13812.237119999998,6.428571
13812.364148999997,6.363636
13812.491177999998,6.298701
13812.618206999998,6.298701
13812.745235999997,6.298701
13812.872264999998,6.298701
13812.999293999997,6.298701
13813.126322999999,6.298701
13813.253351999998,6.298701
13813.380379999999,6.298701
13813.507408999998,6.298701
13813.634437999997,6.298701
13813.761466999998,6.298701
13813.888495999998,6.298701
13814.015524999997,6.298701
13814.142553999998,6.298701
13814.269582999998,6.298701
13814.396611999999,6.298701
13814.523640999998,6.298701
13814.650669999997,6.298701
13814.777698999998,6.298701
13814.904727999998,6.298701
13815.031756999997,6.428571
13815.158785999998,6.428571
13815.285813999997,6.428571
13815.412842999998,6.428571
13815.539871999998,6.428571
13815.666900999997,6.428571
13815.793929999998,6.428571
13815.920958999997,6.428571
13816.047987999998,6.428571
13816.175016999998,6.363636
13816.302045999997,6.298701
13816.429074999998,6.298701
13816.556103999998,6.298701
13816.683132999999,6.298701
13816.810161999998,6.298701
13816.937190999997,6.298701
13817.064219999998,6.298701
13817.191247999997,6.298701
13817.318276999998,6.298701
13817.445305999998,6.298701
13817.572334999997,6.298701
13817.699363999998,6.298701
13817.826392999998,6.298701
13817.953421999999,6.298701
13818.080450999998,6.298701
13818.207479999997,6.298701
13818.334508999998,6.428571
13818.461537999998,6.428571
13818.588566999997,6.428571
13818.715595999998,6.428571
13818.842624999997,6.428571
13818.969653999999,6.428571
13819.096681999998,6.428571
13819.223710999999,6.428571
13819.350739999998,6.298701
13819.477768999997,6.298701
13819.604797999998,6.428571
13819.731826999998,6.428571
13819.858855999997,6.428571
13819.985884999998,6.428571
13820.112913999998,6.428571
13820.239942999999,6.428571
13820.366971999998,6.428571
13820.494000999997,6.428571
13820.621029999998,6.298701
13820.748058999998,6.298701
13820.875087999997,6.298701
13821.002116999998,6.298701
13821.129144999997,6.298701
13821.256173999998,6.298701
13821.383202999998,6.298701
13821.510231999997,6.298701
13821.637260999998,6.298701
13821.764289999997,6.298701
13823.415665999997,6.298701
13823.542694999998,6.298701
13823.669723999998,6.298701
13823.796752999999,6.298701
13823.923781999998,6.298701
13824.050810999997,6.298701
13824.177839999998,6.298701
13824.304868999998,6.298701
13824.431897999997,6.428571
13824.558926999998,6.428571
13824.685955999998,6.428571
13824.812984999999,6.428571
13824.940012999998,6.428571
13825.067041999999,6.428571
13825.194070999998,6.428571
13825.321099999997,6.428571
13825.448128999999,6.428571
13825.575157999998,6.428571
13825.702186999997,6.428571
13825.829215999998,6.428571
13825.956244999998,6.428571
13826.083273999997,6.428571
13826.210302999998,6.298701
13826.337331999997,6.298701
13826.464360999998,6.298701
13826.591389999998,6.298701
13826.718418999997,6.298701
13826.845446999998,6.298701
13826.972475999997,6.298701
13827.099504999998,6.298701
13827.734649999999,7.467532
13827.861678999998,7.467532
13827.988707999997,7.467532
13828.115736999998,7.467532
13828.242765999998,7.467532
13828.369794999999,7.467532
13828.496823999998,7.597403
13828.623852999997,7.597403
13828.750881999998,7.597403
13828.877909999997,7.597403
13829.004938999999,7.597403
13829.131967999998,7.597403
13829.258996999997,7.597403
13829.386025999998,7.597403
13829.513054999998,7.597403
13829.640083999999,7.597403
13829.767112999998,7.597403
13829.894141999997,7.597403
13830.021170999999,7.467532
13830.148199999998,7.467532
13830.275228999997,7.467532
13830.402257999998,7.467532
13830.529286999998,7.467532
13830.656315999997,7.467532
13830.783343999998,7.467532
13830.910372999997,7.467532
13831.037401999998,7.467532
13831.164430999997,7.467532
13831.291459999999,7.467532
13831.418488999998,7.467532
13831.545517999997,7.467532
13831.672546999998,7.467532
13831.799575999998,7.467532
13831.926604999997,7.467532
13832.053633999998,7.467532
13832.180662999997,7.467532
13832.307691999998,7.467532
13832.434720999998,7.467532
13832.561749999997,7.467532
13832.688777999998,7.467532
13832.815806999997,7.467532
13832.942835999998,7.467532
13833.069864999998,7.467532
13833.196893999997,7.467532
13833.323922999998,7.467532
13833.450951999997,7.467532
13833.577980999999,7.467532
13833.705009999998,7.467532
13833.832038999997,7.467532
13833.959067999998,7.467532
13834.086096999998,7.467532
13834.213125999999,7.467532
13834.340154999998,7.467532
13834.467183999997,7.467532
13834.594211999998,7.467532
13834.721240999997,7.467532
13835.102327999997,7.467532
13835.229356999998,7.467532
13835.356385999998,7.467532
13835.483414999999,7.467532
13835.610443999998,7.467532
13835.737472999997,7.467532
13835.864501999999,7.467532
13835.991530999998,7.467532
13836.118559999997,7.467532
13836.245588999998,7.467532
13836.372617999998,7.467532
13836.499646999997,7.467532
13836.626674999998,7.467532
13836.753703999997,7.467532
13836.880732999998,7.467532
13837.007761999997,7.467532
13837.134790999999,7.467532
13837.261819999998,7.467532
13837.388848999997,7.467532
13837.515877999998,7.467532
13837.642906999998,7.467532
13837.769935999997,7.467532
13837.896964999998,7.467532
13838.023993999997,7.467532
13838.405080999997,7.467532
13838.532108999998,7.467532
13838.659137999997,7.467532
13838.786166999998,7.467532
13838.913195999998,7.467532
13839.040224999997,7.467532
13839.167253999998,7.467532
13839.294282999997,7.467532
13839.421311999999,7.467532
13839.548340999998,7.467532
13839.675369999997,7.467532
13839.802398999998,7.467532
13839.929427999998,7.467532
13840.056456999999,7.467532
13840.183485999998,7.467532
13840.310514999997,7.467532
13842.215948999998,7.467532
13842.342976999998,7.467532
13842.470005999998,7.467532
13842.597034999997,7.467532
13842.724063999998,7.467532
13842.851092999997,7.467532
13842.978121999999,7.467532
13843.105150999998,7.467532
13843.232179999997,7.467532
13843.359208999998,7.467532
13843.486237999998,7.597403
13843.613266999997,7.597403
13843.740295999998,7.597403
13843.867324999997,7.597403
13843.994353999999,7.597403
13844.121382999998,7.597403
13844.248411999997,7.597403
13844.375439999998,7.597403
13844.502468999997,7.597403
13844.629497999998,7.597403
13844.756526999998,7.597403
13844.883555999997,7.597403
13845.010584999998,7.597403
13845.137613999997,7.597403
13845.264642999999,7.597403
13845.391671999998,7.597403
13845.518700999997,7.597403
13845.645729999998,7.597403
13845.772758999998,7.597403
13845.899787999997,7.597403
13846.026816999998,7.597403
13846.153845999997,7.597403
13846.280873999998,7.467532
13846.407902999998,7.467532
13846.534931999999,7.467532
13846.661960999998,7.467532
13846.788989999997,7.597403
13846.916018999998,7.597403
13847.043047999998,7.597403
13847.170076999997,7.597403
13847.297105999998,7.597403
13847.424134999997,7.597403
13847.551163999999,7.597403
13847.678192999998,7.597403
13847.805221999997,7.597403
13847.932250999998,7.597403
13848.059279999998,7.597403
13848.186307999998,7.597403
13848.313336999998,7.597403
13848.440365999997,7.597403
13848.567394999998,7.597403
13848.694423999998,7.597403
13848.821452999999,7.467532
13848.948481999998,7.467532
13849.075510999997,7.467532
13849.202539999998,7.467532
13849.329568999998,7.467532
13849.456597999997,7.467532
13849.583626999998,7.597403
13849.710655999997,7.597403
13849.837684999999,7.597403
13849.964713999998,7.597403
13850.091741999997,7.597403
13850.218770999998,7.597403
13850.345799999997,7.597403
13850.472828999998,7.597403
13850.599857999998,7.597403
13850.726886999997,7.597403
13850.853915999998,7.597403
13850.980944999998,7.597403
13851.107973999999,7.467532
13851.235002999998,7.467532
13851.362031999997,7.467532
13851.489060999998,7.467532
13851.616089999998,7.467532
13851.743118999997,7.467532
13851.870147999998,7.597403
13851.997175999997,7.597403
13852.124204999998,7.597403
13852.251233999998,7.597403
13852.378262999999,7.597403
13852.505291999998,7.597403
13852.632320999997,7.597403
13852.759349999998,7.597403
13852.886378999998,7.597403
13853.013407999997,7.597403
13853.140436999998,7.467532
13853.267465999998,7.467532
13853.394494999999,7.597403
13853.521523999998,7.597403
13853.648552999997,7.597403
13853.775581999998,7.597403
13853.902610999998,7.597403
13854.029638999998,7.597403
13854.156667999998,7.597403
13854.283696999997,7.597403
13854.410725999998,7.467532
13854.537754999998,7.467532
13854.664783999997,7.467532
13854.791812999998,7.467532
13854.918841999997,7.467532
13855.045870999998,7.467532
13855.172899999998,7.467532
13855.299928999997,7.467532
13855.426957999998,7.467532
13855.553986999998,7.467532
13855.681015999999,7.467532
13855.808044999998,7.467532
13855.935072999997,7.467532
13856.062101999998,7.467532
13856.189130999997,7.467532
13856.316159999998,7.467532
13856.443188999998,8.246753
13856.570217999997,8.246753
13856.697246999998,8.246753
13856.824275999998,8.246753
13856.951304999999,8.246753
13857.078333999998,8.246753
13857.205362999997,8.246753
13857.332391999998,8.246753
13863.302751999998,47.207792
13863.429780999997,47.207792
13863.556809999998,47.207792
13863.683837999997,47.207792
13863.810866999998,47.207792
13863.937895999998,47.207792
13864.064924999999,47.207792
13864.191953999998,47.207792
13915.892729999998,11.168831
13916.019758999997,11.168831
13916.146787999998,11.428571
13916.273816999998,11.428571
13916.400845999999,11.558442
13916.527874999998,11.558442
13916.654903999997,11.558442
13916.781932999998,11.558442
13916.908961999998,11.558442
13917.035990999997,11.558442
13917.163019999998,11.558442
13917.290048999997,11.558442
13917.417077999999,11.168831
13917.544106999998,11.168831
13917.671135999997,11.168831
13917.798164999998,11.168831
13917.925192999997,11.168831
13918.052221999998,11.168831
13918.179250999998,10.909091
13918.306279999997,10.909091
13961.115030999998,10.909091
13961.242059999999,10.909091
13961.369088999998,11.298701
13961.496117999997,11.298701
13961.623146999998,11.558442
13961.750175999998,11.558442
13961.877204999997,11.818182
13962.004233999998,11.818182
13962.131262999997,11.818182
13962.258291999999,11.818182
13962.385319999998,11.818182
13962.512348999997,11.818182
13962.639377999998,12.727273
13962.766406999997,12.727273
13962.893435999998,12.857143
13963.020464999998,12.857143
13963.147493999997,13.116883
13963.274522999998,13.116883
13963.401551999998,13.376623
13963.528580999999,13.376623
13963.655609999998,13.506494
13963.782638999997,13.506494
13963.909667999998,13.766234
13964.036696999998,13.766234
13964.163725999997,14.025974
13964.290753999998,14.025974
13964.417782999997,14.155844
13964.544811999998,14.155844
13964.671840999998,14.155844
13964.798869999999,14.155844
13964.925898999998,14.155844
13965.052927999997,14.155844
13965.179956999998,14.155844
13965.434014999997,15.714286
13965.561043999998,15.714286
13965.688072999998,15.714286
13965.815101999999,15.714286
13965.942130999998,15.844156
13966.069159999997,15.844156
13966.196187999998,15.844156
13966.323216999997,15.844156
13966.450245999999,15.844156
13966.577274999998,15.844156
13966.704303999997,16.623377
13966.831332999998,16.623377
13966.958361999998,17.272727
13967.085390999997,17.272727
13967.212419999998,17.272727
13967.339448999997,17.272727
13967.466477999998,17.662338
13967.593506999998,17.662338
13967.720535999997,18.051948
13967.847564999998,18.051948
13967.974593999998,18.051948
13968.101622999999,18.051948
13968.228650999998,18.636364
13968.355679999997,18.636364
13968.482708999998,18.636364
13968.609737999997,18.636364
13968.736766999999,18.636364
13968.863795999998,18.636364
13968.990824999997,18.636364
13969.117853999998,18.636364
13969.244882999998,18.636364
13969.371911999999,18.636364
13969.498940999998,18.636364
13969.625969999997,18.636364
13971.531403999998,21.818182
13971.658432999997,21.818182
13971.785461999998,21.948052
13971.912490999997,21.948052
13972.039518999998,21.948052
13972.166547999997,21.948052
13972.293576999999,21.948052
13972.420605999998,21.948052
13972.547634999997,21.948052
13972.674663999998,21.948052
13972.801692999998,22.077922
13972.928721999997,22.077922
13973.055750999998,22.077922
13973.182779999997,22.077922
13973.309808999998,22.077922
13973.436837999998,22.077922
13973.563866999997,22.077922
13974.071981999998,23.506494
13974.199010999997,23.506494
13974.326039999998,23.766234
13974.453068999997,23.766234
13974.580097999999,24.025974
13974.707126999998,24.090909
13974.834155999997,24.155844
13974.961184999998,24.220779
13975.088213999998,24.285714
13975.215242999999,24.285714
13975.342271999998,24.805195
13975.469300999997,24.87013
13975.596329999998,24.935065
13975.723358999998,25.0
13975.850387999997,25.0
13975.977415999998,25.0
13976.104444999997,25.194805
13976.231473999998,25.194805
13976.358502999998,25.194805
13976.485531999999,25.194805
13976.612560999998,25.194805
13976.739589999997,25.194805
13976.866618999999,25.194805
13977.247705999998,26.558442
13977.374734999998,26.558442
13977.501763999997,26.558442
13977.628792999998,26.558442
13977.755821999997,26.558442
13977.882849999998,26.558442
13978.009878999997,27.337662
13978.136907999999,27.337662
13978.263936999998,27.337662
13978.390965999997,27.337662
13978.517994999998,27.987013
13978.645023999998,27.987013
13978.772052999997,28.116883
13978.899081999998,28.116883
13979.026110999997,28.116883
13979.153139999999,28.116883
13979.280168999998,28.246753
13979.407197999997,73.441558
13979.534226999998,73.441558
13979.661255999998,99.675325
13979.788283999998,99.675325
13979.915312999998,99.675325
13980.042341999997,99.675325
13980.169370999998,99.675325
13980.296399999997,99.675325
13980.423428999999,99.675325
13980.550457999998,28.376623
13980.677486999997,28.376623
13983.853209999997,31.233766
13983.980238999999,31.233766
13984.107267999998,31.233766
13984.234296999997,31.233766
13984.361325999998,31.233766
13984.488354999998,31.233766
13984.615383999997,31.233766
13984.742412999998,31.233766
13984.869441999997,31.233766
13984.996470999999,31.233766
13985.123499999998,31.883117
13985.250528999997,31.883117
13985.377557999998,32.272727
13985.504586999998,32.272727
13985.631614999998,32.272727
13985.758643999998,32.272727
13985.885672999997,32.272727
13986.012701999998,32.272727
13986.139730999997,32.272727
13986.266759999999,32.207792
13986.393788999998,32.142857
13986.520817999997,32.077922
13986.647846999998,31.493506
13986.774875999998,31.493506
13986.901904999997,31.493506
13987.028933999998,31.493506
13987.155962999997,31.493506
13987.282991999999,31.493506
13987.410020999998,31.493506
13987.537048999999,31.493506
13987.664077999998,31.623377
13987.791106999997,31.623377
13987.918135999998,31.623377
13988.045164999998,31.623377
13988.172193999997,31.623377
13988.299222999998,31.623377
13988.426251999997,31.623377
13988.553280999999,31.623377
13988.680309999998,31.623377
13988.807338999997,31.623377
13988.934367999998,31.623377
13989.061396999998,31.623377
13989.188425999997,31.623377
13989.315454999998,31.558442
13989.442482999997,31.493506
13992.237119999998,31.103896
13992.364148999997,31.103896
13992.491177999998,31.103896
13992.618206999998,31.103896
13992.745235999997,31.103896
13992.872264999998,31.103896
13992.999293999997,31.103896
13993.126322999999,31.103896
13997.318276999998,33.441558
13997.445305999998,33.441558
13997.572334999997,33.441558
13997.699363999998,33.441558
13997.826392999998,33.441558
13997.953421999999,33.441558
13998.080450999998,33.441558
13998.207479999997,33.441558
13998.334508999998,33.441558
13998.461537999998,33.441558
13998.588566999997,33.441558
13998.715595999998,33.441558
13998.842624999997,33.441558
13998.969653999999,33.441558
14003.923781999998,33.181818
14004.050810999997,33.181818
14004.177839999998,33.181818
14004.304868999998,33.181818
14004.431897999997,33.181818
14004.558926999998,33.181818
14004.685955999998,33.181818
14004.812984999999,33.181818
14004.940012999998,33.181818
14005.067041999999,33.181818
14005.194070999998,32.142857
14005.321099999997,32.142857
14005.448128999999,31.883117
14005.575157999998,31.883117
14005.702186999997,31.493506
14005.829215999998,31.493506
14005.956244999998,31.493506
14006.083273999997,31.493506
14006.210302999998,31.493506
14006.337331999997,31.493506
14006.464360999998,31.493506
14006.591389999998,31.493506
14006.718418999997,32.272727
14006.845446999998,32.272727
14006.972475999997,32.272727
14007.099504999998,32.272727
14007.226533999998,32.272727
14007.353562999997,32.272727
14007.480591999998,32.272727
14007.607620999997,32.272727
14010.021170999999,34.220779
14010.148199999998,34.220779
14010.275228999997,34.220779
14010.402257999998,34.220779
14010.529286999998,34.220779
14010.656315999997,34.220779
14010.783343999998,34.220779
14010.910372999997,34.220779
14011.037401999998,34.220779
14011.164430999997,34.220779
14011.291459999999,34.220779
14011.418488999998,34.220779
14011.545517999997,34.220779
14011.672546999998,34.220779
14011.799575999998,34.220779
14011.926604999997,34.220779
14012.815806999997,32.012987
14012.942835999998,32.012987
14013.069864999998,32.012987
14013.196893999997,32.012987
14013.323922999998,32.012987
14013.450951999997,32.012987
14013.577980999999,32.012987
14013.705009999998,32.012987
14013.832038999997,31.753247
14013.959067999998,31.753247
14017.642906999998,28.376623
14017.769935999997,28.376623
14017.896964999998,28.376623
14018.023993999997,28.376623
14018.151022999999,28.376623
14018.278051999998,28.376623
14018.405080999997,28.376623
14018.532108999998,28.376623
14018.659137999997,28.376623
14018.786166999998,28.376623
14018.913195999998,27.467532
14019.040224999997,27.467532
14019.167253999998,26.948052
14019.294282999997,26.948052
14022.470005999998,27.207792
14022.597034999997,27.207792
14022.724063999998,27.207792
14022.851092999997,27.207792
14022.978121999999,27.207792
14023.105150999998,27.207792
14023.232179999997,27.207792
14023.359208999998,27.207792
14023.486237999998,26.688312
14023.613266999997,26.688312
14023.740295999998,26.688312
14023.867324999997,26.688312
14023.994353999999,26.558442
14024.121382999998,26.558442
14024.248411999997,26.558442
14024.375439999998,26.558442
14024.502468999997,25.779221
14024.629497999998,25.779221
14024.756526999998,25.779221
14024.883555999997,25.779221
14025.010584999998,25.779221
14025.137613999997,25.779221
14025.264642999999,25.779221
14025.391671999998,25.779221
14025.518700999997,26.038961
14025.645729999998,26.038961
14025.772758999998,26.038961
14025.899787999997,26.038961
14026.026816999998,26.038961
14026.153845999997,26.038961
14026.280873999998,26.038961
14026.407902999998,26.038961
14026.534931999999,26.038961
14026.661960999998,26.038961
14026.788989999997,26.038961
14026.916018999998,26.038961
14028.313336999998,25.25974
14028.440365999997,25.25974
14028.567394999998,25.25974
14028.694423999998,25.25974
14028.821452999999,25.25974
14028.948481999998,25.25974
14029.075510999997,25.25974
14029.202539999998,25.25974
14029.329568999998,25.25974
14029.456597999997,25.25974
14029.583626999998,25.25974
14029.710655999997,25.25974
14030.853915999998,25.25974
14030.980944999998,25.25974
14031.107973999999,25.25974
14031.235002999998,25.25974
14031.362031999997,25.25974
14031.489060999998,25.25974
14031.616089999998,25.25974
14031.743118999997,25.25974
14031.870147999998,25.25974
14031.997175999997,25.25974
14032.124204999998,25.25974
14032.251233999998,25.25974
14032.378262999999,24.61039
14032.505291999998,24.61039
14032.632320999997,24.61039
14032.759349999998,24.61039
14032.886378999998,24.61039
14033.013407999997,24.61039
14033.140436999998,23.441558
14033.267465999998,23.441558
14033.394494999999,23.441558
14033.521523999998,23.441558
14033.648552999997,23.441558
14033.775581999998,23.441558
14033.902610999998,23.311688
14034.029638999998,23.311688
14034.156667999998,23.311688
14034.283696999997,23.311688
14034.410725999998,23.311688
14034.537754999998,23.311688
14034.664783999997,23.311688
14034.791812999998,23.311688
14034.918841999997,23.311688
14035.045870999998,23.311688
14045.081156999999,20.741222
14045.208185999998,20.741222
14045.335215,20.806242
14045.462243999998,20.806242
14045.589272999998,20.806242
14045.716300999999,20.806242
14045.843329999998,20.806242
14045.970358999999,20.806242
14046.097387999998,20.806242
14046.224416999998,20.741222
14052.702892999998,17.815345
14052.829921999999,17.815345
14052.956950999998,17.815345
14053.083979999998,17.815345
14053.211008999999,17.815345
14053.338037999998,17.815345
14053.465065999999,17.815345
14053.592094999998,17.815345
14053.719124,17.815345
14053.846152999999,17.815345
14053.973181999998,17.815345
14054.100210999999,17.815345
14054.227239999998,17.815345
14054.354268999998,17.815345
14054.481297999999,17.815345
14054.608326999998,17.815345
14061.340859999998,17.750325
14061.467888999998,17.750325
14061.594917999999,17.750325
14061.721946999998,17.750325
14061.848976,17.750325
14061.976004999999,17.750325
14062.103033999998,17.750325
14065.532814999999,17.035111
14065.659843999998,17.035111
14065.786873,17.035111
14065.913901999998,17.035111
14066.040930999998,17.035111
14066.167959999999,17.035111
14066.294988999998,17.035111
14066.422018,17.035111
14069.216653999998,17.815345
14069.343683,17.815345
14069.470711999998,17.815345
14069.597740999998,17.815345
14069.724769999999,17.815345
14069.851798999998,17.815345
14069.978828,17.815345
14072.138319999998,17.815345
14072.265349,17.815345
14072.392377999999,17.815345
14072.519406999998,17.815345
14072.646435999999,17.815345
14072.773464999998,17.815345
14072.900493,17.815345
14073.027521999998,17.815345
14073.154550999998,17.815345
14073.281579999999,17.815345
14073.408608999998,17.815345
14073.535637999998,17.815345
14073.916725,17.815345
14074.043753999998,17.815345
14074.170782999998,17.815345
14074.297811999999,17.815345
14074.424840999998,17.815345
14074.55187,17.815345
14074.678898999999,17.815345
14074.805926999998,17.815345
14080.776286999999,17.035111
14080.903315999998,17.035111
14081.030345,17.035111
14081.157373999999,17.035111
14081.284402999998,17.035111
14081.411431999999,17.035111
14081.538460999998,17.035111
14081.665489999998,17.035111
14083.824981999998,17.035111
14083.952010999998,17.035111
14084.079039999999,17.035111
14084.206068999998,17.035111
14084.333098,17.035111
14084.460125999998,17.035111
14084.587155,85.56567
14084.714183999999,85.56567
14084.841212999998,85.56567
14084.968241999999,85.56567
14085.095270999998,85.56567
14085.222299999998,85.56567
14085.349328999999,85.56567
14085.476357999998,37.646294
14085.603387,17.035111
14085.730415999999,17.035111
14085.857444999998,17.035111
14085.984473999999,17.035111
14086.111502999998,17.035111
14086.238531999998,17.035111
14086.365559999998,17.035111
14086.492588999998,17.035111
14089.668312999998,16.905072
14089.795341999998,16.905072
14089.922370999999,16.905072
14090.049399999998,16.905072
14090.176429,16.905072
14090.303456999998,16.905072
14090.430486,16.905072
14090.557514999999,16.905072
14090.684543999998,16.905072
14090.811572999999,16.905072
14090.938601999998,16.905072
14091.065630999998,16.905072
14091.954833999998,17.815345
14092.081862999998,17.815345
14092.208890999998,17.815345
14092.335919999998,17.815345
14092.462948999999,17.815345
14092.589977999998,17.815345
14092.717007,17.815345
14092.844035999999,17.815345
14092.971064999998,17.815345
14093.098093999999,17.815345
14093.225122999998,17.035111
14093.352151999998,17.035111
14093.479180999999,17.035111
14093.606209999998,17.035111
14093.733239,17.035111
14093.860267999999,17.035111
14093.987296999998,17.035111
14094.114324999999,17.035111
14094.495411999998,17.685306
14094.622440999998,17.685306
14094.749469999999,17.685306
14094.876498999998,17.685306
14095.003528,17.685306
14095.130556999999,17.685306
14095.257585999998,17.685306
14095.384614999999,17.685306
14095.511643999998,17.685306
14095.638672999998,17.685306
14107.198305999998,17.035111
14107.325334999998,17.035111
14107.452363999999,17.035111
14107.579392999998,17.035111
14107.706420999999,17.035111
14107.833449999998,17.035111
14107.960478999998,17.035111
14108.087507999999,17.035111
14108.214536999998,17.035111
14108.341566,17.035111
14108.468594999998,17.035111
14108.595623999998,17.035111
14108.722652999999,17.035111
14108.849681999998,17.035111
14108.976711,17.035111
14109.103739999999,17.035111
14109.230768999998,17.035111
14109.357798,17.035111
14109.484826999998,17.035111
14109.611855,17.035111
14109.738883999999,17.035111
14109.865912999998,17.035111
14109.992941999999,17.035111
14110.119970999998,17.035111
14110.246999999998,17.035111
14110.374028999999,17.035111
14110.501057999998,17.035111
14110.628087,17.035111
14110.755115999998,17.035111
14110.882144999998,17.035111
14111.009173999999,17.035111
14111.136202999998,17.035111
14111.263232,17.035111
14111.390260999999,17.035111
14111.517288999998,17.035111
14111.644317999999,17.035111
14111.771346999998,17.035111
14111.898376,17.035111
14112.025404999998,17.815345
14112.152433999998,17.815345
14112.279462999999,17.815345
14112.406491999998,17.815345
14112.533520999998,17.815345
14112.660549999999,17.815345
14112.787578999998,17.815345
14112.914608,17.815345
14113.041636999998,17.10013
14113.168665999998,17.10013
14113.295694999999,17.10013
14113.422723999998,17.035111
14113.549751999999,17.035111
14113.676780999998,17.035111
14113.803809999998,17.035111
14113.930838999999,17.035111
14114.057867999998,17.035111
14114.184897,17.035111
14114.311925999998,17.035111
14114.438954999998,17.035111
14114.565983999999,17.035111
14114.693012999998,17.035111
14114.820041999998,17.035111
14114.947070999999,17.035111
14115.074099999998,17.035111
14115.201129,17.035111
14115.328157999998,17.035111
14115.455186,17.035111
14115.582214999999,16.840052
14115.836272999999,16.905072
14115.963301999998,16.905072
14116.090330999998,16.905072
14116.217359999999,16.905072
14116.344388999998,16.905072
14116.471418,16.905072
14116.598446999998,16.905072
14116.725475999998,16.905072
14116.852504999999,17.815345
14116.979533999998,17.815345
14117.106562999998,17.815345
14117.233591999999,17.815345
14117.360619999998,17.815345
14117.487648999999,17.815345
14117.614677999998,17.815345
14117.741707,17.815345
14117.868735999999,17.815345
14117.995764999998,17.815345
14118.122793999999,17.815345
14118.249822999998,17.815345
14118.376851999998,17.815345
14118.503880999999,17.815345
14118.630909999998,17.815345
14118.757939,17.815345
14118.884967999998,17.815345
14119.011996999998,17.815345
14119.139025999999,17.815345
14119.266053999998,17.815345
14119.393082999999,17.815345
14119.520111999998,17.815345
14119.647140999998,17.815345
14119.774169999999,17.815345
14119.901198999998,17.815345
14120.028228,17.815345
14120.155256999999,17.750325
14120.282285999998,17.750325
14120.409314999999,17.815345
14120.536343999998,17.880364
14120.663372999998,17.880364
14120.790401999999,17.880364
14120.917430999998,17.880364
14121.04446,17.880364
14121.171488999998,17.880364
14121.298517,17.880364
14121.425545999999,17.880364
14121.552574999998,17.880364
14121.679603999999,17.880364
14121.806632999998,17.880364
14121.933661999998,17.880364
14122.060690999999,17.880364
14122.187719999998,17.880364
14122.314749,17.880364
14122.441777999999,17.880364
14122.568806999998,17.880364
14122.695835999999,17.880364
14122.822864999998,17.880364
14122.949893999998,17.880364
14123.076922999999,17.880364
14123.203950999998,17.880364
14123.330979999999,17.880364
14123.458008999998,17.880364
14123.585038,17.880364
14123.712066999999,17.880364
14123.839095999998,17.880364
14123.966124999999,17.945384
14124.093153999998,18.010403
14124.220182999998,18.010403
14124.347211999999,18.010403
14124.474240999998,18.010403
14124.60127,18.010403
14124.728298999999,18.010403
14124.855327999998,18.010403
14124.982356999999,17.880364
14125.109384999998,17.880364
14125.236413999999,17.880364
14125.363442999998,17.880364
14125.490471999998,17.880364
14125.617500999999,17.880364
14125.744529999998,17.880364
14125.871559,17.880364
14125.998587999999,17.880364
14126.125616999998,17.880364
14126.252645999999,17.880364
14126.379674999998,17.880364
14126.506703999998,17.880364
14126.633732999999,17.880364
14126.760761999998,17.880364
14126.887791,17.880364
14127.014818999998,17.945384
14127.141848,17.945384
14127.268876999999,17.945384
14127.395905999998,17.945384
14127.522934999999,17.945384
14127.649963999998,17.945384
14127.776992999998,17.945384
14127.904021999999,17.880364
14128.031050999998,17.880364
14128.15808,17.880364
14128.285108999999,17.880364
14128.412137999998,17.880364
14128.539166999999,17.880364
14128.666195999998,17.880364
14128.793224999998,17.880364
14134.001411,18.205462
14134.128439999999,18.205462
14134.255468999998,18.205462
14134.382497999999,18.205462
14134.509526999998,18.205462
14134.636555999998,18.205462
14134.763583999998,18.205462
14134.890612999998,18.205462
14135.017641999999,18.010403
14135.144670999998,17.945384
14135.2717,17.880364
14135.398728999999,17.880364
14135.525757999998,17.880364
14135.652786999999,17.880364
14135.779815999998,17.880364
14135.906844999998,17.880364
14136.033873999999,17.880364
14136.160902999998,17.880364
14136.287932,17.880364
14136.414960999999,17.880364
14136.541989999998,17.880364
14136.669017999999,17.815345
14136.796046999998,17.750325
14136.923076,17.685306
14137.050104999998,17.620286
14137.177133999998,17.555267
14137.304162999999,17.360208
14137.431191999998,17.295189
14137.558221,17.230169
14137.685249999999,17.16515
14137.812278999998,17.10013
14137.939307999999,17.10013
14138.066336999998,17.10013
14138.193365999998,17.10013
14138.320394999999,17.10013
14138.447423999998,17.10013
14138.574453,17.10013
14138.701480999998,17.10013
14138.828509999998,17.10013
14138.955538999999,17.10013
14139.082567999998,17.10013
14139.209597,17.10013
14139.336625999998,17.10013
14139.463654999998,17.10013
14139.590683999999,16.319896
14139.717712999998,16.319896
14139.844742,16.319896
14139.971770999999,16.319896
14140.098799999998,16.319896
14140.225828999999,47.074122
14140.352857999998,47.074122
14140.479886999998,47.074122
14140.606914999998,47.074122
14140.733943999998,47.074122
14140.860972999999,47.074122
14140.988001999998,47.074122
14141.115030999998,16.059818
14141.242059999999,16.059818
14142.893435999998,14.759428
14143.020464999998,14.759428
14143.147493999999,14.759428
14143.274522999998,14.759428
14143.401552,14.759428
14143.528580999999,14.759428
14143.655609999998,14.759428
14143.782639,14.759428
14143.909667999998,14.759428
14144.036696999998,14.759428
14144.163725999999,14.759428
14144.290754999998,14.759428
14144.417782999999,14.759428
14144.544811999998,14.759428
14144.671840999998,14.759428
14144.798869999999,14.759428
14144.925898999998,14.759428
14145.052928,14.759428
14145.179956999998,14.759428
14145.306985999998,14.759428
14145.434014999999,14.759428
14145.561043999998,14.759428
14145.688072999998,14.759428
14145.815101999999,14.759428
14145.942130999998,14.759428
14146.06916,14.759428
14146.196188999998,14.629389
14146.323217999998,14.629389
14146.450245999999,14.369311
14146.577274999998,14.369311
14146.704303999999,14.109233
14146.831332999998,14.109233
14146.958361999998,13.849155
14147.085390999999,13.849155
14147.212419999998,13.849155
14147.339449,13.849155
14147.466477999998,13.979194
14147.593506999998,13.979194
14147.720535999999,13.979194
14147.847564999998,13.979194
14147.974594,13.979194
14148.101622999999,13.979194
14148.228651999998,13.979194
14148.355679999999,13.979194
14148.482708999998,13.979194
14148.609738,13.979194
14148.736766999999,13.19896
14148.863795999998,13.19896
14148.990824999999,13.19896
14149.117853999998,13.19896
14149.244882999998,13.19896
14149.371911999999,13.19896
14149.498940999998,13.068921
14149.62597,13.068921
14149.752998999998,12.808843
14149.880027999998,12.808843
14150.007056999999,12.808843
14150.134085999998,12.808843
14150.261113999999,12.808843
14150.388142999998,12.808843
14150.515171999998,12.808843
14150.642200999999,12.808843
14150.769229999998,12.808843
14150.896259,12.808843
14151.023287999999,12.548765
14151.150316999998,12.548765
14151.277345999999,11.638492
14151.404374999998,11.638492
14151.531403999998,11.638492
14151.658432999999,11.638492
14151.785461999998,11.638492
14151.912491,11.638492
14152.039519999998,11.638492
14152.166548,11.638492
14152.293576999999,11.638492
14152.420605999998,11.638492
14152.547634999999,11.638492
14152.674663999998,11.638492
14152.801692999998,11.638492
14152.928721999999,11.638492
14153.055750999998,11.638492
14153.18278,11.638492
14153.309808999998,11.638492
14153.436837999998,11.638492
14153.563866999999,11.638492
14153.690895999998,11.638492
14153.817924999998,11.638492
14153.944953999999,11.638492
14154.071982999998,11.638492
14154.199010999999,11.638492
14154.326039999998,11.638492
14154.453069,11.638492
14154.580097999999,11.638492
14154.707126999998,11.638492
14154.834155999999,11.638492
14154.961184999998,11.638492
14155.088213999998,11.638492
14155.215242999999,11.638492
14155.342271999998,11.638492
14155.469301,11.638492
14155.596329999998,11.638492
14155.723358999998,11.638492
14155.850387999999,11.638492
14155.977416999998,11.638492
14156.104444999999,11.638492
14156.231473999998,11.638492
14156.358502999998,11.638492
14156.485531999999,11.638492
14156.612560999998,11.638492
14156.73959,11.638492
14156.866618999999,11.638492
14156.993647999998,11.638492
14157.120676999999,11.638492
14157.247705999998,11.638492
14157.374734999998,11.638492
14157.501763999999,11.638492
14157.628792999998,11.638492
14157.755822,11.638492
14157.882850999998,11.638492
14158.009879,11.638492
14158.136907999999,11.638492
14158.263936999998,11.638492
14158.390965999999,11.638492
14158.517994999998,11.638492
14158.645023999998,11.638492
14158.772052999999,11.638492
14158.899081999998,11.638492
14159.026111,11.638492
14159.153139999999,11.638492
14159.280168999998,11.638492
14159.407197999999,11.768531
14159.534226999998,11.768531
14159.661255999998,11.768531
14159.788284999999,11.768531
14159.915312999998,11.768531
14160.042341999999,11.768531
14160.169370999998,11.768531
14160.2964,11.768531
14160.423428999999,11.768531
14160.550457999998,11.768531
14160.677486999999,11.768531
14160.804515999998,11.768531
14160.931544999998,11.768531
14161.058573999999,11.768531
14161.185602999998,11.638492
14161.312632,11.638492
14161.439660999999,11.378414
14161.566689999998,11.378414
14161.693718999999,10.988296
14161.820746999998,10.988296
14162.455891999998,10.858257
14162.582921,10.858257
14162.709949999999,10.858257
14162.836978999998,10.858257
14162.964007999999,10.858257
14163.091036999998,10.858257
14163.218065999998,10.858257
14163.345094999999,10.858257
14163.472123999998,10.858257
14163.599153,10.858257
14163.726181999999,10.858257
14163.85321,10.858257
14163.980238999999,10.858257
14164.107267999998,10.858257
14164.234296999999,10.858257
14164.361325999998,10.858257
14164.488354999998,10.858257
14164.615383999999,10.858257
14164.742412999998,10.858257
14164.869442,10.858257
14164.996470999999,10.858257
14165.123499999998,10.858257
14165.250528999999,10.858257
14165.377557999998,10.858257
14165.504586999998,10.858257
14165.631615999999,10.858257
14165.758643999998,10.858257
14165.885672999999,10.858257
14166.012701999998,10.858257
14166.139731,10.858257
14166.266759999999,10.858257
14166.393788999998,10.858257
14166.520817999999,10.858257
14166.647846999998,10.858257
14166.774875999998,10.858257
14166.901904999999,10.858257
14167.028933999998,10.858257
14167.155963,10.858257
14167.282991999999,10.858257
14167.410020999998,10.858257
14167.537049999999,10.858257
14167.664077999998,10.858257
14167.791107,10.858257
14167.918135999998,10.858257
14168.045164999998,10.858257
14168.172193999999,10.858257
14168.299222999998,10.858257
14168.426252,10.858257
14168.553280999999,10.858257
14168.680309999998,10.858257
14168.807338999999,10.988296
14168.934367999998,10.988296
14169.061396999998,10.988296
14169.188425999999,10.988296
14169.315454999998,10.988296
14169.442484,10.988296
14169.569511999998,10.988296
14169.696540999998,10.988296
14169.823569999999,10.988296
14169.950598999998,10.988296
14170.077628,10.988296
14170.204656999998,10.988296
14170.331685999998,10.858257
14170.458714999999,10.858257
14170.585743999998,10.988296
14170.712773,10.988296
14170.839801999999,10.988296
14170.966830999998,10.988296
14171.093859999999,10.988296
14171.220888999998,10.988296
14171.347917999998,10.988296
14171.474946999999,10.988296
14171.601974999998,10.598179
14171.729003999999,10.598179
14197.769935999999,47.139142
14197.896964999998,64.044213
14198.023994,64.044213
14198.151022999999,64.044213
14198.278051999998,64.044213
14198.405080999999,64.044213
14198.532109999998,64.044213
14198.659137999999,64.044213
14198.786166999998,64.044213
14212.251233999998,10.53316
14212.378262999999,10.53316
14212.505291999998,10.53316
14212.632321,10.53316
14212.759349999998,10.53316
14212.886378999998,10.53316
14213.013407999999,10.53316
14213.140436999998,10.53316
14213.267466,10.53316
14213.394494999999,10.53316
14213.521523999998,10.53316
14213.648552999999,10.53316
14213.775581999998,10.53316
14213.902610999998,10.53316
14214.029639999999,10.598179
14214.156667999998,10.598179
14214.283696999999,10.858257
14214.410725999998,10.858257
14214.537754999998,10.988296
14214.664783999999,11.053316
14214.791812999998,11.378414
14214.918842,11.443433
14215.045870999998,11.573472
14215.172899999998,11.573472
14215.299928999999,11.573472
14215.426957999998,11.573472
14215.553987,11.573472
14215.681015999999,11.573472
14215.808044999998,11.573472
14215.935073999999,11.443433
14216.062101999998,11.443433
14216.189131,11.053316
14216.316159999998,11.053316
14216.443188999998,10.923277
14216.570217999999,10.923277
14216.697246999998,10.923277
14216.824275999998,10.923277
14216.951304999999,10.923277
14217.078333999998,10.923277
14217.205363,10.923277
14217.332391999998,10.923277
14217.459420999998,10.923277
14217.586449999999,10.923277
14217.713478999998,10.923277
14217.840508,10.923277
14217.967535999998,10.923277
14218.094564999998,10.923277
14218.221593999999,10.923277
14218.348622999998,10.923277
14218.475652,10.923277
14218.602680999998,10.923277
14218.729709999998,10.923277
14218.856738999999,10.923277
14218.983767999998,10.793238
14219.110796999998,10.793238
14219.237825999999,10.793238
14219.364854999998,10.793238
14219.491884,10.793238
14219.618912999998,10.793238
14219.745941999998,10.923277
14219.872970999999,10.923277
14219.999998999998,10.923277
14220.127027999999,10.923277
14220.254056999998,10.923277
14220.381085999998,10.923277
14220.508114999999,10.923277
14220.635143999998,10.923277
14220.762173,10.923277
14220.889201999998,10.923277
14221.016230999998,10.923277
14221.143259999999,10.923277
14221.270288999998,10.923277
14221.397318,10.923277
14221.524346999999,10.923277
14221.651375999998,10.923277
14221.778405,10.923277
14221.905432999998,10.923277
14227.875793,8.062419
14228.002821999999,8.062419
14228.129850999998,8.062419
14228.256879999999,8.062419
14228.383908999998,8.062419
14228.510937999998,8.062419
14228.637966999999,8.062419
14228.764995999998,8.062419
14228.892025,8.062419
14229.019053999999,8.062419
14229.146082999998,7.93238
14229.273111999999,7.93238
14229.654197999998,5.721717
14229.781226999998,5.721717
14229.908255999999,5.721717
14230.035284999998,5.721717
14230.162314,5.721717
14230.289342999999,5.721717
14230.416371999998,5.721717
14230.543400999999,5.721717
14230.670429999998,5.591678
14230.797458999998,5.591678
14230.924487999999,5.331599
14231.051516999998,5.331599
14231.178546,5.20156
14231.305574999998,5.20156
14231.432603999998,4.681404
14231.559631999999,4.681404
14231.686660999998,4.681404
14231.813689999999,4.681404
14231.940718999998,4.681404
14232.067747999998,4.681404
14232.194776999999,4.681404
14232.321805999998,4.681404
14232.448835,4.681404
14232.575863999999,4.681404
14233.338037999998,5.526658
14233.465065999999,5.591678
14233.592094999998,5.591678
14233.719124,5.591678
14233.846152999999,5.591678
14233.973181999998,5.591678
14234.100210999999,5.591678
14234.227239999998,5.591678
14234.354268999998,5.591678
14234.481297999999,5.591678
14234.608326999998,5.591678
14234.735356,5.591678
14234.862384999999,5.591678
14234.989413999998,5.591678
14235.116442999999,5.591678
14235.243471999998,5.591678
14235.370499999999,5.591678
14240.959773999999,7.477243
14241.086802999998,7.542263
14241.213831,7.542263
14241.340859999998,7.542263
14241.467888999998,7.542263
14241.594917999999,7.542263
14241.721946999998,7.542263
14241.848976,7.542263
14241.976004999999,7.542263
14242.103033999998,7.542263
14242.230062999999,7.542263
14242.357091999998,7.542263
14242.484120999998,7.542263
14242.611149999999,7.542263
14242.738178999998,7.542263
14242.865208,7.542263
14242.992236999999,7.542263
14243.119264999998,7.542263
14243.246293999999,7.542263
14243.373322999998,7.542263
14243.500352,7.542263
14243.627380999998,7.542263
14243.754409999998,7.542263
14243.881438999999,7.542263
14244.008467999998,7.542263
14244.135497,7.542263
14244.262525999999,7.542263
14244.389554999998,7.542263
14244.516583999999,7.542263
14244.643612999998,7.412224
14244.770641999998,7.412224
14244.897670999999,7.412224
14245.024699999998,7.412224
14245.151727999999,7.412224
14245.278756999998,7.412224
14245.405786,7.412224
14245.532814999999,7.412224
14245.659843999998,7.412224
14245.786873,7.412224
14256.330274999998,34.850455
14256.457303999998,87.191157
14256.584332999999,87.191157
14256.711360999998,87.191157
14256.838389999999,87.191157
14256.965418999998,87.191157
14257.092447999998,87.191157
14257.219476999999,87.191157
14257.346505999998,87.191157
14257.473535,7.997399
14257.600563999998,7.997399
14257.727592999998,7.997399
14257.854621999999,7.997399
14257.981650999998,7.997399
14258.108679999998,7.997399
14258.235708999999,7.997399
14258.362737999998,7.997399
14258.489767,7.997399
14258.616794999998,7.997399
14258.743824,7.997399
14258.870852999999,7.997399
14258.997881999998,7.997399
14259.124910999999,7.86736
14259.251939999998,7.86736
14259.378968999998,7.86736
14259.505997999999,7.86736
14259.633026999998,7.86736
14259.760056,7.86736
14259.887084999998,7.86736
14260.014113999998,7.86736
14260.141142999999,7.86736
14260.268171999998,7.86736
14260.395201,7.86736
14260.522229999999,7.86736
14260.649257999998,7.86736
14260.776286999999,7.86736
14262.427663999999,7.86736
14262.554691999998,7.86736
14262.681720999999,7.86736
14262.808749999998,7.86736
14262.935778999998,7.997399
14263.062807999999,7.997399
14263.189836999998,7.997399
14263.316866,7.997399
14263.443894999999,7.997399
14263.570923999998,7.997399
14263.697952999999,7.997399
14263.824981999998,7.997399
14263.952010999998,7.86736
14264.079039999999,7.86736
14264.206068999998,7.86736
14264.333098,7.86736
14264.460125999998,7.86736
14264.587155,7.86736
14264.714183999999,7.86736
14264.841212999998,7.86736
14264.968241999999,7.86736
14265.095270999998,7.86736
14265.222299999998,7.86736
14265.349328999999,7.86736
14265.476357999998,7.86736
14265.603387,7.86736
14265.730415999999,7.86736
14265.857444999998,7.86736
14265.984473999999,7.86736
14266.111502999998,7.86736
14266.238531999998,7.86736
14266.365559999998,7.86736
14266.492588999998,7.86736
14266.619617999999,7.86736
14266.746646999998,7.86736
14266.873676,7.86736
14267.000704999999,7.86736
14267.127733999998,7.86736
14267.254762999999,7.86736
14267.381791999998,7.86736
14267.508820999998,7.86736
14267.635849999999,7.86736
14267.762878999998,7.86736
14267.889908,7.86736
14268.016936999999,7.86736
14268.143965999998,7.86736
14268.270994999999,7.86736
14268.398022999998,7.86736
14268.525051999999,7.86736
14268.652080999998,7.86736
14314.128439999999,48.63459
14314.255468999998,64.174252
14314.382497999999,98.049415
14314.509526999998,98.049415
14314.636555999998,98.049415
14314.763583999998,98.049415
14314.890612999998,98.049415
14315.017641999999,98.049415
14315.144670999998,98.049415
14315.271699999998,98.049415
14318.066336999998,10.598179
14318.193365999998,10.598179
14318.320394999999,10.598179
14318.447423999998,10.598179
14318.574453,10.598179
14318.701480999998,10.598179
14318.82851,10.598179
14318.955538999999,10.598179
14319.082567999998,10.598179
14319.209597,10.598179
14319.336625999998,10.598179
14319.463654999998,10.598179
14319.590683999999,10.598179
14319.717712999998,10.598179
14319.844742,10.53316
14320.860972999999,11.638492
14320.988001999998,11.638492
14321.115030999998,11.768531
14321.242059999999,11.768531
14321.369088999998,11.768531
14321.496118,11.768531
14321.623146999998,11.768531
14321.750175999998,11.768531
14321.877204999999,11.768531
14322.004233999998,11.768531
14322.131263,11.703511
14322.258291999999,11.638492
14322.385320999998,11.638492
14322.512348999999,11.638492
14322.639377999998,11.638492
14322.766407,11.638492
14322.893435999998,11.638492
14323.020464999998,11.638492
14324.671840999998,12.418726
14324.798869999999,12.418726
14324.925898999998,12.418726
14325.052928,12.418726
14325.179956999998,12.418726
14325.306985999998,12.418726
14325.434014999999,12.418726
14325.561043999998,12.418726
14325.688072999998,12.418726
14325.815101999999,12.418726
14325.942130999998,12.418726
14326.06916,12.418726
14326.196188999998,12.548765
14326.323217999998,12.548765
14326.450245999999,12.548765
14326.577274999998,12.548765
14326.704303999999,12.548765
14326.831332999998,12.548765
14326.958361999998,12.548765
14327.085390999999,12.548765
14327.212419999998,12.548765
14327.339449,12.418726
14327.466477999998,12.548765
14327.593506999998,12.548765
14327.720535999999,12.548765
14327.847564999998,12.548765
14327.974594,12.548765
14328.101622999999,12.548765
14328.228651999998,12.548765
14328.355679999999,12.548765
14328.482708999998,12.548765
14328.609738,12.418726
14328.736766999999,12.418726
14328.863795999998,12.418726
14328.990824999999,12.548765
14329.117853999998,12.548765
14329.244882999998,12.548765
14329.371911999999,12.548765
14329.498940999998,12.548765
14329.62597,12.548765
14329.752998999998,12.548765
14329.880027999998,12.418726
14330.007056999999,12.548765
14330.134085999998,12.548765
14330.261113999999,12.548765
14330.388142999998,12.548765
14330.515171999998,12.548765
14330.642200999999,12.548765
14330.769229999998,12.548765
14330.896259,12.548765
14331.023287999999,12.548765
14331.150316999998,12.548765
14331.277345999999,12.548765
14331.404374999998,12.548765
14331.531403999998,12.548765
14331.658432999999,12.418726
14331.785461999998,12.548765
