time_sec,value
0.0,135.5019759579872
0.12707825902785133,135.02664581019545
0.25415651805570266,135.4747955709457
0.381234777083554,135.93618754938973
0.5083130361114053,135.85220504344852
0.6353912951392566,135.53647220213404
0.762469554167108,136.70987778621043
0.8895478131949593,136.60086936073057
1.0166260722228107,134.95052403344357
1.143704331250662,136.26228340103103
1.2707825902785133,135.75732070704996
1.3978608493063647,136.66542486752556
1.524939108334216,136.63254223453615
1.6520173673620673,136.13034470816407
1.7790956263899187,137.06520062320666
1.9061738854177699,136.83730481145017
2.0332521444456213,136.34430166779518
2.1603304034734725,134.97848175729348
2.287408662501324,136.14440966154
2.4144869215291753,137.16295865069432
2.5415651805570265,137.38962982743976
2.668643439584878,135.12972722247608
2.7957216986127293,139.2065143789472
2.9227999576405805,135.96648004551537
3.049878216668432,137.6044928714664
3.1769564756962834,137.51086610375546
3.3040347347241346,138.20085589953985
3.4311129937519858,137.2244304866102
3.5581912527798374,136.27410778050702
3.6852695118076886,136.1996006885736
3.8123477708355398,135.07041218461228
3.9394260298633914,135.87311862531064
4.066504288891243,135.43004085100273
4.193582547919094,135.13618243939663
4.320660806946945,133.95948468063355
4.447739065974797,135.2587994939065
4.574817325002648,134.16422491776186
4.701895584030499,136.08257098275234
4.828973843058351,135.20530430601065
4.956052102086202,135.156526035842
5.083130361114053,133.25223877349103
5.210208620141905,135.21126385944805
5.337286879169756,135.86935626068427
5.464365138197607,134.73920941892928
5.591443397225459,134.42708272251028
5.71852165625331,132.6297782030766
5.845599915281161,135.62926810649654
5.972678174309013,134.9417254535279
6.099756433336864,132.47792294623127
6.226834692364715,132.85412722534153
6.353912951392567,133.2785595858348
6.4809912104204175,133.17118845149227
6.608069469448269,132.95904459878773
6.735147728476121,133.49168546691146
6.8622259875039715,133.4904975306209
6.989304246531823,131.13521852220154
7.116382505559675,131.35142729542707
7.2434607645875255,133.48596054844379
7.370539023615377,134.70433829052402
7.497617282643229,130.5924472660825
7.6246955416710795,133.40295241748677
7.751773800698931,133.02686721183798
7.878852059726783,130.4520077123099
8.005930318754634,133.4897020628432
8.133008577782485,134.2350486394795
8.260086836810336,131.652472963687
8.387165095838188,132.03857920887376
8.51424335486604,134.34551357081838
8.64132161389389,133.9265624699081
8.768399872921742,133.80852967328124
8.895478131949593,131.94073766556565
9.022556390977444,135.28620010018022
9.149634650005297,134.00854890617046
9.276712909033147,132.11611863562027
9.403791168060998,133.65442548598847
9.53086942708885,134.8906382004121
9.657947686116701,134.85229008634835
9.785025945144552,134.23803579324476
9.912104204172405,133.9624977050824
10.039182463200255,135.42022840370265
10.166260722228106,135.59815746209196
10.293338981255959,136.07158918385673
10.42041724028381,137.97754302081583
10.54749549931166,136.19891153237526
10.674573758339513,135.41159595158754
10.801652017367363,136.88881462668036
10.928730276395214,136.386930617627
11.055808535423067,134.36655318539462
11.182886794450917,136.49820732712945
11.309965053478768,134.10675218961345
11.43704331250662,137.43419610346575
11.564121571534471,135.88369339689146
11.691199830562322,135.64542010245097
11.818278089590175,135.99441312181924
11.945356348618025,135.63580224886846
12.072434607645876,136.18602904682012
12.199512866673729,137.33880757995905
12.32659112570158,136.46883210962454
12.45366938472943,137.78834943522676
12.580747643757281,136.63434572429472
12.707825902785133,135.89179307674792
12.834904161812984,137.21143169927734
12.961982420840835,135.8168970591919
13.089060679868687,136.46145084326164
13.216138938896538,136.65547150722205
13.343217197924389,138.26622913006784
13.470295456952242,136.40167738017823
13.597373715980092,136.59582655717546
13.724451975007943,135.59420339403775
13.851530234035796,136.14433522796784
13.978608493063646,136.18409834180144
14.105686752091497,135.17856602062994
14.23276501111935,137.49904807014474
14.3598432701472,135.4866772595263
14.486921529175051,135.53961767324415
14.613999788202904,134.84131007171456
14.741078047230754,134.38026173014325
14.868156306258605,133.9399666164277
14.995234565286458,135.5557779519956
15.122312824314308,137.235969400969
15.249391083342159,134.06180057441057
15.376469342370012,134.2125925563631
15.503547601397862,134.16624942202117
15.630625860425713,134.27619811452993
15.757704119453566,135.1155720370891
15.884782378481416,132.8718609347338
16.01186063750927,134.13337668020185
16.13893889653712,133.62214234007766
16.26601715556497,133.07037841917239
16.39309541459282,134.02019952521294
16.520173673620672,133.04813618179097
16.647251932648523,132.9452560997781
16.774330191676377,133.66041777668107
16.901408450704228,133.39133727532248
17.02848670973208,131.04725652779226
17.15556496875993,131.8261899690393
17.28264322778778,132.04214698644236
17.40972148681563,131.62072661178982
17.536799745843485,132.3150105698584
17.663878004871336,131.88508023915466
17.790956263899186,133.27953090939758
17.918034522927037,131.46855917553944
18.045112781954888,133.02621814862155
18.17219104098274,133.43702060020271
18.299269300010593,133.18776988351846
18.426347559038444,131.78166233180698
18.553425818066295,131.69808601536323
18.680504077094145,133.45216226510018
18.807582336121996,131.3455288680416
18.934660595149847,133.69559686345173
19.0617388541777,134.5797066059155
19.188817113205552,134.01541816289077
19.315895372233403,136.07952102678334
19.442973631261253,132.34063681994525
19.570051890289104,134.27164162698875
19.697130149316955,135.53131140882266
19.82420840834481,134.08376344776352
19.95128666737266,134.29541558859864
20.07836492640051,133.008188265047
20.20544318542836,137.2052530567301
20.332521444456212,134.9102950118819
20.459599703484063,136.17395184265274
20.586677962511917,133.71158549412812
20.713756221539768,134.22511006179047
20.84083448056762,135.68007736810458
20.96791273959547,136.72807350917407
21.09499099862332,136.8776628055458
21.22206925765117,135.3676925844203
21.349147516679025,136.2672081365998
21.476225775706876,136.57802712466548
21.603304034734727,137.1317638779454
21.730382293762577,138.7166531525675
21.857460552790428,137.2879114805698
21.98453881181828,137.39246048365226
22.111617070846133,136.52524961109089
22.238695329873984,137.10251638825812
22.365773588901835,137.92438615775194
22.492851847929686,138.21376822186346
22.619930106957536,137.1939601762014
22.747008365985387,135.87119153283356
22.87408662501324,136.79606222104937
23.001164884041092,136.7233559710104
23.128243143068943,136.30418701637774
23.255321402096794,137.6023670436118
23.382399661124644,136.52080492326058
23.509477920152495,135.37921252905193
23.63655617918035,136.92572373738426
23.7636344382082,136.10455120689136
23.89071269723605,137.06246363624967
24.0177909562639,135.69526832043653
24.144869215291752,135.69679361128115
24.271947474319603,135.25154736062152
24.399025733347457,134.72835140601015
24.526103992375308,135.05291597039337
24.65318225140316,134.58018151203456
24.78026051043101,133.4073212057885
24.90733876945886,135.44680818293085
25.03441702848671,133.51165213169955
25.161495287514562,134.63399512269632
25.288573546542416,134.13344677809002
25.415651805570267,133.53715054197858
25.542730064598118,133.73516355887952
25.66980832362597,133.000881040434
25.79688658265382,133.8453327962922
25.92396484168167,133.86207003987985
26.051043100709524,135.2877242917144
26.178121359737375,131.99846851547485
26.305199618765226,132.82709904044205
26.432277877793076,130.83609174510616
26.559356136820927,130.63315968648598
26.686434395848778,132.7097686947981
26.813512654876632,132.58712717707553
26.940590913904483,132.69813787027795
27.067669172932334,129.56297760872175
27.194747431960185,130.90627782511032
27.321825690988035,133.261615750453
27.448903950015886,132.4039373260292
27.57598220904374,133.6877802109144
27.70306046807159,130.36477162776004
27.830138727099442,131.42782043985554
27.957216986127293,133.07916790701987
28.084295245155143,133.7262067447234
28.211373504182994,133.29543740670402
28.33845176321085,133.8318490456237
28.4655300222387,132.1989655439028
28.59260828126655,133.86620864259913
28.7196865402944,134.41495915692278
28.84676479932225,134.72849635978608
28.973843058350102,133.1029976764081
29.100921317377956,132.47340187141745
29.227999576405807,132.6456418002022
29.355077835433658,133.3497806707936
29.48215609446151,133.16656935019367
29.60923435348936,133.67670739428226
29.73631261251721,133.99799703127837
29.863390871545064,134.28324991019412
29.990469130572915,135.82928691256024
30.117547389600766,134.0474260377371
30.244625648628617,135.99413106945516
30.371703907656467,135.06531349621005
30.498782166684318,135.0965023874046
30.625860425712172,134.69442186356858
30.752938684740023,136.54676236276345
30.880016943767874,133.55230704345
31.007095202795725,136.79813886943657
31.134173461823575,137.0309650806458
31.261251720851426,136.96398473545756
31.38832997987928,136.10733021339996
31.51540823890713,136.45011893914634
31.642486497934982,137.41624354122266
31.769564756962833,136.88379416309317
31.896643015990684,136.95927944902357
32.02372127501854,137.0991700434773
32.150799534046385,136.42499398608666
32.27787779307424,135.98290835047715
32.40495605210209,136.4802486511173
32.53203431112994,135.86246106829577
32.659112570157795,136.21747924336802
32.78619082918564,135.01955625900143
32.9132690882135,137.50020094031407
33.040347347241344,137.07417723195672
33.1674256062692,136.09429998788872
33.294503865297045,135.5722814965111
33.4215821243249,135.91113000604201
33.548660383352754,135.31795142415532
33.6757386423806,136.09180051592563
33.802816901408455,136.24448294032447
33.9298951604363,134.47103208347528
34.05697341946416,137.02308482404877
34.18405167849201,134.6739089096319
34.31112993751986,135.5097694929008
34.43820819654771,136.82272765773143
34.56528645557556,136.29027802045064
34.692364714603414,134.6644787170651
34.81944297363126,134.0273036168921
34.946521232659116,133.26312545734345
35.07359949168697,134.7463720028903
35.20067775071482,134.83018746996473
35.32775600974267,133.90141132877096
35.45483426877052,133.0934463527278
35.58191252779837,133.08211465097196
35.70899078682623,133.82703410884352
35.836069045854074,132.9037783044773
35.96314730488193,132.43046605091246
36.090225563909776,132.68025308892737
36.21730382293763,132.29416903415225
36.34438208196548,133.22929325182238
36.47146034099333,133.8692493952737
36.598538600021186,132.19337900946687
36.72561685904903,132.52816310598507
36.85269511807689,132.11931495141633
36.979773377104735,132.46519903149647
37.10685163613259,132.64562197771858
37.23392989516044,130.66798130225814
37.36100815418829,130.4588529936423
37.488086413216145,130.45812945259271
37.61516467224399,132.93153711307662
37.742242931271846,131.43473277270343
37.869321190299694,132.19415735199084
37.99639944932755,132.2879398379785
38.1234777083554,133.50675560448954
38.25055596738325,132.4296117925178
38.377634226411104,132.86828238468794
38.50471248543895,132.17964071065663
38.631790744466805,132.26162565114345
38.75886900349466,133.2427663408151
38.88594726252251,132.15320897796832
39.01302552155036,132.31582235293604
39.14010378057821,131.97457134552855
39.26718203960606,134.52709527947408
39.39426029863391,134.27331468318076
39.521338557661764,132.08883329193478
39.64841681668962,136.24172559608976
39.775495075717465,134.03095121901555
39.90257333474532,132.39023818621348
40.02965159377317,132.83086558083733
40.15672985280102,132.61514608758023
40.283808111828876,135.206437817116
40.41088637085672,135.3183631905141
40.53796462988458,134.64570605252135
40.665042888912424,133.67347752829542
40.79212114794028,134.22487265711106
40.919199406968126,137.24265945631038
41.04627766599598,135.55018633340694
41.173355925023834,136.41394860995652
41.30043418405168,135.29817359143132
41.427512443079536,137.39118264217475
41.55459070210738,135.16337774188824
41.68166896113524,137.22756565993828
41.808747220163085,136.23694312831086
41.93582547919094,137.00843878203457
42.06290373821879,135.16658023785143
42.18998199724664,134.89772995097826
42.317060256274495,136.4882361712796
42.44413851530234,135.98575478791417
42.571216774330196,136.627547185578
42.69829503335805,134.51685245618816
42.8253732923859,135.46495701927188
42.95245155141375,135.67891368014352
43.0795298104416,137.52621423899453
43.20660806946945,136.99767488306958
43.3336863284973,136.1377637238952
43.460764587525155,135.87166573305842
43.58784284655301,135.26101603662894
43.714921105580856,136.03907670049458
43.84199936460871,135.58170122381952
43.96907762363656,133.37029283417897
44.09615588266441,135.03046621629494
44.22323414169227,134.16585924194044
44.350312400720114,135.99904426427761
44.47739065974797,134.64423564744564
44.604468918775815,135.61347928354144
44.73154717780367,136.5785284085679
44.85862543683152,132.34022614082699
44.98570369585937,133.25727586585077
45.112781954887225,134.10114209079768
45.23986021391507,134.2536582676417
45.36693847294293,135.0798059256273
45.494016731970774,134.30557398285202
45.62109499099863,133.86232340228534
45.74817325002648,131.4947937377348
45.87525150905433,133.9008970936124
46.002329768082184,133.67558434828476
46.12940802711003,134.29699620427044
46.256486286137886,134.07866449215445
46.38356454516573,131.34576814538377
46.51064280419359,133.26711019185086
46.63772106322144,132.9510300419095
46.76479932224929,132.43460657649973
46.89187758127714,134.0856984908575
47.01895584030499,130.59166980710722
47.146034099332844,132.50999100301516
47.2731123583607,131.4522213032148
47.400190617388546,132.23050907766356
47.5272688764164,132.0642159643493
47.65434713544425,131.91963692607666
47.7814253944721,132.86641054499472
47.90850365349995,133.31798726851238
48.0355819125278,132.7605514185679
48.16266017155566,132.60362423687158
48.289738430583505,132.19736524633683
48.41681668961136,132.99920662204627
48.543894948639206,132.79725355895198
48.67097320766706,131.35795859158821
48.798051466694915,134.76830246664738
48.92512972572276,132.7724639091116
49.052207984750616,133.700147055285
49.17928624377846,133.6239680025874
49.30636450280632,133.4977627907184
49.433442761834165,133.4645483226866
49.56052102086202,134.1109874596662
49.687599279889874,134.67083192568438
49.81467753891772,134.6238610436016
49.941755797945575,133.11029750270365
50.06883405697342,135.92731497431404
50.19591231600128,134.2266890514565
50.322990575029124,134.0633800530237
50.45006883405698,133.8679690527216
50.57714709308483,133.52270906546352
50.70422535211268,134.4955429165717
50.831303611140534,132.6893500975679
50.95838187016838,134.42024009012994
51.085460129196235,137.4308089195418
51.21253838822409,137.83917834961218
51.33961664725194,135.91460795156542
51.46669490627979,134.20931879432493
51.59377316530764,135.51628829926727
51.72085142433549,134.6559948357182
51.84792968336334,135.3119122850294
51.975007942391194,135.55014509007967
52.10208620141905,135.4812015367853
52.229164460446896,135.50748783986435
52.35624271947475,136.9286561893174
52.4833209785026,136.59062520202082
52.61039923753045,135.58664858019594
52.737477496558306,135.98360669375796
52.86455575558615,136.81534448684334
52.99163401461401,135.21376827060064
53.118712273641854,135.89578839390694
53.24579053266971,135.68823858310577
53.372868791697556,136.0392111565804
53.49994705072541,135.36907230898402
53.627025309753265,136.5312279862021
53.75410356878111,136.27497499527985
53.881181827808966,136.3161949034507
54.00826008683681,134.61716850811305
54.13533834586467,134.43167497553608
54.26241660489252,134.94774997644356
54.38949486392037,133.00414136073528
54.51657312294822,134.44865399657337
54.64365138197607,133.79517538747376
54.770729641003925,133.19941833245414
54.89780790003177,134.3486494321996
55.024886159059626,133.2588937056185
55.15196441808748,133.26619054700996
55.27904267711533,133.16240680821952
55.40612093614318,136.69351506857905
55.53319919517103,131.64917521202705
55.660277454198884,132.79527321098072
55.78735571322674,134.719055576641
55.914433972254585,132.95189748344563
56.04151223128244,132.61609062708504
56.16859049031029,133.99279806690834
56.29566874933814,132.87147376503538
56.42274700836599,131.98679435214677
56.54982526739384,132.47832886066965
56.6769035264217,133.38028048734992
56.803981785449544,131.95682959982307
56.9310600444774,131.0164703929166
57.058138303505245,132.15417309008734
57.1852165625331,134.03994398379947
57.31229482156095,132.60933040497312
57.4393730805888,132.8440305527173
57.566451339616656,131.83970024216657
57.6935295986445,132.40438063442318
57.82060785767236,132.1687229342758
57.947686116700204,132.72656651178292
58.07476437572806,131.94342711541358
58.20184263475591,133.09796359899158
58.32892089378376,131.633834594613
58.455999152811614,132.83485214441143
58.58307741183946,132.69748955201095
58.710155670867316,132.79204328021345
58.83723392989516,132.0036795476553
58.96431218892302,133.3995327038675
59.09139044795087,133.1955711769601
59.21846870697872,134.0643892257072
59.34554696600657,132.3809911597508
59.47262522503442,134.9974358357972
59.599703484062275,133.61896832125953
59.72678174309013,133.87873030612258
59.853860002117976,133.38806658306797
59.98093826114583,132.90715072949513
60.10801652017368,134.34802408808505
60.23509477920153,132.93515343874114
60.36217303822938,135.34047998871182
60.48925129725723,135.53263119361893
60.61632955628509,134.96068356855528
60.743407815312935,133.21393004526436
60.87048607434079,135.38945690545836
60.997564333368636,135.6336031207835
61.12464259239649,135.77825697529863
61.251720851424345,134.5204523735369
61.37879911045219,134.53687335366772
61.50587736948005,134.252642600166
61.632955628507894,136.0583224114738
61.76003388753575,135.95988873597116
61.887112146563595,135.37780648100698
62.01419040559145,135.7656258419675
62.141268664619304,134.75459907032894
62.26834692364715,137.07824050251799
62.395425182675005,135.63220254917698
62.52250344170285,135.8937471788028
62.64958170073071,135.38033085653254
62.77665995975856,136.22031534574998
62.90373821878641,135.12518790845746
63.03081647781426,136.9193823887642
63.15789473684211,135.1000345200231
63.284972995869964,135.6869803984786
63.41205125489781,136.05439761317413
63.539129513925666,134.28507899673147
63.66620777295352,135.04270332170498
63.79328603198137,135.22494649723794
63.92036429100922,134.55640347508307
64.04744255003708,134.74928146567322
64.17452080906492,134.98763092174693
64.30159906809277,134.17281257541177
64.42867732712062,134.28575991746936
64.55575558614848,133.7485301140346
64.68283384517633,134.95236411773723
64.80991210420417,132.83688753374128
64.93699036323203,132.80450947544023
65.06406862225988,133.69385394320432
65.19114688128774,133.93907665479495
65.31822514031559,133.95621803953165
65.44530339934343,132.90075004783142
65.57238165837128,134.78229835288485
65.69945991739914,133.155907250934
65.826538176427,134.39724064575282
65.95361643545485,132.39604321285927
66.08069469448269,133.64669319676656
66.20777295351054,132.8985849233325
66.3348512125384,132.6345876670255
66.46192947156625,132.74353816636315
66.58900773059409,133.67083066715222
66.71608598962194,131.37585535160525
66.8431642486498,134.06280081860984
66.97024250767765,134.6191893976402
67.09732076670551,131.91107724869929
67.22439902573335,131.07745037891783
67.3514772847612,129.95087208184617
67.47855554378906,130.64502954700754
67.60563380281691,133.02084815819637
67.73271206184477,131.2026613666994
67.8597903208726,130.22977840924037
67.98686857990046,133.41553371461396
68.11394683892831,129.31320265346955
68.24102509795617,134.07095031088838
68.36810335698402,131.19872778010927
68.49518161601186,131.46537857950779
68.62225987503972,132.69888560114293
68.74933813406757,131.22853205926933
68.87641639309543,133.74644117331698
69.00349465212328,132.34653736299168
69.13057291115112,131.66213226036135
69.25765117017897,132.53448225447812
69.38472942920683,133.4013297360987
69.51180768823468,133.68601911974247
69.63888594726252,134.58658926749408
69.76596420629038,134.92306867162688
69.89304246531823,134.07059180213633
70.02012072434609,135.09554837332246
70.14719898337394,133.8337787292829
70.27427724240178,134.47767341379674
70.40135550142963,135.00239993851264
70.52843376045749,133.75299892588558
70.65551201948534,134.90503084102423
70.7825902785132,133.11637713596332
70.90966853754104,136.5317568131802
71.03674679656889,134.17821318099382
71.16382505559675,133.47004137592833
71.2909033146246,135.88289322523698
71.41798157365245,135.60305402280216
71.5450598326803,134.09745609451255
71.67213809170815,134.43499942457757
71.799216350736,135.10332194102685
71.92629460976386,133.76713688600705
72.05337286879171,135.22632370868632
72.18045112781955,136.0516730120894
72.3075293868474,133.8553112601154
72.43460764587526,135.1804237849381
72.56168590490311,135.5412123738368
72.68876416393095,135.4375906235507
72.81584242295881,137.64204838884692
72.94292068198666,136.44781968623388
73.06999894101452,135.97410316135156
73.19707720004237,136.2769207383663
73.32415545907021,136.11914284212705
73.45123371809807,135.1878566251534
73.57831197712592,136.15605916379172
73.70539023615378,135.5317952359718
73.83246849518163,134.6702568670374
73.95954675420947,134.02845014151976
74.08662501323732,133.5868721861313
74.21370327226518,135.38223408162048
74.34078153129303,133.5580474885122
74.46785979032089,135.26224233623634
74.59493804934873,133.97217000865572
74.72201630837658,133.93588217715336
74.84909456740444,134.93344006792205
74.97617282643229,132.84924449297574
75.10325108546013,134.0577473084449
75.23032934448798,134.10755443108874
75.35740760351584,134.11520870970045
75.48448586254369,131.70966127039665
75.61156412157155,132.36690024209005
75.73864238059939,132.03964561047422
75.86572063962724,131.05283143713964
75.9927988986551,133.0535165139858
76.11987715768295,132.87137906328712
76.2469554167108,132.4582681033282
76.37403367573864,131.74749624203037
76.5011119347665,132.8962960785973
76.62819019379435,132.93002297699266
76.75526845282221,131.5057240705093
76.88234671185006,131.47268234464062
77.0094249708779,132.4789864186336
77.13650322990576,133.3069660811482
77.26358148893361,130.45791744564315
77.39065974796146,131.13706527646713
77.51773800698932,132.21935463607207
77.64481626601716,131.56404744920565
77.77189452504501,131.87351600355188
77.89897278407287,131.1802435381761
78.02605104310072,131.14586342542898
78.15312930212856,130.50559753674412
78.28020756115642,132.57401864442417
78.40728582018427,134.79255124265998
78.53436407921212,131.48225099013288
78.66144233823998,134.02336744223604
78.78852059726782,133.28598687706918
78.91559885629567,132.163889455319
79.04267711532353,130.60478378646687
79.16975537435138,132.2818275018892
79.29683363337924,133.69019884404756
79.42391189240708,132.2260169993657
79.55099015143493,135.42783767122117
79.67806841046279,133.23027258692846
79.80514666949064,134.13899655278348
79.9322249285185,134.991936823538
80.05930318754633,133.61642437939517
80.18638144657419,134.40171953081483
80.31345970560204,134.61656233667782
80.4405379646299,135.78375391226518
80.56761622365775,135.20985462394432
80.69469448268559,134.69363542031627
80.82177274171345,133.43516065467955
80.9488510007413,135.6056148450898
81.07592925976915,133.77111822385436
81.203007518797,133.7855195996995
81.33008577782485,135.77650113924815
81.4571640368527,135.421864850544
81.58424229588056,134.5843508582667
81.71132055490841,133.5267367940523
81.83839881393625,135.2759203675631
81.9654770729641,134.95459973657177
82.09255533199196,135.19188634830348
82.21963359101981,133.56077317217017
82.34671185004767,136.3018509811056
82.47379010907551,135.04855245183353
82.60086836810336,136.86023418285842
82.72794662713122,134.04579525221627
82.85502488615907,134.71450460412763
82.98210314518693,135.04727037345805
83.10918140421477,135.35856045359844
83.23625966324262,134.83716267998406
83.36333792227047,135.2301307526731
83.49041618129833,136.22859375810046
83.61749444032617,134.8669806568698
83.74457269935402,135.1878041991213
83.87165095838188,134.18859766480549
83.99872921740973,134.46908670804353
84.12580747643759,135.74454719187406
84.25288573546543,134.31125005666195
84.37996399449328,133.09930802024357
84.50704225352113,134.47263842332953
84.63412051254899,132.8256290588833
84.76119877157684,133.79032460460874
84.88827703060468,131.98717133990968
85.01535528963254,133.59268091996657
85.14243354866039,132.55589518071554
85.26951180768825,134.56730892819843
85.3965900667161,135.22335417575704
85.52366832574394,131.6174266661132
85.6507465847718,131.55687064948384
85.77782484379965,132.80225835575374
85.9049031028275,132.58655216830084
86.03198136185536,133.59178212747898
86.1590596208832,133.16169773670043
86.28613787991105,133.31193613210695
86.4132161389389,132.13644381734767
86.54029439796676,133.7710350014804
86.6673726569946,132.13766247325384
86.79445091602246,130.92030293735488
86.92152917505031,131.46458434920532
87.04860743407816,131.66478507987793
87.17568569310602,130.69792797798553
87.30276395213386,132.3794206191954
87.42984221116171,130.51663948443039
87.55692047018957,132.2375317636678
87.68399872921742,131.68994235443074
87.81107698824528,128.8797648626112
87.93815524727312,131.27205755843377
88.06523350630097,131.62716152264815
88.19231176532882,130.43873915520533
88.31939002435668,133.93834350000867
88.44646828338453,130.5016514313139
88.57354654241237,132.71145405476022
88.70062480144023,130.59455259609143
88.82770306046808,132.14985175816201
88.95478131949594,132.5403734968089
89.08185957852379,133.03144537969143
89.20893783755163,133.68872771680842
89.33601609657948,132.865795074596
89.46309435560734,131.73902964163858
89.5901726146352,132.4654494390295
89.71725087366303,132.89408282109184
89.84432913269089,132.89053645063453
89.97140739171874,134.71930877745157
90.0984856507466,133.4751667622552
90.22556390977445,133.67894654042448
90.35264216880229,132.34161350547618
90.47972042783015,133.3342134325467
90.606798686858,134.5224055961215
90.73387694588585,134.6251457992562
90.86095520491371,133.80740834249588
90.98803346394155,132.65729706483273
91.1151117229694,133.81397033673167
91.24218998199726,134.15280856026277
91.36926824102511,135.1305044385637
91.49634650005297,134.65757702551463
91.6234247590808,136.44047142131078
91.75050301810866,135.63095194053443
91.87758127713651,134.3120794019955
92.00465953616437,135.12630622252962
92.13173779519221,135.02697833056536
92.25881605422006,134.64102747649224
92.38589431324792,134.7082401728339
92.51297257227577,135.46319493470716
92.64005083130363,134.2691457123081
92.76712909033147,136.34934665581198
92.89420734935932,134.4837942866499
93.02128560838717,134.51642193231422
93.14836386741503,134.49428912681543
93.27544212644288,135.49903640411
93.40252038547072,134.96469928836333
93.52959864449858,134.9586787129436
93.65667690352643,134.58477126308014
93.78375516255429,135.43166683212584
93.91083342158214,134.12048086065906
94.03791168060998,132.54417371647557
94.16498993963783,134.8292788448766
94.29206819866569,132.92919509125142
94.41914645769354,134.0683547605799
94.5462247167214,134.53674701954392
94.67330297574924,133.47413334271366
94.80038123477709,133.93165335300216
94.92745949380495,133.97841833813118
95.0545377528328,134.08126496023988
95.18161601186064,133.3739889108788
95.3086942708885,131.06552929929933
95.43577252991635,133.59711858832205
95.5628507889442,133.78757608962374
95.68992904797206,132.39587856128406
95.8170073069999,131.26754242486922
95.94408556602775,132.5454303160783
96.0711638250556,131.42322769398302
96.19824208408346,132.18687342622187
96.32532034311131,130.3566767153129
96.45239860213916,132.1049871399345
96.57947686116701,131.1143042914619
96.70655512019486,130.39780231154998
96.83363337922272,131.99598099138746
96.96071163825057,130.69524121164514
97.08778989727841,128.54118267024478
97.21486815630627,132.20366487968948
97.34194641533412,131.55598608938303
97.46902467436198,132.53740107637816
97.59610293338983,131.35392319424062
97.72318119241767,129.53469840233652
97.85025945144552,131.02620111698118
97.97733771047338,131.21793951904382
98.10441596950123,129.2186566451993
98.23149422852907,131.8536160225497
98.35857248755693,129.9697523076354
98.48565074658478,132.83929799176195
98.61272900561264,130.87794070413156
98.73980726464049,132.04073811713505
98.86688552366833,130.9852179115057
98.99396378269618,131.9941522301381
99.12104204172404,133.11949728506863
99.24812030075189,132.9210756220563
99.37519855977975,132.6726500363063
99.50227681880759,132.52600158711368
99.62935507783544,133.35868789486156
99.7564333368633,132.42881985431194
99.88351159589115,133.94817576151073
100.010589854919,133.5949997114399
100.13766811394684,132.92482655659657
100.2647463729747,131.9150229964328
100.39182463200255,134.44671126603268
100.51890289103041,130.89050279217602
100.64598115005825,134.15008116432114
100.7730594090861,134.37588240163083
100.90013766811396,132.6787090352208
101.02721592714181,133.978901416639
101.15429418616966,133.54402657433695
101.2813724451975,135.12315742817597
101.40845070422536,135.79490129838337
101.53552896325321,135.7760289081377
101.66260722228107,135.40611046862978
101.78968548130892,135.80929299984282
101.91676374033676,135.90553719454326
102.04384199936462,135.74613532727375
102.17092025839247,134.68911512050852
102.29799851742033,135.90067017784781
102.42507677644818,135.00489123620102
102.55215503547602,135.63145263524956
102.67923329450387,134.9807237136031
102.80631155353173,134.45250880978583
102.93338981255958,134.868453576633
103.06046807158744,136.95153060469522
103.18754633061528,136.5763854019497
103.31462458964313,137.0552973809144
103.44170284867099,133.90752458015942
103.56878110769884,135.16075582487306
103.69585936672668,133.59648727682324
103.82293762575453,135.8554634994466
103.95001588478239,135.84838402856417
104.07709414381024,134.85914651528688
104.2041724028381,133.31681388964304
104.33125066186594,132.35471683820674
104.45832892089379,132.9425177735051
104.58540717992165,133.4384333038977
104.7124854389495,135.7736401098953
104.83956369797735,133.20452961468956
104.9666419570052,134.5907546704942
105.09372021603305,133.8190555322942
105.2207984750609,132.783947171828
105.34787673408876,134.01268128771724
105.47495499311661,131.34366075537272
105.60203325214445,132.8439568325704
105.7291115111723,132.23025876711324
105.85618977020016,132.5611319012108
105.98326802922801,132.75452219528182
106.11034628825585,131.273482873324
106.23742454728371,133.34680777987248
106.36450280631156,132.86008832375774
106.49158106533942,131.41520178062922
106.61865932436727,132.99265885437728
106.74573758339511,132.3735134368361
106.87281584242297,132.03790671485552
106.99989410145082,132.17692429061015
107.12697236047867,131.78796399318327
107.25405061950653,131.10344727687828
107.38112887853437,130.49113059353348
107.50820713756222,131.52139876171503
107.63528539659008,130.97041290559872
107.76236365561793,130.99361131802036
107.88944191464579,130.92121585305688
108.01652017367363,130.44205552856647
108.14359843270148,131.80012427820728
108.27067669172934,130.93936944413062
108.39775495075719,130.4038206576379
108.52483320978504,132.75585671271307
108.65191146881288,132.04508782767877
108.77898972784074,131.75864705962138
108.90606798686859,131.14874669598407
109.03314624589645,132.76223298165132
109.16022450492429,132.89619876084254
109.28730276395214,131.58242942740281
109.41438102298,132.96258583998534
109.54145928200785,133.34994056527637
109.6685375410357,131.85604395128283
109.79561580006354,131.4642763285321
109.9226940590914,133.11122548600687
110.04977231811925,132.30062721300138
110.1768505771471,135.06276573142526
110.30392883617496,132.64262530999454
110.4310070952028,134.25451017157638
110.55808535423066,134.0604835735793
110.68516361325851,134.75679954895918
110.81224187228636,135.6524811138354
110.93932013131422,135.83438846980914
111.06639839034206,135.65642490969614
111.19347664936991,134.46514476773044
111.32055490839777,135.49679035086905
111.44763316742562,134.3475691142853
111.57471142645348,134.53029561285436
111.70178968548132,135.23565553974512
111.82886794450917,134.6086409454424
111.95594620353702,135.74548021624324
112.08302446256488,135.50829486604815
112.21010272159272,134.0819133360364
112.33718098062057,134.3596932057936
112.46425923964843,133.97278185317765
112.59133749867628,136.2892251464476
112.71841575770414,136.1017623069136
112.84549401673198,133.82324361659968
112.97257227575983,135.39464772796433
113.09965053478768,135.81794330665298
113.22672879381554,135.35416115510992
113.3538070528434,135.40452644254313
113.48088531187123,135.9949210608589
113.60796357089909,135.63566128810626
113.73504182992694,132.69986660294754
113.8621200889548,134.9335424336639
113.98919834798265,134.39143297420537
114.11627660701049,133.46516311407916
114.24335486603835,134.70970576105498
114.3704331250662,132.67559775477102
114.49751138409405,133.16702656672177
114.6245896431219,133.36855831590822
114.75166790214975,134.04941681151527
114.8787461611776,133.09028211282907
115.00582442020546,133.65862499042743
115.13290267923331,132.7250831932908
115.25998093826115,132.90229287229212
115.387059197289,132.79480411603902
115.51413745631686,132.53207669908937
115.64121571534471,131.3475535674457
115.76829397437257,130.73878960486255
115.89537223340041,131.47805867922355
116.02245049242826,130.01370253384437
116.14952875145612,131.15155502691877
116.27660701048397,130.2571066202479
116.40368526951183,131.24389784984743
116.53076352853967,130.42446064055207
116.65784178756752,131.3873388863678
116.78492004659537,128.93269360013332
116.91199830562323,131.02215618515257
117.03907656465108,131.0858758462788
117.16615482367892,130.18162987544125
117.29323308270678,131.286841318679
117.42031134173463,130.4997511471077
117.54738960076249,130.92332235520772
117.67446785979033,131.23807008366944
117.80154611881818,131.24804675651322
117.92862437784603,131.64489692614237
118.05570263687389,131.90368875326612
118.18278089590174,132.72304569638533
118.30985915492958,130.87744941667486
118.43693741395744,131.82415487734383
118.56401567298529,129.72224319512173
118.69109393201315,132.05609190557828
118.818172191041,132.955065275867
118.94525045006884,131.70542591868633
119.0723287090967,130.8884048641464
119.19940696812455,130.99202291017963
119.3264852271524,132.55852528094292
119.45356348618026,132.12171225412388
119.5806417452081,131.4260050787569
119.70772000423595,132.17389573868985
119.8347982632638,130.90209927078908
119.96187652229166,133.8953476200826
120.08895478131952,132.63457731451157
120.21603304034736,133.28835673453992
120.34311129937521,133.41203433795525
120.47018955840306,133.4506219639154
120.59726781743092,134.53531371911
120.72434607645876,134.03670052175798
120.85142433548661,133.17832368951338
120.97850259451447,133.70511011993207
121.10558085354232,134.41461118530466
121.23265911257018,134.1837683874461
121.35973737159802,135.49179016349717
121.48681563062587,135.59838162103304
121.61389388965372,135.56507089739898
121.74097214868158,134.44334339311067
121.86805040770943,137.66057539878264
121.99512866673727,134.91502976440947
122.12220692576513,134.0303069523334
122.24928518479298,135.8610656839955
122.37636344382084,137.16631449746058
122.50344170284869,135.27447947161062
122.63051996187653,135.1703655015041
122.75759822090438,133.37968359123775
122.88467647993224,134.73491593092007
123.0117547389601,135.45032996360217
123.13883299798793,135.001732520914
123.26591125701579,136.0282847123492
123.39298951604364,132.95630622230556
123.5200677750715,135.37921824951806
123.64714603409935,134.624119091616
123.77422429312719,130.90270388842734
123.90130255215504,134.9445401993394
124.0283808111829,135.07721788636863
124.15545907021075,135.24222081907925
124.28253732923861,132.98824370277376
124.40961558826645,135.45168754908073
124.5366938472943,133.9812808281221
124.66377210632216,133.04378131673164
124.79085036535001,132.76051807631015
124.91792862437786,133.59912090264413
125.0450068834057,132.7183384961527
125.17208514243356,131.35772058204634
125.29916340146141,134.80653764141096
125.42624166048927,133.61840200960023
125.55331991951712,134.8539784363746
125.68039817854496,131.85516207005642
125.80747643757282,132.70501827413352
125.93455469660067,129.92986283935096
126.06163295562853,130.47300287528154
126.18871121465637,132.50676168413443
126.31578947368422,131.4820378530243
126.44286773271207,132.45965650779547
126.56994599173993,131.38903236873028
126.69702425076778,131.7569704351971
126.82410250979562,130.5035260522283
126.95118076882348,131.6953670960358
127.07825902785133,132.03571979519145
127.20533728687919,130.95480372847294
127.33241554590704,130.87679290835862
127.45949380493488,130.6709940729005
127.58657206396273,132.49606429698545
127.71365032299059,130.3417262339079
127.84072858201844,132.18150637021324
127.9678068410463,127.23627362888769
128.09488510007415,130.18953669546755
128.221963359102,130.7558582315844
128.34904161812983,131.45596751799795
128.47611987715769,130.3659173067774
128.60319813618554,131.7970322005306
128.7302763952134,133.5379548088007
128.85735465424125,131.5473613640344
128.9844329132691,131.3158567880164
129.11151117229696,131.19975466151212
129.2385894313248,132.2491919112636
129.36566769035267,131.19732003586734
129.49274594938052,132.427072646551
129.61982420840835,130.86524052216424
129.7469024674362,133.49343514852308
129.87398072646405,133.65560277195928
130.0010589854919,134.5516917438985
130.12813724451976,131.88505662657226
130.25521550354762,131.44970312599406
130.38229376257547,133.8171094593203
130.50937202160333,131.25461368045663
130.63645028063118,133.66615497299804
130.763528539659,133.54455940886368
130.89060679868686,133.13607042730408
131.01768505771471,132.34845177033668
131.14476331674257,134.26058166089396
131.27184157577042,133.62350692832467
131.39891983479828,133.0783321992552
131.52599809382613,135.80088872523916
131.653076352854,132.50126952632047
131.78015461188184,134.50671241694857
131.9072328709097,133.12147519727017
132.03431112993752,134.14489311318016
132.16138938896538,131.72684434871968
132.28846764799323,135.67859614166778
132.41554590702108,136.67989804157503
132.54262416604894,133.87927419047915
132.6697024250768,133.30470785213262
132.79678068410465,134.27381860632806
132.9238589431325,135.21561842899663
133.05093720216036,136.19334883700336
133.17801546118818,132.99884553585434
133.30509372021604,134.5846223040042
133.4321719792439,133.93396813829597
133.55925023827174,134.68324860704567
133.6863284972996,133.8596227535919
133.81340675632745,133.81310756632269
133.9404850153553,133.5402470171228
134.06756327438316,133.46701582381627
134.19464153341102,133.33382238834693
134.32171979243887,135.03331508747215
134.4487980514667,133.77697220561245
134.57587631049455,134.34400242385496
134.7029545695224,132.74808570023885
134.83003282855026,132.6290533665231
134.9571110875781,133.4090142419363
135.08418934660597,132.6143452762649
135.21126760563382,132.36712968053288
135.33834586466168,131.49040464666547
135.46542412368953,131.18577355459328
135.59250238271738,133.10178435065617
135.7195806417452,132.0276983456155
135.84665890077306,133.3185119428932
135.97373715980092,130.77270936691627
136.10081541882877,130.4226281886119
136.22789367785663,131.1254335993889
136.35497193688448,132.07266157636818
136.48205019591234,131.46322059189728
136.6091284549402,131.0018160461825
136.73620671396804,132.2971989794854
136.86328497299587,128.34869544115148
136.99036323202373,131.75273800412853
137.11744149105158,131.93469502493772
137.24451975007943,130.68111460274716
137.3715980091073,129.25709742305975
137.49867626813514,130.73549042812783
137.625754527163,129.18678219892564
137.75283278619085,130.85529692488623
137.8799110452187,129.8834809873751
138.00698930424656,131.6046371385299
138.13406756327439,131.39696042840274
138.26114582230224,130.55651884776
138.3882240813301,131.1439976958918
138.51530234035795,131.82129704851744
138.6423805993858,130.669299699318
138.76945885841366,132.0677853710959
138.8965371174415,132.24174052744908
139.02361537646937,132.0003176362925
139.15069363549722,131.34591615071508
139.27777189452505,131.10829841742046
139.4048501535529,132.29667690779576
139.53192841258075,131.5815348116493
139.6590066716086,132.54213831672038
139.78608493063646,132.53061604507408
139.91316318966432,133.15347056691883
140.04024144869217,132.16512632170128
140.16731970772003,131.16105822706433
140.29439796674788,132.44669744710703
140.42147622577573,132.5512618552362
140.54855448480356,134.00720452544738
140.67563274383141,134.44606002009223
140.80271100285927,133.92524624183122
140.92978926188712,132.04086974846433
141.05686752091498,133.82156403847142
141.18394577994283,133.28089022282006
141.3110240389707,135.12618834076713
141.43810229799854,135.86342848689213
141.5651805570264,136.08101770213563
141.69225881605422,132.17004660930857
141.81933707508207,135.53495374086043
141.94641533410993,135.38824238104317
142.07349359313778,133.87163605217737
142.20057185216564,133.19784254321917
142.3276501111935,134.12109811716874
142.45472837022135,133.4287877956333
142.5818066292492,135.3632786009969
142.70888488827705,133.43324555657514
142.8359631473049,134.91812182935982
142.96304140633274,134.026742353133
143.0901196653606,134.26160120621807
143.21719792438844,134.41716831235115
143.3442761834163,134.39586695277816
143.47135444244415,132.51584683463176
143.598432701472,133.57975292912937
143.72551096049986,133.8037200546642
143.85258921952772,135.07809688315604
143.97966747855557,132.59431556612603
144.10674573758342,133.0782557738339
144.23382399661125,133.98294825564074
144.3609022556391,134.72554544019283
144.48798051466696,133.3630252542359
144.6150587736948,133.75407764923412
144.74213703272267,133.3949894031863
144.86921529175052,133.49808925838713
144.99629355077838,132.61806539601943
145.12337180980623,133.81943309008747
145.25045006883408,133.44390937686336
145.3775283278619,133.92114705462964
145.50460658688976,130.75015257497824
145.63168484591762,132.11091896115684
145.75876310494547,131.29605388531868
145.88584136397333,132.03365036683942
146.01291962300118,130.53007252056923
146.13999788202904,131.2341027728738
146.2670761410569,129.654586493515
146.39415440008474,129.2717041594807
146.5212326591126,130.19180601504414
146.64831091814042,131.76753819049736
146.77538917716828,130.1757185916147
146.90246743619613,129.6024067156223
147.029545695224,130.71634418581874
147.15662395425184,130.96915398948852
147.2837022132797,131.7217829609781
147.41078047230755,128.48363921423277
147.5378587313354,133.00285341297032
147.66493699036326,130.46931679233276
147.79201524939108,129.55399952018456
147.91909350841894,130.92396844362273
148.0461717674468,130.45614751149043
148.17325002647465,130.88306157601878
148.3003282855025,131.48291811855557
148.42740654453036,131.32651335794077
148.5544848035582,131.26423706642873
148.68156306258606,133.01655431663585
148.80864132161392,131.20440154476566
148.93571958064177,130.8172738367262
149.0627978396696,131.2879837163542
149.18987609869745,132.26897004496817
149.3169543577253,131.60507577978143
149.44403261675316,130.40712662386431
149.57111087578102,130.7662694858939
149.69818913480887,133.3721401891633
149.82526739383673,130.7473977128113
149.95234565286458,131.0678995692891
150.07942391189243,132.18030392463913
150.20650217092026,132.82441777486864
150.3335804299481,132.6010225689206
150.46065868897597,134.58237814963135
150.58773694800382,133.25947250079713
150.71481520703168,133.65420671569026
150.84189346605953,131.88211552756746
150.96897172508739,133.00136005806633
151.09604998411524,133.67943772670412
151.2231282431431,133.11088015246617
151.35020650217095,134.44905360552542
151.47728476119877,133.09714116025668
151.60436302022663,134.00529241030793
151.73144127925448,134.39069743365005
151.85851953828234,135.73342058695803
151.9855977973102,134.65455201503352
152.11267605633805,134.95391804771597
152.2397543153659,133.03389071876117
152.36683257439375,134.8130245286496
152.4939108334216,134.58742312226468
152.62098909244946,133.7579591476469
152.7480673514773,134.82846584460478
152.87514561050514,136.06327800390167
153.002223869533,132.76922444128263
153.12930212856085,133.80177089800057
153.2563803875887,132.98124851690295
153.38345864661656,133.05716901445123
153.51053690564441,132.06179288892116
153.63761516467227,134.5489530180392
153.76469342370012,132.39321065779384
153.89177168272795,133.28195546646143
154.0188499417558,131.65181119305382
154.14592820078366,132.40882339948143
154.2730064598115,132.67506475978817
154.40008471883937,133.11327191174794
154.52716297786722,132.95973909735284
154.65424123689507,133.69982416691445
154.78131949592293,132.74630364130772
154.90839775495078,133.53392881920772
155.03547601397864,132.23657166915856
155.16255427300646,132.37257041509045
155.28963253203432,132.48037764254425
155.41671079106217,131.8249491497352
155.54378905009003,131.7182719366063
155.67086730911788,133.42373229352773
155.79794556814574,129.95771279422445
155.9250238271736,131.05613315933223
156.05210208620144,132.98238650314642
156.1791803452293,132.67116985452816
156.30625860425712,132.13140917558448
156.43333686328498,131.4770242330561
156.56041512231283,130.565220385505
156.6874933813407,129.67646380124194
156.81457164036854,130.1115424960754
156.9416498993964,130.8119658593071
157.06872815842425,130.58338467248194
157.1958064174521,129.5926555896241
157.32288467647996,130.71184094489936
157.4499629355078,130.19117729144833
157.57704119453564,132.2787864643118
157.7041194535635,129.16543689729494
157.83119771259135,128.44708229302375
157.9582759716192,130.5969329716626
158.08535423064706,129.6521625343222
158.2124324896749,130.30974638012904
158.33951074870276,130.32065947799245
158.46658900773062,128.7524934188472
158.59366726675847,131.88486765965607
158.7207455257863,130.48468138333817
158.84782378481415,131.54505746696094
158.974902043842,131.01242915239223
159.10198030286986,132.23732931833226
159.22905856189772,130.56073353020906
159.35613682092557,129.30868985574827
159.48321507995342,131.91920207571917
159.61029333898128,131.09224343104063
159.73737159800913,133.4259083619436
159.864449857037,134.03982794142698
159.9915281160648,132.64080210821925
160.11860637509267,131.9257397360541
160.24568463412052,133.78258074141823
160.37276289314838,132.1960466841618
160.49984115217623,132.73247880825843
160.62691941120409,132.68652424051862
160.75399767023194,132.83634866424572
160.8810759292598,132.92549448860285
161.00815418828765,132.78892919191497
161.1352324473155,132.31189810695963
161.26231070634333,134.8605212765237
161.38938896537118,133.80906478290626
161.51646722439904,133.11892499070058
161.6435454834269,133.47023693628074
161.77062374245475,134.62514430452427
161.8977020014826,134.33001410716355
162.02478026051045,134.3691422108561
162.1518585195383,132.8568683596741
162.27893677856616,133.926851631476
162.406015037594,135.02462011581997
162.53309329662184,133.60074968965705
162.6601715556497,134.72669953360065
162.78724981467755,133.53262499430414
162.9143280737054,133.05395092070603
163.04140633273326,134.6636981098848
163.1684845917611,131.8908247584001
163.29556285078897,135.33409555008095
163.42264110981682,134.26705615201655
163.54971936884468,134.16524707812206
163.6767976278725,132.74683330671894
163.80387588690036,135.52606073265144
163.9309541459282,132.76705637446622
164.05803240495607,133.18459878573336
164.18511066398392,134.45417952744035
164.31218892301177,133.3496662093722
164.43926718203963,135.12660427985352
164.56634544106748,134.32356578607474
164.69342370009534,131.94878515025633
164.82050195912316,131.46903246503982
164.94758021815102,133.34746169018322
165.07465847717887,133.00808686003816
165.20173673620673,130.9802900883866
165.32881499523458,132.89588051412434
165.45589325426243,131.68923337784184
165.5829715132903,131.14555148326508
165.71004977231814,132.0409391928541
165.837128031346,130.46272175840875
165.96420629037385,131.35140425604968
166.09128454940168,130.7318744539977
166.21836280842953,129.05073444928033
166.3454410674574,131.95252866564
166.47251932648524,129.9177753814257
166.5995975855131,128.42834854180848
166.72667584454095,130.9258443229411
166.8537541035688,130.0052049758705
166.98083236259666,129.37597496346197
167.1079106216245,129.09027218639903
167.23498888065234,129.0770389360864
167.3620671396802,128.8505642211562
167.48914539870805,130.4064525322033
167.6162236577359,128.57469311302742
167.74330191676376,128.9434608518347
167.8703801757916,131.15295586144416
167.99745843481946,128.42136244774923
168.12453669384732,130.16246839092102
168.25161495287517,132.02918231738798
168.37869321190303,131.0050296437863
168.50577147093085,129.27786689427674
168.6328497299587,130.83225034368806
168.75992798898656,131.69124580524385
168.88700624801442,131.6516580324868
169.01408450704227,131.14226909770886
169.14116276607012,130.7258553579473
169.26824102509798,131.13715941270675
169.39531928412583,131.45507857733475
169.5223975431537,131.60843894425844
169.64947580218154,132.3401816189997
169.77655406120937,133.7145548013001
169.90363232023722,132.56258508896806
170.03071057926508,133.04673822638003
170.15778883829293,133.08438872538318
170.28486709732078,131.91964324727803
170.41194535634864,133.9786228072722
170.5390236153765,133.37761606507667
170.66610187440435,132.78464076776123
170.7931801334322,135.50812099734617
170.92025839246003,134.14748330827
171.04733665148788,135.02914534171927
171.17441491051574,132.65632399380152
171.3014931695436,133.5622613484018
171.42857142857144,132.045207922704
171.5556496875993,134.13568065893273
171.68272794662715,133.14961813164552
171.809806205655,132.80335994242395
171.93688446468286,132.87441756324503
172.06396272371072,133.21522517974012
172.19104098273854,134.849011733283
172.3181192417664,133.21450337472632
172.44519750079425,134.60736280443686
172.5722757598221,134.1581478279674
172.69935401884996,133.7472204487508
172.8264322778778,131.842047173791
172.95351053690567,136.32963044244414
173.08058879593352,134.45765315187776
173.20766705496138,134.83345558368117
173.3347453139892,132.6297091003175
173.46182357301706,134.5150552462608
173.5889018320449,132.49504174866314
173.71598009107277,134.20027920125054
173.84305835010062,134.43902446989398
173.97013660912847,132.92495275368714
174.09721486815633,133.3414631768907
174.22429312718418,133.97292985930332
174.35137138621204,132.41278119939162
174.4784496452399,132.8145005312354
174.60552790426772,131.18892887621755
174.73260616329557,132.71279931408964
174.85968442232343,131.81203502705907
174.98676268135128,129.90419255693917
175.11384094037913,131.66457328212846
175.240919199407,132.0513793890071
175.36799745843484,130.9916753833065
175.4950757174627,130.54744625602842
175.62215397649055,131.69237495763429
175.74923223551838,132.36249163564906
175.87631049454623,131.66374499217008
176.0033887535741,130.56186189603824
176.13046701260194,131.3368022191394
176.2575452716298,129.07222098967566
176.38462353065765,129.65550373193892
176.5117017896855,131.93736487889598
176.63878004871336,131.43008864822838
176.7658583077412,130.76828409083961
176.89293656676907,129.29557030585846
177.0200148257969,129.46223330749928
177.14709308482475,130.17084966194827
177.2741713438526,130.20698756102823
177.40124960288045,131.58998154300292
177.5283278619083,129.55281691482384
177.65540612093616,129.76611996041296
177.78248437996402,130.85757863348064
177.90956263899187,130.05849821092949
178.03664089801973,130.28238143119154
178.16371915704758,129.0412024800337
178.2907974160754,130.92616815987782
178.41787567510326,130.95893649287453
178.54495393413112,128.31172519911055
178.67203219315897,129.48214166874814
178.79911045218682,129.76203262789792
178.92618871121468,131.37195200025783
179.05326697024253,129.83395267701863
179.1803452292704,131.3609119769629
179.30742348829824,129.88135886807893
179.43450174732607,131.3880407628861
179.56158000635392,131.87856344521725
179.68865826538178,131.70280624734727
179.81573652440963,130.99034536246336
179.94281478343748,132.98782538007885
180.06989304246534,132.8099470509864
180.1969713014932,132.66980232236915
180.32404956052105,132.50970248534063
180.4511278195489,131.1554676875388
180.57820607857676,131.34034659626693
180.70528433760458,132.98361654608186
180.83236259663244,133.65721659137114
180.9594408556603,133.23551079546482
181.08651911468814,131.93712200524027
181.213597373716,130.36184148811492
181.34067563274385,130.59936293244886
181.4677538917717,130.50414440081502
181.59483215079956,131.8130771844959
181.72191040982742,131.89531709081984
181.84898866885524,131.64994813275055
181.9760669278831,132.90514543669826
182.10314518691095,132.48611968601423
182.2302234459388,131.6736102837814
182.35730170496666,130.260377013404
182.4843799639945,131.37185515169554
182.61145822302237,130.07122824340314
182.73853648205022,130.4424649648666
182.86561474107808,130.0653564479051
182.99269300010593,129.3505296552412
183.11977125913376,128.2694138372051
183.2468495181616,128.97810165676518
183.37392777718946,128.69353105545227
183.50100603621732,129.23922046683063
183.62808429524517,129.54570048459254
183.75516255427303,128.53906508257668
183.88224081330088,129.14766628098096
184.00931907232874,127.65662305251436
184.1363973313566,128.37306065353715
184.26347559038442,127.60496414925598
184.39055384941227,126.49718549926354
184.51763210844013,127.42412489633848
184.64471036746798,126.7885832695265
184.77178862649583,127.03293831207026
184.8988668855237,125.39662666686245
185.02594514455154,123.6813862709709
185.1530234035794,125.09860637616761
185.28010166260725,124.30294415806334
185.4071799216351,124.03265294538932
185.53425818066293,124.7150643728167
185.66133643969079,123.67579070996985
185.78841469871864,122.28210888786569
185.9154929577465,123.92244030432454
186.04257121677435,121.20273359390903
186.1696494758022,123.3547941764801
186.29672773483006,119.86811793492737
186.4238059938579,122.81520879167401
186.55088425288577,121.20784421280014
186.67796251191362,122.94795206712551
186.80504077094145,122.29350547406396
186.9321190299693,120.87450914976296
187.05919728899715,119.64355762514828
187.186275548025,118.66359040130176
187.31335380705286,120.0165600280047
187.44043206608072,119.38538032052523
187.56751032510857,119.37379471794328
187.69458858413643,119.94079343972507
187.82166684316428,119.70508558542058
187.9487451021921,120.06797180776914
188.07582336121996,117.71110343371191
188.20290162024781,120.41968892246192
188.32997987927567,119.29525896321803
188.45705813830352,119.11140214316833
188.58413639733138,119.85191087426364
188.71121465635923,119.22585996907787
188.8382929153871,119.1488044324656
188.96537117441494,117.49298957011979
189.0924494334428,119.01851485882668
189.21952769247062,118.89798710804486
189.34660595149847,121.4284599661009
189.47368421052633,118.06925224781077
189.60076246955418,119.68353171108934
189.72784072858204,120.38203823146542
189.8549189876099,119.10664681796328
189.98199724663775,120.36336809671246
190.1090755056656,117.805537550055
190.23615376469346,119.75768354902534
190.36323202372128,120.18883337712832
190.49031028274914,119.00974668837878
190.617388541777,120.09351495828449
190.74446680080484,119.84383273102566
190.8715450598327,118.96677922899721
190.99862331886055,120.7335839232262
191.1257015778884,118.61578740006965
191.25277983691626,118.22859330699379
191.37985809594412,119.38501008184163
191.50693635497197,118.486212351618
191.6340146139998,119.45923066484819
191.76109287302765,119.39427741748884
191.8881711320555,118.25193612075212
192.01524939108336,119.95199710457506
192.1423276501112,120.21061846529354
192.26940590913907,120.86930199823726
192.39648416816692,118.79014190463774
192.52356242719478,119.46844615993284
192.65064068622263,116.75792139134172
192.77771894525046,118.38907573437538
192.9047972042783,117.52704259971331
193.03187546330616,118.69348825501426
193.15895372233402,116.3471680012488
193.28603198136187,117.14049439066555
193.41311024038973,116.86123348924566
193.54018849941758,116.42989210345394
193.66726675844544,117.62006556816674
193.7943450174733,116.7534121621477
193.92142327650114,114.68922367348527
194.04850153552897,116.69586132848828
194.17557979455682,116.67651981018477
194.30265805358468,114.32494490082215
194.42973631261253,115.94395667976566
194.5568145716404,114.60984037802385
194.68389283066824,114.01184783424435
194.8109710896961,115.07255822401372
194.93804934872395,112.97312110167016
195.0651276077518,113.5627598062282
195.19220586677966,114.02740926871348
195.31928412580748,115.20518931835878
195.44636238483534,113.79607627190384
195.5734406438632,113.32728905393178
195.70051890289105,112.63680782420865
195.8275971619189,110.1890897489371
195.95467542094676,110.6993672771647
196.0817536799746,111.96054774324763
196.20883193900247,110.6573480831546
196.33591019803032,111.42238043371563
196.46298845705815,112.3359028132625
196.590066716086,109.78115112291289
196.71714497511385,111.24534063808655
196.8442232341417,111.00505245956819
196.97130149316956,112.38283227857052
197.09837975219742,108.79017415713146
197.22545801122527,109.94080419696039
197.35253627025313,110.2084487989423
197.47961452928098,108.51821763515497
197.60669278830883,109.73247244481728
197.73377104733666,109.55899981391234
197.8608493063645,108.74029066307835
197.98792756539237,108.29529887183755
198.11500582442022,109.41117304678298
198.24208408344808,109.89640470944005
198.36916234247593,110.46783746383417
198.49624060150379,108.84622701622219
198.62331886053164,108.64619885481298
198.7503971195595,108.36546192873098
198.87747537858732,109.40834230870635
199.00455363761517,108.22619005653662
199.13163189664303,111.23629831967781
199.25871015567088,109.08037759978863
199.38578841469874,109.1131199790777
199.5128666737266,108.90523222677965
199.63994493275445,110.58599563303022
199.7670231917823,109.7149752071599
199.89410145081015,109.27659580045416
200.021179709838,109.40661231382286
200.14825796886583,110.26818931694477
200.2753362278937,108.74296168307396
200.40241448692154,109.8400486215562
200.5294927459494,111.94432840052494
200.65657100497725,109.58380522264527
200.7836492640051,110.77380134222271
200.91072752303296,111.33114461221102
201.03780578206081,109.78093062568784
201.16488404108867,109.42913445228015
201.2919623001165,111.0233363018954
201.41904055914435,110.98992739914966
201.5461188181722,109.40382668535301
201.67319707720006,108.5224407525905
201.8002753362279,110.99729444018571
201.92735359525577,112.11789427524359
202.05443185428362,110.70867480621254
202.18151011331148,111.73383597525337
202.30858837233933,110.31673932571309
202.43566663136718,110.69373846614766
202.562744890395,111.18882707856098
202.68982314942286,110.10661472653433
202.81690140845072,109.52196658500421
202.94397966747857,110.16373602467696
203.07105792650643,108.97884227177242
203.19813618553428,108.92311250451482
203.32521444456214,108.01789310797895
203.45229270359,110.47262133746119
203.57937096261784,110.82118377513154
203.70644922164567,109.74602863797128
203.83352748067352,109.85207824210707
203.96060573970138,109.1194518507277
204.08768399872923,108.23618204126682
204.2147622577571,108.89515560474717
204.34184051678494,107.93540296182033
204.4689187758128,109.14837387245917
204.59599703484065,106.99739763314464
204.7230752938685,107.7388653815581
204.85015355289636,108.29631649858239
204.97723181192418,106.46915805694331
205.10431007095204,106.92793437901634
205.2313883299799,106.22634324214728
205.35846658900775,106.20530112584395
205.4855448480356,105.71925927357233
205.61262310706346,107.05510716023994
205.7397013660913,106.25019818123552
205.86677962511916,106.08204472597464
205.99385788414702,105.77768089643293
206.12093614317487,105.89194503521506
206.2480144022027,105.12135207548977
206.37509266123055,104.89967468980089
206.5021709202584,107.11193164711955
206.62924917928626,106.14257453712
206.75632743831412,105.56810982493943
206.88340569734197,106.19376082322394
207.01048395636982,104.88609828551387
207.13756221539768,104.19143276153017
207.26464047442553,103.73760407223362
207.39171873345336,105.63248260166041
207.5187969924812,105.71124361559606
207.64587525150907,104.68290069881719
207.77295351053692,104.81819026311415
207.90003176956478,104.20525277871639
208.02711002859263,102.44814954080397
208.15418828762049,104.80317134691148
208.28126654664834,104.43555237397563
208.4083448056762,104.04542602892438
208.53542306470405,105.17525937702226
208.66250132373187,104.47516276478945
208.78957958275973,104.2570445241104
208.91665784178758,105.97694737465153
209.04373610081544,106.12633901198795
209.1708143598433,105.49425072124161
209.29789261887115,106.33921176653962
209.424970877899,107.35854624755608
209.55204913692685,106.20009429178792
209.6791273959547,104.87390475705584
209.80620565498253,106.90379083976964
209.9332839140104,107.50180557721009
210.06036217303824,107.2300498694863
210.1874404320661,107.12596180064575
210.31451869109395,106.17209242781773
210.4415969501218,106.07761702835035
210.56867520914966,107.22496176362269
210.69575346817751,106.2552581102777
210.82283172720537,107.63396101413369
210.94990998623322,108.78109157324201
211.07698824526105,108.44974636832217
211.2040665042889,106.74319315845625
211.33114476331676,106.98583034423278
211.4582230223446,107.76972153707901
211.58530128137247,107.50058297300762
211.71237954040032,109.37039377186784
211.83945779942817,108.8720204863532
211.96653605845603,107.63688357269713
212.09361431748388,108.98411165664506
212.2206925765117,109.69010350488827
212.34777083553956,109.79803926414642
212.47484909456742,109.15482981524848
212.60192735359527,109.61794605057452
212.72900561262313,107.91791985839856
212.85608387165098,107.00226688860148
212.98316213067883,110.05433639535715
213.1102403897067,108.82836057842533
213.23731864873454,107.04536671105939
213.3643969077624,108.1242027494913
213.49147516679022,108.42316975192321
213.61855342581808,108.68375834784939
213.74563168484593,108.85583721050328
213.8727099438738,108.68467689406356
213.99978820290164,107.59918888354848
214.1268664619295,105.60469024696644
214.25394472095735,106.96991711846175
214.3810229799852,107.76126741449137
214.50810123901306,107.53273420227607
214.6351794980409,106.52089095563645
214.76225775706874,108.20311425971849
214.8893360160966,107.81083172244668
215.01641427512445,106.83247064700086
215.1434925341523,108.15760459874714
215.27057079318016,106.30924632114663
215.397649052208,104.96233117924018
215.52472731123586,107.64747910830776
215.65180557026372,106.69629560220825
215.77888382929157,106.35126120021911
215.9059620883194,107.87231292657862
216.03304034734725,103.62788096549642
216.1601186063751,107.93769901995009
216.28719686540296,106.86457263794686
216.41427512443082,105.84791577201274
216.54135338345867,106.63889951816125
216.66843164248652,106.71058629987826
216.79550990151438,105.66227708216734
216.92258816054223,105.39276822403664
217.0496664195701,106.82994979557824
217.1767446785979,107.02061429963528
217.30382293762577,105.95378030107187
217.43090119665362,106.98403441760345
217.55797945568148,107.09444797874747
217.68505771470933,107.8787120059599
217.81213597373718,106.29966440951793
217.93921423276504,105.30050058404895
218.0662924917929,107.0200477828163
218.19337075082075,107.08480446027755
218.32044900984857,106.99123252333857
218.44752726887643,107.39635330447567
218.57460552790428,106.73258850512829
218.70168378693214,108.20520894584565
218.82876204596,106.65615556556762
218.95584030498785,108.46352944801008
219.0829185640157,107.57567167758391
219.20999682304355,107.78699892400994
219.3370750820714,109.35558083213368
219.46415334109926,108.14990749131039
219.5912316001271,108.18627185883629
219.71830985915494,107.20410231142857
219.8453881181828,109.42249525361092
219.97246637721065,110.07133867196625
220.0995446362385,109.22905276640526
220.22662289526636,109.72793935849197
220.3537011542942,108.93670792649102
220.48077941332207,108.4395515977384
220.60785767234992,110.63687288833609
220.73493593137775,110.61581630844206
220.8620141904056,112.28047492447988
220.98909244943346,111.362657710333
221.1161707084613,111.81373240888169
221.24324896748917,112.97997668948452
221.37032722651702,113.42124583600798
221.49740548554487,112.44097000013761
221.62448374457273,113.92440513978707
221.75156200360058,112.95572510491074
221.87864026262844,113.40487828721824
222.00571852165626,113.13404771007532
222.13279678068412,112.50294629990908
222.25987503971197,112.02385332676937
222.38695329873983,111.99475540066445
222.51403155776768,112.76111755797655
222.64110981679553,112.88534504821615
222.7681880758234,113.91679096486646
222.89526633485124,112.74131422382035
223.0223445938791,114.28022457092156
223.14942285290695,115.6921020084485
223.27650111193478,116.11076343953464
223.40357937096263,113.14410279346862
223.5306576299905,114.33457588650772
223.65773588901834,113.74225646689264
223.7848141480462,114.43853006577243
223.91189240707405,113.18116073521645
224.0389706661019,113.50542320030246
224.16604892512976,114.62552976713839
224.2931271841576,113.76996488438684
224.42020544318544,113.63246026867188
224.5472837022133,113.56025804387623
224.67436196124115,113.05333556141677
224.801440220269,112.45275483215937
224.92851847929686,114.08284983415896
225.0555967383247,113.60938163345867
225.18267499735256,113.39748948771793
225.30975325638042,113.10876081316714
225.43683151540827,113.22825717445484
225.56390977443613,113.28623515210822
225.69098803346395,111.06540377414393
225.8180662924918,113.8032076081313
225.94514455151966,112.78435195446875
226.07222281054752,111.09124837712628
226.19930106957537,113.58100559156159
226.32637932860322,113.50511224523261
226.45345758763108,113.00851155392826
226.58053584665893,113.0799647380643
226.7076141056868,113.60214516824567
226.8346923647146,113.13750639652325
226.96177062374247,114.55112132176981
227.08884888277032,113.51243709546074
227.21592714179818,113.8867437400698
227.34300540082603,113.18341503709698
227.47008365985388,113.56556454983615
227.59716191888174,115.53800499520932
227.7242401779096,113.96733206918978
227.85131843693745,113.09749999835444
227.9783966959653,114.3782489652957
228.10547495499313,114.75134992694248
228.23255321402098,115.39354196819568
228.35963147304884,116.55005649247806
228.4867097320767,117.7889438307713
228.61378799110454,115.62347067882328
228.7408662501324,114.73456797640151
228.86794450916025,114.74420810139827
228.9950227681881,116.02333513301812
229.12210102721596,115.45978140673668
229.2491792862438,117.57111525608843
229.37625754527164,116.17906749173935
229.5033358042995,116.19174643523178
229.63041406332735,118.1033832001146
229.7574923223552,116.27122065941379
229.88457058138306,120.5370259661513
230.0116488404109,119.59569155856899
230.13872709943877,118.48949125538608
230.26580535846662,120.45343966854745
230.39288361749448,119.44506046343334
230.5199618765223,120.1044803504059
230.64704013555016,120.32784963801515
230.774118394578,122.43118607230224
230.90119665360587,120.46931832888964
231.02827491263372,120.88735380860719
231.15535317166157,121.68567753371138
231.28243143068943,123.473389517447
231.40950968971728,121.18115596311632
231.53658794874514,122.40998276150876
231.663666207773,121.6577925306114
231.79074446680082,122.29227379429491
231.91782272582867,123.32394163134019
232.04490098485653,125.0188637564834
232.17197924388438,124.73527250424222
232.29905750291223,122.96115817211205
232.4261357619401,125.20102903354345
232.55321402096794,123.58703695237018
232.6802922799958,123.2026584339799
232.80737053902365,124.22363615603334
232.93444879805148,126.0842124933469
233.06152705707933,125.82885350568479
233.18860531610719,124.19752240692699
233.31568357513504,124.2912161063861
233.4427618341629,124.12311591288548
233.56984009319075,126.00189310416123
233.6969183522186,123.40032670967612
233.82399661124646,124.75153619124664
233.9510748702743,126.66472163770823
234.07815312930217,125.67399757562399
234.20523138833,124.90369873322112
234.33230964735785,126.79353452248378
234.4593879063857,127.30938355505283
234.58646616541355,124.75621987207532
234.7135444244414,124.56930886071981
234.84062268346926,124.17707801195586
234.96770094249712,125.80458365839652
235.09477920152497,126.2126608282391
235.22185746055283,124.86301633098581
235.34893571958065,124.77629015864036
235.4760139786085,125.23289810224185
235.60309223763636,127.10748549986073
235.73017049666421,123.80078894318694
235.85724875569207,126.26298318687942
235.98432701471992,124.89783528784113
236.11140527374778,124.13924904415495
236.23848353277563,124.06879790498847
236.3655617918035,125.34276735818028
236.49264005083134,126.17888533527463
236.61971830985917,127.99036689037628
236.74679656888702,124.22846417814553
236.87387482791488,126.06124150494368
237.00095308694273,124.95953660086643
237.12803134597058,125.05659718446441
237.25510960499844,127.39615386294092
237.3821878640263,125.68524753119033
237.50926612305415,124.3553014196924
237.636344382082,127.00652080509992
237.76342264110983,125.61380395318069
237.89050090013768,126.16855859317653
238.01757915916554,128.41776291844073
238.1446574181934,128.21628526039837
238.27173567722124,127.43978351192065
238.3988139362491,127.370227465748
238.52589219527695,128.5290422131308
238.6529704543048,129.65692237762565
238.78004871333266,127.97565686811987
238.90712697236052,127.6507857226107
239.03420523138834,130.28312987622476
239.1612834904162,129.40352620384007
239.28836174944405,128.66059338569644
239.4154400084719,128.54013498155788
239.54251826749976,131.87564458134764
239.6695965265276,130.83693515673204
239.79667478555547,130.27112593226389
239.92375304458332,131.529641601634
240.05083130361118,131.27943133755554
240.17790956263903,130.62462460249634
240.30498782166686,130.6488155413805
240.4320660806947,130.06091489260598
240.55914433972256,131.60760192752787
240.68622259875042,131.40430061902106
240.81330085777827,132.4528743098617
240.94037911680613,132.21991980420992
241.06745737583398,132.54546769182275
241.19453563486184,133.2253003682321
241.3216138938897,132.28203445322384
241.44869215291752,131.4678308076669
241.57577041194537,132.86050175258015
241.70284867097322,131.23486944783636
241.82992693000108,133.27017838254747
241.95700518902893,133.4634730045214
242.0840834480568,132.57612795088872
242.21116170708464,133.47478446680023
242.3382399661125,133.24230518589636
242.46531822514035,133.5659299673509
242.5923964841682,132.93385922761405
242.71947474319603,131.79769029356794
242.84655300222389,132.6558983880496
242.97363126125174,132.17324906295246
243.1007095202796,131.66229904981196
243.22778777930745,134.34357776063845
243.3548660383353,133.7496548135132
243.48194429736316,132.85995532112358
243.609022556391,132.7312982867078
243.73610081541887,131.24003343292696
243.8631790744467,132.6119255150836
243.99025733347455,132.30677411633567
244.1173355925024,133.82134061788452
244.24441385153025,132.48016079652416
244.3714921105581,131.80565049871348
244.49857036958596,131.70059856083103
244.62564862861382,131.72675387463633
244.75272688764167,130.95899783967613
244.87980514666953,130.55745108296065
245.00688340569738,131.4417792228606
245.1339616647252,131.89938282107377
245.26103992375306,133.020196029958
245.38811818278091,131.6257450749345
245.51519644180877,129.81654425070744
245.64227470083662,131.0904721271274
245.76935295986448,129.9202221124632
245.89643121889233,131.2813681589484
246.0235094779202,127.64933291615999
246.15058773694804,129.53880460082144
246.27766599597587,129.53702983488785
246.40474425500372,128.61453178340977
246.53182251403157,128.80726509698962
246.65890077305943,128.87499849083468
246.78597903208728,130.4408514708495
246.91305729111514,127.5760116731839
247.040135550143,129.8107853055015
247.16721380917085,130.9464760540599
247.2942920681987,127.73017906593573
247.42137032722655,129.0768184619402
247.54844858625438,129.01106197168377
247.67552684528223,128.14063947132323
247.8026051043101,128.26179500805944
247.92968336333794,129.42190680691212
248.0567616223658,128.95122748191574
248.18383988139365,128.3801226972879
248.3109181404215,129.25508294732828
248.43799639944936,128.82675820137382
248.56507465847722,129.32840382394983
248.69215291750507,130.63042724030993
248.8192311765329,129.35456803726294
248.94630943556075,129.285761325885
249.0733876945886,127.30593821130876
249.20046595361646,130.57246028286178
249.3275442126443,130.76769854578387
249.45462247167217,130.89910280638716
249.58170073070002,130.1865418901138
249.70877898972788,128.9076975637095
249.83585724875573,130.70995707338614
249.96293550778356,131.69720039202457
250.0900137668114,132.10765198234873
250.21709202583926,131.52436504812127
250.34417028486712,131.48999809795723
250.47124854389497,132.49151567234514
250.59832680292283,130.6736126797206
250.72540506195068,132.351686896139
250.85248332097854,131.9230285267399
250.9795615800064,131.50711817432153
251.10663983903424,130.86201338879752
251.23371809806207,133.70615169334312
251.36079635708992,133.14352044323473
251.48787461611778,130.5902132362205
251.61495287514563,133.32876249497667
251.7420311341735,132.3921346873266
251.86910939320134,131.62451070382525
251.9961876522292,130.80298566486218
252.12326591125705,133.98264176709668
252.2503441702849,132.14722319504807
252.37742242931273,132.6728414970362
252.50450068834058,131.7493068813179
252.63157894736844,133.34093123863303
252.7586572063963,134.13550481188852
252.88573546542415,133.25325833614207
253.012813724452,133.1440684477133
253.13989198347986,131.60024066965556
253.2669702425077,131.98496159717416
253.39404850153556,131.51429837051563
253.52112676056342,133.07393703812107
253.64820501959124,131.72825690844053
253.7752832786191,132.1849907633379
253.90236153764695,131.25845024389565
254.0294397966748,132.4357038510831
254.15651805570266,131.22777457022812
254.28359631473052,132.9993580374799
254.41067457375837,131.42654473577448
254.53775283278623,129.65375675487599
254.66483109181408,132.55977995078882
254.7919093508419,130.41528699716207
254.91898760986976,129.36035502556675
255.0460658688976,130.74705122551228
255.17314412792547,130.76750544952873
255.30022238695332,131.57854757348045
255.42730064598118,130.08762817941238
255.55437890500903,129.9596688059209
255.68145716403689,130.2701818320058
255.80853542306474,129.62324330524623
255.9356136820926,129.76418265954362
256.0626919411204,128.59373420110677
256.1897702001483,128.39879652714552
256.31684845917613,129.9642045393814
256.443926718204,128.23882465767258
256.57100497723184,128.8461090661265
256.69808323625966,126.8271960220907
256.82516149528755,129.48376260369045
256.95223975431537,128.11912211780327
257.07931801334325,129.19927330813715
257.2063962723711,128.3383749658296
257.33347453139896,128.9417228543389
257.4605527904268,130.10485188930596
257.58763104945467,127.7578592657138
257.7147093084825,128.11475143082896
257.8417875675103,128.67543720577143
257.9688658265382,128.30154613869752
258.09594408556603,127.89882076362662
258.2230223445939,128.60200909288466
258.35010060362174,129.3804894284769
258.4771788626496,129.03278478706406
258.60425712167745,129.1110007720236
258.73133538070533,128.19293079757648
258.85841363973316,129.93072116451341
258.98549189876104,129.67706128509883
259.11257015778887,129.16735191733287
259.2396484168167,129.4870596013783
259.3667266758446,128.88124654774052
259.4938049348724,130.41747114999342
259.6208831939003,128.55515602563736
259.7479614529281,129.0205673470434
259.875039711956,130.7781883466676
260.0021179709838,130.12526752239958
260.1291962300117,132.30507825980771
260.2562744890395,132.56641523096656
260.38335274806735,131.07115014284304
260.51043100709524,131.46944603974285
260.63750926612306,131.75746621900754
260.76458752515094,131.6487158536236
260.89166578417877,131.6745251306657
261.01874404320665,131.27090718533597
261.1458223022345,131.6525076728604
261.27290056126236,131.90786614863137
261.3999788202902,130.9160868274375
261.527057079318,132.74429863831944
261.6541353383459,132.77148532567037
261.7812135973737,133.51635479213707
261.9082918564016,134.72358275136006
262.03537011542943,131.18151162778213
262.1624483744573,132.24193114593203
262.28952663348514,134.87926427465783
262.416604892513,134.8165228742982
262.54368315154085,132.50543390734632
262.67076141056873,132.51872243559984
262.79783966959656,131.710905427796
262.9249179286244,133.47554547252633
263.05199618765226,132.4665977639341
263.1790744466801,131.33712683289536
263.306152705708,133.05067523857534
263.4332309647358,131.9826744397469
263.5603092237637,132.14818527870386
263.6873874827915,134.3604713367789
263.8144657418194,133.41442162801584
263.9415440008472,131.2558598286435
264.06862225987504,132.74787506937486
264.1957005189029,131.81552361954903
264.32277877793075,130.18660576104654
264.44985703695863,132.18253809125113
264.57693529598646,127.95963137595952
264.70401355501434,130.53365330646093
264.83109181404217,131.31058896243593
264.95817007307005,131.14538834884593
265.0852483320979,130.61533828286505
265.2123265911257,131.64036272318367
265.3394048501536,131.51309287911306
265.4664831091814,129.85814259564742
265.5935613682093,129.64427378871278
265.7206396272371,129.56783943140636
265.847717886265,129.73172855428777
265.9747961452928,130.03225616977352
266.1018744043207,129.59170721824745
266.22895266334854,127.03118095059313
266.35603092237636,128.9129771874077
266.48310918140425,127.99895356766271
266.61018744043207,129.37502304930877
266.73726569945995,128.87143722457276
266.8643439584878,130.45841305351328
266.99142221751566,127.86763294390599
267.1185004765435,128.18148355331147
267.24557873557137,129.2654604633805
267.3726569945992,129.0278686004338
267.4997352536271,127.16234818386076
267.6268135126549,128.05076786259136
267.75389177168273,128.0736239450254
267.8809700307106,128.1660043000491
268.00804828973844,129.39558694298876
268.1351265487663,130.38159297634564
268.26220480779415,129.05739804065433
268.38928306682203,128.17146503146063
268.51636132584986,128.8570408698481
268.64343958487774,126.7183973454879
268.77051784390557,127.17297140476946
268.8975961029334,127.23824944226845
269.0246743619613,127.73703850021181
269.1517526209891,128.55395516266967
269.278830880017,129.36494903424298
269.4059091390448,128.6577067932964
269.5329873980727,129.06712028021616
269.6600656571005,128.8415269061739
269.7871439161284,129.61387243409473
269.9142221751562,129.48009336559468
270.04130043418405,128.58878030380933
270.16837869321193,131.6674923039959
270.29545695223976,130.91378075064836
270.42253521126764,130.86760733747408
270.54961347029547,130.25823070753174
270.67669172932335,131.3807960950684
270.8037699883512,133.29256991346986
270.93084824737906,131.65616138255794
271.0579265064069,133.0717504189057
271.18500476543477,132.63185443115825
271.3120830244626,132.68509664376984
271.4391612834904,131.67793787201884
271.5662395425183,132.24372955762507
271.69331780154613,132.40818216144052
271.820396060574,131.9112381463556
271.94747431960184,133.3422954969153
272.0745525786297,130.35194379840937
272.20163083765755,132.18448628275667
272.32870909668543,133.82393475794288
272.45578735571326,131.0026767592073
272.5828656147411,131.75637372586752
272.70994387376896,134.11871869985725
272.8370221327968,132.48377689926392
272.9641003918247,132.50457546985828
273.0911786508525,132.60656548605914
273.2182569098804,131.91171285566955
273.3453351689082,132.99049384010573
273.4724134279361,131.05763998563722
273.5994916869639,132.72013029240543
273.72656994599174,132.0255994639363
273.8536482050196,131.25240284949933
273.98072646404745,130.51925246054458
274.10780472307533,130.8994002067376
274.23488298210316,132.31495838565704
274.36196124113104,130.56226213214254
274.48903950015887,132.2163511047372
274.61611775918675,131.14279537184996
274.7431960182146,129.7441271486182
274.8702742772424,131.95429003516998
274.9973525362703,130.70436205408828
275.1244307952981,129.14785707713764
275.251509054326,130.77684653598624
275.3785873133538,127.77699652259332
275.5056655723817,130.0056021059641
275.6327438314095,130.41588934290237
275.7598220904374,131.22623624977422
275.88690034946524,129.41522690533623
276.0139786084931,129.99042485871723
276.14105686752094,129.36578907024776
276.26813512654877,129.53499989684462
276.39521338557665,129.0892768884338
276.5222916446045,130.2036369949717
276.64936990363236,129.453836050843
276.7764481626602,129.20005750805745
276.90352642168807,128.80287937003473
277.0306046807159,128.11687438783613
277.1576829397438,128.9439503089669
277.2847611987716,127.11476237280772
277.41183945779943,127.48863717898134
277.5389177168273,130.17639747373968
277.66599597585514,128.93879645570573
277.793074234883,129.57306136004476
277.92015249391085,127.08217734504206
278.04723075293873,128.51873415448026
278.17430901196656,127.97447580250528
278.30138727099444,129.30487994106574
278.42846553002227,129.30024570556114
278.5555437890501,129.081129182311
278.682622048078,129.19024937038998
278.8097003071058,128.76277593173333
278.9367785661337,129.45648928287216
279.0638568251615,130.36665264685828
279.1909350841894,130.58377046315
279.3180133432172,130.27672672497923
279.4450916022451,130.77768547985156
279.5721698612729,130.60541330896018
279.6992481203008,127.93654078922046
279.82632637932863,130.38352123144668
279.95340463835646,128.96480474907858
280.08048289738434,129.20630872223774
280.20756115641217,129.74884192372616
280.33463941544005,129.41119533177093
280.4617176744679,130.9361563261976
280.58879593349576,131.3949834207073
280.7158741925236,132.07532595420594
280.84295245155147,129.4769319164793
280.9700307105793,131.62711701887952
281.0971089696071,131.97909143412716
281.224187228635,130.65575997193244
281.35126548766283,131.7444702776071
281.4783437466907,131.36698318851924
281.60542200571854,131.84873468248995
281.7325002647464,133.26153840297934
281.85957852377425,132.18417986002734
281.98665678280213,132.8523003311379
282.11373504182995,132.49503485352025
282.2408133008578,132.56903162417555
282.36789155988566,133.37192786327157
282.4949698189135,131.6775038896395
282.6220480779414,132.84939685253804
282.7491263369692,132.91359956687012
282.8762045959971,132.07150200835264
283.0032828550249,134.31499038610897
283.1303611140528,131.92720356828409
283.2574393730806,131.9486588294115
283.38451763210844,130.64761928463997
283.5115958911363,132.71068127299023
283.63867415016415,130.9977218540829
283.76575240919203,128.9129627911692
283.89283066821986,131.94410136005905
284.01990892724774,131.8856838336688
284.14698718627557,130.21640336027528
284.27406544530345,130.88189540864187
284.4011437043313,131.43010441522128
284.52822196335916,129.5124461634722
284.655300222387,131.06523039182184
284.7823784814148,129.29009653093794
284.9094567404427,130.28203990932167
285.0365349994705,127.73383322505347
285.1636132584984,128.90270318129936
285.2906915175262,130.1661807487829
285.4177697765541,129.14825781007823
285.54484803558194,127.4907541451297
285.6719262946098,130.9164676507179
285.79900455363764,128.04003854095953
285.92608281266547,129.95256393854044
286.05316107169335,129.58146333611631
286.1802393307212,128.55830840682262
286.30731758974906,129.10514311872942
286.4343958487769,128.5875225388221
286.56147410780477,129.24247969051655
286.6885523668326,129.8926891459834
286.8156306258605,127.94297693922104
286.9427088848883,130.0316253406258
287.06978714391613,128.73339437503162
287.196865402944,127.91685637217914
287.32394366197184,129.1317821168351
287.4510219209997,127.61973237107466
287.57810018002755,130.10056863907764
287.70517843905543,127.30210327122273
287.83225669808326,128.61795431687204
287.95933495711114,128.1585497356549
288.08641321613896,128.34523912734662
288.21349147516685,128.07467267390788
288.3405697341947,127.92152715642654
288.4676479932225,127.56334494090275
288.5947262522504,130.71155146639754
288.7218045112782,128.80525399117835
288.8488827703061,128.57014097895612
288.9759610293339,129.48026644375378
289.1030392883618,128.61750084848413
289.2301175473896,128.09038860427117
289.3571958064175,129.21360934885732
289.48427406544533,130.26965690669311
289.61135232447316,131.02699882052465
289.73843058350104,129.98346299630668
289.86550884252887,130.48373904289107
289.99258710155675,131.44785902794806
290.1196653605846,128.94821339426915
290.24674361961246,129.8494222741233
290.3738218786403,130.04872001414415
290.50090013766817,129.04490080905407
290.627978396696,132.43634256742138
290.7550566557238,130.72590018518193
290.8821349147517,132.29262748489901
291.00921317377953,131.1126957323404
291.1362914328074,131.34662454160434
291.26336969183524,129.44794310962598
291.3904479508631,132.71307505227574
291.51752620989095,130.9243693711364
291.6446044689188,131.12967615584603
291.77168272794665,132.5983234240199
291.8987609869745,129.08353161031806
292.02583924600236,131.31861446302963
292.1529175050302,131.79044206335809
292.27999576405807,131.63589654303777
292.4070740230859,131.16245387161408
292.5341522821138,131.8408406260226
292.6612305411416,132.93517372543033
292.7883088001695,132.94489350838347
292.9153870591973,132.43400668717632
293.0424653182252,130.57438773573153
293.169543577253,133.24628762772932
293.29662183628085,131.51420558271997
293.42370009530873,130.8188788097923
293.55077835433656,133.33033335016788
293.67785661336444,131.97825446775175
293.80493487239227,131.629965421253
293.93201313142015,132.0674755272597
294.059091390448,130.78194311389913
294.18616964947586,130.693318074278
294.3132479085037,129.35105222567412
294.4403261675315,131.73185456494338
294.5674044265594,130.92803253602435
294.6944826855872,131.4627097183889
294.8215609446151,130.52863789327068
294.9486392036429,130.04228362187374
295.0757174626708,128.75181071730597
295.20279572169864,130.12283263411265
295.3298739807265,129.25738432852734
295.45695223975434,129.87995076204066
295.58403049878217,129.03454188213095
295.71110875781005,128.95195796887307
295.8381870168379,129.26464614092973
295.96526527586576,128.3900372404282
296.0923435348936,130.71539006761077
296.21942179392147,129.59968877733266
296.3465000529493,129.23818981767755
296.4735783119772,128.8992780330656
296.600656571005,128.340229217709
296.7277348300329,128.8848314054341
296.8548130890607,128.95680995985597
296.98189134808854,127.45337939196983
297.1089696071164,128.5507385375453
297.23604786614425,127.80880300449795
297.36312612517213,127.75020236037513
297.49020438419996,128.42821555389136
297.61728264322784,129.2588946390875
297.74436090225566,130.10104962344417
297.87143916128355,128.1871742103662
297.9985174203114,127.82422333675737
298.1255956793392,129.25500805374242
298.2526739383671,128.36064552343038
298.3797521973949,129.5094886608912
298.5068304564228,129.00637664424622
298.6339087154506,128.69254022943073
298.7609869744785,129.7678039869891
298.8880652335063,127.40582619936563
299.0151434925342,126.81509109069303
299.14222175156203,131.0280185968692
299.26930001058986,128.97411567409608
299.39637826961774,128.1558405094745
299.52345652864557,128.8874773677907
299.65053478767345,129.8467870118692
299.7776130467013,129.0313912938958
299.90469130572916,132.24989984000663
300.031769564757,129.23926964538978
300.15884782378487,130.14780963352047
300.2859260828127,131.4755270646706
300.4130043418405,130.34952511300875
300.5400826008684,131.05936382775616
300.6671608598962,129.19020119225934
300.7942391189241,129.78704555503853
300.92131737795194,129.7877602161355
301.0483956369798,131.24806080683734
301.17547389600765,131.40103493047468
301.3025521550355,130.21367830681365
301.42963041406335,133.20602114595462
301.55670867309124,129.8918245137685
301.68378693211906,131.50002484536907
301.8108651911469,131.69719813961672
301.93794345017477,132.6254175548436
302.0650217092026,132.2695397307712
302.1920999682305,131.28245344804424
302.3191782272583,132.9749737189973
302.4462564862862,132.26980948333932
302.573334745314,131.06367023324427
302.7004130043419,132.60901790156638
302.8274912633697,132.65491862486732
302.95456952239755,132.27405752492007
303.08164778142543,132.1006912639897
303.20872604045326,130.84733957794992
303.33580429948114,132.29754253595198
303.46288255850897,129.5141670091868
303.58996081753685,131.47648223185962
303.7170390765647,132.10600248809186
303.84411733559256,132.16206833956426
303.9711955946204,130.0465028281065
304.0982738536482,131.52234508441418
304.2253521126761,129.57306669118563
304.3524303717039,131.6995574788765
304.4795086307318,131.55323110428316
304.6065868897596,129.3998056843252
304.7336651487875,130.24838373300554
304.86074340781533,129.324191321198
304.9878216668432,130.14666752110395
305.11489992587104,131.2994401904991
305.2419781848989,129.0562272097507
305.36905644392675,128.89923113142777
305.4961347029546,131.2634969053503
305.62321296198246,128.64880637062322
305.7502912210103,129.09765441951583
305.87736948003817,129.8940903235996
306.004447739066,128.4291178407596
306.1315259980939,129.39371371143568
306.2586042571217,129.0320853573103
306.3856825161496,127.37929919981585
306.5127607751774,128.8848272982889
306.63983903420524,127.74788947280332
306.7669172932331,128.07209623469214
306.89399555226095,128.2046739272833
307.02107381128883,126.61668070524567
307.14815207031666,127.79667755435975
307.27523032934454,127.2400711441026
307.40230858837236,128.7448680990453
307.52938684740025,127.63955544102373
307.6564651064281,128.4696477137062
307.7835433654559,128.31953845953407
307.9106216244838,127.82008318947612
308.0376998835116,129.25363223804706
308.1647781425395,128.40828260851114
308.2918564015673,129.01654756207137
308.4189346605952,129.23156865164478
308.546012919623,126.1602778747252
308.6730911786509,128.0693007578705
308.80016943767873,128.84298701570867
308.92724769670656,128.82829897360827
309.05432595573444,129.40114816262874
309.18140421476227,128.71398531820432
309.30848247379015,128.9726056164556
309.435560732818,130.15965786005808
309.56263899184586,129.99235328798432
309.6897172508737,129.55978985824405
309.81679550990157,128.60419073296802
309.9438737689294,127.99193435186167
310.0709520279573,130.78086843843204
310.1980302869851,131.06481080840751
310.3251085460129,130.5741967241592
310.4521868050408,129.4937218371171
310.57926506406864,130.7854161912405
310.7063433230965,128.30274831830718
310.83342158212434,130.60628297875445
310.9604998411522,130.5669844570932
311.08757810018005,130.56888934744185
311.21465635920794,131.15794305832017
311.34173461823576,130.98582294693847
311.4688128772636,132.24486639439576
311.59589113629147,133.2999735636821
311.7229693953193,131.18844210317118
311.8500476543472,131.56187834273177
311.977125913375,132.00953574185763
312.1042041724029,130.58098570830063
312.2312824314307,131.3318245691873
312.3583606904586,131.2477302119198
312.4854389494864,130.49897370270418
312.61251720851425,132.7471140451261
312.73959546754213,130.35923301388104
312.86667372656996,129.98433222273616
312.99375198559784,132.87274701190805
313.12083024462567,130.72482419013102
313.24790850365355,130.82415454677255
313.3749867626814,132.02627476007908
313.50206502170926,130.37440305747515
313.6291432807371,129.36149340601457
313.75622153976497,131.06197988784263
313.8832997987928,130.82073905011208
314.0103780578206,130.59893129752692
314.1374563168485,129.78585473741063
314.2645345758763,131.9743352695893
314.3916128349042,129.8206714120733
314.51869109393203,128.48052074619332
314.6457693529599,130.05354588472423
314.77284761198774,130.51462295999588
314.8999258710156,130.0198500105258
315.02700413004345,128.9484550264278
315.1540823890713,129.83119127739653
315.28116064809916,128.77010584944912
315.408238907127,131.08513096891747
315.53531716615487,127.64880024370493
315.6623954251827,129.43478733567454
315.7894736842106,129.01448685724955
315.9165519432384,129.45565221237123
316.0436302022663,128.39023904993377
316.1707084612941,129.62441297957557
316.29778672032194,129.7484101074325
316.4248649793498,129.1118941386215
316.55194323837765,128.8842423524657
316.67902149740553,128.49267494197787
316.80609975643335,127.85270357574707
316.93317801546124,128.78909338416736
317.06025627448906,127.8791833613093
317.18733453351695,126.29997781537229
317.3144127925448,128.14733289750697
317.4414910515726,127.48331715213254
317.5685693106005,128.6377107885815
317.6956475696283,127.40225918941076
317.8227258286562,128.48820547489774
317.949804087684,128.5430069640817
318.0768823467119,128.32080466407058
318.2039606057397,127.66192778730921
318.3310388647676,128.51319469626839
318.45811712379543,126.07356867663819
318.5851953828233,126.70061075772634
318.71227364185114,129.0387431979892
318.83935190087897,127.81350315313193
318.96643015990685,128.12909532145224
319.0935084189347,129.04672390852687
319.22058667796256,128.12856279895928
319.3476649369904,130.2466658280006
319.47474319601827,129.02942345011073
319.6018214550461,129.8561715490948
319.728899714074,130.36260614994134
319.8559779731018,130.3597434544935
319.9830562321296,129.1367072733203
320.1101344911575,130.8392342697489
320.23721275018534,131.29630880625976
320.3642910092132,128.15582168043943
320.49136926824104,129.84985352321988
320.6184475272689,130.16737573912934
320.74552578629675,129.13292172821644
320.87260404532464,130.93046908380722
320.99968230435246,131.17870915483013
321.1267605633803,131.57197586563728
321.25383882240817,130.14116362909502
321.380917081436,128.17804791937837
321.5079953404639,131.17118245933418
321.6350735994917,131.73046665489346
321.7621518585196,130.71080236058472
321.8892301175474,131.82999611951402
322.0163083765753,129.864886692926
322.1433866356031,131.90975022654428
322.270464894631,132.11341481685096
322.39754315365883,130.53341509953992
322.52462141268666,130.9850861922535
322.65169967171454,132.5907964899082
322.77877793074236,129.9414782674663
322.90585618977025,129.7784532543789
323.0329344487981,130.09934436488268
323.16001270782596,133.0002577529305
323.2870909668538,129.93945086061368
323.41416922588166,131.51532853861474
323.5412474849095,131.16505837115776
323.6683257439373,131.18209822181944
323.7954040029652,130.01664376122267
323.922482261993,129.9458691977639
324.0495605210209,131.04760464051577
324.17663878004873,131.3688510827379
324.3037170390766,131.52651848732157
324.43079529810444,129.0659031629335
324.5578735571323,131.96574246141694
324.68495181616015,131.26892788290073
324.812030075188,130.3940810698623
324.93910833421586,130.567002918951
325.0661865932437,130.41265949082964
325.19326485227157,130.15118877648177
325.3203431112994,129.05548424093658
325.4474213703273,128.11056527919746
325.5744996293551,127.9500715823641
325.701577888383,127.1207567938211
325.8286561474108,128.82537142243817
325.95573440643864,127.4640485283249
326.0828126654665,127.7379514154714
326.20989092449435,128.76774419710563
326.3369691835222,128.35092577377867
326.46404744255005,128.0447294388556
326.59112570157794,128.62537581874807
326.71820396060576,127.52319221924374
326.84528221963365,126.51075806474138
326.97236047866147,126.70808083706412
327.09943873768935,128.31738220783282
327.2265169967172,126.44670312374035
327.353595255745,128.5424329970975
327.4806735147729,127.12919338613933
327.6077517738007,129.52014110356447
327.7348300328286,127.3368535125203
327.8619082918564,127.12438403053247
327.9889865508843,129.58314383734987
328.11606480991213,126.80466256231728
328.24314306894,127.7982954416051
328.37022132796784,130.31664026342077
328.49729958699567,128.34788187942448
328.62437784602355,127.98650801146165
328.7514561050514,127.07527207138156
328.87853436407926,127.85830446943895
329.0056126231071,127.50215003046972
329.13269088213497,128.88365751122834
329.2597691411628,128.57276862550077
329.3868474001907,128.48262749948444
329.5139256592185,129.51212048147215
329.6410039182463,130.15100290283144
329.7680821772742,128.38625485884126
329.89516043630204,128.3491852776992
330.0222386953299,129.20751799003597
330.14931695435774,129.12747432559212
330.2763952133856,129.43577329896723
330.40347347241345,129.76661597475646
330.53055173144134,128.6809677514205
330.65762999046916,129.68551528326887
330.78470824949704,129.74625861911858
330.91178650852487,128.50983768121114
331.0388647675527,129.5274146172206
331.1659430265806,126.34128464824713
331.2930212856084,130.08245832490374
331.4200995446363,130.28787618129002
331.5471778036641,128.66378895447966
331.674256062692,128.30626272663912
331.8013343217198,129.90632898844333
331.9284125807477,126.81383227074677
332.05549083977553,127.31455426274415
332.18256909880336,127.99365325498933
332.30964735783124,127.72082546270778
332.43672561685906,127.09980379191575
332.56380387588695,126.1518514631686
332.6908821349148,128.30544618541987
332.81796039394266,126.25181361373345
332.9450386529705,128.1019012118088
333.07211691199836,127.955725288964
333.1991951710262,127.4826550590166
333.326273430054,128.77520787058143
333.4533516890819,125.32527652504005
333.5804299481097,127.94062638880541
333.7075082071376,124.64377742896598
333.83458646616543,126.49575104069702
333.9616647251933,124.44989906081247
334.08874298422114,124.43809529634217
334.215821243249,125.09523475866624
334.34289950227685,124.02657142454791
334.4699777613047,124.38266757149732
334.59705602033256,124.70650304534306
334.7241342793604,124.31103699975452
334.85121253838827,123.00580072809548
334.9782907974161,121.31501369904564
335.105369056444,122.39085584672664
335.2324473154718,121.18929827369958
335.3595255744997,121.99029865149893
335.4866038335275,123.6766226688652
335.6136820925554,121.70010027280387
335.7407603515832,120.30384935761964
335.86783861061105,121.54837816791922
335.9949168696389,120.39453579241551
336.12199512866675,119.8366804348402
336.24907338769464,120.72703559280103
336.37615164672246,120.00044770870453
336.50322990575035,119.13790770563766
336.63030816477817,118.4624565511471
336.75738642380605,117.87456903448238
336.8844646828339,119.81617808425153
337.0115429418617,118.23732778550034
337.1386212008896,116.51743001692525
337.2656994599174,116.1939284018372
337.3927777189453,116.69611232523862
337.5198559779731,117.76193473161014
337.646934237001,117.45657490790104
337.77401249602883,116.32949719354198
337.9010907550567,115.6526736139558
338.02816901408454,117.2992160501419
338.15524727311237,114.66067631209621
338.28232553214025,117.82281784931507
338.4094037911681,117.95649745524301
338.53648205019596,116.45878413846727
338.6635603092238,116.51963858922285
338.79063856825167,116.35423259437887
338.9177168272795,118.29187982317663
339.0447950863074,115.93527772533733
339.1718733453352,118.5321016173627
339.2989516043631,117.09803367849845
339.4260298633909,116.47609388802903
339.55310812241873,118.26268885868045
339.6801863814466,117.40209045300303
339.80726464047444,116.68681097265505
339.9343428995023,116.44825597418631
340.06142115853015,115.21536270591608
340.18849941755803,116.25671576146694
340.31557767658586,116.85568669138657
340.44265593561374,117.23651745929098
340.56973419464157,116.36604168688339
340.6968124536694,115.2333160254799
340.8238907126973,115.38101665527552
340.9509689717251,116.43862260586351
341.078047230753,116.12076687242558
341.2051254897808,116.68016825085249
341.3322037488087,116.27870856439357
341.4592820078365,116.12065471611852
341.5863602668644,116.99519821286934
341.71343852589223,117.82863788688178
341.84051678492006,115.178789038907
341.96759504394794,115.35860433186188
342.09467330297576,116.86781374478882
342.22175156200365,115.26500061361071
342.3488298210315,114.79898663846437
342.47590808005936,116.25303732958575
342.6029863390872,115.89658789259902
342.73006459811506,116.06808485482605
342.8571428571429,116.11577520999784
342.9842211161707,114.79800286753597
343.1112993751986,113.76818153842677
343.2383776342264,113.74824995097511
343.3654558932543,115.18602261642083
343.49253415228213,113.11166826016097
343.61961241131,115.3871106186971
343.74669067033784,112.6084430349994
343.8737689293657,115.35481642312321
344.00084718839355,113.42073868430172
344.12792544742143,114.39732663510173
344.25500370644926,113.83185350097179
344.3820819654771,113.59913421046811
344.50916022450497,112.38504949493938
344.6362384835328,110.61599808021711
344.7633167425607,111.94922383910666
344.8903950015885,110.37567104133967
345.0174732606164,111.24565179623605
345.1445515196442,111.6605018559197
345.2716297786721,110.31887266799367
345.3987080376999,111.75399490099923
345.52578629672774,110.16681806958853
345.6528645557556,110.39685056226286
345.77994281478345,110.8875167489706
345.90702107381134,109.64240724873656
346.03409933283916,108.20469976544683
346.16117759186704,110.33436407208868
346.28825585089487,109.01833908861155
346.41533410992275,109.04212935781571
346.5424123689506,108.81973035263437
346.6694906279784,108.25937579540027
346.7965688870063,108.21801308183177
346.9236471460341,106.15581513344769
347.050725405062,106.44000852376244
347.1778036640898,108.55311180485447
347.3048819231177,105.90553160328793
347.43196018214553,108.154618770734
347.5590384411734,107.38091742058559
347.68611670020124,107.14484416277256
347.8131949592291,106.52191005060429
347.94027321825695,106.63970712807763
348.0673514772848,107.11244493122345
348.19442973631266,106.33095830749241
348.3215079953405,107.28909475642837
348.44858625436837,106.64797774406853
348.5756645133962,106.02772664228888
348.7027427724241,106.44521658503555
348.8298210314519,106.78693109675805
348.9568992904798,107.15599031800564
349.0839775495076,107.48254429622409
349.21105580853543,107.0209239301035
349.3381340675633,107.19094433779095
349.46521232659114,107.6000193919252
349.592290585619,108.86322169439154
349.71936884464685,108.59861797369568
349.84644710367473,108.87442993399354
349.97352536270256,105.37757274138373
350.10060362173044,104.91270352426545
350.22768188075827,108.05323954217405
350.3547601397861,109.59918569854946
350.481838398814,108.25433774955081
350.6089166578418,108.65486727570367
350.7359949168697,108.65478751318055
350.8630731758975,107.79609239353066
350.9901514349254,107.75847873757054
351.1172296939532,108.69635748113399
351.2443079529811,108.81633679431505
351.37138621200893,108.46884749058823
351.49846447103675,106.9890131423879
351.62554273006464,109.65392380079219
351.75262098909246,107.20774083355072
351.87969924812035,108.78074541839852
352.0067775071482,109.23258976654799
352.13385576617605,107.08767415865834
352.2609340252039,107.82994032424259
352.38801228423176,108.38737575330745
352.5150905432596,108.66142214725922
352.6421688022875,106.50847591382092
352.7692470613153,107.49054801412007
352.8963253203431,106.43350562304146
353.023403579371,108.48020175630673
353.15048183839883,106.72396619711662
353.2775600974267,106.70925094438448
353.40463835645454,107.20157362852154
353.5317166154824,108.04923234553385
353.65879487451025,108.87329091132037
353.78587313353813,105.84797018724112
353.91295139256596,105.35118909652917
354.0400296515938,106.39103148079703
354.16710791062167,105.26138448959122
354.2941861696495,106.88939437043297
354.4212644286774,105.6221673122558
354.5483426877052,106.44542483556997
354.6754209467331,106.746438553713
354.8024992057609,106.14158292375792
354.9295774647888,103.89885990940002
355.0566557238166,106.20451269934836
355.18373398284444,104.26130106495934
355.3108122418723,103.59925372709525
355.43789050090015,105.91975031024435
355.56496875992804,106.18507018774042
355.69204701895586,104.49364000508102
355.81912527798374,103.74387140382791
355.94620353701157,103.50271795397529
356.07328179603945,102.70514285695327
356.2003600550673,103.08027309603168
356.32743831409516,103.53254064409552
356.454516573123,103.21353521691732
356.5815948321508,101.52290402689755
356.7086730911787,102.54947069996443
356.8357513502065,102.9720388420714
356.9628296092344,102.81403011100358
357.08990786826223,103.85421976570976
357.2169861272901,101.4739172787583
357.34406438631794,102.2072186578965
357.4711426453458,102.92142693857869
357.59822090437365,101.84949769638312
357.7252991634015,101.91355496708498
357.85237742242936,101.70964650902016
357.9794556814572,103.95820326885988
358.10653394048506,101.38347626149846
358.2336121995129,103.55592819639243
358.3606904585408,101.02007345418997
358.4877687175686,101.19244414246106
358.6148469765965,102.43194898544024
358.7419252356243,101.33500367218298
358.86900349465213,101.24701008647614
358.99608175368,102.70040206896302
359.12316001270784,102.59689614033854
359.2502382717357,102.68235773168793
359.37731653076355,103.42604650497917
359.50439478979143,104.13612746799332
359.63147304881926,104.02740386126257
359.75855130784714,103.25808360514264
359.88562956687497,102.37976881917456
360.0127078259028,104.54298725150164
360.1397860849307,105.13214588570445
360.2668643439585,104.36251015042292
360.3939426029864,103.85894718055911
360.5210208620142,105.09117860410556
360.6480991210421,104.33129311551228
360.7751773800699,105.23399548825165
360.9022556390978,104.00598442462669
361.0293338981256,106.34567884351901
361.1564121571535,105.14776113752126
361.28349041618134,105.32114284919423
361.41056867520916,105.5269575712209
361.53764693423705,103.83250323873264
361.66472519326487,104.29186454045791
361.79180345229275,105.30117909892547
361.9188817113206,105.96556669587748
362.04595997034846,108.11841338726676
362.1730382293763,105.4339432595346
362.30011648840417,106.52206052704064
362.427194747432,105.71017324813455
362.5542730064598,106.07403381231467
362.6813512654877,106.58220502161689
362.80842952451553,105.3567303443592
362.9355077835434,108.36949687208391
363.06258604257124,106.26810180496173
363.1896643015991,106.70402106643397
363.31674256062695,104.51802066721689
363.44382081965483,105.90609554579132
363.57089907868266,106.17071486247355
363.6979773377105,105.45190183721469
363.82505559673837,106.09983762091588
363.9521338557662,105.64872198155693
364.0792121147941,106.565492907052
364.2062903738219,107.6486273119597
364.3333686328498,105.6646674839081
364.4604468918776,104.919530870755
364.5875251509055,107.0755966892605
364.7146034099333,104.949289199643
364.8416816689612,105.74962784045913
364.968759927989,106.73980321298887
365.09583818701685,104.68025461316977
365.22291644604474,104.59258677389825
365.34999470507256,104.93293719081512
365.47707296410044,103.66572729251482
365.60415122312827,106.03224581365687
365.73122948215615,104.77528049841405
365.858307741184,105.1914572751999
365.98538600021186,106.0264494508069
366.1124642592397,103.41534885488386
366.2395425182675,104.08723475451586
366.3666207772954,104.07729629277209
366.4936990363232,103.58121185002243
366.6207772953511,103.35668410159104
366.74785555437893,102.39545590661253
366.8749338134068,102.93646706441686
367.00201207243464,103.12075648536788
367.1290903314625,103.75872925354756
367.25616859049035,102.56428218150761
367.3832468495182,103.23637926090237
367.51032510854606,105.66770372959243
367.6374033675739,102.14031816960241
367.76448162660176,103.26299660551427
367.8915598856296,102.18779958007774
368.0186381446575,103.74099792137423
368.1457164036853,103.91621213919066
368.2727946627132,105.69670838527895
368.399872921741,104.43861586093345
368.52695118076883,104.75325008285257
368.6540294397967,103.4952217438157
368.78110769882454,105.68513538742664
368.9081859578524,103.9303146028452
369.03526421688025,104.92390116060905
369.16234247590813,106.17026254686576
369.28942073493596,104.47446671361413
369.41649899396384,108.19934295615022
369.54357725299167,107.01595660667421
369.67065551201955,105.89023045095787
369.7977337710474,106.61266722202907
369.9248120300752,107.30289107087351
370.0518902891031,107.44607402684667
370.1789685481309,107.31014760515086
370.3060468071588,107.79407001321555
370.4331250661866,105.73529297931887
370.5602033252145,107.29966289417032
370.6872815842423,109.32273059215295
370.8143598432702,109.18176561709723
370.94143810229804,108.56063999865279
371.06851636132586,107.82214935015784
371.19559462035375,108.21012064911983
371.32267287938157,111.00558793166357
371.44975113840945,108.91287130571337
371.5768293974373,110.00543019565652
371.70390765646516,108.83607962492083
371.830985915493,110.9111530121095
371.95806417452087,109.749846640123
372.0851424335487,111.46671954602921
372.2122206925765,111.23877507801708
372.3392989516044,111.30016712757282
372.46637721063223,110.25364619254256
372.5934554696601,109.48439144368766
372.72053372868794,111.78097550432611
372.8476119877158,111.19496147124434
372.97469024674365,112.50630075587891
373.10176850577153,112.4114546669258
373.22884676479936,111.3508409668094
373.35592502382724,112.53025639973265
373.48300328285507,109.70830294064844
373.6100815418829,110.39226965219972
373.7371598009108,111.80719769688758
373.8642380599386,111.80514925346014
373.9913163189665,111.85067313644635
374.1183945779943,111.00817324154703
374.2454728370222,110.07395274058607
374.37255109605,113.06018171542544
374.4996293550779,111.7890567887345
374.6267076141057,110.50726096449937
374.75378587313355,110.26837647094115
374.88086413216143,110.46700011635738
375.00794239118926,111.6316408367174
375.13502065021714,111.30686882807805
375.26209890924497,112.32938501388843
375.38917716827285,111.10646165647377
375.5162554273007,110.67964365133886
375.64333368632856,111.54583290251415
375.7704119453564,108.81023422324824
375.8974902043842,112.21542004066427
376.0245684634121,111.60964216298228
376.1516467224399,110.78875237155526
376.2787249814678,111.90333196136255
376.40580324049563,111.0978830778405
376.5328814995235,112.28138007681214
376.65995975855134,109.0827015566164
376.7870380175792,112.03614039364342
376.91411627660705,112.39149287396066
377.0411945356349,110.74695313137181
377.16827279466276,111.9169066059214
377.2953510536906,112.26820878256653
377.42242931271846,111.97391229810727
377.5495075717463,112.34342463117139
377.6765858307742,111.65049891717797
377.803664089802,113.04734507678575
377.9307423488299,114.3048406728522
378.0578206078577,111.13324978021888
378.1848988668856,112.74441546116778
378.3119771259134,113.7108430732894
378.43905538494124,112.67344550216646
378.5661336439691,114.15936087220837
378.69321190299695,114.68478353301103
378.82029016202483,112.7620628099112
378.94736842105266,113.82587468892507
379.07444668008054,113.67968852470104
379.20152493910837,115.00917920404245
379.32860319813625,115.9341709493682
379.4556814571641,116.37820409835464
379.5827597161919,114.65619218141137
379.7098379752198,116.6172672448046
379.8369162342476,115.32527434255833
379.9639944932755,116.9496714370331
380.0910727523033,117.30593298851112
380.2181510113312,117.4480523567228
380.345229270359,117.9259299914785
380.4723075293869,117.5292121370991
380.59938578841474,117.31843524187164
380.72646404744256,117.38653730447498
380.85354230647044,118.85601818857256
380.98062056549827,120.5038723692923
381.10769882452615,117.92550480944723
381.234777083554,118.68301636803585
381.36185534258186,120.11585352573884
381.4889336016097,121.12224766407556
381.61601186063757,121.23605957413125
381.7430901196654,121.48079635113479
381.8701683786933,120.85227205858682
381.9972466377211,119.55606625070487
382.12432489674893,120.84375673593807
382.2514031557768,122.12571056641463
382.37848141480464,122.45564246612074
382.5055596738325,119.68503813482148
382.63263793286035,121.20760777755376
382.75971619188823,122.93471664941791
382.88679445091606,121.86823175880507
383.01387270994394,122.05236595965145
383.14095096897177,122.04872616052828
383.2680292279996,122.2526542962343
383.3951074870275,122.0441740092306
383.5221857460553,122.06645317675701
383.6492640050832,122.79290326147027
383.776342264111,124.145851608972
383.9034205231389,122.67087655813438
384.0304987821667,122.62794460200777
384.1575770411946,123.45624575899723
384.2846553002224,121.37093772251379
384.41173355925025,122.36537901643005
384.53881181827813,123.93440983076678
384.66589007730596,122.44274464664181
384.79296833633384,121.89168714219876
384.92004659536167,122.41604845867678
385.04712485438955,122.12894476419275
385.1742031134174,121.5501931767185
385.30128137244526,121.9405774877329
385.4283596314731,121.59886011976917
385.5554378905009,122.84350464191809
385.6825161495288,123.34076443878973
385.8095944085566,122.2184211613927
385.9366726675845,122.51958997036868
386.06375092661233,121.69581934896691
386.1908291856402,122.81497574993068
386.31790744466804,123.6298530024184
386.4449857036959,123.00862151385236
386.57206396272375,124.33271324157211
386.69914222175163,123.02628721869607
386.82622048077945,122.0472441231238
386.9532987398073,122.3479222217856
387.08037699883516,123.50930601853304
387.207455257863,123.5100291576236
387.3345335168909,122.44373475291164
387.4616117759187,123.96902953518877
387.5886900349466,123.94048604249004
387.7157682939744,125.47453925030247
387.8428465530023,123.84634619991445
387.9699248120301,122.44179039532678
388.09700307105794,125.16944278347052
388.2240813300858,124.87840644455099
388.35115958911365,124.68865724931668
388.47823784814153,126.6205147450406
388.60531610716936,124.93793124604707
388.73239436619724,126.49416934832821
388.85947262522507,127.63594212233512
388.98655088425295,127.47227355869614
389.1136291432808,126.36960719154523
389.2407074023086,128.14587789080574
389.3677856613365,125.10768365202502
389.4948639203643,127.26915093090315
389.6219421793922,128.0406174534954
389.74902043842,129.83305102651713
389.8760986974479,128.1902269944337
390.0031769564757,125.93461014914664
390.1302552155036,128.4305534223073
390.25733347453144,127.05726572825823
390.3844117335593,129.53457740997152
390.51148999258714,129.12604628296512
390.63856825161497,128.82870135202452
390.76564651064285,130.4900026270607
390.8927247696707,128.8535038508683
391.01980302869856,128.4594479908701
391.1468812877264,129.46958173002105
391.27395954675427,127.82462801861953
391.4010378057821,129.82409624294493
391.52811606481,128.40865797451497
391.6551943238378,129.71835264177378
391.78227258286563,130.99214021650377
391.9093508418935,130.86497085324652
392.03642910092134,129.6173497573422
392.1635073599492,131.38973787058862
392.29058561897705,131.34531877948208
392.41766387800493,130.32575729314075
392.54474213703276,129.8346432049555
392.67182039606064,128.4119991713982
392.79889865508846,130.96777338634863
392.9259769141163,129.50352266121428
393.0530551731442,131.080989120963
393.180133432172,130.81781664349546
393.3072116911999,128.67628659530578
393.4342899502277,129.48381925759864
393.5613682092556,130.733004251277
393.6884464682834,130.79126369917478
393.8155247273113,128.02316583371456
393.9426029863391,129.84991812706457
394.06968124536695,129.98794848688567
394.19675950439483,129.25314982158247
394.32383776342266,130.65633660233811
394.45091602245054,129.34288014565297
394.57799428147837,128.23548208580544
394.70507254050625,130.23995942314122
394.8321507995341,130.05206271932536
394.95922905856196,128.65068218549274
395.0863073175898,130.8100622076512
395.21338557661767,127.16965386454146
395.3404638356455,130.53407785658604
395.4675420946733,126.61607691828573
395.5946203537012,127.9209684585853
395.721698612729,127.87729032657501
395.8487768717569,128.84201415661835
395.97585513078474,126.02352862621404
396.1029333898126,126.417199322407
396.23001164884045,128.38355542264486
396.3570899078683,127.84897156161097
396.48416816689615,126.59056536712272
396.611246425924,128.37113158053754
396.73832468495186,127.4254078113636
396.8654029439797,128.52669103601534
396.99248120300757,126.42386818276358
397.1195594620354,125.3037410555932
397.2466377210633,125.92801868226078
397.3737159800911,125.15929958794676
397.500794239119,127.93182028982571
397.6278724981468,125.81776931935916
397.75495075717464,126.81978822735057
397.8820290162025,126.26919878972937
398.00910727523035,125.78430641417103
398.13618553425823,127.20296227733219
398.26326379328606,124.72391541211272
398.39034205231394,124.39023331021926
398.51742031134177,126.35759991706628
398.64449857036965,125.95787302398227
398.7715768293975,127.2043591853536
398.8986550884253,125.79912001031725
399.0257333474532,127.3600486076059
399.152811606481,127.29733937843432
399.2798898655089,127.80219838353301
399.4069681245367,126.4314251040038
399.5340463835646,126.29218239210873
399.6611246425924,127.60884888448035
399.7882029016203,126.20853428561493
399.91528116064814,129.44444561674132
400.042359419676,128.22356495276375
400.16943767870384,128.6741932173371
400.29651593773167,128.8308278087451
400.42359419675955,129.61612272011374
400.5506724557874,128.46086714711504
400.67775071481526,129.3872298931491
400.8048289738431,129.30392834584308
400.93190723287097,129.73055161211715
401.0589854918988,130.00840451428297
401.1860637509267,129.37457098014184
401.3131420099545,130.33510240686442
401.44022026898233,128.98697737416023
401.5672985280102,128.79267392692446
401.69437678703804,131.73517511745024
401.8214550460659,129.33186378400046
401.94853330509375,131.15725857610195
402.07561156412163,130.71802857817337
402.20268982314946,129.89338990466544
402.32976808217734,130.43952508555284
402.45684634120516,129.68518110858045
402.583924600233,131.80910575244877
402.7110028592609,130.1221782866854
402.8380811182887,130.87197784117808
402.9651593773166,130.1019113532632
403.0922376363444,130.70706423035804
403.2193158953723,131.28983476579347
403.3463941544001,131.39731667218803
403.473472413428,129.51405756967296
403.6005506724558,130.33260565259764
403.7276289314837,130.68693490971538
403.85470719051153,128.68628571716056
403.98178544953936,131.204620829889
404.10886370856724,129.70965638298875
404.23594196759507,130.7305260310157
404.36302022662295,127.98402719290335
404.4900984856508,129.2632240781062
404.61717674467866,128.85803381457384
404.7442550037065,129.7751305980877
404.87133326273437,127.86402881515434
404.9984115217622,128.81334567461457
405.12548978079,129.38632120773298
405.2525680398179,128.88423360445833
405.3796462988457,128.420324002289
405.5067245578736,128.12708901677104
405.63380281690144,127.1056031837389
405.7608810759293,127.54579751437059
405.88795933495715,128.07508246003692
406.015037593985,126.32554361931821
406.14211585301285,127.76373471860501
406.2691941120407,127.35885159286607
406.39627237106856,128.5179525941527
406.5233506300964,127.24281644802087
406.65042888912427,127.93064106890483
406.7775071481521,127.35051411902255
406.90458540718,127.23447268403272
407.0316636662078,124.8911837027802
407.1587419252357,125.62030335174617
407.2858201842635,126.52280924736321
407.41289844329134,124.42485599551812
407.5399767023192,125.81562009519662
407.66705496134705,125.91504838692727
407.79413322037493,126.47118333762401
407.92121147940276,126.6993491258008
408.04828973843064,125.34070641245606
408.17536799745847,126.7922692885451
408.30244625648635,126.69110210998959
408.4295245155142,126.67602378486554
408.55660277454206,126.86442519967567
408.6836810335699,127.97604907595642
408.8107592925977,127.4386726342811
408.9378375516256,127.36667725502777
409.0649158106534,127.82548345429706
409.1919940696813,126.88329391342303
409.3190723287091,126.19768302924868
409.446150587737,125.71974180964784
409.57322884676483,126.53586524306316
409.7003071057927,128.48090492391486
409.82738536482054,127.93268736886564
409.95446362384837,128.2015397937555
410.08154188287625,128.77925227011846
410.2086201419041,127.82173126026477
410.33569840093196,129.83608112363186
410.4627766599598,128.77846144901403
410.58985491898767,129.90605631142435
410.7169331780155,128.72719838121344
410.8440114370434,130.42538153499004
410.9710896960712,128.13700044828215
411.09816795509903,129.45953942919985
411.2252462141269,130.4518159727874
411.35232447315474,129.46343014608274
411.4794027321826,131.51561515518745
411.60648099121045,130.12309830362875
411.73355925023833,130.2685247532361
411.86063750926616,128.94375555860165
411.98771576829404,131.05401369340183
412.11479402732186,128.43028252450304
412.24187228634975,131.06631094305746
412.3689505453776,131.0900719216367
412.4960288044054,130.44232994127788
412.6231070634333,129.3732798216887
412.7501853224611,130.1793309136938
412.877263581489,130.99309159719454
413.0043418405168,129.96810949541606
413.1314200995447,130.32655042418048
413.2584983585725,129.4318357208141
413.3855766176004,130.03881729174407
413.51265487662823,129.47570051176132
413.63973313565606,130.60972724980968
413.76681139468394,129.19944675464663
413.89388965371177,129.85296448556883
414.02096791273965,129.30952259070637
414.1480461717675,129.55054469132244
414.27512443079536,128.5821940187045
414.4022026898232,129.61705917289225
414.52928094885107,128.8317649798099
414.6563592078789,127.07039788980997
414.7834374669067,128.52720954022655
414.9105157259346,129.44469941165
415.0375939849624,127.40926608240493
415.1646722439903,127.49170670570406
415.29175050301814,127.55782959181913
415.418828762046,125.74536389366325
415.54590702107384,126.03323435906348
415.6729852801017,126.82927321882765
415.80006353912955,126.51329461128351
415.9271417981574,127.39332904846516
416.05422005718526,126.96929913718277
416.1812983162131,126.62507414109571
416.30837657524097,125.99237985820254
416.4354548342688,128.33230633853395
416.5625330932967,126.15216975027623
416.6896113523245,125.52446344404781
416.8166896113524,126.81564292026435
416.9437678703802,124.89359939232192
417.0708461294081,126.21139439524048
417.1979243884359,126.09727907318079
417.32500264746375,125.15594231507549
417.45208090649163,126.96146583891448
417.57915916551946,126.02905912827444
417.70623742454734,125.13445867210514
417.83331568357517,125.1453750509344
417.96039394260305,125.90625038960721
418.0874722016309,125.10170464881884
418.21455046065876,127.69964928487116
418.3416287196866,126.61385502731524
418.4687069787144,125.03894947718781
418.5957852377423,125.72772866331654
418.7228634967701,124.89701491614571
418.849941755798,125.52424257990694
418.9770200148258,128.30966746848927
419.1040982738537,126.25286292924773
419.23117653288153,126.2803781058361
419.3582547919094,127.09670881447836
419.48533305093724,128.93469568378953
419.61241130996507,127.01381175363831
419.73948956899295,126.67511569666071
419.8665678280208,128.56684142301324
419.99364608704866,128.75703330684178
420.1207243460765,128.09970303115733
420.24780260510437,127.00425256272761
420.3748808641322,127.79767059631035
420.5019591231601,127.85879695911719
420.6290373821879,127.32508114848234
420.7561156412158,129.28013512136732
420.8831939002436,128.06820002512035
421.01027215927144,129.84529523170193
421.1373504182993,128.7642890649968
421.26442867732715,129.40499031463906
421.39150693635503,128.59142443476028
421.51858519538285,127.52626912551989
421.64566345441074,131.01688009791292
421.77274171343856,129.23116585501486
421.89981997246645,128.21227236961673
422.0268982314943,130.19617217132438
422.1539764905221,129.25927420176134
422.28105474955,128.94506668831073
422.4081330085778,129.30771783161197
422.5352112676057,129.1234066122811
422.6622895266335,130.07617519072704
422.7893677856614,131.1830014766618
422.9164460446892,128.63601395848002
423.0435243037171,130.84190359878903
423.17060256274493,130.49836177037497
423.29768082177276,129.3823856080447
423.42475908080064,129.87792786157294
423.55183733982847,129.10119954891044
423.67891559885635,129.51013332972332
423.8059938578842,129.37512080948986
423.93307211691206,129.7044447327093
424.0601503759399,127.80898450511916
424.18722863496777,129.16979483252172
424.3143068939956,128.66456976375088
424.4413851530234,128.32036528078874
424.5684634120513,127.37426985443156
424.6955416710791,128.2316069494733
424.822619930107,129.91377958136144
424.94969818913484,128.9583360064282
425.0767764481627,128.09784783326214
425.20385470719054,128.05211057920332
425.3309329662184,126.08422017062196
425.45801122524625,127.97958900647363
425.58508948427414,127.22663956115869
425.71216774330196,128.34513272223649
425.8392460023298,128.00696737585676
425.96632426135767,126.41877926477214
426.0934025203855,127.8075786957768
426.2204807794134,127.72411188202855
426.3475590384412,127.04424401558741
426.4746372974691,126.62255027252957
426.6017155564969,126.08260061422072
426.7287938155248,126.7383948447273
426.8558720745526,126.73992672396439
426.98295033358045,125.24543757959292
427.11002859260833,125.70119603135831
427.23710685163616,125.7456698226116
427.36418511066404,124.28954115235476
427.49126336969186,124.17068270165895
427.61834162871975,126.15207658913644
427.7454198877476,126.64768470990919
427.87249814677546,122.62662458120201
427.9995764058033,125.91600352926432
428.1266546648311,127.33521726117047
428.253732923859,125.21658057723559
428.3808111828868,125.20724754585301
428.5078894419147,127.15996214452545
428.6349677009425,124.84509932422628
428.7620459599704,125.37675941512005
428.88912421899823,128.25414104159927
429.0162024780261,126.00554652178812
429.14328073705394,128.2730828827129
429.2703589960818,126.92793685688817
429.39743725510965,125.59600814928463
429.5245155141375,126.89039538299619
429.65159377316536,126.94116572081404
429.7786720321932,126.68956952382217
429.90575029122107,127.96091891527466
430.0328285502489,127.52456737919873
430.1599068092768,129.08347763007154
430.2869850683046,127.46833812001762
430.4140633273325,129.72075643667745
430.5411415863603,129.07417710803017
430.66821984538814,128.44407864326934
430.795298104416,130.63787040799104
430.92237636344385,129.13061012665784
431.0494546224717,130.2101531230438
431.17653288149955,128.41075640842047
431.30361114052744,129.3870111469695
431.43068939955526,129.48453939225945
431.55776765858315,130.55645852935385
431.68484591761097,128.5703342337991
431.8119241766388,128.95556047557636
431.9390024356667,129.92833315421657
432.0660806946945,129.8583639297731
432.1931589537224,129.3969353871887
432.3202372127502,128.80180967659123
432.4473154717781,130.87277733571122
432.5743937308059,130.240598417012
432.7014719898338,129.28776348537968
432.82855024886163,129.09431571315704
432.95562850788946,129.58071504272118
433.08270676691734,129.85669668089182
433.20978502594517,129.74912877157584
433.33686328497305,128.0605196390545
433.4639415440009,129.09935057143525
433.59101980302876,128.31623297212926
433.7180980620566,128.4407932436489
433.84517632108447,129.26897346083842
433.9722545801123,130.24636370089033
434.0993328391402,130.285742648609
434.226411098168,127.89760322411658
434.3534893571958,130.08875023636577
434.4805676162237,128.277615703179
434.60764587525154,126.80331625307926
434.7347241342794,127.69880694806848
434.86180239330724,127.74734500810445
434.9888806523351,126.38987766286398
435.11595891136295,126.72220007513711
435.24303717039083,130.61174930047798
435.37011542941866,126.85354242862543
435.4971936884465,126.07746951655812
435.62427194747437,126.49344786299869
435.7513502065022,125.32494693972043
435.8784284655301,127.0803742547554
436.0055067245579,126.14565773196249
436.1325849835858,126.60476854455442
436.2596632426136,125.5541742747538
436.3867415016415,126.78377753558293
436.5138197606693,126.02826439976448
436.64089801969715,124.23510625096333
436.76797627872503,124.06440645230094
436.89505453775286,126.87662616013516
437.02213279678074,126.43952105674197
437.14921105580856,127.56364565082497
437.27628931483645,126.40048833951685
437.4033675738643,126.19653058220631
437.53044583289216,125.02669508754835
437.65752409192,127.215390669904
437.78460235094786,123.65412182373768
437.9116806099757,126.12494322514156
438.0387588690035,124.82028497954401
438.1658371280314,125.25470077196906
438.2929153870592,126.31072194140762
438.4199936460871,125.60149360639271
438.54707190511493,127.21253941814783
438.6741501641428,126.38127345468168
438.80122842317064,125.58005691775665
438.9283066821985,126.30821482084619
439.05538494122635,126.85350878256128
439.1824632002542,126.46149000464257
439.30954145928206,127.75050739279652
439.4366197183099,128.4442848347851
439.56369797733777,127.90781911859557
439.6907762363656,127.51671973276282
439.8178544953935,129.41200870827086
439.9449327544213,127.43340367465322
440.0720110134492,127.6616166675526
440.199089272477,127.0139951316931
440.32616753150484,128.48480703162852
440.4532457905327,128.28216334641013
440.58032404956055,127.69527101634439
440.7074023085884,128.22599214253498
440.83448056761625,129.40123169070768
440.96155882664414,128.9913425955464
441.08863708567196,129.40450308268302
441.21571534469984,131.1291484480712
441.34279360372767,129.00326149383574
441.4698718627555,126.57612232001958
441.5969501217834,129.41502307408786
441.7240283808112,127.73135322639592
441.8511066398391,128.79807299509628
441.9781848988669,130.44305342991697
442.1052631578948,129.08943069462418
442.2323414169226,129.83118100584068
442.3594196759505,129.90601325068943
442.48649793497833,130.97575198329884
442.6135761940062,128.6750172958292
442.74065445303404,130.0865804669409
442.86773271206187,128.6898016301297
442.99481097108975,130.22847659637952
443.1218892301176,130.61922628274453
443.24896748914546,127.78933760497144
443.3760457481733,129.04403545671298
443.50312400720117,129.20477795614366
443.630202266229,132.23103103416102
443.7572805252569,128.7878667660271
443.8843587842847,129.423406897117
444.0114370433125,127.20361167952211
444.1385153023404,128.0060289609682
444.26559356136823,126.53183638760179
444.3926718203961,127.82254603484185
444.51975007942394,127.55700951353845
444.6468283384518,127.58634178118459
444.77390659747965,126.88676619744204
444.90098485650753,127.55768321657239
445.02806311553536,126.86488034047682
445.1551413745632,128.56317075753
445.28221963359107,126.93880228440997
445.4092978926189,126.83847361328932
445.5363761516468,126.6088282959129
445.6634544106746,126.37884729588616
445.7905326697025,125.98503464344535
445.9176109287303,126.30824874503513
446.0446891877582,128.47119916020097
446.171767446786,126.83379385225857
446.2988457058139,127.34879423749338
446.42592396484173,125.58168030371996
446.55300222386956,125.73704546706578
446.68008048289744,126.68532631925574
446.80715874192526,124.26696925463536
446.93423700095315,126.55780610167584
447.061315259981,125.75167975779448
447.18839351900886,125.90970734851344
447.3154717780367,124.65536648208236
447.44255003706456,124.82261487744286
447.5696282960924,125.4615013633498
447.6967065551202,125.11422455446134
447.8237848141481,125.80147059033548
447.9508630731759,125.7617063403048
448.0779413322038,126.46783271383859
448.20501959123163,125.68016880071957
448.3320978502595,127.39746444483636
448.45917610928734,125.46437258320444
448.5862543683152,126.29812030622836
448.71333262734305,125.55688997088846
448.8404108863709,124.53298284599038
448.96748914539876,124.09527735140907
449.0945674044266,126.63195780508005
449.22164566345447,126.46603085658691
449.3487239224823,126.00242740380831
449.4758021815102,128.794212850346
449.602880440538,127.22766290220288
449.7299586995659,127.13742818742993
449.8570369585937,127.34147211376396
449.98411521762154,126.57703661572184
450.1111934766494,128.72317743968057
450.23827173567724,126.63350083943888
450.3653499947051,127.88695398547108
450.49242825373295,127.15950616279225
450.61950651276084,127.83513052195968
450.74658477178866,129.2827634473021
450.87366303081654,128.95396416479497
451.00074128984437,126.99819038011842
451.12781954887225,128.94480862897248
451.2548978079001,127.73105401671427
451.3819760669279,128.73599483386914
451.5090543259558,129.69501729729424
451.6361325849836,128.49856995108618
451.7632108440115,129.52875320399409
451.8902891030393,129.24587224450553
452.0173673620672,130.0390424182486
452.14444562109503,129.9792594451869
452.2715238801229,129.87209131883932
452.39860213915074,129.735516854352
452.52568039817857,128.26079122719003
452.65275865720645,129.0126495022206
452.7798369162343,127.60032036205482
452.90691517526216,129.80442623034637
453.03399343429,130.66251638404205
453.16107169331787,129.90419217167224
453.2881499523457,130.7069937589102
453.4152282113736,127.76278429289616
453.5423064704014,127.53400096739827
453.6693847294292,128.42974946753077
453.7964629884571,129.36525372441363
453.92354124748493,128.64067197004385
454.0506195065128,128.0660008582274
454.17769776554064,130.2932940827688
454.3047760245685,128.00064005413688
454.43185428359635,127.03738768206388
454.55893254262423,126.22800397725322
454.68601080165206,129.0504770865419
454.81308906067994,127.49838408463974
454.94016731970777,128.1123391721603
455.0672455787356,126.75611621204322
455.1943238377635,127.4798512758181
455.3214020967913,125.83078082210348
455.4484803558192,126.99103576836018
455.575558614847,127.16314754853319
455.7026368738749,124.86017917626191
455.8297151329027,127.27898170975037
455.9567933919306,126.84235408113192
456.08387165095843,127.42690791407924
456.21094990998625,127.08395515399616
456.33802816901414,126.88999134931372
456.46510642804196,126.5680734971044
456.59218468706985,126.61356516586808
456.7192629460977,124.88452377945791
456.84634120512555,126.49558702573852
456.9734194641534,125.62636214496348
457.10049772318126,125.50669543211559
457.2275759822091,123.76252633799494
457.3546542412369,124.66132113755594
457.4817325002648,123.5602041945072
457.6088107592926,122.47152321463463
457.7358890183205,126.39322408953991
457.86296727734833,126.1000410615188
457.9900455363762,125.19479985541498
458.11712379540404,125.88993985587535
458.2442020544319,125.29579702422211
458.37128031345975,126.72042361935873
458.4983585724876,124.90455523030865
458.62543683151546,126.6124639200656
458.7525150905433,127.38335682417346
458.87959334957117,126.08863847756719
459.006671608599,125.42980628862871
459.1337498676269,126.17388242705638
459.2608281266547,126.36626022314817
459.3879063856826,128.04901835682102
459.5149846447104,128.19778057808108
459.6420629037383,126.26340343630207
459.7691411627661,127.74020462693359
459.89621942179394,129.83782894095452
460.0232976808218,125.92291443022911
460.15037593984965,125.38132093783312
460.27745419887754,128.06807951366775
460.40453245790536,129.29340730077027
460.53161071693324,127.61043048466416
460.65868897596107,127.77161799250264
460.78576723498895,128.41130317415272
460.9128454940168,127.67055428592246
461.0399237530446,128.15272375764414
461.1670020120725,129.1554051313515
461.2940802711003,128.80860789834017
461.4211585301282,127.78405879345897
461.548236789156,129.8116039702
461.6753150481839,129.83443651428135
461.80239330721173,127.23361944134696
461.9294715662396,129.03294436947309
462.05654982526744,130.27938200849786
462.18362808429526,129.91373620142247
462.31070634332315,128.99131440466442
462.437784602351,130.29372127860668
462.56486286137886,130.29890231873085
462.6919411204067,128.40996290666143
462.81901937943456,128.12343904878287
462.9460976384624,130.26400637463468
463.0731758974903,129.81887425728405
463.2002541565181,128.02650584034188
463.327332415546,128.96144932911554
463.4544106745738,128.34820554766867
463.58148893360163,128.03584484492546
463.7085671926295,129.03251116230615
463.83564545165734,128.227532715656
463.9627237106852,127.69026410267112
464.08980196971305,127.52983870320642
464.21688022874093,127.21389188287696
464.34395848776876,128.99268266415896
464.47103674679664,127.51400908371185
464.59811500582447,127.09388187915094
464.7251932648523,127.98537661759991
464.8522715238802,126.20890510343905
464.979349782908,126.91378285496027
465.1064280419359,126.69457968691316
465.2335063009637,127.8494017097608
465.3605845599916,127.27875006145648
465.4876628190194,127.2647745090032
465.6147410780473,127.45282060695992
465.7418193370751,126.55126107980834
465.86889759610295,125.94571197509062
465.99597585513084,126.37677343820056
466.12305411415866,127.37917940076544
466.25013237318655,126.16201763331252
466.37721063221437,127.33437820649357
466.50428889124225,125.93636535743703
466.6313671502701,124.23442049970882
466.75844540929796,125.46406720502888
466.8855236683258,125.07572769844546
467.0126019273536,125.87820091753912
467.1396801863815,126.19853448061365
467.2667584454093,124.26873652366687
467.3938367044372,125.00603120954929
467.52091496346503,123.39090723676593
467.6479932224929,125.74599458837528
467.77507148152074,125.35582584632938
467.9021497405486,125.01901739116592
468.02922799957645,124.92164660659715
468.15630625860433,125.69926916111798
468.28338451763216,125.08722698908042
468.41046277666,125.06841399627159
468.53754103568787,125.46512299746696
468.6646192947157,125.56428203511604
468.7916975537436,124.93837408462103
468.9187758127714,126.11065683931959
469.0458540717993,125.94866873411536
469.1729323308271,124.66300384530749
469.300010589855,126.54380538612266
469.4270888488828,126.10615654851837
469.55416710791064,127.33107041230974
469.6812453669385,126.08249105344137
469.80832362596635,126.19330978862106
469.93540188499423,126.52589666012376
470.06248014402206,127.46505431811039
470.18955840304994,127.54807685978804
470.31663666207777,126.60185230885217
470.44371492110565,128.03585213198195
470.5707931801335,128.3080227985676
470.6978714391613,128.58841034065122
470.8249496981892,129.54850275000206
470.952027957217,126.72166041734457
471.0791062162449,128.42986871607891
471.2061844752727,128.16046336420547
471.3332627343006,128.82034218430582
471.46034099332843,128.36190559406023
471.5874192523563,128.75160926816653
471.71449751138414,129.5029434427584
471.841575770412,127.86263077118187
471.96865402943985,129.16561418953813
472.0957322884677,130.7281427821506
472.22281054749556,130.8053686784728
472.3498888065234,129.83630223590154
472.47696706555126,128.84869254602992
472.6040453245791,130.06881218862145
472.731123583607,129.01195047064456
472.8582018426348,130.28164568523837
472.9852801016627,130.56951325807296
473.1123583606905,129.4518267425187
473.23943661971833,128.19162515966974
473.3665148787462,128.88613062928013
473.49359313777404,128.89447829405933
473.6206713968019,128.77157145717288
473.74774965582975,127.13974123360829
473.87482791485763,130.47332441354678
474.00190617388546,128.5485288257994
474.12898443291334,127.33696087087533
474.25606269194117,128.78358390216303
474.383140950969,127.60921873919978
474.5102192099969,126.67002477458311
474.6372974690247,127.54297504930494
474.7643757280526,127.80507802948044
474.8914539870804,127.04629420978779
475.0185322461083,125.77114800384877
475.1456105051361,126.22220957733305
475.272688764164,126.09328575791147
475.3997670231918,125.034204691648
475.52684528221965,127.56553310969328
475.65392354124754,125.22856059971281
475.78100180027536,126.63653940607693
475.90808005930324,125.69048173952658
476.03515831833107,126.90984764421869
476.16223657735895,125.86785013539472
476.2893148363868,126.02679768189236
476.41639309541466,125.74177689995317
476.5434713544425,125.7079723167757
476.67054961347037,125.53960484213047
476.7976278724982,124.91659142507787
476.924706131526,124.73272765049035
477.0517843905539,125.50316389968317
477.17886264958173,125.30420768591024
477.3059409086096,122.58903661343577
477.43301916763744,124.8178725610929
477.5600974266653,125.13481386632631
477.68717568569315,125.17676673678697
477.81425394472103,124.47609527598239
477.94133220374886,125.23834823674474
478.0684104627767,126.27936225931056
478.19548872180457,125.26552484836907
478.3225669808324,126.09867764572573
478.4496452398603,124.54658411269402
478.5767234988881,125.74123577355351
478.703801757916,124.58029586154775
478.8308800169438,128.03982626173988
478.9579582759717,125.7046093700489
479.0850365349995,125.90820084079881
479.21211479402734,127.39678860119722
479.3391930530552,126.70074638518214
479.46627131208305,126.79456184196978
479.59334957111093,126.43987308389491
479.72042783013876,128.0699031942506
479.84750608916664,125.43268723869792
479.97458434819447,127.42136677122575
480.10166260722235,127.61395234535993
480.2287408662502,127.41744466968599
480.35581912527806,126.0393743919711
480.4828973843059,128.20605120356518
480.6099756433337,125.03754159599535
480.7370539023616,126.93106928391012
480.8641321613894,127.11147884482313
480.9912104204173,127.74928623605335
481.11828867944513,125.772283655301
481.245366938473,127.5759064606366
481.37244519750084,126.59674967528657
481.4995234565287,128.09503809950144
481.62660171555655,124.91621570157453
481.7536799745844,125.48303557074362
481.88075823361226,126.63445500944506
482.0078364926401,124.55691789184989
482.13491475166796,127.46641821550209
482.2619930106958,125.34591413374471
482.3890712697237,124.56810985790797
482.5161495287515,124.39766412617
482.6432277877794,126.04095161694012
482.7703060468072,125.61926671392189
482.89738430583503,125.72556693217051
483.0244625648629,123.57553180849595
483.15154082389074,124.67229107371733
483.2786190829186,124.2063053301095
483.40569734194645,122.74032335110748
483.53277560097433,123.6298913186522
483.65985386000216,124.10632492375923
483.78693211903004,121.04468525836423
483.91401037805787,121.33960659952727
484.0410886370857,124.6966382395218
484.1681668961136,121.72551638009736
484.2952451551414,121.37726636024139
484.4223234141693,121.88345595012782
484.5494016731971,123.10566560568506
484.676479932225,121.20451566622377
484.8035581912528,119.6272514689594
484.9306364502807,120.3743086588678
485.0577147093085,118.90521257036963
485.1847929683364,120.05298604917958
485.31187122736424,118.7323403617758
485.43894948639206,120.6487256330752
485.56602774541994,118.37072194342763
485.69310600444777,118.29502753074843
485.82018426347565,118.34707491673693
485.9472625225035,118.62937215621122
486.07434078153136,118.6655554185278
486.2014190405592,117.81778337127787
486.32849729958707,116.17085135753119
486.4555755586149,117.09115614922209
486.5826538176427,116.44094852400156
486.7097320766706,116.12110931042085
486.83681033569843,115.79944779743144
486.9638885947263,116.50917246601821
487.09096685375414,116.74702924524783
487.218045112782,116.01298862810073
487.34512337180985,115.94723678001444
487.47220163083773,115.51044149919176
487.59927988986556,114.66670383759678
487.7263581488934,113.32686948092758
487.85343640792127,115.33424908147988
487.9805146669491,113.69506282953235
488.107592925977,113.28025792361042
488.2346711850048,114.47629341346078
488.3617494440327,115.70543265597853
488.4888277030605,114.142303394198
488.6159059620884,113.42944241770651
488.7429842211162,115.39691931610216
488.8700624801441,116.31148763836234
488.9971407391719,114.41691527959088
489.12421899819975,113.98043182036896
489.25129725722763,113.92146036345628
489.37837551625546,112.64376454547872
489.50545377528334,114.60317616222557
489.63253203431117,114.47714660679654
489.75961029333905,115.25612578973772
489.8866885523669,114.13462337900775
490.01376681139476,115.02054727506189
490.1408450704226,114.95715134694423
490.2679233294504,113.25871526150878
490.3950015884783,116.1183144093109
490.5220798475061,115.45167761088405
490.649158106534,113.50968412534777
490.77623636556183,115.17850312405594
490.9033146245897,114.34989882019616
491.03039288361754,115.73922584917662
491.1574711426454,116.36920836400361
491.28454940167325,116.59995294265441
491.4116276607011,113.03952319655754
491.53870591972895,114.66455407137231
491.6657841787568,112.67440946749117
491.79286243778466,114.5489295539884
491.9199406968125,114.67919084932119
492.0470189558404,113.86734317438491
492.1740972148682,112.04441252988033
492.3011754738961,114.38017184470614
492.4282537329239,114.35413728778782
492.55533199195173,113.63592706788613
492.6824102509796,114.60024215598753
492.80948851000744,112.71490296071319
492.9365667690353,113.9284774610497
493.06364502806315,112.65741396161368
493.19072328709103,114.88321023730954
493.31780154611886,113.59014974246595
493.44487980514674,111.45544093375189
493.57195806417457,110.17556947780889
493.69903632320245,111.18786642646742
493.8261145822303,111.01319289021399
493.9531928412581,110.85282123932015
494.080271100286,111.82279395514303
494.2073493593138,112.60050523366021
494.3344276183417,110.40335098488373
494.4615058773695,110.77683529164835
494.5885841363974,110.07534248476897
494.7156623954252,108.92218002097557
494.8427406544531,106.59021665827409
494.96981891348094,109.88546452383977
495.09689717250876,108.66415610314169
495.22397543153664,109.09903978244394
495.35105369056447,110.52218398060901
495.47813194959235,108.75218495652064
495.6052102086202,105.35496355920083
495.73228846764806,106.61009395989872
495.8593667266759,107.66805347089954
495.98644498570377,108.517292886889
496.1135232447316,103.73092367711101
496.2406015037594,105.78935171220924
496.3676797627873,107.370012397474
496.49475802181513,106.05814079789496
496.621836280843,108.09237885858006
496.74891453987084,105.9636996340487
496.8759927988987,105.89123251170979
497.00307105792655,104.04165131052625
497.13014931695443,105.92028980079317
497.25722757598226,105.40741279574354
497.38430583501014,104.46480955631873
497.51138409403796,105.36307345306315
497.6384623530658,103.76806678026678
497.7655406120937,105.37271830452322
497.8926188711215,103.34522117007438
498.0196971301494,104.07993437836004
498.1467753891772,104.56495092484789
498.2738536482051,104.0599112449655
498.4009319072329,105.08278271861913
498.5280101662608,104.37582909487696
498.6550884252886,104.44560463973158
498.78216668431645,103.82352290388906
498.90924494334433,103.66708148953545
499.03632320237216,105.22360441349724
499.16340146140004,104.41920734001853
499.29047972042787,104.04312237496053
499.41755797945575,105.00263035076932
499.5446362384836,105.81507776671751
499.67171449751146,104.36987165047216
499.7987927565393,102.73188403841638
499.9258710155671,105.52113437956737
500.052949274595,104.55214056544978
500.1800275336228,104.97368453973333
500.3071057926507,104.80491942610678
500.4341840516785,104.96807039913504
500.5612623107064,104.91436607858233
500.68834056973424,105.26740509868578
500.8154188287621,105.52751277977818
500.94249708778995,106.73077535905229
501.06957534681777,104.68442815209026
501.19665360584565,105.00158188205634
501.3237318648735,105.62184985109367
501.45081012390136,104.0995763485117
501.5778883829292,103.39221995718123
501.70496664195707,106.47665337608699
501.8320449009849,107.23507232105611
501.9591231600128,105.75175808951752
502.0862014190406,106.88630618633273
502.2132796780685,104.6535140962448
502.3403579370963,105.94662840229665
502.46743619612414,104.48915585673988
502.594514455152,106.17575222078668
502.72159271417985,105.11428180988128
502.84867097320773,105.15591210391226
502.97574923223556,106.18501348436651
503.10282749126344,105.75982128155832
503.22990575029127,103.74134328764373
503.35698400931915,104.10627014153172
503.484062268347,103.51712942167029
503.6111405273748,105.7362692463129
503.7382187864027,103.82647217660258
503.8652970454305,105.17971782775231
503.9923753044584,103.96721247908339
504.1194535634862,102.51897078523433
504.2465318225141,104.50183287710524
504.3736100815419,103.7944662584549
504.5006883405698,104.33674438211803
504.62776659959763,104.79659843885457
504.75484485862546,102.31566700465727
504.88192311765334,103.83404645274254
505.00900137668117,102.41753662004191
505.13607963570905,101.97092261710681
505.2631578947369,102.17031581294408
505.39023615376476,101.04487765340937
505.5173144127926,102.06095450444843
505.64439267182047,101.12453971912126
505.7714709308483,103.55974458212867
505.8985491898762,100.98388188760543
506.025627448904,100.14844568322205
506.15270570793183,99.91741192933529
506.2797839669597,98.37852199579206
506.40686222598754,99.33829480159999
506.5339404850154,100.6723921763502
506.66101874404325,99.74237875947892
506.78809700307113,98.93691546643926
506.91517526209896,98.66671601947705
507.04225352112684,101.60223827490806
507.16933178015466,99.30598957055088
507.2964100391825,99.19193090318763
507.4234882982104,99.8792423961105
507.5505665572382,98.44120004206701
507.6776448162661,100.10745557507644
507.8047230752939,98.61777977394331
507.9318013343218,98.44705610080482
508.0588795933496,99.1834468491567
508.1859578523775,99.51263171273325
508.3130361114053,100.43270828381102
508.44011437043315,98.79681542750471
508.56719262946103,100.5953428689873
508.69427088848886,99.0935621905013
508.82134914751674,100.39216106484909
508.94842740654457,100.21953559988907
509.07550566557245,100.78306762592217
509.2025839246003,100.47466155847658
509.32966218362816,100.9174559794599
509.456740442656,99.73607422713212
509.5838187016838,101.90244113487128
509.7108969607117,102.55727138150655
509.8379752197395,102.36099400770827
509.9650534787674,100.53565493543971
510.0921317377952,102.49923315255856
510.2192099968231,101.97901706355245
510.34628825585094,102.05100057446488
510.4733665148788,102.37479875304723
510.60044477390664,103.14009881896358
510.7275230329345,102.55904053416936
510.85460129196235,103.59148671055647
510.9816795509902,102.90248540063632
511.10875781001806,104.05886895452727
511.2358360690459,102.92619881618462
511.36291432807377,102.50793282395128
511.4899925871016,104.4183750329002
511.6170708461295,104.80181162650823
511.7441491051573,103.10847260239325
511.8712273641852,103.88596757426383
511.998305623213,103.47923395898847
512.1253838822408,103.61845102805896
512.2524621412687,102.65389387693907
512.3795404002966,103.39645687951129
512.5066186593244,104.09402287449151
512.6336969183523,103.10329161154726
512.7607751773801,104.24015603019855
512.887853436408,105.75756554045225
513.0149316954358,103.28699911122982
513.1420099544637,104.5018788968963
513.2690882134915,103.80855194257575
513.3961664725193,104.96050018730534
513.5232447315473,104.5448949980381
513.6503229905751,104.43138178006019
513.7774012496029,103.62611862125004
513.9044795086307,105.70526760048817
514.0315577676587,104.79336159695035
514.1586360266865,102.29676090472105
514.2857142857143,104.77193625064278
514.4127925447422,101.39362299358892
514.53987080377,103.5065935682295
514.6669490627979,104.6240479889949
514.7940273218258,103.2359231129241
514.9211055808536,103.82616177614057
515.0481838398814,101.87402943782425
515.1752620989093,101.5911338306136
515.3023403579372,101.59135291271156
515.429418616965,102.0651118014883
515.5564968759928,102.15558394089088
515.6835751350206,101.8125339956139
515.8106533940486,102.35716802365846
515.9377316530764,101.47664729901527
516.0648099121042,101.835520754642
516.1918881711321,100.88584380578456
516.31896643016,102.72339973860922
516.4460446891878,103.65083040096589
516.5731229482157,101.12915239340481
516.7002012072435,102.28434811083574
516.8272794662714,99.33426000972487
516.9543577252992,102.3256650430117
517.0814359843271,100.575561115118
517.2085142433549,102.61314692839959
517.3355925023827,101.73427427148381
517.4626707614107,100.64195104605554
517.5897490204385,102.04734950969424
517.7168272794663,101.71586770897338
517.8439055384941,102.6820433198664
517.9709837975221,102.38459795849676
518.0980620565499,101.27390048397314
518.2251403155777,103.11776394059319
518.3522185746056,102.6817917425578
518.4792968336334,102.20320280241077
518.6063750926613,100.95026373519029
518.7334533516891,99.20004733770713
518.860531610717,101.84252416074254
518.9876098697448,102.86280459362565
519.1146881287727,102.51988724847072
519.2417663878006,102.65678765649928
519.3688446468284,103.81548316403419
519.4959229058562,103.53453516493558
519.623001164884,104.16417019829437
519.750079423912,103.55418859748951
519.8771576829398,104.27123691456849
520.0042359419676,106.54054893020731
520.1313142009955,105.84971793991055
520.2583924600234,107.04472006006499
520.3854707190512,104.99219799060344
520.512548978079,107.43763984993228
520.6396272371069,105.37537171329325
520.7667054961347,106.36492562466265
520.8937837551626,108.42865103876039
521.0208620141905,109.086151246062
521.1479402732183,108.86777344559195
521.2750185322461,107.98433088038973
521.4020967912741,107.3833594995771
521.5291750503019,106.41368907040302
521.6562533093297,106.9968923834608
521.7833315683575,107.1293936694491
521.9104098273854,106.85262029545791
522.0374880864133,106.35096247755529
522.1645663454411,110.0962035509173
522.291644604469,108.54908462872936
522.4187228634968,107.61013099844453
522.5458011225247,108.5001894331289
522.6728793815525,109.30631145686499
522.7999576405804,106.64445533547834
522.9270358996082,108.18113649118095
523.054114158636,108.70331330036801
523.181192417664,108.82948147516458
523.3082706766918,109.20427598687374
523.4353489357196,110.17411906680597
523.5624271947474,110.39167497641925
523.6895054537754,109.24169334330833
523.8165837128032,108.97458359106699
523.943661971831,108.72172039036184
524.0707402308589,110.55365179259537
524.1978184898867,108.88457816701245
524.3248967489146,109.95488409314387
524.4519750079425,108.80810482951735
524.5790532669703,109.54310361789292
524.7061315259981,108.96893747043309
524.833209785026,108.88916864463985
524.9602880440539,108.56635202559984
525.0873663030817,108.2257766449084
525.2144445621095,109.40771709217769
525.3415228211375,108.14112232267063
525.4686010801653,108.04081308775659
525.5956793391931,108.52008854967511
525.7227575982209,108.81370385941138
525.8498358572488,109.61351965150016
525.9769141162767,109.08320279682596
526.1039923753045,106.44948940079021
526.2310706343324,109.75456904904652
526.3581488933602,107.81458251625419
526.4852271523881,107.6793653664641
526.612305411416,107.47205030610257
526.7393836704438,109.68691029023275
526.8664619294716,108.53632820746128
526.9935401884994,109.26918823732638
527.1206184475274,110.32453067521705
527.2476967065552,109.1189107259058
527.374774965583,108.91907154551564
527.5018532246108,108.16624580242575
527.6289314836388,108.69668370056125
527.7560097426666,110.16526322319487
527.8830880016944,111.16975485600611
528.0101662607223,110.40286181808942
528.1372445197501,110.77942568861423
528.264322778778,111.19109217811265
528.3914010378058,110.42814656646044
528.5184792968337,111.90676649000888
528.6455575558615,110.59905172242208
528.7726358148894,110.54570174692691
528.8997140739173,111.74926622512979
529.0267923329451,112.9347550178004
529.1538705919729,112.54734318944722
529.2809488510007,110.99342095373268
529.4080271100287,111.85862500740868
529.5351053690565,112.8252747527496
529.6621836280843,112.34080301615701
529.7892618871122,114.42110499937426
529.9163401461401,112.52466098721376
530.0434184051679,113.91668775940859
530.1704966641958,115.42291123408451
530.2975749232236,114.34192536433736
530.4246531822514,115.90129177773032
530.5517314412793,116.04813479770526
530.6788097003072,114.99005493878862
530.805887959335,115.88210210791472
530.9329662183628,114.31205483920255
531.0600444773908,116.09841476519657
531.1871227364186,117.58639814266724
531.3142009954464,118.15125135050069
531.4412792544742,117.75404810446199
531.5683575135021,116.98688783575265
531.69543577253,118.1583030281812
531.8225140315578,119.37609302954509
531.9495922905857,117.88897593451654
532.0766705496135,119.51805017578847
532.2037488086414,117.59427943814454
532.3308270676692,118.67905213074667
532.4579053266971,120.23166198687694
532.5849835857249,119.30340974085158
532.7120618447527,118.16190969668867
532.8391401037807,117.56886981357957
532.9662183628085,119.3823155539397
533.0932966218363,118.50754552114435
533.2203748808641,118.68891129770242
533.3474531398921,119.37666620762884
533.4745313989199,121.61555099985087
533.6016096579477,118.01766771776074
533.7286879169756,119.40348190766069
533.8557661760035,119.49658390975081
533.9828444350313,120.28850710270314
534.1099226940592,120.6141404602879
534.237000953087,120.89892636074656
534.3640792121148,118.81115119729151
534.4911574711427,118.69105218126528
534.6182357301706,119.74702143514064
534.7453139891984,121.93473323228487
534.8723922482262,118.95754836689525
534.9994705072542,119.95334846185673
535.126548766282,120.06469201248083
535.2536270253098,120.17133440499417
535.3807052843376,119.5328471333967
535.5077835433655,118.27516587485937
535.6348618023934,120.87293860439071
535.7619400614212,120.79698580444754
535.889018320449,120.3755423678341
536.0160965794769,119.63611028586732
536.1431748385048,122.18152026894523
536.2702530975326,120.07477108763115
536.3973313565605,118.64155842054316
536.5244096155883,120.19831266090428
536.6514878746161,119.61480502209908
536.7785661336441,120.25530648483065
536.9056443926719,120.8953954418645
537.0327226516997,120.85037375112796
537.1598009107275,119.39745434507432
537.2868791697555,121.97430063071292
537.4139574287833,121.89433595843752
537.5410356878111,122.08630665122121
537.668113946839,121.65287950987802
537.7951922058668,120.67358260564097
537.9222704648947,121.1790458543743
538.0493487239225,123.567469553934
538.1764269829504,120.97788186078598
538.3035052419782,121.01569368082102
538.4305835010061,122.89423446488156
538.557661760034,122.08295506850791
538.6847400190618,122.66408193250697
538.8118182780896,121.86134959952287
538.9388965371174,124.03852982999918
539.0659747961454,121.95427680979925
539.1930530551732,125.29929973642169
539.320131314201,124.57471709285177
539.4472095732289,126.58290224706506
539.5742878322568,124.64724810625876
539.7013660912846,126.66794568149345
539.8284443503125,123.99345188734291
539.9555226093403,126.01661097876631
540.0826008683681,126.48911917194103
540.209679127396,126.54547331207273
540.3367573864239,126.33148258503914
540.4638356454517,127.4677660377084
540.5909139044795,125.1200864387824
540.7179921635075,124.73834257197765
540.8450704225353,128.5909709027699
540.9721486815631,126.76414306796556
541.0992269405909,127.68786711336408
541.2263051996188,126.81757461987625
541.3533834586467,125.38861892053907
541.4804617176745,127.09933621521084
541.6075399767024,129.07155729270934
541.7346182357302,127.08756027049171
541.8616964947581,129.1187498623629
541.988774753786,125.91304590485264
542.1158530128138,127.78992233662078
542.2429312718416,128.23021708341508
542.3700095308695,128.7449836209831
542.4970877898974,128.3955418985248
542.6241660489252,127.09902576121891
542.751244307953,128.54917500224533
542.8783225669808,127.76367531136576
543.0054008260088,129.27475796776574
543.1324790850366,128.3338368375483
543.2595573440644,126.08945935354535
543.3866356030923,128.75791011346573
543.5137138621202,127.77635469549759
543.640792121148,126.78414168972661
543.7678703801759,128.76561385244221
543.8949486392037,127.24781210403795
544.0220268982315,126.98874252460858
544.1491051572594,127.29162084764931
544.2761834162873,125.9707000170242
544.4032616753151,127.72877371611285
544.5303399343429,127.28597777637712
544.6574181933709,127.11304716386402
544.7844964523987,126.71870374135456
544.9115747114265,125.86892129214066
545.0386529704543,127.14361824845867
545.1657312294822,127.95355037105152
545.2928094885101,127.4075363536715
545.4198877475379,123.63224243334884
545.5469660065658,125.9685419389288
545.6740442655936,125.11102156282725
545.8011225246215,126.14970868906632
545.9282007836493,124.48592352444417
546.0552790426772,125.2058891622518
546.182357301705,123.89107664524091
546.3094355607328,124.17953439930024
546.4365138197608,123.88261372730477
546.5635920787886,124.5883928904737
546.6906703378164,123.963177917196
546.8177485968442,124.3703292537414
546.9448268558722,123.79786352648367
547.0719051149,125.38128837318295
547.1989833739278,124.54641868260904
547.3260616329557,125.78332612387301
547.4531398919835,123.11011343691492
547.5802181510114,124.35598162414736
547.7072964100392,126.09810626719411
547.8343746690671,124.44389209183872
547.9614529280949,124.68369411910005
548.0885311871228,124.0648748102527
548.2156094461507,123.94312119748139
548.3426877051785,123.77544613263592
548.4697659642063,123.39663163702079
548.5968442232341,123.42175878376719
548.7239224822621,126.37917844765512
548.8510007412899,124.75672673658109
548.9780790003177,124.90138690280791
549.1051572593456,124.2460614724941
549.2322355183735,125.29215611407896
549.3593137774013,124.49867438484227
549.4863920364292,123.91324787950667
549.613470295457,123.97028827279115
549.7405485544848,124.37275825349926
549.8676268135127,125.37168942503118
549.9947050725406,123.83931251360136
550.1217833315684,125.49055251596099
550.2488615905962,125.80746058806929
550.3759398496242,126.30190499291663
550.503018108652,126.03428012125227
550.6300963676798,125.6596633904891
550.7571746267076,127.33245111735626
550.8842528857356,126.44256536655301
551.0113311447634,127.30315677513293
551.1384094037912,126.23349830019905
551.265487662819,127.15754425314753
551.3925659218469,124.97980840535021
551.5196441808748,127.98944117012145
551.6467224399026,130.08408228700654
551.7738006989305,127.46070996181221
551.9008789579583,127.14411142403344
552.0279572169862,128.19565858035074
552.1550354760141,129.56686385057387
552.2821137350419,126.91731611172715
552.4091919940697,128.35591690980928
552.5362702530975,126.95495925077905
552.6633485121255,129.10277860657516
552.7904267711533,127.33038741166425
552.9175050301811,128.12009239665136
553.044583289209,127.0355905122633
553.1716615482369,126.20437868620893
553.2987398072647,128.5830985014303
553.4258180662925,128.3634429295363
553.5528963253204,127.23443849310561
553.6799745843482,127.83356297895094
553.8070528433761,128.56106687702146
553.934131102404,127.1331485483486
554.0612093614318,129.51901119807505
554.1882876204596,128.67156061356044
554.3153658794876,126.21598659957108
554.4424441385154,125.00301719516061
554.5695223975432,127.29006040080891
554.696600656571,127.50629816990279
554.8236789155989,124.71263634457488
554.9507571746268,126.3142388255197
555.0778354336546,124.66989140321712
555.2049136926825,126.55853091825254
555.3319919517103,123.52598783058926
555.4590702107382,124.54849930525893
555.586148469766,124.02325178802475
555.7132267287939,123.87047451205669
555.8403049878217,125.17770468121844
555.9673832468495,125.75899697822904
556.0944615058775,125.10835864202252
556.2215397649053,124.2865861675205
556.3486180239331,125.19221427787474
556.4756962829609,125.08789732340873
556.6027745419889,125.04374979470961
556.7298528010167,123.48522404035273
556.8569310600445,124.68586312483896
556.9840093190724,122.500081931528
557.1110875781002,122.82005273793897
557.2381658371281,124.98479029393066
557.365244096156,124.2283647870733
557.4923223551838,123.78216319691427
557.6194006142116,124.47944321471854
557.7464788732395,124.48285224132577
557.8735571322674,124.31480194585497
558.0006353912952,124.27748273890656
558.127713650323,123.66430732301674
558.2547919093508,122.70421436916787
558.3818701683788,124.27536197729012
558.5089484274066,123.65020321097772
558.6360266864344,125.13978384848218
558.7631049454623,123.69873745177166
558.8901832044902,123.93163537638875
559.017261463518,125.2295723161022
559.1443397225459,125.58200132285903
559.2714179815737,126.03355652863408
559.3984962406016,126.2882325842839
559.5255744996294,124.6105399634504
559.6526527586573,125.2874074625578
559.7797310176851,125.80615186930197
559.9068092767129,127.40364211753578
560.0338875357409,126.70808864310412
560.1609657947687,126.27257582647051
560.2880440537965,126.82780384881642
560.4151223128243,125.95787139485573
560.5422005718523,126.23306418694449
560.6692788308801,126.78628355359501
560.7963570899079,127.19307467935161
560.9234353489358,126.70621655853981
561.0505136079636,125.80572070279001
561.1775918669915,128.28282689041092
561.3046701260193,126.85207110894719
561.4317483850472,128.09372049785125
561.558826644075,127.86711031257529
561.6859049031029,128.2955008838014
561.8129831621308,128.42603123552104
561.9400614211586,127.45550034286794
562.0671396801864,128.06880462758656
562.1942179392142,127.87221059319366
562.3212961982422,127.46162371307356
562.44837445727,127.8582531612209
562.5754527162978,126.96118162276223
562.7025309753257,126.66077778524554
562.8296092343536,127.40136656338227
562.9566874933814,125.0713610280215
563.0837657524092,127.0067138084106
563.2108440114371,128.96878185791545
563.3379222704649,128.64656737751204
563.4650005294928,125.77870664660357
563.5920787885207,124.8763256739493
563.7191570475485,125.78792264900588
563.8462353065763,128.24672639075465
563.9733135656043,127.40810444543115
564.1003918246321,126.20333182885446
564.2274700836599,126.25889519610779
564.3545483426877,125.89583676756592
564.4816266017156,126.39540554437741
564.6087048607435,125.66729573066682
564.7357831197713,125.79647680808615
564.8628613787992,125.74310560714328
564.989939637827,125.2527334904546
565.1170178968549,125.8323683809429
565.2440961558827,124.34636313393433
565.3711744149106,125.07118146452727
565.4982526739384,124.95913245328869
565.6253309329662,124.57399730197403
565.7524091919942,123.31155747348801
565.879487451022,122.69995264610426
566.0065657100498,125.40853218523281
566.1336439690776,123.16343336382893
566.2607222281056,125.1471391374911
566.3878004871334,123.81493646337512
566.5148787461612,124.7380026321828
566.641957005189,125.1485516659523
566.7690352642169,122.25791602182288
566.8961135232448,125.40173187333069
567.0231917822726,122.79650241764834
567.1502700413005,124.78612644814521
567.2773483003283,123.15601195658284
567.4044265593562,123.30195993337217
567.5315048183841,123.81988384031622
567.6585830774119,124.90421565755403
567.7856613364397,124.07031548809694
567.9127395954677,122.87508076555794
568.0398178544955,123.87800612805529
568.1668961135233,124.17519610415657
568.2939743725511,123.64645533732867
568.421052631579,124.28338560003115
568.5481308906069,124.59797116227831
568.6752091496347,124.47679855836061
568.8022874086626,122.1710989420439
568.9293656676904,124.91267625659184
569.0564439267183,125.97568644442184
569.1835221857461,125.01510249073087
569.310600444774,124.26542564056638
569.4376787038018,125.6099585179634
569.5647569628296,126.27114895254641
569.6918352218576,124.26720600023033
569.8189134808854,125.01049539785222
569.9459917399132,125.53353068001879
570.073069998941,125.28329935096158
570.200148257969,125.68445152582913
570.3272265169968,123.93730230461546
570.4543047760246,127.33948112109226
570.5813830350525,125.47929313136672
570.7084612940803,126.5115837301232
570.8355395531082,127.57350658201109
570.962617812136,126.70031456928197
571.0896960711639,127.17609585273469
571.2167743301917,126.68048594363587
571.3438525892196,126.87864034779604
571.4709308482475,126.3405717986045
571.5980091072753,126.08698386190875
571.7250873663031,128.21301641039807
571.8521656253309,127.55436647599089
571.9792438843589,127.23095067270559
572.1063221433867,126.1784507077043
572.2334004024145,128.62600982865578
572.3604786614424,127.69230812330052
572.4875569204703,127.07385916697712
572.6146351794981,128.3591704471284
572.741713438526,129.02414279675585
572.8687916975538,127.50519293952594
572.9958699565816,126.48559824718242
573.1229482156095,126.16191829078404
573.2500264746374,126.90329449352423
573.3771047336652,128.84548066098654
573.504182992693,128.44025975996297
573.631261251721,126.98216640735392
573.7583395107488,128.05393498603712
573.8854177697766,124.89020554415367
574.0124960288044,126.44815516150217
574.1395742878323,126.04865669656887
574.2666525468602,126.51943733448645
574.393730805888,127.93257481770932
574.5208090649159,125.66628532936026
574.6478873239437,125.62053118707662
574.7749655829716,124.90476831393161
574.9020438419994,126.20805036655312
575.0291221010273,124.45301433023745
575.1562003600551,126.44533908715914
575.2832786190829,123.33122682061071
575.4103568781109,123.46779056466903
575.5374351371387,126.43165190521779
575.6645133961665,123.24292417783526
575.7915916551943,123.84737015423028
575.9186699142223,125.02624316782072
576.0457481732501,123.715718435776
576.1728264322779,122.94171864604436
576.2999046913058,124.24980041556375
576.4269829503337,123.38833232952152
576.5540612093615,123.90694982959134
576.6811394683893,123.98882109000101
576.8082177274172,123.95083456298713
576.935295986445,124.99035028700791
577.0623742454729,123.2185114978964
577.1894525045008,123.59727013091755
577.3165307635286,123.65757243213037
577.4436090225564,123.67980241203759
577.5706872815844,123.49855401863707
577.6977655406122,124.38230970129483
577.82484379964,123.71027046339105
577.9519220586678,123.47340817676573
578.0790003176957,124.94685766260909
578.2060785767236,123.8241040428881
578.3331568357514,123.08983633959247
578.4602350947793,124.2562591572752
578.5873133538071,123.9377979110077
578.714391612835,125.54300854421317
578.8414698718628,123.79891956910575
578.9685481308907,125.0749590095903
579.0956263899185,124.3504159799679
579.2227046489463,125.38804387356821
579.3497829079743,125.47822650596845
579.4768611670021,125.51947902503814
579.6039394260299,123.99810073368592
579.7310176850577,124.6749586624995
579.8580959440857,125.519441970505
579.9851742031135,124.9607694853866
580.1122524621413,123.81352433678965
580.2393307211692,124.62469658292682
580.366408980197,125.96350812371931
580.4934872392249,127.05806076488989
580.6205654982527,125.42014347797182
580.7476437572806,125.76084349396335
580.8747220163084,125.7885947858378
581.0018002753363,125.84964984142017
581.1288785343642,126.56245085909089
581.255956793392,126.60542953647098
581.3830350524198,127.29972931060793
581.5101133114476,126.67821931287898
581.6371915704756,127.4544754595838
581.7642698295034,127.0873293857573
581.8913480885312,125.52602028139815
582.0184263475591,128.74745903822435
582.145504606587,127.52813493886295
582.2725828656148,129.3410230529436
582.3996611246426,126.35577454060235
582.5267393836705,127.3584091360334
582.6538176426983,129.18511541908012
582.7808959017262,127.44123744979387
582.9079741607541,128.000230793872
583.0350524197819,129.11566069875246
583.1621306788097,129.05798894589896
583.2892089378377,127.26682946118167
583.4162871968655,126.60929821547714
583.5433654558933,126.00677299154852
583.6704437149211,127.54784107566304
583.797521973949,125.11125617518795
583.9246002329769,125.82241422682097
584.0516784920047,125.31899420971932
584.1787567510326,127.52255087923102
584.3058350100604,124.39375515201654
584.4329132690883,123.92487115252757
584.5599915281161,126.06496466615329
584.687069787144,124.41667622144418
584.8141480461718,123.67471887451923
584.9412263051997,125.7543994326071
585.0683045642276,126.19356582104461
585.1953828232554,125.46129485208695
585.3224610822832,123.51678708455397
585.449539341311,125.42689265881619
585.576617600339,124.51427144534003
585.7036958593668,123.14904849110734
585.8307741183946,125.16710247365351
585.9578523774225,123.14955683431529
586.0849306364504,126.93330148003898
586.2120088954782,123.28089068449184
586.339087154506,124.23391939896942
586.4661654135339,124.15620067097171
586.5932436725617,123.71150076884898
586.7203219315896,123.17169606875848
586.8474001906175,122.45613794749302
586.9744784496453,123.79534873980252
587.1015567086731,121.75656886728243
587.228634967701,123.80651788752701
587.3557132267289,121.72153561735203
587.4827914857567,125.05064044296923
587.6098697447845,125.73815069401262
587.7369480038124,122.44482499154982
587.8640262628403,122.02113750914774
587.9911045218681,125.11658132184095
588.118182780896,124.2417405852713
588.2452610399238,123.28744479772293
588.3723392989517,124.67305821990122
588.4994175579795,124.25633894940474
588.6264958170074,124.25006432625719
588.7535740760352,123.82729307165954
588.880652335063,125.34494275595024
589.007730594091,123.66188972972385
589.1348088531188,124.67449202222369
589.2618871121466,125.48134213988149
589.3889653711744,124.7214538956473
589.5160436302024,123.84877589012832
589.6431218892302,124.63069756760116
589.770200148258,126.41960728600563
589.8972784072859,125.40314302820161
590.0243566663137,126.34440348201531
590.1514349253416,125.286151162098
590.2785131843694,124.18999016532608
590.4055914433973,125.52466096064369
590.5326697024251,125.62293013180873
590.659747961453,125.84490422800611
590.7868262204809,126.6246110007816
590.9139044795087,125.56687399669669
591.0409827385365,126.48680748740699
591.1680609975643,124.08880822640545
591.2951392565923,126.88257680352955
591.4222175156201,126.8413232438159
591.5492957746479,125.47262850153294
591.6763740336758,126.08751313648675
591.8034522927037,124.07938320174631
591.9305305517315,127.10722134957587
592.0576088107593,126.25945265733043
592.1846870697872,125.80588424627324
592.311765328815,127.42971510497306
592.4388435878429,127.42714667273202
592.5659218468708,126.19883377802176
592.6930001058986,128.1355400588008
592.8200783649264,127.05310162603602
592.9471566239544,127.2608508494109
593.0742348829822,126.16064975229513
593.20131314201,128.49176512831693
593.3283914010378,128.1489085577629
593.4554696600658,126.126989308427
593.5825479190936,126.21379912098715
593.7096261781214,127.84128650623295
593.8367044371493,126.05254826342289
593.9637826961771,127.18605178407296
594.090860955205,124.8099175721486
594.2179392142328,127.46559644496885
594.3450174732607,125.88885084974406
594.4720957322885,126.49137299051814
594.5991739913164,124.16775379942233
594.7262522503443,126.48855611864697
594.8533305093721,123.29916308606636
594.9804087683999,126.05957941133981
595.1074870274277,124.92178515882094
595.2345652864557,124.53429859581865
595.3616435454835,123.76997968365788
595.4887218045113,123.45010133025369
595.6158000635392,125.84311254657824
595.7428783225671,123.75971099429923
595.8699565815949,123.87980398512515
595.9970348406227,122.76697108784799
596.1241130996506,124.56491489395957
596.2511913586784,124.01832573971356
596.3782696177063,123.67544953300416
596.5053478767342,124.46551586600268
596.632426135762,122.34766040314555
596.7595043947898,122.31421358825331
596.8865826538178,120.57502308174367
597.0136609128456,124.60071025802907
597.1407391718734,122.63354570975086
597.2678174309012,122.08692698918885
597.3948956899291,123.04990523527991
597.521973948957,124.36201501365002
597.6490522079848,122.13799852056054
597.7761304670126,124.55367177028613
597.9032087260405,123.86765934733059
598.0302869850684,124.55108714491541
598.1573652440962,124.10550673387895
598.2844435031241,122.64169389789448
598.4115217621519,122.57729895859254
598.5386000211797,121.68480298839148
598.6656782802077,122.35418947019174
598.7927565392355,123.51861656628809
598.9198347982633,124.55013737884595
599.0469130572911,123.60173577514605
599.1739913163191,124.21699805166963
599.3010695753469,125.43402891435703
599.4281478343747,124.82051259776539
599.5552260934026,122.80970019043689
599.6823043524304,123.60374953903407
599.8093826114583,124.03814374402818
599.9364608704861,124.56747131695079
600.063539129514,126.62356734594242
600.1906173885418,125.38063030689776
600.3176956475697,127.03319541263146
600.4447739065976,125.1179352621556
600.5718521656254,126.00436344454111
600.6989304246532,126.54843520192995
600.826008683681,125.93986410170325
600.953086942709,124.66039133217708
601.0801652017368,125.98073647810406
601.2072434607646,126.17875296241985
601.3343217197925,125.8307084636944
601.4613999788204,125.85954145778695
601.5884782378482,126.34141481897844
601.715556496876,128.4355516410941
601.8426347559039,126.22817890244427
601.9697130149318,127.91466757736212
602.0967912739596,126.67818024456592
602.2238695329875,126.67558563840178
602.3509477920153,124.81844097993961
602.4780260510431,127.07639654959574
602.605104310071,127.74021455684851
602.7321825690989,125.94647074665893
602.8592608281267,126.64930126823582
602.9863390871545,125.9131214406657
603.1134173461825,127.06624966105096
603.2404956052103,127.73578849768928
603.3675738642381,127.6670401164611
603.494652123266,126.25826029210032
603.6217303822938,124.7406529957575
603.7488086413217,126.09132640055596
603.8758869003495,126.49755170508332
604.0029651593774,127.44881239878096
604.1300434184052,125.7391172581218
604.2571216774331,125.69613611018713
604.384199936461,127.08173169255504
604.5112781954888,125.14691774840973
604.6383564545166,126.15108805096283
604.7654347135444,124.97019022505957
604.8925129725724,125.44647335120372
605.0195912316002,124.52767097709747
605.146669490628,124.29032921132782
605.2737477496559,125.92824316273219
605.4008260086838,125.14048473656536
605.5279042677116,124.37391543277816
605.6549825267394,126.82177178881861
605.7820607857673,123.75255449159445
605.9091390447951,123.58074014222193
606.036217303823,124.88368240272861
606.1632955628509,124.1122699871127
606.2903738218787,122.21001271204594
606.4174520809065,123.27884861610494
606.5445303399345,124.90728407634808
606.6716085989623,122.50903795417665
606.7986868579901,122.56802786478973
606.9257651170179,123.9950377766577
607.0528433760458,122.51073066267932
607.1799216350737,122.59166531816365
607.3069998941015,123.57781860246997
607.4340781531293,122.21087539859977
607.5611564121572,121.79635151813044
607.6882346711851,122.79411543837747
607.8153129302129,121.7536022896991
607.9423911892408,123.24027663962438
608.0694694482686,122.43230187741969
608.1965477072964,122.6450129512583
608.3236259663244,123.4860325245768
608.4507042253522,122.34700969496325
608.57778248438,124.76417063940858
608.7048607434078,122.4932894377549
608.8319390024358,122.4763982393349
608.9590172614636,122.17194600411655
609.0860955204914,123.44193690440906
609.2131737795193,125.44029835735694
609.3402520385471,124.40619799918949
609.467330297575,123.09346740707623
609.5944085566028,124.50627464987696
609.7214868156307,125.1073448973066
609.8485650746585,126.98780888470792
609.9756433336864,125.071295914718
610.1027215927143,124.05644542583173
610.2297998517421,124.1999022600255
610.3568781107699,125.66692382324733
610.4839563697979,125.26169396825195
610.6110346288257,125.18906782352238
610.7381128878535,127.3710562169803
610.8651911468813,124.21000634379764
610.9922694059092,126.55510214760652
611.1193476649371,125.24238737890093
611.2464259239649,125.57103659925369
611.3735041829927,125.78259782724409
611.5005824420206,124.70358348548245
611.6276607010485,124.88027468089729
611.7547389600763,126.79930854041271
611.8818172191042,126.56779779775654
612.008895478132,126.56472857821312
612.1359737371598,128.75974006340786
612.2630519961878,126.12011940958094
612.3901302552156,126.47481311980331
612.5172085142434,124.52883158870046
612.6442867732712,126.26537506095185
612.7713650322992,126.58693892663503
612.898443291327,127.73427534100284
613.0255215503548,126.11197350046385
613.1525998093827,127.2647812808076
613.2796780684105,128.08506430952826
613.4067563274384,126.998091610752
613.5338345864662,125.73868189864021
613.6609128454941,126.69658312673968
613.7879911045219,125.10980791888872
613.9150693635498,126.68726999500505
614.0421476225777,128.33512476734654
614.1692258816055,125.79101127301702
614.2963041406333,125.99637415478254
614.4233823996611,125.02128905743592
614.5504606586891,125.18733734558806
614.6775389177169,124.96877498772423
614.8046171767447,128.6962884058261
614.9316954357726,123.94220247158827
615.0587736948005,123.73291068165074
615.1858519538283,123.6591917875944
615.3129302128561,124.63525585904466
615.440008471884,124.78571143275848
615.5670867309118,124.01386223356752
615.6941649899397,124.0225785925149
615.8212432489676,123.16122673318812
615.9483215079954,124.55581084595586
616.0753997670232,123.395021897631
616.2024780260512,123.1740916651105
616.329556285079,121.85473215256387
616.4566345441068,123.67944579383999
616.5837128031346,124.02239987316916
616.7107910621625,123.91440805350885
616.8378693211904,124.10623386933901
616.9649475802182,121.69449073915216
617.092025839246,123.30515679469053
617.2191040982739,123.83790697585512
617.3461823573018,122.64883711442754
617.4732606163296,122.07237505757706
617.6003388753575,122.66872721650157
617.7274171343853,124.88485287769629
617.8544953934131,121.28350380286501
617.981573652441,122.9743510899125
618.1086519114689,121.64294569683231
618.2357301704967,123.96020504877353
618.3628084295245,121.38044749480534
618.4898866885525,124.21946826372563
618.6169649475803,123.36627686546585
618.7440432066081,124.69153329992761
618.871121465636,123.78057055414119
618.9981997246639,124.0310407512273
619.1252779836917,124.64455423476247
619.2523562427195,123.65345176447642
619.3794345017474,123.06644144303857
619.5065127607752,124.29954723361648
619.6335910198031,124.35802193717669
619.760669278831,124.5285551911202
619.8877475378588,125.16320272766598
620.0148257968866,125.96854784408522
620.1419040559146,125.00179001771525
620.2689823149424,123.94284120062353
620.3960605739702,124.34569047367361
620.523138832998,124.40170932190816
620.6502170920259,125.62401528724047
620.7772953510538,126.65851856404407
620.9043736100816,126.64333522425812
621.0314518691094,125.42851805848665
621.1585301281373,126.7507294336097
621.2856083871652,126.32901233769327
621.412686646193,126.19488589313946
621.5397649052209,127.19817118902469
621.6668431642487,127.41135220802444
621.7939214232765,127.58984729566308
621.9209996823045,125.98495950890337
622.0480779413323,127.03661960211737
622.1751562003601,126.72798332669038
622.3022344593879,126.00277226567995
622.4293127184159,126.1023362895963
622.5563909774437,128.4371342049609
622.6834692364715,128.83562824016713
622.8105474954993,126.60435472591497
622.9376257545272,126.49873968329084
623.0647040135551,125.55808510284139
623.1917822725829,126.55378646672399
623.3188605316108,125.35984772385865
623.4459387906386,123.66881199533933
623.5730170496665,126.83423835042736
623.7000953086944,125.13629448600022
623.8271735677222,125.3517060545313
623.95425182675,124.92561544976242
624.0813300857778,127.32326246715577
624.2084083448058,127.40255941577009
624.3354866038336,125.34345567576625
624.4625648628614,126.64852737287502
624.5896431218893,123.22532567140185
624.7167213809172,125.93658274502445
624.843799639945,124.94779391022897
624.9708778989728,124.36322404855726
625.0979561580007,123.20385337953441
625.2250344170285,124.88678201834021
625.3521126760564,124.60350188692637
625.4791909350843,123.15223015473738
625.6062691941121,125.25410804237872
625.7333474531399,126.18847657647133
625.8604257121679,124.00776316812112
625.9875039711957,124.4426735264242
626.1145822302235,122.1487829341576
626.2416604892513,123.5518698269123
626.3687387482792,123.77804716861091
626.4958170073071,123.97209212537055
626.6228952663349,124.06914638402466
626.7499735253627,122.9946556001878
626.8770517843906,122.27681705580875
627.0041300434185,121.76741212255924
627.1312083024463,119.92052765961157
627.2582865614742,123.02794874462363
627.385364820502,123.79002624912447
627.5124430795299,122.0757642776955
627.6395213385578,123.63167876495922
627.7665995975856,122.79881179344322
627.8936778566134,121.67857176239586
628.0207561156412,121.83676550515344
628.1478343746692,120.32880145711302
628.274912633697,122.56938208471362
628.4019908927248,123.36682870311047
628.5290691517527,121.60871103444659
628.6561474107806,124.07337189240643
628.7832256698084,123.45749828608038
628.9103039288362,122.41312686706715
629.0373821878641,123.35788097247351
629.1644604468919,123.78939919823874
629.2915387059198,123.39224469525678
629.4186169649477,125.02113305716453
629.5456952239755,124.73432579159513
629.6727734830033,124.02945380318472
629.7998517420313,126.94342048365363
629.9269300010591,124.80637823814212
630.0540082600869,125.25693712302945
630.1810865191147,123.97921110352478
630.3081647781426,124.4773398267277
630.4352430371705,123.47667829251526
630.5623212961983,125.23413081532593
630.6893995552261,121.81590912346788
630.816477814254,124.09209231738632
630.9435560732819,123.94858892696108
631.0706343323097,124.85381065624988
631.1977125913376,125.3082568639823
631.3247908503654,125.07084866177959
631.4518691093932,123.33555340568309
631.5789473684212,125.1010976356768
631.706025627449,123.78832127463825
631.8331038864768,124.14624045277785
631.9601821455046,124.29496951722301
632.0872604045326,123.38073825380462
632.2143386635604,122.78297560095844
632.3414169225882,122.95270006606822
632.468495181616,122.88205166738365
632.5955734406439,122.13087489766649
632.7226516996718,122.8757486392084
632.8497299586996,121.37249594416456
632.9768082177275,123.6207088123752
633.1038864767553,122.2555601566558
633.2309647357832,122.22531118368596
633.3580429948111,120.74991564804911
633.4851212538389,121.8026404109236
633.6121995128667,120.66212746865965
633.7392777718945,120.03830574840399
633.8663560309225,120.44437251707443
633.9934342899503,120.49738955969528
634.1205125489781,120.81502437323356
634.247590808006,119.10508522287925
634.3746690670339,120.51175968316723
634.5017473260617,118.76282154369999
634.6288255850895,118.87215804807077
634.7559038441174,119.09018061801342
634.8829821031452,118.1819837450344
635.0100603621731,118.49193791565857
635.137138621201,117.69248023911186
635.2642168802288,117.64969997825582
635.3912951392566,117.33598282549065
635.5183733982846,114.55176659592567
635.6454516573124,115.22622905081639
635.7725299163402,114.47664641961312
635.899608175368,114.77941449784832
636.026686434396,114.78960784627509
636.1537646934238,114.8108375288794
636.2808429524516,114.21154250507232
636.4079212114794,116.07347700592818
636.5349994705073,114.26000530565791
636.6620777295352,113.88532610872129
636.789155988563,113.9595288350728
636.9162342475909,113.0016515031769
637.0433125066187,112.98631424234081
637.1703907656466,114.77025846413184
637.2974690246745,114.07607012361258
637.4245472837023,112.03125877525287
637.5516255427301,114.2886889977986
637.6787038017579,113.58028381871752
637.8057820607859,112.48383927983222
637.9328603198137,112.37757598891083
638.0599385788415,111.43571480949312
638.1870168378694,112.86216269630967
638.3140950968973,113.78936503156325
638.4411733559251,111.69055591893763
638.5682516149529,110.89604402811217
638.6953298739808,110.77672899582092
638.8224081330086,112.9413018550585
638.9494863920365,111.94065956456205
639.0765646510644,112.0557414328156
639.2036429100922,111.5609272692826
639.33072116912,111.42325019001815
639.457799428148,110.65913059411322
639.5848776871758,110.66294139203582
639.7119559462036,110.99049780662364
639.8390342052314,112.73550167134908
639.9661124642593,112.43943254219488
640.0931907232872,112.34426805837774
640.220268982315,111.77839853632851
640.3473472413428,111.73845667971408
640.4744255003707,110.93949747598049
640.6015037593986,109.8115456102168
640.7285820184264,112.16758295840017
640.8556602774543,111.58425187736091
640.9827385364821,112.24524906644785
641.1098167955099,112.23489321215649
641.2368950545379,111.72882525751561
641.3639733135657,111.19805480307157
641.4910515725935,111.40344717575009
641.6181298316213,112.59200786713083
641.7452080906493,112.91280769136459
641.8722863496771,111.90296560320617
641.9993646087049,110.53497220488956
642.1264428677327,112.22819506504337
642.2535211267606,109.3522462135485
642.3805993857885,111.31939944019913
642.5076776448163,110.67418523585428
642.6347559038442,109.25990047051825
642.761834162872,109.8010250802465
642.8889124218999,111.39788609908813
643.0159906809278,109.67278545475378
643.1430689399556,109.0250147989004
643.2701471989834,107.67675890066822
643.3972254580112,109.75098637082554
643.5243037170392,108.83103565670837
643.651381976067,109.71247649544546
643.7784602350948,110.24895859337822
643.9055384941227,109.5487848779496
644.0326167531506,108.97013186998666
644.1596950121784,109.88125832442546
644.2867732712062,108.54130663572946
644.4138515302341,108.28539531502356
644.540929789262,106.96216389928156
644.6680080482898,107.97321993292286
644.7950863073177,106.22040016073933
644.9221645663455,105.04441105522571
645.0492428253733,105.63096606112927
645.1763210844013,105.39057946151796
645.3033993434291,104.94976362157995
645.4304776024569,106.73662141243598
645.5575558614847,106.04566377975853
645.6846341205127,105.21057435657157
645.8117123795405,104.58737621175385
645.9387906385683,103.81932049766594
646.0658688975961,104.95151545841097
646.192947156624,102.63984474844914
646.3200254156519,105.01381412711174
646.4471036746797,104.41000825968743
646.5741819337076,103.12842461353436
646.7012601927354,103.95102097998844
646.8283384517633,104.13104682596358
646.9554167107912,103.02264008498746
647.082494969819,100.79922035751912
647.2095732288468,104.01638083479833
647.3366514878746,103.23470830196048
647.4637297469026,99.99231190132858
647.5908080059304,101.59133825921398
647.7178862649582,103.37820746589041
647.844964523986,100.72566368176379
647.972042783014,101.81988105310108
648.0991210420418,101.91417494596361
648.2261993010696,101.85503234544188
648.3532775600975,102.73329187793391
648.4803558191253,103.77704002527187
648.6074340781532,102.58644466711715
648.7345123371811,102.66257916320315
648.8615905962089,103.18515190362743
648.9886688552367,102.74292197769958
649.1157471142647,101.97700853256013
649.2428253732925,101.17990695222528
649.3699036323203,101.76180067073857
649.4969818913481,102.20227566683901
649.624060150376,101.86903968527041
649.7511384094039,102.95466244054468
649.8782166684317,103.93437694846872
650.0052949274595,103.18576746093427
650.1323731864874,100.49490056850568
650.2594514455153,102.29362451791744
650.3865297045431,102.44330666874363
650.513607963571,103.57844236681892
650.6406862225988,102.0593776666273
650.7677644816266,103.03058953349968
650.8948427406546,103.64749599357471
651.0219209996824,102.71894337211961
651.1489992587102,102.6401731968619
651.276077517738,102.55685683814212
651.403155776766,102.1305937677102
651.5302340357938,102.57405110815209
651.6573122948216,103.26420402504426
651.7843905538494,103.53469140562817
651.9114688128773,102.20247333205856
652.0385470719052,103.34652059208842
652.165625330933,105.18683992777477
652.2927035899609,103.42087538048595
652.4197818489887,103.81640210731727
652.5468601080166,102.89451096624525
652.6739383670445,103.08991339121081
652.8010166260723,103.8415654339267
652.9280948851001,102.03850002198224
653.055173144128,101.80583578842788
653.1822514031559,101.17712756891655
653.3093296621837,102.68886951678058
653.4364079212115,100.92791023404811
653.5634861802394,102.32856838886195
653.6905644392673,102.76487313545599
653.8176426982951,101.44655425213364
653.9447209573229,101.35302364024896
654.0717992163508,103.11795684476292
654.1988774753787,101.7299935628464
654.3259557344065,101.55177944551056
654.4530339934344,99.88916761810113
654.5801122524622,98.17843960764306
654.70719051149,100.64077863755621
654.834268770518,99.28997417615258
654.9613470295458,101.0892015883604
655.0884252885736,100.1387434560312
655.2155035476014,98.31108199489566
655.3425818066294,99.38082177152657
655.4696600656572,98.78105179451384
655.596738324685,98.62343946710598
655.7238165837128,99.4513377304794
655.8508948427407,99.27482734015855
655.9779731017686,99.38494084563955
656.1050513607964,97.77863675733224
656.2321296198243,99.18820737905746
656.3592078788521,98.16540199475124
656.48628613788,97.87138466337336
656.6133643969079,96.94980083974694
656.7404426559357,97.47747125572145
656.8675209149635,97.4808883447818
656.9945991739913,98.52558547865225
657.1216774330193,97.53125693558488
657.2487556920471,97.55688468967645
657.3758339510749,98.38975986009126
657.5029122101027,97.00501659466406
657.6299904691307,96.04785944551911
657.7570687281585,96.62112976815112
657.8841469871863,98.19996429486184
658.0112252462142,97.98044392600443
658.138303505242,96.72351700657931
658.2653817642699,96.20321486425428
658.3924600232978,97.81335447022718
658.5195382823256,96.82357313970202
658.6466165413534,98.73041242299588
658.7736948003813,96.66027659344664
658.9007730594092,98.09712052128177
659.027851318437,96.78806569904265
659.1549295774648,97.45762458317883
659.2820078364927,97.39617718911033
659.4090860955206,98.49251062902465
659.5361643545484,98.83356501628157
659.6632426135762,99.74429804654419
659.7903208726041,98.80274594499657
659.917399131632,99.94768850601747
660.0444773906598,98.58780208499904
660.1715556496877,97.89022896896383
660.2986339087155,97.72117065060404
660.4257121677433,100.16089109063218
660.5527904267713,100.73125592858376
660.6798686857991,98.94134179169296
660.8069469448269,100.25778919702982
660.9340252038547,98.11465051517027
661.0611034628827,98.57335694794843
661.1881817219105,100.15149362508502
661.3152599809383,101.03001838852718
661.4423382399661,102.14608794061004
661.5694164989941,98.98858712099303
661.6964947580219,101.13601763498289
661.8235730170497,101.60048715900422
661.9506512760776,101.70925595372411
662.0777295351054,100.61282138122314
662.2048077941333,103.50330312838942
662.3318860531612,102.96037175902741
662.458964312189,99.65053580235673
662.5860425712168,100.9703021550699
662.7131208302447,101.89047133099713
662.8401990892726,101.28382202696906
662.9672773483004,101.2829469464127
663.0943556073282,101.82792371602187
663.221433866356,100.9834936389663
663.348512125384,101.45258857165604
663.4755903844118,102.5320471513727
663.6026686434396,101.27267604396758
663.7297469024675,101.07929496803612
663.8568251614954,101.29865504490972
663.9839034205232,101.30739674772386
664.1109816795511,99.1213738508236
664.2380599385789,101.64581566148496
664.3651381976067,102.6523900153406
664.4922164566347,99.9311079254916
664.6192947156625,99.483955718934
664.7463729746903,100.86980169011112
664.8734512337181,98.35375318986235
665.0005294927461,100.708108384502
665.1276077517739,98.98964338464283
665.2546860108017,100.23433364947198
665.3817642698295,98.8722023937814
665.5088425288574,99.94939353272373
665.6359207878853,99.10768105618564
665.7629990469131,100.36553334931963
665.890077305941,97.80886180568602
666.0171555649688,97.51353119039118
666.1442338239967,98.07283531089553
666.2713120830246,99.5656674198008
666.3983903420524,99.13399962773241
666.5254686010802,97.40575518542326
666.652546860108,98.6916014325048
666.779625119136,99.58673394268385
666.9067033781638,100.13928399122653
667.0337816371916,98.74809877631694
667.1608598962194,99.87716268462032
667.2879381552474,98.355131355123
667.4150164142752,99.87580591506085
667.542094673303,99.2221056001369
667.6691729323309,101.20420127733505
667.7962511913587,96.92309453459364
667.9233294503866,99.5866910842384
668.0504077094145,100.91668168358783
668.1774859684423,100.96625929685422
668.3045642274701,99.47554146751463
668.431642486498,100.32678099330184
668.5587207455259,98.32351876773662
668.6857990045537,100.41495252017168
668.8128772635815,100.3584220358779
668.9399555226094,102.31147435742182
669.0670337816373,100.68717709442956
669.1941120406651,101.29280645383089
669.321190299693,101.29074536891264
669.4482685587208,100.98847204714993
669.5753468177487,102.59980296191911
669.7024250767765,103.4583077657081
669.8295033358044,102.55123235270928
669.9565815948322,102.601115838972
670.0836598538601,103.17440008724029
670.210738112888,103.69339989464278
670.3378163719158,102.58421578890949
670.4648946309436,103.54734656283436
670.5919728899714,106.07026283383237
670.7190511489994,102.0400710270802
670.8461294080272,101.02468626632984
670.973207667055,104.59174617359446
671.1002859260828,102.40367239209567
671.2273641851108,104.74065338500529
671.3544424441386,104.41210289134311
671.4815207031664,104.9988522633181
671.6085989621943,105.96034753833925
671.7356772212221,103.7377150484011
671.86275548025,106.67497691551256
671.9898337392779,106.17452951632599
672.1169119983057,105.26269668778328
672.2439902573335,107.26364389703441
672.3710685163614,105.3871912067425
672.4981467753893,106.41732347997225
672.6252250344171,106.81041139632882
672.7523032934449,108.10014896840768
672.8793815524728,107.37251957290097
673.0064598115007,106.71389020193612
673.1335380705285,106.56405335199699
673.2606163295563,106.46631020938518
673.3876945885842,106.81131117316126
673.5147728476121,106.46629654436428
673.6418511066399,104.55377895637582
673.7689293656678,107.7347153133044
673.8960076246956,105.3173559497908
674.0230858837234,107.0240689629682
674.1501641427514,107.72977929078174
674.2772424017792,107.79398699544521
674.404320660807,107.18126746971619
674.5313989198348,105.58006102903722
674.6584771788628,105.81547108780626
674.7855554378906,106.57465196959197
674.9126336969184,107.22568818811439
675.0397119559462,105.8054221662988
675.1667902149741,107.08968926380152
675.293868474002,107.3495300288782
675.4209467330298,106.9439924236602
675.5480249920577,106.88244545379155
675.6751032510855,104.37620609060713
675.8021815101134,106.35607929393433
675.9292597691413,106.70499894506963
676.0563380281691,104.57050154944272
676.1834162871969,106.03766952849205
676.3104945462247,106.74502942887808
676.4375728052527,106.76429926318266
676.5646510642805,106.02810435287392
676.6917293233083,107.17691489074619
676.8188075823361,106.6648477150024
676.9458858413641,107.25803225809999
677.0729641003919,107.23138895225595
677.2000423594197,105.7930723546821
677.3271206184476,105.41798525519306
677.4541988774754,106.0982537097955
677.5812771365033,108.37652476829903
677.7083553955312,109.83357070054976
677.835433654559,106.14570419184315
677.9625119135868,106.36815196244692
678.0895901726147,105.66989467723431
678.2166684316426,106.84153908991107
678.3437466906704,106.49100046155479
678.4708249496982,106.77462399646733
678.5979032087262,108.94916384103944
678.724981467754,108.65768365228753
678.8520597267818,108.50086810111836
678.9791379858096,109.07501263240052
679.1062162448375,109.61696583379253
679.2332945038654,110.68163195031036
679.3603727628932,109.84176648713836
679.4874510219211,109.59918515268646
679.6145292809489,110.51306191877529
679.7416075399768,110.31881344077979
679.8686857990047,110.06123233030053
679.9957640580325,111.65022870797338
680.1228423170603,110.41313979443761
680.2499205760881,112.38942147049023
680.3769988351161,112.58209578212686
680.5040770941439,115.1997772638411
680.6311553531717,111.66802221257603
680.7582336121995,112.87896366937073
680.8853118712275,112.72199218986576
681.0123901302553,114.44071977314111
681.1394683892831,114.90318274795513
681.266546648311,114.21732144972206
681.3936249073388,114.7750010521471
681.5207031663667,115.99804580464105
681.6477814253946,114.30160435368731
681.7748596844224,112.67407633311223
681.9019379434502,115.36368475280975
682.0290162024781,115.80545282160739
682.156094461506,116.03906615244263
682.2831727205338,115.58022678766906
682.4102509795616,116.50778874365841
682.5373292385895,116.33917008980133
682.6644074976174,116.16185444274636
682.7914857566452,118.5440608201255
682.918564015673,117.77509715865297
683.0456422747009,116.85380165999692
683.1727205337288,117.81079750334203
683.2997987927566,117.02313669025763
683.4268770517845,117.94276655519008
683.5539553108123,118.686329448075
683.6810335698401,118.07089040731276
683.808111828868,119.43694130382283
683.9351900878959,117.64594468477566
684.0622683469237,117.87305759938576
684.1893466059515,116.93709112953204
684.3164248649795,116.89279634861958
684.4435031240073,117.33364673906303
684.5705813830351,117.09858574709423
684.697659642063,116.62017944877864
684.8247379010908,118.14847330769484
684.9518161601187,116.00722353900179
685.0788944191465,118.31370911358482
685.2059726781744,116.79348748632236
685.3330509372022,117.954206649177
685.4601291962301,118.36827750963278
685.587207455258,118.19652754066921
685.7142857142858,117.68047640988767
685.8413639733136,119.61568829061315
685.9684422323414,117.72644998489027
686.0955204913694,117.38231972845254
686.2225987503972,117.82734734104692
686.349677009425,117.58941212915582
686.4767552684528,116.64376721707029
686.6038335274808,119.48642154517454
686.7309117865086,117.21983022820295
686.8579900455364,118.5285248963442
686.9850683045643,118.54083284128211
687.1121465635922,118.03916820971902
687.23922482262,118.49409841669113
687.3663030816479,118.48171928448413
687.4933813406757,120.24965680229641
687.6204595997035,119.05351182680019
687.7475378587314,116.58988660201322
687.8746161177593,119.55653524626852
688.0016943767871,118.98021416412813
688.1287726358149,119.34361655148552
688.2558508948429,119.43735539787302
688.3829291538707,118.83876299033683
688.5100074128985,121.37654122321295
688.6370856719263,120.58239972046442
688.7641639309542,121.91544821392922
688.8912421899821,121.17641680794706
689.0183204490099,120.38579510815495
689.1453987080378,121.15009827765249
689.2724769670656,122.11571062464235
689.3995552260935,122.6695722740649
689.5266334851214,121.04929277135807
689.6537117441492,124.162088817171
689.780790003177,123.36403513623264
689.9078682622048,124.17917928940577
690.0349465212328,122.99341458556157
690.1620247802606,124.92066296750903
690.2891030392884,123.7899287960245
690.4161812983162,124.42362434214255
690.5432595573442,122.86197343260389
690.670337816372,124.7300370248973
690.7974160753998,125.17662077696916
690.9244943344277,124.79644478988041
691.0515725934555,124.49123980494126
691.1786508524834,124.17539366246311
691.3057291115113,124.4961782649562
691.4328073705391,125.1976856081084
691.5598856295669,124.54681909073356
691.6869638885948,123.16007698638383
691.8140421476227,123.80444192130726
691.9411204066505,125.55757625500684
692.0681986656783,124.59511512310644
692.1952769247061,124.48678804903791
692.3223551837341,126.93202812527845
692.4494334427619,125.23315197810379
692.5765117017897,126.88221765933523
692.7035899608176,126.86958635184683
692.8306682198455,126.41366289538499
692.9577464788733,125.0658789414807
693.0848247379012,126.93139841605672
693.211902996929,126.25658411418938
693.3389812559568,126.53888899444806
693.4660595149847,126.10010879848315
693.5931377740126,123.95081386014216
693.7202160330404,125.86276790907792
693.8472942920682,123.53122574718176
693.9743725510962,124.76809724127554
694.101450810124,124.64015060326412
694.2285290691518,125.48817833144044
694.3556073281796,125.47384498070959
694.4826855872075,125.32445339168362
694.6097638462354,123.00961037383705
694.7368421052632,122.32844754647911
694.8639203642911,124.28289984482423
694.9909986233189,122.1647008519903
695.1180768823468,123.49701076039642
695.2451551413747,122.20313206302035
695.3722334004025,122.57762017586951
695.4993116594303,122.28938299640285
695.6263899184582,122.99897457964815
695.7534681774861,123.029913531477
695.8805464365139,122.95814594394088
696.0076246955417,121.05655147714629
696.1347029545695,121.09405598031553
696.2617812135975,120.9683721658792
696.3888594726253,122.74864260321696
696.5159377316531,121.64654370133485
696.643015990681,122.15496499838665
696.7700942497089,120.59996434854085
696.8971725087367,122.74612690028923
697.0242507677646,119.91283231815964
697.1513290267924,121.94717541215468
697.2784072858202,120.23334605395814
697.4054855448481,123.22720663829627
697.532563803876,121.45951325641852
697.6596420629038,122.42379362623481
697.7867203219316,121.87238127898925
697.9137985809596,120.23827762455285
698.0408768399874,120.84501541581368
698.1679550990152,120.6032288454764
698.295033358043,121.88703286558166
698.4221116170709,118.97602250185953
698.5491898760988,121.74771061431264
698.6762681351266,122.49259791664744
698.8033463941545,122.04507464231556
698.9304246531823,121.41385110967555
699.0575029122102,120.11073166168228
699.184581171238,124.45522450924244
699.3116594302659,122.68726052581519
699.4387376892937,123.21315668594123
699.5658159483215,122.1768309634561
699.6928942073495,122.92820395170065
699.8199724663773,123.31201078756875
699.9470507254051,125.16427036491935
700.074128984433,122.37531933852668
700.2012072434609,123.69724270866645
700.3282855024887,123.1381685346475
700.4553637615165,123.10236083192497
700.5824420205444,122.78066857387468
700.7095202795722,124.17079494915586
700.8365985386001,125.65010880791124
700.963676797628,124.99545421037686
701.0907550566558,126.22724118614678
701.2178333156836,124.30342344275925
701.3449115747115,124.19990260069915
701.4719898337394,124.69873841288002
701.5990680927672,126.88618383188656
701.726146351795,124.84036530340354
701.8532246108228,124.27371405835883
701.9803028698508,125.13181505999604
702.1073811288786,125.0732578584012
702.2344593879064,126.83107774628931
702.3615376469343,124.49657267705938
702.4886159059622,126.53701092741765
702.61569416499,123.88834788227685
702.7427724240179,126.47489493991233
702.8698506830457,124.34053555475145
702.9969289420735,123.2511930966807
703.1240072011014,124.75432378619169
703.2510854601293,125.53773431564333
703.3781637191571,125.90067713115299
703.5052419781849,123.73635789587205
703.6323202372129,123.96945694811697
703.7593984962407,124.862687744695
703.8864767552685,127.1626829250989
704.0135550142963,124.49081498007473
704.1406332733243,124.47595174711965
704.2677115323521,125.06415900814675
704.3947897913799,122.49743247861262
704.5218680504078,123.7137968561058
704.6489463094356,123.49516965111555
704.7760245684635,122.90322651054949
704.9031028274914,122.81598035913191
705.0301810865192,124.24534166583
705.157259345547,123.92572042396901
705.284337604575,123.32274217037525
705.4114158636028,122.02209835923371
705.5384941226306,121.78904705584391
705.6655723816584,120.46755936588987
705.7926506406862,123.00960386042898
705.9197288997142,121.00408431632319
706.046807158742,121.46641584015612
706.1738854177698,122.08740517051653
706.3009636767977,122.24681738337807
706.4280419358256,120.85488274138106
706.5551201948534,120.81197221126756
706.6821984538813,121.2440888126021
706.8092767129091,122.43502854361248
706.9363549719369,119.7664898102735
707.0634332309648,120.71428421934056
707.1905114899927,121.26871501551554
707.3175897490205,121.39169067091296
707.4446680080483,120.38138111742059
707.5717462670763,120.08852663925076
707.6988245261041,120.7587701118208
707.8259027851319,120.28544775487883
707.9529810441597,119.59473960408101
708.0800593031876,122.8579160157552
708.2071375622155,122.4562974081401
708.3342158212433,120.63586009639265
708.4612940802712,121.8385949307461
708.588372339299,123.29672561568415
708.7154505983269,121.3941478914383
708.8425288573548,121.67980266209491
708.9696071163826,122.13626443162885
709.0966853754104,122.40616465522355
709.2237636344382,122.31400287510003
709.3508418934662,123.26725166934575
709.477920152494,122.16613066822221
709.6049984115218,121.14683980853646
709.7320766705496,121.72169306467677
709.8591549295776,122.88601548465532
709.9862331886054,122.41555261066758
710.1133114476332,123.90081901644913
710.2403897066611,123.11243257974301
710.3674679656889,124.6721616977473
710.4945462247168,124.33853237496363
710.6216244837447,122.74044729930867
710.7487027427725,124.25906340866742
710.8757810018003,124.73237643198978
711.0028592608282,124.1707559304036
711.1299375198561,123.34702866128889
711.2570157788839,125.85366343967016
711.3840940379117,123.47128766753507
711.5111722969395,124.5127209695122
711.6382505559675,124.54242945233406
711.7653288149953,125.99872292299378
711.8924070740231,125.34236668241847
712.019485333051,125.97337252682486
712.1465635920789,124.67776277631438
712.2736418511067,125.01553566937817
712.4007201101346,123.2729296585429
712.5277983691624,124.05147096208813
712.6548766281903,125.45530054385826
712.7819548872181,126.24467254691731
712.909033146246,124.3841143452312
713.0361114052738,123.91204497853884
713.1631896643016,125.30087110354035
713.2902679233296,127.71461055940553
713.4173461823574,124.52379949880815
713.5444244413852,125.93478806871707
713.671502700413,123.01549253924821
713.798580959441,124.4645575935954
713.9256592184688,123.5315853200934
714.0527374774966,123.48392349721532
714.1798157365245,124.22789224104005
714.3068939955523,125.47969404384366
714.4339722545802,124.76454810693683
714.561050513608,123.23273257829507
714.6881287726359,124.66146026682726
714.8152070316637,122.54414257956611
714.9422852906916,122.9848394085752
715.0693635497195,121.75957127852567
715.1964418087473,122.8067110923479
715.3235200677751,121.79310029288646
715.450598326803,122.67613866694026
715.5776765858309,122.1214989043413
715.7047548448587,121.91300917568822
715.8318331038865,120.76674454081851
715.9589113629144,121.4841834208792
716.0859896219423,121.99051594583037
716.2130678809701,122.78854796990647
716.340146139998,119.62168021136976
716.4672243990258,121.0865431948921
716.5943026580536,121.38133068969786
716.7213809170815,121.40955551923003
716.8484591761094,121.42657397269117
716.9755374351372,121.24853751544846
717.102615694165,121.35227735387335
717.229693953193,121.64261743481093
717.3567722122208,121.73136670120009
717.4838504712486,123.36233722143722
717.6109287302764,120.79033813899699
717.7380069893043,122.46772588126078
717.8650852483322,121.94428533531408
717.99216350736,119.6424922054496
718.1192417663879,120.37368380232256
718.2463200254157,119.92251484327005
718.3733982844436,119.55448419326903
718.5004765434714,121.00243107169719
718.6275548024993,121.6822649987536
718.7546330615271,120.07113972858846
718.8817113205549,119.80963458199051
719.0087895795829,121.77781369683774
719.1358678386107,122.22921864428102
719.2629460976385,122.63660368018287
719.3900243566663,121.52497226213188
719.5171026156943,124.21327423773586
719.6441808747221,122.46912734353671
719.7712591337499,122.06014973192423
719.8983373927778,123.10769486068982
720.0254156518056,94.31832801189564
720.1524939108335,95.26428124667626
720.2795721698614,94.82406414845612
720.4066504288892,95.87137124930337
720.533728687917,94.79092545075677
720.660806946945,96.62922938892768
720.7878852059728,95.84571815802333
720.9149634650006,95.00264712884227
721.0420417240284,96.78835010680498
721.1691199830564,97.7830067679796
721.2961982420842,95.25724036381952
721.423276501112,97.71410294321711
721.5503547601398,97.43416423501516
721.6774330191677,95.41751889435574
721.8045112781956,96.97405956195648
721.9315895372234,97.05316525568954
722.0586677962513,97.79119239639896
722.1857460552791,96.98200346159109
722.312824314307,97.0881299906384
722.4399025733348,97.09439830945692
722.5669808323627,96.21168111609298
722.6940590913905,98.37542255538419
722.8211373504183,96.46477802573703
722.9482156094463,98.45712311153788
723.0752938684741,98.01900193252732
723.2023721275019,96.39276157336592
723.3294503865297,98.32531571274708
723.4565286455577,96.48287457189235
723.5836069045855,97.17373904494087
723.7106851636133,95.66539774875105
723.8377634226412,95.78186117503863
723.964841681669,95.69661622178853
724.0919199406969,96.57908839572663
724.2189981997248,96.43707305649372
724.3460764587526,96.53506818306735
724.4731547177804,95.26446319897119
724.6002329768083,95.03055785972614
724.7273112358362,95.16686285947155
724.854389494864,93.39250872787983
724.9814677538918,95.32081635201797
725.1085460129196,93.32004972129985
725.2356242719476,94.09528484847934
725.3627025309754,94.21942055332154
725.4897807900032,95.70961575507732
725.6168590490311,95.90233811369589
725.743937308059,93.60611368395041
725.8710155670868,93.59984613230333
725.9980938261147,93.13386184271167
726.1251720851425,93.02597950900842
726.2522503441703,96.40595680125521
726.3793286031982,92.12308849830019
726.5064068622261,93.74288337332825
726.6334851212539,93.04139329759856
726.7605633802817,93.16624383304408
726.8876416393097,93.38471295003814
727.0147198983375,93.05751582775213
727.1417981573653,93.16890460207601
727.2688764163931,92.23637882106884
727.395954675421,92.18379817615744
727.5230329344489,92.32272265318784
727.6501111934767,92.68470082336246
727.7771894525046,93.15391963850095
727.9042677115324,93.42542171886264
728.0313459705603,94.25432774446278
728.1584242295881,93.75005466319588
728.285502488616,92.99331513314006
728.4125807476438,93.67742419428178
728.5396590066716,92.69616846194667
728.6667372656996,93.85070135662602
728.7938155247274,93.33833245163557
728.9208937837552,92.75189556229056
729.047972042783,92.75740958708654
729.175050301811,92.03484671516807
729.3021285608388,94.20671679976502
729.4292068198666,94.30223416578744
729.5562850788945,93.46773657872161
729.6833633379224,92.20745743959357
729.8104415969502,92.8492868140532
729.937519855978,94.94283818456957
730.0645981150059,93.13455814548311
730.1916763740337,96.9472170631807
730.3187546330616,94.48179632608746
730.4458328920895,95.5729605153238
730.5729111511173,95.38085702417278
730.6999894101451,95.91967184639658
730.8270676691731,95.82795185098573
730.9541459282009,95.6997748557699
731.0812241872287,96.72825725138688
731.2083024462565,96.18874519037175
731.3353807052844,97.51254723571121
731.4624589643123,95.69720882438202
731.5895372233401,96.16074907876454
731.716615482368,96.97891549216548
731.8436937413958,96.92644448790531
731.9707720004237,97.08827511831116
732.0978502594515,96.3065505846384
732.2249285184794,96.75064763326145
732.3520067775072,98.36016397712362
732.479085036535,98.11660449603414
732.606163295563,96.97158408226431
732.7332415545908,96.46799369084168
732.8603198136186,97.85307671040445
732.9873980726464,97.81882477856556
733.1144763316744,97.52022909429799
733.2415545907022,96.77258200820597
733.36863284973,96.74826981491206
733.4957111087579,96.28290323221312
733.6227893677857,93.50170245834572
733.7498676268136,96.50356787844194
733.8769458858415,96.81840099049795
734.0040241448693,96.28187989240816
734.1311024038971,98.2105747951335
734.258180662925,96.12793946312831
734.3852589219529,96.89359458728303
734.5123371809807,95.12488057971608
734.6394154400085,94.17455542321612
734.7664936990363,97.15843759910345
734.8935719580643,95.52470806194337
735.0206502170921,93.90458427913514
735.1477284761199,96.2429166700692
735.2748067351478,94.13653480775866
735.4018849941757,94.56018097756001
735.5289632532035,92.83557753840336
735.6560415122314,94.276640092434
735.7831197712592,96.46886752440346
735.910198030287,93.06529109041998
736.037276289315,91.82593147884981
736.1643545483428,93.9066541219234
736.2914328073706,93.54147284034592
736.4185110663984,94.03635632210577
736.5455893254264,93.5133337329351
736.6726675844542,93.71286726615538
736.799745843482,94.31734645541856
736.9268241025098,94.67788930430312
737.0539023615377,92.51410421984886
737.1809806205656,93.1838826084615
737.3080588795934,93.1251353530826
737.4351371386213,92.48416653735393
737.5622153976491,93.769191894649
737.689293656677,92.91304827596679
737.8163719157048,92.7898090106626
737.9434501747327,91.14477435002696
738.0705284337605,93.55115321541325
738.1976066927884,92.91017647610217
738.3246849518163,92.5242406711172
738.4517632108441,94.71985851252133
738.5788414698719,95.47394016635553
738.7059197288997,93.12930295604924
738.8329979879277,93.70563235289471
738.9600762469555,95.4816269058409
739.0871545059833,94.15283846485318
739.2142327650112,93.93428077757781
739.3413110240391,94.7060928812543
739.4683892830669,94.67673423477466
739.5954675420948,94.30940580555803
739.7225458011226,96.14477397169189
739.8496240601504,95.02206082472152
739.9767023191783,97.7829240742873
740.1037805782062,94.49975923748846
740.230858837234,95.8211263210732
740.3579370962618,95.58547177619799
740.4850153552898,96.32351022253327
740.6120936143176,96.08296167277808
740.7391718733454,95.02710949308182
740.8662501323732,95.80450819222604
740.9933283914011,95.79689855744702
741.120406650429,96.458096909101
741.2474849094568,96.49248154685202
741.3745631684847,94.05277013671716
741.5016414275125,96.78028217368127
741.6287196865404,95.60960691382955
741.7557979455682,97.93081502933963
741.8828762045961,95.17695796708257
742.0099544636239,97.37903720122881
742.1370327226517,96.10459642461012
742.2641109816797,96.35404875505348
742.3911892407075,96.70679831647624
742.5182674997353,98.10600512026396
742.6453457587631,95.73546907416154
742.7724240177911,95.912881675657
742.8995022768189,95.6923928459221
743.0265805358467,98.20169868250734
743.1536587948746,97.9642262569642
743.2807370539024,98.17616959222948
743.4078153129303,96.56031860703737
743.5348935719582,97.4084077566956
743.661971830986,96.53839355909997
743.7890500900138,95.11291875280843
743.9161283490417,96.66919812040965
744.0432066080696,96.94847708807711
744.1702848670974,96.08343618152783
744.2973631261252,95.99398547617608
744.424441385153,96.7024450950886
744.551519644181,94.1822309306982
744.6785979032088,95.7793732365517
744.8056761622366,94.60712668456162
744.9327544212645,93.18206033356142
745.0598326802924,94.81505001018796
745.1869109393202,95.93489205207882
745.313989198348,94.94699449884055
745.4410674573759,92.99810066361077
745.5681457164037,93.74496454830697
745.6952239754316,95.65940835671289
745.8223022344595,93.80477824711406
745.9493804934873,94.10399337537243
746.0764587525151,93.66478979360105
746.2035370115431,91.66504431279695
746.3306152705709,94.28031218379842
746.4576935295987,93.12974466110366
746.5847717886265,92.06226313536865
746.7118500476545,91.23673718344048
746.8389283066823,91.80898407601359
746.9660065657101,92.14907537898293
747.093084824738,93.08111872212832
747.2201630837658,93.94477399452167
747.3472413427937,94.86289999944519
747.4743196018215,92.20622776827132
747.6013978608494,94.15084155321155
747.7284761198772,91.40761918538337
747.8555543789051,93.79551509453462
747.982632637933,90.9670344581501
748.1097108969608,93.41838444215702
748.2367891559886,94.37175292932574
748.3638674150164,93.30478500068496
748.4909456740444,93.7837233566499
748.6180239330722,93.70554486105308
748.7451021921,93.96034309420371
748.8721804511279,96.00758243641793
748.9992587101558,94.17333543883943
749.1263369691836,94.32144514984414
749.2534152282115,95.00354799173537
749.3804934872393,93.98240731513921
749.5075717462671,93.76797495430388
749.634650005295,94.29460392866332
749.7617282643229,93.6824575422198
749.8888065233507,95.24315591318484
750.0158847823785,94.88490171796194
750.1429630414065,93.04353034378782
750.2700413004343,96.22600299146576
750.3971195594621,95.48236531342866
750.5241978184899,96.33028988531251
750.6512760775178,94.55044764710362
750.7783543365457,97.15866020534978
750.9054325955735,97.59300185580334
751.0325108546014,95.96049041285488
751.1595891136292,97.20507817097224
751.2866673726571,95.63638190131852
751.413745631685,97.7615531106116
751.5408238907128,95.50933619128979
751.6679021497406,97.81450025086974
751.7949804087684,97.50393353722632
751.9220586677964,96.05311368762295
752.0491369268242,97.78956548770057
752.176215185852,97.01231054060895
752.3032934448798,95.7268198426436
752.4303717039078,96.74749514939681
752.5574499629356,99.58636897444612
752.6845282219634,97.40506029020915
752.8116064809913,97.13893139159241
752.9386847400191,99.23375542522115
753.065762999047,96.9193438700888
753.1928412580748,96.65253077257155
753.3199195171027,95.2241654191945
753.4469977761305,97.70012629643858
753.5740760351584,96.28778152931503
753.7011542941863,96.73843679809625
753.8282325532141,95.68858330142758
753.9553108122419,95.54601582158283
754.0823890712697,96.83695164648087
754.2094673302977,95.58294715747644
754.3365455893255,95.03077750371072
754.4636238483533,97.06621747780251
754.5907021073812,94.87409176421731
754.7177803664091,94.14706997940316
754.8448586254369,95.990372863365
754.9719368844648,94.07873096406477
755.0990151434926,94.66407513153786
755.2260934025205,95.47213229982358
755.3531716615483,93.56214408991279
755.4802499205762,94.12384484381332
755.607328179604,94.27412818055443
755.7344064386318,94.77665312292223
755.8614846976598,93.76648265598199
755.9885629566876,93.33209660398639
756.1156412157154,93.98852830378871
756.2427194747432,94.47141642998754
756.3697977337712,92.8449861729623
756.496875992799,94.1768508124347
756.6239542518268,92.8716038229469
756.7510325108547,92.0104548672747
756.8781107698825,92.93371829661034
757.0051890289104,93.89930303496787
757.1322672879382,93.87779761837623
757.2593455469661,92.15701192159214
757.3864238059939,93.50953147566551
757.5135020650218,91.44458631912259
757.6405803240497,92.85001438194179
757.7676585830775,93.76211140414695
757.8947368421053,94.21574729803666
758.0218151011331,91.77616932094243
758.1488933601611,93.31265981406278
758.2759716191889,94.90024682317825
758.4030498782167,91.94345307820271
758.5301281372446,93.48419759099006
758.6572063962725,95.12302543102578
758.7842846553003,92.89860132620755
758.9113629143282,95.3312297428072
759.038441173356,93.45457661701923
759.1655194323838,94.58924259533106
759.2925976914117,95.22365997937005
759.4196759504396,94.90319579643275
759.5467542094674,94.0162439216605
759.6738324684952,92.1789668252829
759.8009107275232,94.90955205057934
759.927988986551,93.87529562308542
760.0550672455788,95.20717100513545
760.1821455046066,95.20333508029175
760.3092237636345,97.4413740993833
760.4363020226624,98.21873335015853
760.5633802816902,95.13082738447862
760.690458540718,96.6763480636659
760.8175367997459,95.43872033733079
760.9446150587738,96.81516328440236
761.0716933178016,97.37402235893899
761.1987715768295,95.74924252503641
761.3258498358573,95.70149466594071
761.4529280948851,96.43491316596263
761.5800063539131,97.22033265170141
761.7070846129409,97.40269041981443
761.8341628719687,94.84783127329932
761.9612411309965,96.13966850738404
762.0883193900245,97.46192808160895
762.2153976490523,96.18269121008092
762.3424759080801,97.72024957650395
762.469554167108,95.48651630183109
762.5966324261358,95.40203001472291
762.7237106851637,97.10040224449537
762.8507889441915,97.57324272576513
762.9778672032194,96.36087224967984
763.1049454622472,97.85270041059376
763.2320237212751,96.85631872478746
763.359101980303,96.60829179982386
763.4861802393308,95.9451025796205
763.6132584983586,97.5873706921977
763.7403367573866,96.71472012867659
763.8674150164144,95.81464171987015
763.9944932754422,95.29779224663358
764.12157153447,94.0428975312944
764.2486497934979,96.8953442007211
764.3757280525258,96.54017033231355
764.5028063115536,96.90585466808211
764.6298845705815,96.2689646702748
764.7569628296093,95.80108362679444
764.8840410886372,94.69721316654065
765.011119347665,95.77751928581712
765.1381976066929,94.07451946352798
765.2652758657207,95.12502855142093
765.3923541247485,92.864269610736
765.5194323837765,92.96555731416865
765.6465106428043,94.41430020897891
765.7735889018321,93.90299947436934
765.9006671608599,94.81508515379225
766.0277454198879,93.73583174919699
766.1548236789157,94.22325744101231
766.2819019379435,93.81701178294566
766.4089801969714,94.26247185560857
766.5360584559992,92.50380566549455
766.6631367150271,95.21656252444606
766.790214974055,92.66042675072394
766.9172932330828,92.78185739753178
767.0443714921106,90.94858801605419
767.1714497511385,95.5811157380023
767.2985280101664,92.42424132834547
767.4256062691942,93.91371606481816
767.552684528222,93.10596143058659
767.6797627872498,93.59043459875329
767.8068410462778,93.47503321953711
767.9339193053056,92.70497540934657
768.0609975643334,92.78508096167953
768.1880758233613,93.80565292506215
768.3151540823892,94.60073910929111
768.442232341417,92.85584354370866
768.5693106004449,93.94211039719025
768.6963888594727,92.10662463333183
768.8234671185005,93.75686871484037
768.9505453775284,93.3038745650543
769.0776236365563,94.40880363102825
769.2047018955841,94.93271136727766
769.3317801546119,94.82657923464829
769.4588584136399,94.8168663735385
769.5859366726677,93.60486138544984
769.7130149316955,94.8199160236707
769.8400931907233,95.0134814005497
769.9671714497512,95.64435106182088
770.0942497087791,95.28244704595717
770.2213279678069,95.93438509739303
770.3484062268348,96.87421025053096
770.4754844858626,95.63733068278898
770.6025627448905,95.73639500647013
770.7296410039183,94.80838654986495
770.8567192629462,95.80238967457535
770.983797521974,95.8205827058994
771.1108757810018,98.13865270082755
771.2379540400298,96.66944742416088
771.3650322990576,97.22221601632893
771.4921105580854,95.55407869043684
771.6191888171132,95.10832602118127
771.7462670761412,97.57599021226736
771.873345335169,95.52647220601786
772.0004235941968,95.36284142671931
772.1275018532247,95.08092550478764
772.2545801122526,97.80907887863994
772.3816583712804,95.90192542972756
772.5087366303082,95.3833324462888
772.6358148893361,95.99027145144566
772.7628931483639,98.44767254241837
772.8899714073918,97.33137811549066
773.0170496664197,97.30336243915433
773.1441279254475,97.07400364474145
773.2712061844753,95.12048023688425
773.3982844435033,99.11373728709229
773.5253627025311,95.56360540489183
773.6524409615589,95.90393329414748
773.7795192205867,97.95972557264307
773.9065974796146,96.88866590163322
774.0336757386425,95.74292007842895
774.1607539976703,95.23997233427241
774.2878322566982,94.3462509727331
774.414910515726,96.32253560192508
774.5419887747539,96.24872558558411
774.6690670337817,95.41971652663264
774.7961452928096,94.77954074300554
774.9232235518374,94.23038154562664
775.0503018108652,95.31544847966975
775.1773800698932,94.95255497004977
775.304458328921,94.61041668485632
775.4315365879488,94.26021407019282
775.5586148469766,94.08175893168034
775.6856931060046,94.00168138360681
775.8127713650324,94.59173005485852
775.9398496240602,92.44954571499022
776.066927883088,93.41729436188193
776.1940061421159,94.34475181941802
776.3210844011438,94.39560411075686
776.4481626601716,93.82424456212104
776.5752409191995,93.96330576253322
776.7023191782273,94.4064550627163
776.8293974372552,92.96333136441737
776.9564756962831,93.10302935270757
777.0835539553109,91.97320211275022
777.2106322143387,93.54785844551526
777.3377104733665,92.32647163496554
777.4647887323945,92.81580594277969
777.5918669914223,94.14252466862467
777.7189452504501,92.80899605720484
777.846023509478,93.186470982335
777.9731017685059,93.38787289991566
778.1001800275337,94.21335443627443
778.2272582865616,92.80996961627382
778.3543365455894,93.03872765062037
778.4814148046172,94.4770283574254
778.6084930636451,94.33581732368218
778.735571322673,92.14896219781758
778.8626495817008,94.7271224410537
778.9897278407286,92.99580889370269
779.1168060997566,94.73789740447518
779.2438843587844,95.00222801618806
779.3709626178122,95.28387436742632
779.49804087684,93.69366409352467
779.6251191358679,94.15934376900194
779.7521973948958,95.5584292599433
779.8792756539236,94.12489591026348
780.0063539129515,94.16664594709587
780.1334321719793,96.05648799514083
780.2605104310072,94.0796997409018
780.387588690035,93.96262338887006
780.5146669490629,94.29289269912138
780.6417452080907,93.82989800018746
780.7688234671186,93.67644895121309
780.8959017261465,94.2721641464445
781.0229799851743,94.28170988852389
781.1500582442021,94.12086806775986
781.2771365032299,95.06113552806342
781.4042147622579,95.3226512930287
781.5312930212857,94.59810656083648
781.6583712803135,92.69066203026216
781.7854495393414,94.55904536797078
781.9125277983693,93.05119346710835
782.0396060573971,92.61285518187373
782.166684316425,94.28951544357628
782.2937625754528,93.71908391835791
782.4208408344806,91.82269973162995
782.5479190935085,93.99192996881149
782.6749973525364,93.8739918871061
782.8020756115642,92.6976822168338
782.929153870592,94.13045639289805
783.05623212962,93.46985718371275
783.1833103886478,92.01271069713097
783.3103886476756,91.3680464260583
783.4374669067034,92.16185315585112
783.5645451657313,90.50124439535661
783.6916234247592,91.74783615158955
783.818701683787,91.26031675158615
783.9457799428149,91.64263352159554
784.0728582018427,89.5260972317669
784.1999364608706,90.35164130498745
784.3270147198984,90.50750390557437
784.4540929789263,90.13425852889705
784.5811712379541,89.21512165901818
784.7082494969819,88.66343551983881
784.8353277560099,89.02166635610334
784.9624060150377,88.78920132827899
785.0894842740655,89.69007350449277
785.2165625330933,87.4654879129032
785.3436407921213,86.78800277189929
785.4707190511491,85.71092641338582
785.5977973101769,87.18743799761349
785.7248755692048,89.05228250508902
785.8519538282326,84.78962979290503
785.9790320872605,85.03306099920304
786.1061103462883,87.15260162472552
786.2331886053162,84.64310442988668
786.360266864344,84.37149730590814
786.4873451233719,86.3266294302133
786.6144233823998,85.0711569463622
786.7415016414276,83.92791140055112
786.8685799004554,82.4492359691762
786.9956581594832,83.20884508021376
787.1227364185112,84.79577597492775
787.249814677539,83.20466971778771
787.3768929365668,84.32381361923274
787.5039711955947,84.28859484900815
787.6310494546226,82.33229942041325
787.7581277136504,83.80445868010688
787.8852059726782,83.39621424328944
788.0122842317061,83.81692750786377
788.1393624907339,83.50714676035798
788.2664407497618,80.83224449511484
788.3935190087897,83.10768014152812
788.5205972678175,82.36068561435542
788.6476755268453,83.05273960090857
788.7747537858733,83.38932999223223
788.9018320449011,82.04534398998462
789.0289103039289,82.80161769813517
789.1559885629567,81.93272521324324
789.2830668219846,83.05414726899487
789.4101450810125,80.35628593157321
789.5372233400403,81.348921049313
789.6643015990682,82.74279763538787
789.791379858096,82.19699981924403
789.9184581171239,83.68054357502017
790.0455363761517,81.37510742370262
790.1726146351796,80.24101138908865
790.2996928942074,81.58803454320817
790.4267711532353,84.38646981802982
790.5538494122632,82.09403678562055
790.680927671291,82.74617646781135
790.8080059303188,81.73634750139138
790.9350841893466,82.75906006001685
791.0621624483746,80.80249266304395
791.1892407074024,82.2560734466607
791.3163189664302,81.89370120583729
791.443397225458,82.10793444642748
791.570475484486,81.49907183547398
791.6975537435138,82.78562839727759
791.8246320025416,82.99685081182251
791.9517102615695,82.99428085656074
792.0787885205973,81.30508775287299
792.2058667796252,81.20334182589389
792.3329450386531,81.84278528260633
792.4600232976809,81.48354956425892
792.5871015567087,82.24952265094417
792.7141798157367,81.21663635240441
792.8412580747645,81.86991075788681
792.9683363337923,80.41241162930638
793.0954145928201,80.0
793.222492851848,81.50620542286732
793.3495711108759,81.15812241877077
793.4766493699037,80.7082398454229
793.6037276289316,80.0
793.7308058879594,80.19396509092594
793.8578841469873,80.0
793.9849624060151,80.0
794.112040665043,80.0
794.2391189240708,80.0
794.3661971830986,80.0
794.4932754421266,80.0
794.6203537011544,80.0
794.7474319601822,80.0
794.87451021921,80.0
795.001588478238,80.0
795.1286667372658,80.0
795.2557449962936,80.0
795.3828232553215,80.0
795.5099015143493,80.0
795.6369797733772,80.0
795.764058032405,80.0
795.8911362914329,80.0
796.0182145504607,80.0
796.1452928094886,80.0
796.2723710685165,80.0
796.3994493275443,80.0
796.5265275865721,80.0
796.6536058455999,80.0
796.7806841046279,80.0
796.9077623636557,80.0
797.0348406226835,80.0
797.1619188817114,80.0
797.2889971407393,80.0
797.4160753997671,80.0
797.543153658795,80.0
797.6702319178228,80.0
797.7973101768506,80.0
797.9243884358785,80.0
798.0514666949064,80.0
798.1785449539342,80.0
798.305623212962,80.0
798.43270147199,80.0
798.5597797310178,80.0
798.6868579900456,80.0
798.8139362490734,80.0
798.9410145081014,80.0
799.0680927671292,80.0
799.195171026157,80.0
799.3222492851849,80.0
799.4493275442127,80.0
799.5764058032406,80.0
799.7034840622684,80.0
799.8305623212963,80.0
799.9576405803241,80.0
800.084718839352,80.0
800.2117970983799,80.0
800.3388753574077,80.0
800.4659536164355,80.0
800.5930318754633,80.0
800.7201101344913,80.0
800.8471883935191,80.0
800.9742666525469,80.0
801.1013449115748,80.0
801.2284231706027,80.0
801.3555014296305,80.0
801.4825796886583,80.0
801.6096579476862,80.0
801.736736206714,80.0
801.8638144657419,80.0
801.9908927247698,80.0
802.1179709837976,80.0
802.2450492428254,80.0
802.3721275018534,80.0
802.4992057608812,80.0
802.626284019909,80.0
802.7533622789368,80.0
802.8804405379647,80.0
803.0075187969926,80.0
803.1345970560204,80.0
803.2616753150483,80.0
803.3887535740761,80.0
803.515831833104,80.0
803.6429100921318,80.0
803.7699883511597,80.0
803.8970666101875,80.0
804.0241448692153,80.0
804.1512231282433,80.0
804.2783013872711,80.0
804.4053796462989,80.0
804.5324579053267,80.0
804.6595361643547,80.0
804.7866144233825,80.0
804.9136926824103,80.0
805.0407709414382,80.0
805.167849200466,80.0
805.2949274594939,80.0
805.4220057185217,80.0
805.5490839775496,80.0
805.6761622365774,80.0
805.8032404956053,80.0
805.9303187546332,80.0
806.057397013661,80.0
806.1844752726888,80.0
806.3115535317166,80.0
806.4386317907446,80.0
806.5657100497724,80.0
806.6927883088002,80.0
806.8198665678281,80.0
806.946944826856,80.0
807.0740230858838,80.0
807.2011013449116,80.0
807.3281796039395,80.0
807.4552578629674,80.0
807.5823361219952,80.0
807.7094143810231,80.0
807.8364926400509,80.0
807.9635708990787,80.0
808.0906491581067,80.0
808.2177274171345,80.0
808.3448056761623,80.0
808.4718839351901,80.0
808.5989621942181,80.0
808.7260404532459,80.0
808.8531187122737,80.0
808.9801969713016,80.0
809.1072752303294,80.0
809.2343534893573,80.0
809.3614317483851,80.0
809.488510007413,80.0
809.6155882664408,80.0
809.7426665254687,80.0
809.8697447844966,80.0
809.9968230435244,80.0
810.1239013025522,80.0
810.25097956158,80.0
810.378057820608,80.0
810.5051360796358,80.0
810.6322143386636,80.0
810.7592925976915,80.0
810.8863708567194,80.0
811.0134491157472,80.0
811.140527374775,80.0
811.2676056338029,80.0
811.3946838928307,80.0
811.5217621518586,80.0
811.6488404108865,80.0
811.7759186699143,80.0
811.9029969289421,80.0
812.03007518797,80.0
812.1571534469979,80.0
812.2842317060257,80.0
812.4113099650535,80.0
812.5383882240814,80.0
812.6654664831093,80.0
812.7925447421371,80.0
812.919623001165,80.0
813.0467012601928,80.0
813.1737795192207,80.0
813.3008577782485,80.0
813.4279360372764,80.0
813.5550142963042,80.0
813.682092555332,80.0
813.80917081436,80.0
813.9362490733878,80.0
814.0633273324156,80.0
814.1904055914434,80.0
814.3174838504714,80.0
814.4445621094992,80.0
814.571640368527,80.0
814.6987186275549,80.0
814.8257968865827,80.0
814.9528751456106,80.0
815.0799534046384,80.0
815.2070316636663,80.0
815.3341099226941,80.0
815.461188181722,80.0
815.5882664407499,80.0
815.7153446997777,80.0
815.8424229588055,80.0
815.9695012178335,80.0
816.0965794768613,80.0
816.2236577358891,80.0
816.3507359949169,80.0
816.4778142539448,80.0
816.6048925129727,80.0
816.7319707720005,80.0
816.8590490310283,80.0
816.9861272900562,80.0
817.1132055490841,80.0
817.2402838081119,80.0
817.3673620671398,80.0
817.4944403261676,80.0
817.6215185851954,80.0
817.7485968442234,80.0
817.8756751032512,80.0
818.002753362279,80.0
818.1298316213068,80.0
818.2569098803348,80.0
818.3839881393626,80.0
818.5110663983904,80.0
818.6381446574183,80.0
818.7652229164461,80.0
818.892301175474,80.0
819.0193794345018,80.0
819.1464576935297,80.0
819.2735359525575,80.0
819.4006142115854,80.0
819.5276924706133,80.0
819.6547707296411,80.0
819.7818489886689,80.0
819.9089272476967,80.0
820.0360055067247,80.0
820.1630837657525,80.0
820.2901620247803,80.0
820.4172402838082,80.0
820.5443185428361,80.0
820.6713968018639,80.0
820.7984750608917,80.0
820.9255533199196,80.0
821.0526315789474,80.0
821.1797098379753,80.0
821.3067880970032,80.0
821.433866356031,80.0
821.5609446150588,80.0
821.6880228740868,80.0
821.8151011331146,80.0
821.9421793921424,80.0
822.0692576511702,80.0
822.1963359101981,80.0
822.323414169226,80.0
822.4504924282538,80.0
822.5775706872816,80.0
822.7046489463095,80.0
822.8317272053374,80.0
822.9588054643652,80.0
823.0858837233931,80.0
823.2129619824209,80.0
823.3400402414487,80.0
823.4671185004767,80.0
823.5941967595045,80.0
823.7212750185323,80.0
823.8483532775601,80.0
823.9754315365881,80.0
824.1025097956159,80.0
824.2295880546437,80.0
824.3566663136716,80.0
824.4837445726995,80.0
824.6108228317273,80.0
824.7379010907551,80.0
824.864979349783,80.0
824.9920576088108,80.0
825.1191358678387,80.0
825.2462141268666,80.0
825.3732923858944,80.0
825.5003706449222,80.0
825.6274489039502,80.0
825.754527162978,80.0
825.8816054220058,80.0
826.0086836810336,80.0
826.1357619400615,80.0
826.2628401990894,80.0
826.3899184581172,80.0
826.516996717145,80.0
826.6440749761729,80.0
826.7711532352008,80.0
826.8982314942286,80.0
827.0253097532565,80.0
827.1523880122843,80.0
827.2794662713121,80.0
827.40654453034,80.0
827.5336227893679,80.0
827.6607010483957,80.0
827.7877793074235,80.0
827.9148575664515,80.0
828.0419358254793,80.0
828.1690140845071,80.0
828.296092343535,80.0
828.4231706025628,80.0
828.5502488615907,80.33508892501185
828.6773271206185,80.0
828.8044053796464,80.0
828.9314836386742,81.56554913191387
829.0585618977021,82.15071863822791
829.18564015673,81.399413104648
829.3127184157578,80.80810567918653
829.4397966747856,81.26298606893344
829.5668749338134,80.85327744773697
829.6939531928414,80.53132305833329
829.8210314518692,83.03962678034912
829.948109710897,82.46422077604075
830.0751879699249,83.28041859115412
830.2022662289528,82.80403245726171
830.3293444879806,86.21713610141022
830.4564227470084,84.04509173061562
830.5835010060363,83.53035196671695
830.7105792650641,85.17613771866164
830.837657524092,83.99031813976126
830.9647357831199,85.86253333223769
831.0918140421477,85.74136468090737
831.2188923011755,85.18387854296066
831.3459705602035,85.81604159103735
831.4730488192313,85.72945889898051
831.6001270782591,88.41655768292719
831.7272053372869,88.30155726238901
831.8542835963148,86.53737842596448
831.9813618553427,87.36053763995075
832.1084401143705,87.88779919833092
832.2355183733983,87.33600327928634
832.3625966324262,87.72137853597502
832.4896748914541,89.09713472474482
832.6167531504819,88.6775486674212
832.7438314095098,87.90287931949138
832.8709096685376,87.82529717638839
832.9979879275655,86.70594157017595
833.1250661865934,87.77633627460719
833.2521444456212,87.31478944757784
833.379222704649,87.74096720233827
833.5063009636768,88.66279761757833
833.6333792227048,88.68606827591618
833.7604574817326,87.86941127115087
833.8875357407604,87.48458672005347
834.0146139997883,90.41708294261353
834.1416922588162,89.92805154139639
834.268770517844,89.80726531060576
834.3958487768718,89.54419497796215
834.5229270358997,90.58634405985121
834.6500052949275,88.87147719107523
834.7770835539554,89.3743650789459
834.9041618129833,88.74689071988539
835.0312400720111,88.08087628297213
835.1583183310389,92.69294144921983
835.2853965900669,87.81405569993197
835.4124748490947,89.05000405647807
835.5395531081225,90.38648684075758
835.6666313671503,90.69985998389524
835.7937096261782,87.85915055228165
835.9207878852061,87.81027607078511
836.0478661442339,90.73887791684149
836.1749444032617,88.81357075300556
836.3020226622896,87.51255507672248
836.4291009213175,88.1363051974767
836.5561791803453,89.63381758956841
836.6832574393732,89.6125092573286
836.810335698401,89.89585714592317
836.9374139574288,89.55603057997514
837.0644922164568,90.02432777218458
837.1915704754846,89.25062860244847
837.3186487345124,90.25826999856606
837.4457269935402,90.80278479935257
837.5728052525682,89.46845584506086
837.699883511596,89.5183356057907
837.8269617706238,91.75911360508378
837.9540400296517,90.43717329013634
838.0811182886795,89.21179902625165
838.2081965477074,91.8427442458831
838.3352748067352,91.53257626032095
838.4623530657631,91.89864622736026
838.5894313247909,93.04585342301012
838.7165095838188,92.7047174021615
838.8435878428467,93.11066900373588
838.9706661018745,92.28013289181739
839.0977443609023,95.1613611466783
839.2248226199301,92.73179859511353
839.3519008789581,94.67502770656225
839.4789791379859,93.6322743538308
839.6060573970137,93.87855333530835
839.7331356560416,93.82305356466374
839.8602139150695,95.53162852260824
839.9872921740973,94.68808473038995
840.1143704331251,93.74087925046638
840.241448692153,95.43517343466107
840.3685269511808,95.07773018944731
840.4956052102087,96.31371182783766
840.6226834692366,93.99738750173545
840.7497617282644,97.52532325717038
840.8768399872922,96.55857341803676
841.0039182463202,95.24247756978681
841.130996505348,98.76209269336579
841.2580747643758,96.38254500490477
841.3851530234036,95.03558869313211
841.5122312824316,96.00822208079346
841.6393095414594,97.41051723131406
841.7663878004872,98.2967032375211
841.893466059515,97.70134482738307
842.0205443185429,98.89872133840126
842.1476225775708,95.68264241283322
842.2747008365986,96.75769519480649
842.4017790956265,96.60738066577575
842.5288573546543,95.15390465233928
842.6559356136822,98.28744178155591
842.7830138727101,96.92950744075947
842.9100921317379,96.90515133404787
843.0371703907657,97.85671872155689
843.1642486497935,96.18702744338964
843.2913269088215,97.28660012529448
843.4184051678493,98.06565835023866
843.5454834268771,96.3711236757446
843.672561685905,97.0559691978206
843.7996399449329,95.65115513115136
843.9267182039607,95.48554408278942
844.0537964629885,96.67478558786682
844.1808747220164,96.10083060385678
844.3079529810442,95.39571640757255
844.4350312400721,95.41901963965894
844.5621094991,95.9009737639015
844.6891877581278,95.25482076912809
844.8162660171556,94.61217626549316
844.9433442761836,94.69502129680836
845.0704225352114,94.46966170179113
845.1975007942392,96.06128930597701
845.324579053267,96.7532995798729
845.4516573122949,93.33711087439261
845.5787355713228,93.47240094738065
845.7058138303506,92.71135943496718
845.8328920893784,94.45253405586003
845.9599703484063,94.38818594373181
846.0870486074342,94.66282825288295
846.214126866462,92.12296487113734
846.3412051254899,92.55768577107504
846.4682833845177,94.58755643179263
846.5953616435455,92.19506757454855
846.7224399025735,92.99635664659368
846.8495181616013,93.23466264522793
846.9765964206291,92.49497548778062
847.1036746796569,93.15315740286466
847.2307529386849,91.53916331576512
847.3578311977127,92.16518948993834
847.4849094567405,92.06511212275352
847.6119877157684,93.69306142695253
847.7390659747962,92.87038396727384
847.8661442338241,93.13428957374806
847.9932224928519,93.57956461981934
848.1203007518798,92.61566883277641
848.2473790109076,91.78501584788913
848.3744572699355,93.48820587327391
848.5015355289634,92.84199699843516
848.6286137879912,91.03538229149048
848.755692047019,94.18890940039417
848.8827703060468,92.89281813216759
849.0098485650748,94.08073413148468
849.1369268241026,94.22686952287506
849.2640050831304,92.78945421211834
849.3910833421583,93.33713931492642
849.5181616011862,92.4477285770099
849.645239860214,95.2375087464452
849.7723181192418,94.55441860429961
849.8993963782697,94.7372179660262
850.0264746372976,94.97875846411426
850.1535528963254,94.92707906920775
850.2806311553533,95.98922785872077
850.4077094143811,95.7257813109267
850.5347876734089,95.29124865897568
850.6618659324369,95.53456167408801
850.7889441914647,97.56842570640438
850.9160224504925,95.1358904028316
851.0431007095203,97.03421625060224
851.1701789685483,97.93375421522991
851.2972572275761,96.02658929961142
851.4243354866039,98.11505362935671
851.5514137456317,95.05748432337785
851.6784920046596,97.02868714344955
851.8055702636875,98.3339086879481
851.9326485227153,97.52301894559034
852.0597267817432,95.27427389428966
852.186805040771,96.81715706515308
852.3138832997989,96.8564846041737
852.4409615588268,96.01546746987474
852.5680398178546,95.78295881637942
852.6951180768824,96.71167257785937
852.8221963359102,97.7811397575151
852.9492745949382,96.91222280010086
853.076352853966,96.98291033699081
853.2034311129938,98.52402434644435
853.3305093720217,97.05208125344794
853.4575876310496,95.94902392388593
853.5846658900774,97.96309910714258
853.7117441491052,96.7525771655701
853.8388224081331,97.266042910445
853.9659006671609,94.57210036368487
854.0929789261888,95.80454887830528
854.2200571852167,97.34646882639669
854.3471354442445,95.00558068287351
854.4742137032723,94.20681220222461
854.6012919623003,97.70950131110622
854.7283702213281,94.85579706106778
854.8554484803559,94.82310335564425
854.9825267393837,95.50284155870472
855.1096049984116,95.21494865638984
855.2366832574395,93.19741078091153
855.3637615164673,94.41323057493099
855.4908397754951,94.5950817797484
855.617918034523,94.56974104232319
855.7449962935509,95.78348408094834
855.8720745525787,94.25736628762762
855.9991528116066,94.04002129584569
856.1262310706344,94.57682566584111
856.2533093296622,93.79331975284042
856.3803875886902,93.22698063648367
856.507465847718,92.57400974858874
856.6345441067458,93.63576974854696
856.7616223657736,94.38287287999505
856.8887006248016,94.94663507527875
857.0157788838294,93.52253397274372
857.1428571428572,94.78526453098175
857.269935401885,93.90801068741216
857.3970136609129,93.22910703844398
857.5240919199408,92.3913338934696
857.6511701789686,92.61702597882397
857.7782484379965,93.96678164336204
857.9053266970243,92.1967460747331
858.0324049560522,91.60490337116968
858.1594832150801,91.23177286086332
858.2865614741079,94.14719132402185
858.4136397331357,93.09937850353643
858.5407179921636,93.09429732027499
858.6677962511915,93.06516620531828
858.7948745102193,93.94626566410584
858.9219527692471,95.22157094711419
859.049031028275,95.28807955205787
859.1761092873029,93.43278672310112
859.3031875463307,95.46423088981959
859.4302658053585,95.35292927844588
859.5573440643864,93.68595391507142
859.6844223234143,94.31465213674855
859.8115005824421,95.94169347611367
859.93857884147,93.73839929972533
860.0656571004978,94.80730658892904
860.1927353595256,93.62544037814392
860.3198136185536,96.35445905878142
860.4468918775814,97.66786958467107
860.5739701366092,95.27765168836375
860.701048395637,96.69200677985035
860.828126654665,96.46004159291302
860.9552049136928,94.86419610216461
861.0822831727206,95.91808884043263
861.2093614317484,97.50913338650793
861.3364396907763,96.55264618044401
861.4635179498042,97.37407704678382
861.590596208832,97.23966634209626
861.7176744678599,97.02384412077957
861.8447527268877,97.1097984504213
861.9718309859156,95.79824405569504
862.0989092449435,98.06659588741276
862.2259875039713,98.27361116339921
862.3530657629991,97.28155877457165
862.4801440220269,94.70724702000406
862.6072222810549,95.710364197152
862.7343005400827,97.5372527185403
862.8613787991105,96.48762230078886
862.9884570581384,99.73398372531588
863.1155353171663,96.60957461699068
863.2426135761941,96.13438668489516
863.3696918352219,96.54781609293853
863.4967700942498,97.48644170206339
863.6238483532776,97.13253602585698
863.7509266123055,94.7545772119826
863.8780048713334,94.71085603647467
864.0050831303612,98.14119047118122
864.132161389389,96.3717786188557
864.259239648417,97.08649292464298
864.3863179074448,95.78599403520384
864.5133961664726,94.37191313708297
864.6404744255004,95.243396565982
864.7675526845283,94.99663597979841
864.8946309435562,95.11653458635105
865.021709202584,93.30415195294027
865.1487874616118,95.4460168628671
865.2758657206397,93.14772562576341
865.4029439796676,95.15592386863194
865.5300222386954,94.731860771236
865.6571004977233,95.02625980241417
865.7841787567511,93.31745405712905
865.9112570157789,93.98617247229585
866.0383352748069,93.04371618158369
866.1654135338347,93.69817170986033
866.2924917928625,92.34190074566386
866.4195700518903,94.16700603127667
866.5466483109183,93.43649082374037
866.6737265699461,93.34670495924082
866.8008048289739,92.25914186667914
866.9278830880017,92.54001364314175
867.0549613470297,93.50783148780734
867.1820396060575,92.6289737813398
867.3091178650853,93.86367250922609
867.4361961241132,94.04251399885695
867.563274383141,94.64726470035197
867.6903526421689,93.34030601317797
867.8174309011968,93.84222376523688
867.9445091602246,93.574203979678
868.0715874192524,92.48449187064497
868.1986656782803,93.83795441420237
868.3257439373082,92.9566287641663
868.452822196336,93.0061862930985
868.5799004553638,92.24941575187148
868.7069787143917,93.65809496955175
868.8340569734196,94.43067355058247
868.9611352324474,93.0165695319768
869.0882134914752,93.10775294507798
869.2152917505031,93.75308691182067
869.342370009531,93.5616668654765
869.4694482685588,95.8011165795823
869.5965265275867,93.72204673724002
869.7236047866145,94.86033988437462
869.8506830456423,93.00455690014108
869.9777613046703,94.44734225418846
870.1048395636981,95.36163775987775
870.2319178227259,94.02464398165412
870.3589960817537,94.04760602982397
870.4860743407817,97.24192584027557
870.6131525998095,97.46333789853907
870.7402308588373,94.83825550253874
870.8673091178651,97.92693868824145
870.994387376893,95.04144133502004
871.1214656359209,96.20079408795088
871.2485438949487,96.92185360374671
871.3756221539766,94.56029218749899
871.5027004130044,96.59169470426369
871.6297786720323,95.2709961273806
871.7568569310602,96.6403386509046
871.883935190088,96.9595209564058
872.0110134491158,96.72561091424194
872.1380917081436,95.0495531581019
872.2651699671716,97.38513594850629
872.3922482261994,96.93503970208191
872.5193264852272,95.90857320198876
872.646404744255,96.60531954539367
872.773483003283,96.36919486498809
872.9005612623108,95.84333076662534
873.0276395213386,97.7055717549631
873.1547177803665,95.15425901524289
873.2817960393943,97.56646153021705
873.4088742984222,97.54586384322049
873.5359525574501,95.38583145959056
873.6630308164779,96.0087756472448
873.7901090755057,96.84152830209892
873.9171873345337,95.70157803553691
874.0442655935615,96.29943155848136
874.1713438525893,97.03439461412601
874.2984221116171,97.91106858892357
874.425500370645,97.49043381103982
874.5525786296729,99.33434185253037
874.6796568887007,95.85084938248798
874.8067351477285,95.99945114661071
874.9338134067564,95.28277527728842
875.0608916657843,91.33079512988033
875.1879699248121,94.45070230006723
875.31504818384,95.1433184240366
875.4421264428678,95.32560564122129
875.5692047018957,95.36211579829782
875.6962829609236,93.4172247894082
875.8233612199514,94.66116924327096
875.9504394789792,93.52355373319241
876.077517738007,92.01664232345553
876.204595997035,90.62323849433983
876.3316742560628,93.79085141744086
876.4587525150906,94.01988189815113
876.5858307741184,94.54744544111362
876.7129090331464,95.27904423520157
876.8399872921742,93.87466805856282
876.967065551202,92.16543710934437
877.0941438102299,93.31068905378915
877.2212220692577,94.3803407629146
877.3483003282856,93.81406079610333
877.4753785873135,91.58292908718806
877.6024568463413,93.589023136467
877.7295351053691,91.50126324622441
877.856613364397,93.15985567406413
877.9836916234249,93.88917372413493
878.1107698824527,92.7312217537046
878.2378481414805,92.69488626226378
878.3649264005084,92.8257069722211
878.4920046595363,92.24893391098385
878.6190829185641,92.08659443722424
878.746161177592,93.1066258270446
878.8732394366198,93.51500018445168
879.0003176956477,94.35459239975441
879.1273959546755,94.59239336211924
879.2544742137034,93.60396140883931
879.3815524727312,94.25444410504741
879.508630731759,94.51846345127989
879.635708990787,94.43534607465082
879.7627872498148,94.03783037486797
879.8898655088426,93.65341000873164
880.0169437678704,95.40491597973322
880.1440220268984,94.33382762035512
880.2711002859262,95.53634885308611
880.398178544954,95.22682014341859
880.5252568039818,96.47802136594122
880.6523350630097,97.50160179397174
880.7794133220376,96.79563234494125
880.9064915810654,96.42069095380019
881.0335698400933,96.47876643866024
881.1606480991211,95.0713413092146
881.287726358149,96.94653291838661
881.4148046171769,96.51826541000591
881.5418828762047,96.51848000114347
881.6689611352325,95.0207532609648
881.7960393942603,96.56939706764499
881.9231176532883,98.06442652066214
882.0501959123161,96.67569592589639
882.1772741713439,95.45518988298373
882.3043524303718,95.04185409787048
882.4314306893997,96.48220581167607
882.5585089484275,95.34238150266927
882.6855872074553,98.06830254177738
882.8126654664832,96.77073375037472
882.939743725511,98.26446969070034
883.0668219845389,98.0971021661893
883.1939002435668,98.33667616457163
883.3209785025946,95.91487398402852
883.4480567616224,96.65380909191737
883.5751350206504,96.87774267989198
883.7022132796782,95.77579812711603
883.829291538706,94.42962655878766
883.9563697977338,94.8232967728807
884.0834480567618,97.31558206297441
884.2105263157896,95.373172540495
884.3376045748174,96.40769480562123
884.4646828338452,94.87260161462194
884.5917610928731,95.26345955210809
884.718839351901,95.57914681574736
884.8459176109288,94.81505981759301
884.9729958699567,96.57778493904978
885.1000741289845,92.70522148639967
885.2271523880124,95.95442200827945
885.3542306470403,95.19333369450464
885.4813089060681,95.89930524960666
885.6083871650959,92.95200380798083
885.7354654241237,93.58236184163812
885.8625436831517,93.49478454033297
885.9896219421795,92.402132225371
886.1167002012073,94.14527359976442
886.2437784602351,93.08507878121912
886.3708567192631,91.87770878819734
886.4979349782909,93.88907360312697
886.6250132373187,92.7182261512275
886.7520914963466,94.4341897759621
886.8791697553744,90.56488996681462
887.0062480144023,93.5356631310404
887.1333262734302,93.62386696053275
887.260404532458,92.19566926776578
887.3874827914858,91.76452513796217
887.5145610505137,93.33652554137437
887.6416393095416,92.8172999268889
887.7687175685694,93.83469879392686
887.8957958275972,93.73885031942714
888.022874086625,93.03887943836389
888.149952345653,91.7934106421892
888.2770306046808,93.94525612605841
888.4041088637086,93.27029827332883
888.5311871227365,92.67557943411887
888.6582653817644,92.37947126555713
888.7853436407922,94.07841811510887
888.9124218998201,94.3571607978525
889.0395001588479,93.17184810580336
889.1665784178757,94.33323323725499
889.2936566769037,92.84801811294848
889.4207349359315,95.26608006481017
889.5478131949593,94.47976101480081
889.6748914539871,95.05429459865942
889.8019697130151,94.64810608784691
889.9290479720429,95.97905186001783
890.0561262310707,93.54178389754139
890.1832044900985,95.10520709160129
890.3102827491264,95.70781831123915
890.4373610081543,95.40846570843881
890.5644392671821,97.56337258889891
890.69151752621,96.14581147317608
890.8185957852378,95.80863135801263
890.9456740442657,95.06350683253588
891.0727523032936,96.9799779702747
891.1998305623214,97.42610784910306
891.3269088213492,96.47440851476583
891.453987080377,96.35668813368017
891.581065339405,98.18062609348345
891.7081435984328,96.1158710476673
891.8352218574606,96.70415872100251
891.9623001164884,97.46992916270389
892.0893783755164,97.1495322070366
892.2164566345442,94.91797292899774
892.343534893572,96.59052162334481
892.4706131525999,95.82849893101778
892.5976914116278,99.30737638048664
892.7247696706556,98.88883060932764
892.8518479296835,97.92474060087736
892.9789261887113,99.68492098097968
893.1060044477391,95.13978623526492
893.233082706767,98.93129473400741
893.3601609657949,97.78689836033347
893.4872392248227,96.72191296509847
893.6143174838505,95.47722565464993
893.7413957428785,97.11475891537563
893.8684740019063,95.70602040826552
893.9955522609341,96.97628610976983
894.122630519962,96.53551457468579
894.2497087789898,95.69648533888086
894.3767870380177,94.79402052979285
894.5038652970455,95.03745674805413
894.6309435560734,96.32092239749092
894.7580218151012,95.04898434089549
894.8851000741291,94.74642026755116
895.012178333157,94.31943529444155
895.1392565921848,95.24182360398228
895.2663348512126,95.85606956960451
895.3934131102404,93.25251193931291
895.5204913692684,95.07509331422047
895.6475696282962,95.31879468150862
895.774647887324,93.41047549738472
895.9017261463518,93.6709145495705
896.0288044053798,93.72456779337706
896.1558826644076,93.94840396405485
896.2829609234354,95.32802185207906
896.4100391824633,92.6816821331307
896.5371174414911,90.89809040991732
896.664195700519,94.27350246247167
896.7912739595469,92.35970799687638
896.9183522185747,93.62090682408396
897.0454304776025,93.53070187763718
897.1725087366304,93.38681116055383
897.2995869956583,92.79981696023614
897.4266652546861,92.7442114339283
897.5537435137139,93.88696712764721
897.6808217727418,92.72205788019468
897.8079000317697,92.27523749427615
897.9349782907975,92.86235922076669
898.0620565498253,91.40444834164104
898.1891348088532,92.84076061556651
898.3162130678811,93.90075446543516
898.4432913269089,91.68114254866207
898.5703695859368,93.60253805302578
898.6974478449646,92.86061405374245
898.8245261039924,95.03002994367037
898.9516043630204,95.07352496203588
899.0786826220482,93.41312668937768
899.205760881076,93.7219148250068
899.3328391401038,93.0553451745443
899.4599173991318,94.77102313783178
899.5869956581596,96.49498480389168
899.7140739171874,94.73123002148144
899.8411521762152,94.49607001052071
899.9682304352431,95.09518103720319
900.095308694271,94.36478305209222
900.2223869532988,95.09482773753788
900.3494652123267,96.49059308423107
900.4765434713545,95.76387152094271
900.6036217303824,95.26722851102956
900.7306999894103,96.31285243834566
900.8577782484381,97.27302352035751
900.9848565074659,94.79514265142235
901.1119347664938,96.17851501574653
901.2390130255217,95.88631455222378
901.3660912845495,95.84702916834988
901.4931695435773,96.51217533419246
901.6202478026051,97.80852098607618
901.7473260616331,93.95832379818599
901.8744043206609,95.45797419553297
902.0014825796887,98.05807484877283
902.1285608387166,96.49365246976043
902.2556390977445,97.80772430253613
902.3827173567723,96.44032812452313
902.5097956158002,95.99211446428359
902.636873874828,95.28352045274951
902.7639521338558,96.1263580116427
902.8910303928837,95.68526360346108
903.0181086519116,98.45929037887312
903.1451869109394,96.1716457171551
903.2722651699672,96.30247815013027
903.3993434289952,95.79606779716133
903.526421688023,96.0193877465702
903.6534999470508,96.504763634253
903.7805782060786,96.33813701762766
903.9076564651065,97.02048075012704
904.0347347241344,95.25851831779066
904.1618129831622,96.4544396177126
904.2888912421901,94.99782048154076
904.4159695012179,97.35644789536379
904.5430477602458,95.38526506548595
904.6701260192737,96.66284051422531
904.7972042783015,94.04675840207886
904.9242825373293,96.15402971155986
905.0513607963571,93.98962874361379
905.1784390553851,93.82306504083527
905.3055173144129,95.61241248220087
905.4325955734407,95.87942504231968
905.5596738324685,94.79330524432298
905.6867520914965,93.90615538752866
905.8138303505243,93.94999320160018
905.9409086095521,93.64486339166726
906.06798686858,93.24997261095145
906.1950651276078,93.49747526703274
906.3221433866357,94.76034588573765
906.4492216456636,95.50076186300427
906.5762999046914,93.62478116249507
906.7033781637192,92.93548955952075
906.8304564227471,90.38189251991898
906.957534681775,94.31072746436827
907.0846129408028,92.20309908774331
907.2116911998306,93.71347072294671
907.3387694588585,92.54177830750798
907.4658477178864,92.5764848408065
907.5929259769142,93.89155479836957
907.720004235942,94.44098873215653
907.8470824949699,94.32267733402402
907.9741607539978,93.62421799319071
908.1012390130256,93.96636527035787
908.2283172720535,92.75958023220701
908.3553955310813,92.34347777367562
908.4824737901091,94.84380323859074
908.609552049137,92.76585337666499
908.7366303081649,94.09686309548192
908.8637085671927,94.88869659559215
908.9907868262205,95.17179413580568
909.1178650852485,94.30813082953026
909.2449433442763,92.90116414342765
909.3720216033041,95.92188758654778
909.499099862332,94.03366263476984
909.6261781213599,94.35495933115676
909.7532563803877,94.98046556226673
909.8803346394155,95.04667937620617
910.0074128984434,94.2643821407235
910.1344911574712,95.71436730219001
910.2615694164991,95.94409623013695
910.388647675527,95.4085766022559
910.5157259345548,94.58273723488313
910.6428041935826,97.20682735813735
910.7698824526105,94.46686237830717
910.8969607116384,97.10565889237718
911.0240389706662,96.16519559421188
911.151117229694,96.82347233330172
911.2781954887218,97.55389213814234
911.4052737477498,96.42342671329162
911.5323520067776,96.80438752715877
911.6594302658054,95.10348193983373
911.7865085248333,96.12338445548679
911.9135867838612,94.55169738164687
912.040665042889,97.47315512769303
912.1677433019169,97.27033940637897
912.2948215609447,96.78623737891868
912.4218998199725,97.52520754735635
912.5489780790004,98.71981757993618
912.6760563380283,94.6685762264484
912.8031345970561,97.24432707767224
912.9302128560839,96.09292099882079
913.0572911151119,94.77692904206519
913.1843693741397,96.21548396305849
913.3114476331675,96.58812543840972
913.4385258921953,97.91502340784346
913.5656041512232,96.69444986781092
913.6926824102511,97.32536089882427
913.8197606692789,96.04327311166868
913.9468389283068,97.02005708045758
914.0739171873346,96.25336001712134
914.2009954463625,94.63049270246674
914.3280737053904,97.20046268296356
914.4551519644182,97.26545324228077
914.582230223446,96.80961797430477
914.7093084824738,94.62566713210501
914.8363867415018,93.54239927445394
914.9634650005296,94.49227018024764
915.0905432595574,94.291996449341
915.2176215185852,92.53670837093246
915.3446997776132,94.35234863921525
915.471778036641,94.73690852122446
915.5988562956688,93.46241341021197
915.7259345546967,92.93109724733213
915.8530128137245,93.01340190020693
915.9800910727524,94.58672230508864
916.1071693317803,93.46211237776252
916.2342475908081,91.31890564107167
916.3613258498359,93.75650966697154
916.4884041088638,93.6194582135911
916.6154823678917,93.53391415602864
916.7425606269195,92.6510941895086
916.8696388859473,92.36334692737806
916.9967171449752,94.18416092886491
917.1237954040031,93.57248755490903
917.2508736630309,93.56030941534326
917.3779519220587,92.84893186504029
917.5050301810866,94.3151662924843
917.6321084401145,91.42972705425892
917.7591866991423,93.52552029644866
917.8862649581702,93.94095479332559
918.013343217198,93.24051236971324
918.1404214762259,93.12114112633645
918.2674997352538,95.56045420997577
918.3945779942816,93.8142616580382
918.5216562533094,91.35676841013854
918.6487345123372,93.13220112567996
918.7758127713652,92.27883920517812
918.902891030393,92.87494053567842
919.0299692894208,92.8286624334422
919.1570475484486,91.69184562725982
919.2841258074766,93.56370108963694
919.4112040665044,94.3320513098257
919.5382823255322,96.2054420326691
919.6653605845601,93.18058568697015
919.7924388435879,95.20833919617615
919.9195171026158,95.30094042174862
920.0465953616437,121.94351883215377
920.1736736206715,119.54070377942635
920.3007518796993,119.00770280772369
920.4278301387272,121.00010944732807
920.5549083977551,119.33220728854975
920.6819866567829,119.16855431863225
920.8090649158107,121.76454988428661
920.9361431748385,122.03156770471996
921.0632214338665,120.66113723206944
921.1902996928943,121.05691401170974
921.3173779519221,119.96663518566206
921.44445621095,119.75227276050094
921.5715344699779,120.91508395647062
921.6986127290057,122.72888147846928
921.8256909880336,120.69735728829255
921.9527692470614,122.77097923914337
922.0798475060892,121.4121907564402
922.2069257651171,121.74128269537061
922.334004024145,122.49509192078499
922.4610822831728,123.16913760215556
922.5881605422006,120.66644461542973
922.7152388012286,123.81681578884485
922.8423170602564,121.21032855752982
922.9693953192842,119.398859365338
923.096473578312,119.96150950000967
923.2235518373399,122.02518639820103
923.3506300963678,121.00081451206628
923.4777083553956,122.05749759113098
923.6047866144235,119.84741073383918
923.7318648734513,121.43887679060965
923.8589431324792,122.58865788889575
923.986021391507,121.53435027030461
924.1130996505349,122.70781536707025
924.2401779095627,120.25730408907278
924.3672561685905,119.17528639071634
924.4943344276185,120.00294025684391
924.6214126866463,118.87491258936149
924.7484909456741,119.18253199604331
924.875569204702,117.98017172510663
925.0026474637299,120.48485894999911
925.1297257227577,117.45739419609501
925.2568039817855,118.44252613237305
925.3838822408134,119.56159912604825
925.5109604998412,119.97873584384776
925.6380387588691,117.74177167459197
925.765117017897,119.79722743089064
925.8921952769248,118.85716387235841
926.0192735359526,118.74863785714709
926.1463517949805,118.07320231877578
926.2734300540084,118.6827885028824
926.4005083130362,117.78813204627164
926.527586572064,117.60705761956977
926.654664831092,116.47090784268131
926.7817430901198,118.21561615046318
926.9088213491476,116.92724769988486
927.0358996081754,118.09418693831512
927.1629778672033,116.11971885765266
927.2900561262312,117.73049897347515
927.417134385259,117.86218559394189
927.5442126442869,117.88440464586472
927.6712909033147,115.7645972464273
927.7983691623426,119.62405664390842
927.9254474213704,118.08156794039742
928.0525256803983,115.77865442530096
928.1796039394261,117.69806678201212
928.3066821984539,118.556557098643
928.4337604574819,116.48685611739126
928.5608387165097,118.8178517777472
928.6879169755375,116.59274726818286
928.8149952345653,119.50029995754494
928.9420734935933,119.55326583383501
929.0691517526211,117.92781902172106
929.1962300116489,118.30301776757963
929.3233082706768,119.73836129560013
929.4503865297046,119.32948833906734
929.5774647887325,120.40236259665664
929.7045430477604,118.89867849230251
929.8316213067882,118.7194194810931
929.958699565816,119.18346973926751
930.085777824844,118.72710341465216
930.2128560838718,118.9700203103208
930.3399343428996,119.35920408791578
930.4670126019274,117.55568337503627
930.5940908609552,118.58349506321237
930.7211691199832,119.08284844032721
930.848247379011,119.01234911098078
930.9753256380388,119.7336840270488
931.1024038970667,118.83406042056274
931.2294821560946,119.52579795265122
931.3565604151224,119.54807376585082
931.4836386741503,118.25354508009437
931.6107169331781,118.38395524849062
931.7377951922059,118.660575350874
931.8648734512338,118.4904361717789
931.9919517102617,116.2863756778069
932.1190299692895,117.20727653294367
932.2461082283173,119.11203207035994
932.3731864873453,120.77407711657027
932.5002647463731,118.48887144727551
932.6273430054009,118.2227610640638
932.7544212644287,119.12386435442755
932.8814995234566,117.8092531178564
933.0085777824845,117.40653183889232
933.1356560415123,117.56313210546826
933.2627343005402,115.71781073759507
933.389812559568,116.00681792206059
933.5168908185959,115.41196289319022
933.6439690776238,115.8381324514325
933.7710473366516,113.40859387690257
933.8981255956794,114.3201242202649
934.0252038547072,114.0421376309537
934.1522821137352,115.86077643021514
934.279360372763,113.8073766490285
934.4064386317908,114.83415708170274
934.5335168908186,113.3271897749522
934.6605951498466,111.9287688160264
934.7876734088744,112.98738824746651
934.9147516679022,112.69203603570352
935.0418299269301,109.28148871020264
935.168908185958,110.45626457406085
935.2959864449858,108.90496451662008
935.4230647040137,114.04695616069614
935.5501429630415,109.58643794382611
935.6772212220693,111.8149673658875
935.8042994810972,109.84119411967197
935.9313777401251,110.66332703049785
936.0584559991529,108.53100011277385
936.1855342581807,108.97369635967992
936.3126125172087,109.35195796086452
936.4396907762365,108.35404107750878
936.5667690352643,109.85429899013782
936.6938472942921,107.85707069741619
936.82092555332,108.7773917014522
936.9480038123479,106.9129822561828
937.0750820713757,107.6795072830938
937.2021603304036,105.97640358214498
937.3292385894314,108.36669667660232
937.4563168484593,106.46580922940701
937.5833951074871,107.13312110983581
937.710473366515,106.26373977691804
937.8375516255428,107.16029962504251
937.9646298845706,105.29037574686893
938.0917081435986,107.68378895717993
938.2187864026264,107.04679894971609
938.3458646616542,107.46297684066909
938.472942920682,106.99569068108455
938.60002117971,107.32926179438614
938.7270994387378,104.84054094635053
938.8541776977656,107.53426303098867
938.9812559567935,106.61371446978698
939.1083342158213,106.39355695636125
939.2354124748492,107.29261173560381
939.362490733877,106.55083508671483
939.4895689929049,107.80669338210032
939.6166472519327,107.04181530830223
939.7437255109606,107.10942869580228
939.8708037699885,107.5485486422854
939.9978820290163,105.52777952306963
940.1249602880441,107.31415001301579
940.252038547072,107.1586861686295
940.3791168060999,106.96842977883287
940.5061950651277,105.79286416370383
940.6332733241555,105.59474641964427
940.7603515831834,107.81095698238565
940.8874298422113,107.95151322822076
941.0145081012391,106.6421658196553
941.141586360267,107.09811353328706
941.2686646192948,105.3206919527779
941.3957428783226,106.91436395118485
941.5228211373505,106.08172026508034
941.6498993963784,106.48593246137317
941.7769776554062,105.85552392018353
941.904055914434,106.9735146142493
942.031134173462,107.15665297377339
942.1582124324898,106.76284175006101
942.2852906915176,105.91033746317407
942.4123689505454,106.7442685473342
942.5394472095733,104.95506546462083
942.6665254686012,104.90412832059735
942.793603727629,106.12514501354272
942.9206819866569,107.55776847088083
943.0477602456847,105.46009955576508
943.1748385047126,104.98577504581334
943.3019167637405,105.19652407470595
943.4289950227683,104.92592885155287
943.5560732817961,103.73265700585212
943.683151540824,105.20036519306042
943.8102297998519,102.9710573738529
943.9373080588797,104.5722239955046
944.0643863179075,102.61437185268622
944.1914645769353,103.18509691193564
944.3185428359633,103.02078279746074
944.4456210949911,102.64002109359812
944.5726993540189,103.37268163446512
944.6997776130468,102.45219609316406
944.8268558720747,101.44704644392033
944.9539341311025,102.13567676185568
945.0810123901304,102.29433355160168
945.2080906491582,101.13511889421056
945.335168908186,99.5808004460866
945.462247167214,100.01078025324887
945.5893254262418,99.43281146723419
945.7164036852696,98.9396386150051
945.8434819442974,100.89375486877675
945.9705602033254,99.36751815617694
946.0976384623532,99.0644641406845
946.224716721381,97.517031188647
946.3517949804088,97.89521420336249
946.4788732394367,97.18225207605728
946.6059514984646,98.05804880206207
946.7330297574924,98.18473139763377
946.8601080165203,97.1762513377429
946.9871862755481,98.49269132797187
947.114264534576,98.19028199386574
947.2413427936038,96.58513720080119
947.3684210526317,95.46140895163452
947.4954993116595,95.6314303741396
947.6225775706873,97.32951391857497
947.7496558297153,95.30362409093473
947.8767340887431,95.1926938941054
948.0038123477709,95.40043188775982
948.1308906067987,98.02765779846035
948.2579688658267,95.07680835238105
948.3850471248545,98.33238936853897
948.5121253838823,98.17190974990302
948.6392036429102,96.88305619171564
948.766281901938,94.81120252022968
948.8933601609659,96.92082050595812
949.0204384199938,97.053920756331
949.1475166790216,98.17803326885073
949.2745949380494,98.20555426392187
949.4016731970773,97.99605563251083
949.5287514561052,96.84267591365067
949.655829715133,96.50635883888175
949.7829079741608,97.3666139919826
949.9099862331886,95.99698470889983
950.0370644922166,98.43347432767585
950.1641427512444,97.86885985578081
950.2912210102722,97.72729366228265
950.4182992693001,98.82939165116693
950.545377528328,98.61598960831904
950.6724557873558,100.53832007266624
950.7995340463837,97.63272322818707
950.9266123054115,97.03746107243641
951.0536905644393,97.73953623449901
951.1807688234672,99.00311154844594
951.3078470824951,97.97470358810372
951.4349253415229,99.94799385217281
951.5620036005507,97.62363692239713
951.6890818595787,96.98176573477932
951.8161601186065,96.90620553790771
951.9432383776343,99.16821457609021
952.0703166366621,98.20159662696216
952.1973948956901,97.92374435515278
952.3244731547179,97.03203620781824
952.4515514137457,99.16852106640962
952.5786296727736,95.96823014945139
952.7057079318014,97.89005269573542
952.8327861908293,98.89836996196404
952.9598644498572,97.61001748688852
953.086942708885,96.24175986207786
953.2140209679128,98.51765166782869
953.3410992269407,96.74860701493256
953.4681774859686,98.1374342741969
953.5952557449964,96.80592410239544
953.7223340040242,95.66030023956979
953.849412263052,97.1659506993622
953.97649052208,95.80738368603943
954.1035687811078,97.47422317466577
954.2306470401356,94.06438986550006
954.3577252991635,96.36358324896896
954.4848035581914,96.56353543419321
954.6118818172192,93.03747384362477
954.738960076247,95.82576212826427
954.8660383352749,93.95422728448952
954.9931165943027,94.48690437018678
955.1201948533306,94.24223578892426
955.2472731123585,96.54727333570298
955.3743513713863,95.19391876372043
955.5014296304141,92.18992445685568
955.6285078894421,91.74303058250004
955.7555861484699,93.25433728363834
955.8826644074977,93.3058025274977
956.0097426665255,92.22540672098967
956.1368209255534,94.18395760588051
956.2638991845813,92.84530159496757
956.3909774436091,92.9939864870343
956.518055702637,90.83194542663685
956.6451339616648,93.07660179121476
956.7722122206927,90.14796049571962
956.8992904797205,92.29682114787278
957.0263687387484,93.42487435767161
957.1534469977762,92.09193718421447
957.280525256804,90.39472072129473
957.407603515832,91.88696046280111
957.5346817748598,92.37084812888209
957.6617600338876,90.64772835423395
957.7888382929154,92.70793966090444
957.9159165519434,91.14662005749528
958.0429948109712,91.24192748877779
958.170073069999,92.33285561666928
958.2971513290269,91.62161894085293
958.4242295880547,91.07279473188385
958.5513078470826,93.96605581433259
958.6783861061105,93.23940463123657
958.8054643651383,92.37237622261104
958.9325426241661,91.72149004661843
959.059620883194,91.07457398679745
959.1866991422219,92.9700407703399
959.3137774012497,93.64985619002186
959.4408556602775,94.23979094858358
959.5679339193053,93.86927441886418
959.6950121783333,93.51051337417536
959.8220904373611,94.44647293062272
959.9491686963889,92.75551624717562
960.0762469554168,96.45739740212255
960.2033252144447,93.86769056736651
960.3304034734725,94.32285349232484
960.4574817325004,95.05567014312068
960.5845599915282,94.52073039989543
960.7116382505561,93.74184652512925
960.838716509584,96.86023693207827
960.9657947686118,95.82707531888738
961.0928730276396,94.30756284678752
961.2199512866674,98.2844701073062
961.3470295456954,94.2597615946332
961.4741078047232,95.52993850549586
961.601186063751,95.04424058791335
961.7282643227788,97.5468729918863
961.8553425818068,95.58418681447841
961.9824208408346,95.85993974570036
962.1094990998624,97.71831264738073
962.2365773588903,97.1455101226651
962.3636556179181,95.8378570947277
962.490733876946,96.82387442000216
962.6178121359738,95.94705688415989
962.7448903950017,95.33401225705529
962.8719686540295,95.65188606625631
962.9990469130574,97.02838506484984
963.1261251720853,96.07023199228625
963.2532034311131,95.09337782268832
963.3802816901409,95.46801091224135
963.5073599491687,94.91733968056428
963.6344382081967,95.70313835381992
963.7615164672245,95.32717827468966
963.8885947262523,94.01775539018115
964.0156729852802,96.03766669014979
964.1427512443081,94.49743468152559
964.2698295033359,95.85278154478935
964.3969077623638,94.17707717326698
964.5239860213916,95.08188818434209
964.6510642804194,95.8860616369088
964.7781425394473,93.60282559948504
964.9052207984752,95.5172848420327
965.032299057503,93.3648065637189
965.1593773165308,95.31921236352576
965.2864555755588,95.81446222815647
965.4135338345866,94.362311477572
965.5406120936144,95.64234390835546
965.6676903526422,94.87049423732114
965.7947686116701,95.19138799559539
965.921846870698,94.90307858756212
966.0489251297258,93.77024882161098
966.1760033887537,92.63414844142606
966.3030816477815,93.8169849366219
966.4301599068094,93.83185917521416
966.5572381658372,92.4984575560462
966.6843164248651,95.68579342109022
966.8113946838929,93.23970912644756
966.9384729429207,93.30977407825439
967.0655512019487,94.08752582045989
967.1926294609765,92.35899696519213
967.3197077200043,95.2616733117093
967.4467859790321,95.65360600559966
967.5738642380601,94.25300736421656
967.7009424970879,94.7080436782173
967.8280207561157,92.73652006882122
967.9550990151436,95.47268202421029
968.0821772741714,93.24780840146423
968.2092555331993,93.49386712692791
968.3363337922272,94.25278002708556
968.463412051255,94.28885912039812
968.5904903102828,94.05763244515865
968.7175685693107,94.82686438855853
968.8446468283386,95.40669050324439
968.9717250873664,94.67853736703378
969.0988033463942,94.8223967360324
969.2258816054222,97.21111483284676
969.35295986445,94.5833343469994
969.4800381234778,96.01655090958799
969.6071163825056,98.21629733017795
969.7341946415335,97.00286502312007
969.8612729005614,97.05559809800317
969.9883511595892,98.91234345164926
970.115429418617,97.91600366879692
970.2425076776449,98.30558962617592
970.3695859366728,97.8799078393971
970.4966641957006,98.80745780040779
970.6237424547285,99.54071934793156
970.7508207137563,99.25709129498503
970.8778989727841,99.77932150613225
971.0049772318121,100.49705524516733
971.1320554908399,99.37525807791782
971.2591337498677,100.1331811274652
971.3862120088955,99.24305092973685
971.5132902679235,100.45118486871759
971.6403685269513,98.85375063388463
971.7674467859791,101.47081213512377
971.894525045007,101.81012448866994
972.0216033040348,101.12472577362709
972.1486815630627,101.2780694627116
972.2757598220905,102.43675503901102
972.4028380811184,101.15975663354232
972.5299163401462,101.55874862979758
972.6569945991741,101.47250198341499
972.784072858202,102.17610277379819
972.9111511172298,102.94277993307716
973.0382293762576,101.5479430762902
973.1653076352854,101.29665624006762
973.2923858943134,103.46914141894688
973.4194641533412,101.11331191637106
973.546542412369,100.8550418593345
973.6736206713969,101.85032826347413
973.8006989304248,100.88555901364452
973.9277771894526,101.47250456317283
974.0548554484805,99.5513414197695
974.1819337075083,102.89943137951593
974.3090119665361,101.47787854638291
974.436090225564,101.67411632296523
974.5631684845919,101.59279659585218
974.6902467436197,103.05700885024282
974.8173250026475,100.95661403337199
974.9444032616755,101.39016351353087
975.0714815207033,101.71131500726331
975.1985597797311,101.16057815064232
975.3256380387589,101.42579625146749
975.4527162977868,100.48144184943894
975.5797945568147,100.42707030916739
975.7068728158425,101.6834288604347
975.8339510748704,101.36342953806428
975.9610293338982,101.85010743543305
976.0881075929261,102.78832848896596
976.215185851954,102.21633896488282
976.3422641109818,100.96061025732
976.4693423700096,100.95161178143601
976.5964206290374,102.57417445614068
976.7234988880654,101.44110515617606
976.8505771470932,102.06421624325029
976.977655406121,103.25015894993199
977.1047336651488,102.34048858456808
977.2318119241768,101.62573450987618
977.3588901832046,102.6631477765099
977.4859684422324,100.35353837183904
977.6130467012603,100.87774387555035
977.7401249602882,103.44120874694507
977.867203219316,102.6840022380698
977.9942814783439,105.03896759136965
978.1213597373717,103.55175868456828
978.2484379963995,103.89690673868458
978.3755162554274,103.67648376237028
978.5025945144553,101.64093246170079
978.6296727734831,103.82960974513499
978.7567510325109,102.25132255373092
978.8838292915389,102.4697200047724
979.0109075505667,105.33153054627785
979.1379858095945,105.1657940334967
979.2650640686223,105.29222298666059
979.3921423276502,104.17431184481369
979.5192205866781,107.66522530595678
979.6462988457059,106.87304510470403
979.7733771047338,106.9063196787434
979.9004553637616,107.02850440551292
980.0275336227895,106.52604824146589
980.1546118818173,108.45717148581141
980.2816901408452,107.17574554815779
980.408768399873,107.15652126808429
980.5358466589008,107.29583445961823
980.6629249179288,109.2060565326839
980.7900031769566,109.01521967398385
980.9170814359844,110.42778560871656
981.0441596950122,107.51708841465002
981.1712379540402,109.75446073667231
981.298316213068,110.05136044000277
981.4253944720958,112.1928409244868
981.5524727311237,109.70530967333278
981.6795509901515,111.79307926790683
981.8066292491794,111.73740322011597
981.9337075082072,110.33695407522657
982.0607857672351,110.89367025947003
982.1878640262629,111.71679852305556
982.3149422852908,111.87780956270787
982.4420205443187,110.9575891316139
982.5690988033465,109.78834025493049
982.6961770623743,112.60985626336466
982.8232553214021,112.33945845823833
982.9503335804301,112.54101738092271
983.0774118394579,111.76372160503952
983.2044900984857,111.08411928432066
983.3315683575136,112.5744010340898
983.4586466165415,113.54669310079667
983.5857248755693,111.09801085422234
983.7128031345972,111.30834957044844
983.839881393625,112.10178222870022
983.9669596526528,112.50049400043805
984.0940379116807,110.79386656070638
984.2211161707086,113.66304264575132
984.3481944297364,111.84574997523832
984.4752726887642,112.95901827443718
984.6023509477922,111.97258348632771
984.72942920682,113.22616954989113
984.8565074658478,112.52708188228503
984.9835857248756,112.27938481855206
985.1106639839035,113.51666996790836
985.2377422429314,113.68852139017599
985.3648205019592,111.36521091617531
985.491898760987,112.96396549684606
985.6189770200149,112.16871049771215
985.7460552790428,110.58141480138869
985.8731335380706,112.70962187427018
986.0002117970985,111.24561337418467
986.1272900561263,111.95303807216011
986.2543683151542,114.08580494618114
986.3814465741821,113.90589752755429
986.5085248332099,112.31331822997005
986.6356030922377,113.5761933263383
986.7626813512655,112.467136703845
986.8897596102935,113.11085654219465
987.0168378693213,113.16139524847163
987.1439161283491,112.3323192546505
987.270994387377,112.92601585882872
987.3980726464049,114.32836221231828
987.5251509054327,113.994898216323
987.6522291644606,115.22869277001578
987.7793074234884,112.5095376523479
987.9063856825162,113.19112596019738
988.0334639415441,116.0086090337002
988.160542200572,113.7794862458586
988.2876204595998,114.27456549565417
988.4146987186276,114.0177609691796
988.5417769776556,116.06584148117719
988.6688552366834,113.6901930978495
988.7959334957112,118.56917325033635
988.923011754739,114.82091236207722
989.0500900137669,115.55656758879249
989.1771682727948,118.39814157299651
989.3042465318226,118.44678759394725
989.4313247908505,117.09753703130305
989.5584030498783,115.22886401978643
989.6854813089062,120.08374205406321
989.812559567934,118.4611236607676
989.9396378269619,117.01413527850829
990.0667160859897,119.73657207536844
990.1937943450175,120.35931972783344
990.3208726040455,119.41324198888
990.4479508630733,117.63540052741955
990.5750291221011,119.78947195541612
990.7021073811289,119.62494277775846
990.8291856401569,118.19034157533007
990.9562638991847,121.14497955150654
991.0833421582125,118.85280596048628
991.2104204172404,117.83830223163842
991.3374986762682,119.41936049961085
991.4645769352961,119.83383379584095
991.591655194324,120.73145959434756
991.7187334533518,122.63268882750825
991.8458117123796,118.04765147214889
991.9728899714075,120.2946554669639
992.0999682304354,119.49554144546367
992.2270464894632,120.58056196433526
992.354124748491,119.48711147159666
992.4812030075188,119.44606944429785
992.6082812665468,121.3582080053577
992.7353595255746,119.2142582897556
992.8624377846024,119.42449927176426
992.9895160436303,119.31335285154316
993.1165943026582,120.3712395334477
993.243672561686,119.8567154566331
993.3707508207139,119.11353133820597
993.4978290797417,121.48426113544174
993.6249073387695,119.27951354209503
993.7519855977974,119.68124414090347
993.8790638568253,118.98607661397995
994.0061421158531,118.76641075477079
994.1332203748809,120.84343537812212
994.2602986339089,119.83983398706292
994.3873768929367,120.25062753642983
994.5144551519645,118.30993485515111
994.6415334109923,117.89708610073158
994.7686116700203,119.03865203321878
994.8956899290481,118.46805518590442
995.0227681880759,117.95094037770589
995.1498464471038,120.15897759910301
995.2769247061316,118.65231903658669
995.4040029651595,116.25073999097535
995.5310812241873,116.82101418456652
995.6581594832152,116.04005857512043
995.785237742243,118.032506464248
995.9123160012709,115.57941642197498
996.0393942602988,116.57854022486748
996.1664725193266,116.03696157359259
996.2935507783544,117.69824437323312
996.4206290373822,116.70624450150571
996.5477072964102,116.1199612310322
996.674785555438,117.32443179315331
996.8018638144658,116.41276323587957
996.9289420734937,116.59097555048761
997.0560203325216,117.0043454537873
997.1830985915494,118.00114224827597
997.3101768505772,116.2134539717621
997.4372551096051,117.05659403229807
997.5643333686329,116.3799682821575
997.6914116276608,115.94627738313392
997.8184898866887,115.99485211724756
997.9455681457165,116.12361880799035
998.0726464047443,116.46861464676402
998.1997246637723,115.91291711566406
998.3268029228001,114.03728592512456
998.4538811818279,116.58036379849744
998.5809594408557,117.12403581500897
998.7080376998836,118.21598722652455
998.8351159589115,117.3891014560675
998.9621942179393,116.59507201540096
999.0892724769672,117.51434897336412
999.216350735995,117.89465206643976
999.3434289950229,118.89019529244635
999.4705072540507,117.73122841628899
999.5975855130786,118.54177359575421
999.7246637721064,118.76984721775482
999.8517420311342,118.29116990327223
999.9788202901622,118.30249444299548
1000.10589854919,120.08170979086792
1000.2329768082178,116.59888571858357
1000.3600550672456,119.22889611151501
1000.4871333262736,120.56572024646348
1000.6142115853014,120.55275818080229
1000.7412898443292,116.44591489865101
1000.868368103357,117.76758088400635
1000.9954463623849,119.02800803524879
1001.1225246214128,121.90378878613144
1001.2496028804406,119.42272997161184
1001.3766811394685,120.12774756808992
1001.5037593984963,119.69140059082325
1001.6308376575242,120.36676058777799
1001.7579159165521,120.2077604416311
1001.8849941755799,120.73312576661472
1002.0120724346077,120.12308565683306
1002.1391506936355,118.35109360030313
1002.2662289526635,121.98947683851614
1002.3933072116913,120.40025940561752
1002.5203854707191,119.53690916251297
1002.647463729747,119.54651971740115
1002.7745419887749,120.30846986585274
1002.9016202478027,120.14481561309776
1003.0286985068306,120.40507609379493
1003.1557767658584,120.54641005603038
1003.2828550248863,119.37717259848527
1003.4099332839141,120.27893415502787
1003.537011542942,117.9088094413887
1003.6640898019698,117.75028863547013
1003.7911680609976,119.4352275522387
1003.9182463200256,119.700541724047
1004.0453245790534,120.33297395327807
1004.1724028380812,118.63942378100027
1004.299481097109,119.13561959447941
1004.426559356137,117.94155358948503
1004.5536376151648,118.09264987555333
1004.6807158741926,118.24481157289166
1004.8077941332205,120.10125446236897
1004.9348723922483,119.55540695993136
1005.0619506512762,118.01597444561531
1005.189028910304,118.23238409842817
1005.3161071693319,116.74014308673661
1005.4431854283597,117.00440369423353
1005.5702636873876,117.58298699026682
1005.6973419464155,117.41221607607046
1005.8244202054433,117.90521044383848
1005.9514984644711,118.07428228627452
1006.0785767234989,118.42840871151705
1006.2056549825269,118.29779912474068
1006.3327332415547,116.92505175410126
1006.4598115005825,115.00655801674854
1006.5868897596104,115.02133035578782
1006.7139680186383,116.02217913655939
1006.8410462776661,115.94556157584512
1006.968124536694,116.07878387730945
1007.0952027957218,115.59619100740426
1007.2222810547496,114.11228759177457
1007.3493593137775,116.40924999954312
1007.4764375728054,115.30821800928402
1007.6035158318332,115.16561854427638
1007.730594090861,115.1545478403741
1007.857672349889,115.61027773712685
1007.9847506089168,116.9123362797268
1008.1118288679446,118.21577125144553
1008.2389071269724,116.811528406315
1008.3659853860003,114.30250254387978
1008.4930636450282,116.59493766875865
1008.620141904056,116.46476951413453
1008.7472201630839,117.96106750329636
1008.8742984221117,116.50423174328283
1009.0013766811396,117.17774800549009
1009.1284549401674,117.77512144860927
1009.2555331991953,116.79282487765988
1009.3826114582231,116.25812270922026
1009.5096897172509,116.53147614515245
1009.6367679762789,118.08474372559155
1009.7638462353067,117.67419879233472
1009.8909244943345,117.7264470703021
1010.0180027533623,116.70640959675636
1010.1450810123903,117.62390771474827
1010.2721592714181,118.17344258627226
1010.3992375304459,118.202776382661
1010.5263157894738,119.1890120385465
1010.6533940485016,120.32655294952464
1010.7804723075295,119.98339312717717
1010.9075505665573,118.90349502015923
1011.0346288255852,118.23569740172411
1011.161707084613,118.44425466691658
1011.2887853436409,117.48227759565256
1011.4158636026688,118.35807282927088
1011.5429418616966,117.27272062629622
1011.6700201207244,119.97610140355194
1011.7970983797524,119.98578880894017
1011.9241766387802,119.38795964166088
1012.051254897808,118.32550941373636
1012.1783331568358,119.88033551187938
1012.3054114158637,120.24483185736109
1012.4324896748916,120.30782146766465
1012.5595679339194,120.65422561912449
1012.6866461929473,117.1523201834682
1012.8137244519751,120.28530664595546
1012.940802711003,121.16033667554466
1013.0678809700308,118.35417822007807
1013.1949592290587,120.06350212557867
1013.3220374880865,120.6536014841539
1013.4491157471143,120.17548646013124
1013.5761940061423,119.11566406019635
1013.7032722651701,121.80232055964127
1013.8303505241979,119.33916153565593
1013.9574287832257,119.17903816643428
1014.0845070422537,119.90076992728126
1014.2115853012815,118.38496633005411
1014.3386635603093,119.45431493809292
1014.4657418193372,118.06045085894793
1014.592820078365,117.41412375419979
1014.7198983373929,117.34038626121132
1014.8469765964207,116.52498150809015
1014.9740548554486,117.85305368855545
1015.1011331144764,118.34524259607618
1015.2282113735043,118.59632594619566
1015.3552896325322,118.28444956555145
1015.48236789156,117.15616262000182
1015.6094461505878,117.75468837515231
1015.7365244096156,115.80487826965552
1015.8636026686436,117.78603826663348
1015.9906809276714,115.2221726780147
1016.1177591866992,116.04067445055588
1016.2448374457271,114.54561875722067
1016.371915704755,116.79359885676287
1016.4989939637828,115.64393068785702
1016.6260722228106,115.9963209306895
1016.7531504818385,116.53321138181359
1016.8802287408663,116.37129638918297
1017.0073069998942,115.20721358593879
1017.1343852589221,117.00086361614264
1017.2614635179499,116.04249663299984
1017.3885417769777,116.28798428185087
1017.5156200360057,116.60486956460247
1017.6426982950335,114.26514750196334
1017.7697765540613,115.90937027202989
1017.8968548130891,117.4200011993213
1018.023933072117,117.37822007218476
1018.1510113311449,114.73447245759449
1018.2780895901727,117.30389154647307
1018.4051678492006,117.46097771692736
1018.5322461082284,114.1005782337594
1018.6593243672563,115.78407985411027
1018.7864026262841,118.10198363727763
1018.913480885312,117.67786171022924
1019.0405591443398,118.07626444661052
1019.1676374033676,115.7128366855099
1019.2947156623956,117.74220616218366
1019.4217939214234,116.91375072214457
1019.5488721804512,117.6112303443689
1019.675950439479,118.54480301955289
1019.803028698507,118.4255518819256
1019.9301069575348,119.04257479448812
1020.0571852165626,119.17566064499502
1020.1842634755905,118.00201713563567
1020.3113417346184,119.85471876643136
1020.4384199936462,117.92015295119299
1020.565498252674,117.96702225558624
1020.6925765117019,118.17682821367067
1020.8196547707297,117.27776612800825
1020.9467330297576,115.89908692941832
1021.0738112887855,119.6384392270935
1021.2008895478133,120.77503324150088
1021.3279678068411,119.55756830695829
1021.455046065869,120.12321693059987
1021.5821243248969,119.63541847967078
1021.7092025839247,119.49373227346774
1021.8362808429525,119.32686549620352
1021.9633591019804,120.04380002132869
1022.0904373610083,121.76283101091973
1022.2175156200361,120.17645986407311
1022.344593879064,120.36744306665163
1022.4716721380918,120.43461927868766
1022.5987503971197,119.35358704272664
1022.7258286561475,120.31092573588883
1022.8529069151754,119.25946893819679
1022.9799851742032,119.52243954986578
1023.107063433231,119.11640740375951
1023.234141692259,120.99652557608533
1023.3612199512868,120.49696821182306
1023.4882982103146,118.85475437288815
1023.6153764693424,118.98375466215106
1023.7424547283704,119.43596093349927
1023.8695329873982,119.18465873148605
1023.996611246426,118.52073683027734
1024.123689505454,119.46097002842245
1024.2507677644817,118.25426842356214
1024.3778460235096,119.0125530738832
1024.5049242825373,119.26144131878071
1024.6320025415653,119.22628757466627
1024.7590808005932,117.94467676786039
1024.886159059621,117.42070625523613
1025.0132373186489,117.3524341145121
1025.1403155776768,118.8184304303152
1025.2673938367045,116.19429727709208
1025.3944720957325,117.12890108944352
1025.5215503547602,117.41571180674649
1025.648628613788,116.7126332576222
1025.775706872816,117.21322749619432
1025.9027851318438,115.52582619594631
1026.0298633908717,117.88045840501029
1026.1569416498994,116.96344296171348
1026.2840199089273,116.29788421328567
1026.4110981679553,117.53718522910299
1026.538176426983,116.19103178311741
1026.665254686011,114.90700339064387
1026.7923329450387,116.8059182099582
1026.9194112040666,115.38721757879125
1027.0464894630945,116.61289173511194
1027.1735677221222,115.45235632655636
1027.3006459811502,114.71575013042727
1027.4277242401781,115.33129238013402
1027.5548024992058,115.23123931195036
1027.6818807582338,115.75671727644925
1027.8089590172615,114.42785732946679
1027.9360372762894,115.06004659221966
1028.0631155353174,115.39958028829739
1028.190193794345,116.39840629227508
1028.317272053373,117.34700990319402
1028.4443503124007,113.90027450507446
1028.5714285714287,118.33680006980542
1028.6985068304566,115.92177955438176
1028.8255850894843,117.0551115952095
1028.9526633485123,116.47565055703583
1029.07974160754,117.78750453316238
1029.206819866568,116.08792418122755
1029.3338981255959,116.19024563637694
1029.4609763846236,116.14641007829475
1029.5880546436515,116.60824315745613
1029.7151329026794,118.16228154232236
1029.8422111617072,117.28406111024451
1029.969289420735,117.66822076677785
1030.0963676797628,116.19415175671877
1030.2234459387907,116.54626246938454
1030.3505241978187,116.39110546239135
1030.4776024568464,118.726411374726
1030.6046807158743,119.0862591600888
1030.731758974902,120.35085272993666
1030.85883723393,118.73320194587392
1030.985915492958,118.92127139890839
1031.1129937519856,117.8873715211135
1031.2400720110136,117.25139081026992
1031.3671502700413,121.62879190493024
1031.4942285290692,118.96152919845443
1031.6213067880972,117.81714076388906
1031.7483850471249,118.39944012089727
1031.8754633061528,118.4790866485113
1032.0025415651808,118.86357534062377
1032.1296198242085,119.93904596180332
1032.2566980832364,119.84992757083431
1032.3837763422641,119.7414302156222
1032.510854601292,120.02160747201812
1032.63793286032,119.86648231065556
1032.7650111193477,119.79562416235858
1032.8920893783757,118.78279403676599
1033.0191676374034,120.18210612451391
1033.1462458964313,119.55135900423637
1033.2733241554592,119.75251588547226
1033.400402414487,119.53666176500721
1033.527480673515,119.75524904312086
1033.6545589325428,118.53413777693451
1033.7816371915706,118.0750310780901
1033.9087154505985,121.57283718004722
1034.0357937096262,118.27420308536126
1034.1628719686541,118.72009809162843
1034.289950227682,119.39453922861806
1034.4170284867098,118.88698851286391
1034.5441067457377,118.76403122567241
1034.6711850047654,119.50142397547857
1034.7982632637934,117.23693440323105
1034.9253415228213,118.22345960507772
1035.052419781849,116.83449753678894
1035.179498040877,117.31383676467122
1035.3065762999047,118.10122548948812
1035.4336545589326,117.34600814403733
1035.5607328179606,115.05388633552218
1035.6878110769883,117.20419367997052
1035.8148893360162,117.56812338800647
1035.9419675950442,117.85631412364538
1036.0690458540719,117.30630571727377
1036.1961241130998,116.55530187023489
1036.3232023721275,118.0041962610103
1036.4502806311555,117.37542919635352
1036.5773588901834,118.50322715012469
1036.7044371492111,116.69987194145719
1036.831515408239,114.9225196926407
1036.9585936672668,116.17325221776358
1037.0856719262947,115.77730206061084
1037.2127501853226,115.00442226827363
1037.3398284443504,116.20998200542043
1037.4669067033783,115.81222510698213
1037.593984962406,115.60834930500171
1037.721063221434,116.07063901399988
1037.848141480462,115.06848567032392
1037.9752197394896,114.81184405160661
1038.1022979985175,116.01602080905931
1038.2293762575455,116.72860337976168
1038.3564545165732,116.95298091305135
1038.4835327756011,114.89535465925061
1038.6106110346288,116.91361385998312
1038.7376892936568,115.10025550322399
1038.8647675526847,114.99863956224631
1038.9918458117124,117.19677210152254
1039.1189240707404,115.59316347776374
1039.246002329768,116.58064072351596
1039.373080588796,117.27791760106597
1039.500158847824,117.1483493429223
1039.6272371068517,118.0173898919857
1039.7543153658796,117.08259758539123
1039.8813936249073,117.06857918592445
1040.0084718839353,117.59232566443193
1040.1355501429632,116.90666593816741
1040.262628401991,119.15541637371628
1040.3897066610189,118.88358478394434
1040.5167849200468,117.45903668283391
1040.6438631790745,118.17649997394652
1040.7709414381025,118.51067050442636
1040.8980196971302,118.69798561556084
1041.025097956158,118.35850944835487
1041.152176215186,118.80758134339462
1041.2792544742138,120.21414175206625
1041.4063327332417,120.18153813457236
1041.5334109922694,119.68438825056812
1041.6604892512973,121.51927735270495
1041.7875675103253,118.4201107658482
1041.914645769353,118.61995374655483
1042.041724028381,119.39638489502494
1042.1688022874089,118.55675997311884
1042.2958805464366,120.50158256257659
1042.4229588054645,119.86997594839669
1042.5500370644922,120.12958903383446
1042.6771153235202,120.15354854927796
1042.8041935825481,120.66064126329648
1042.9312718415758,119.54503021010402
1043.0583501006038,119.481112597865
1043.1854283596315,119.88722284104324
1043.3125066186594,118.7307661567483
1043.4395848776874,120.08329024483719
1043.566663136715,120.73948377972103
1043.693741395743,119.40484356344078
1043.8208196547707,119.28440014527698
1043.9478979137987,118.81292507880676
1044.0749761728266,119.81478441575027
1044.2020544318543,118.11533953262783
1044.3291326908823,118.46324215219774
1044.4562109499102,118.62978854395408
1044.583289208938,116.1159576794835
1044.7103674679659,118.47425922679695
1044.8374457269936,118.82008685840651
1044.9645239860215,120.26739643500413
1045.0916022450494,117.94981362318748
1045.2186805040772,116.65000028548548
1045.345758763105,117.06110854157535
1045.4728370221328,115.81236118195375
1045.5999152811607,115.51416889357057
1045.7269935401887,114.99303584680055
1045.8540717992164,117.04783430090713
1045.9811500582443,114.96316150454813
1046.108228317272,116.4631005348482
1046.2353065763,114.55505461890424
1046.362384835328,116.72709688404234
1046.4894630943556,116.60608375635248
1046.6165413533836,115.57635607109104
1046.7436196124115,114.13233570802622
1046.8706978714392,116.5599362042545
1046.9977761304672,115.61154153215524
1047.1248543894949,117.55087851153644
1047.2519326485228,116.70991776334166
1047.3790109075508,114.93101003182034
1047.5060891665785,116.45342365992498
1047.6331674256064,115.06882193022838
1047.7602456846341,116.9008748222032
1047.887323943662,115.05211719168827
1048.01440220269,117.81991343151473
1048.1414804617177,114.17269200164836
1048.2685587207457,116.04125299757824
1048.3956369797734,117.72163111085285
1048.5227152388013,115.97114415380585
1048.6497934978293,115.66885802154651
1048.776871756857,113.6610748688829
1048.903950015885,115.61483309737261
1049.0310282749128,117.70424303995539
1049.1581065339406,115.71675398110041
1049.2851847929685,116.83434576561302
1049.4122630519962,116.68987233601146
1049.5393413110241,116.67276555214507
1049.666419570052,118.37319056835723
1049.7934978290798,118.21012481433985
1049.9205760881077,116.53276444318504
1050.0476543471354,119.32751361149424
1050.1747326061634,116.88698395512993
1050.3018108651913,120.24063296979264
1050.428889124219,118.01778339492267
1050.555967383247,118.25740478356862
1050.683045642275,117.84750003896482
1050.8101239013026,119.191385419771
1050.9372021603306,116.50351700122522
1051.0642804193583,118.26859699083437
1051.1913586783862,119.49209348007945
1051.3184369374142,119.83392471159458
1051.4455151964419,119.15370143503932
1051.5725934554698,119.04644164329896
1051.6996717144975,118.02492727625078
1051.8267499735255,120.9385355467001
1051.9538282325534,120.45847321860414
1052.0809064915811,119.48681897746442
1052.207984750609,119.11107282937125
1052.3350630096368,117.02501480437272
1052.4621412686647,117.96944629383508
1052.5892195276926,119.82035709776312
1052.7162977867204,119.20443071590061
1052.8433760457483,117.92118822167133
1052.9704543047762,119.36333420064612
1053.097532563804,117.01733991516605
1053.224610822832,118.32454384843614
1053.3516890818596,118.47050295524956
1053.4787673408875,118.8043796129956
1053.6058455999155,119.31520807689849
1053.7329238589432,117.69508178810456
1053.8600021179711,117.86064922439832
1053.9870803769988,119.80749316030324
1054.1141586360268,119.29409095402282
1054.2412368950547,118.32880444592982
1054.3683151540824,117.78712575030787
1054.4953934131104,118.66904589654385
1054.622471672138,117.2276097987062
1054.749549931166,116.71694825705625
1054.876628190194,118.24941674092693
1055.0037064492217,116.25214550691351
1055.1307847082496,115.86592112554233
1055.2578629672776,119.19443070710686
1055.3849412263053,117.28439144900325
1055.5120194853332,118.03485487979835
1055.639097744361,114.96883795192778
1055.7661760033889,116.77995302365852
1055.8932542624168,116.89677894251422
1056.0203325214445,116.55857094566264
1056.1474107804725,117.21290397523404
1056.2744890395002,115.7992387167926
1056.401567298528,116.10809938911683
1056.528645557556,115.87824931007593
1056.6557238165838,113.74985793753686
1056.7828020756117,115.45195882061368
1056.9098803346394,115.51553909741111
1057.0369585936674,114.93728198855636
1057.1640368526953,115.49803019569804
1057.291115111723,117.20814078049382
1057.418193370751,115.00652979132089
1057.5452716297789,114.48056944574482
1057.6723498888066,114.86839460907514
1057.7994281478345,114.0514311666669
1057.9265064068622,115.35628798043972
1058.0535846658902,112.93767199743277
1058.1806629249181,115.83132794072276
1058.3077411839458,114.8943797316699
1058.4348194429738,116.03156612786334
1058.5618977020015,115.57355613574175
1058.6889759610294,117.06774849104126
1058.8160542200574,116.18243481644684
1058.943132479085,114.54605269848582
1059.070210738113,116.02635046709266
1059.197288997141,115.4920098270051
1059.3243672561687,116.61077409069331
1059.4514455151966,115.90735624810868
1059.5785237742243,117.73452666272351
1059.7056020332523,115.4421285446221
1059.8326802922802,115.68945117668552
1059.959758551308,116.77923194644211
1060.0868368103359,118.43744485535849
1060.2139150693636,118.77584054936854
1060.3409933283915,117.65450013362205
1060.4680715874194,118.97420764541454
1060.5951498464472,117.91319800322681
1060.722228105475,118.7352771928201
1060.8493063645028,118.50912912217288
1060.9763846235307,118.25845361652738
1061.1034628825587,117.98352218076121
1061.2305411415864,118.77748538994258
1061.3576194006143,117.32853930220209
1061.4846976596423,118.82112465875676
1061.61177591867,118.10465640375502
1061.738854177698,118.27720433237025
1061.8659324367256,118.70123899362235
1061.9930106957536,119.52277839631083
1062.1200889547815,119.014056157987
1062.2471672138092,117.6832101290921
1062.3742454728372,118.72552537824984
1062.5013237318649,119.48518759594374
1062.6284019908928,119.32411134663168
1062.7554802499208,119.43786911218652
1062.8825585089485,119.32741319862829
1063.0096367679764,119.39171315316602
1063.1367150270041,119.07100960873164
1063.263793286032,118.91424573753368
1063.39087154506,119.35088517094954
1063.5179498040877,118.55127802924785
1063.6450280631157,120.13688498838538
1063.7721063221436,118.48902279602716
1063.8991845811713,117.27926637997692
1064.0262628401993,118.40637389811408
1064.153341099227,116.66781854551127
1064.280419358255,115.0134364284136
1064.4074976172828,117.03893073921891
1064.5345758763106,117.70127471259252
1064.6616541353385,117.49392587486905
1064.7887323943662,116.63410694451882
1064.9158106533941,115.18431991447954
1065.042888912422,116.95945046552127
1065.1699671714498,116.64004551053199
1065.2970454304777,116.49208364131736
1065.4241236895054,117.14466907230484
1065.5512019485334,117.17927174889454
1065.6782802075613,116.61401276540875
1065.805358466589,115.53318943367069
1065.932436725617,115.54791938369657
1066.059514984645,114.9905166448495
1066.1865932436726,114.63662659207205
1066.3136715027006,115.91433910886619
1066.4407497617283,117.25071554083196
1066.5678280207562,114.53746893034351
1066.6949062797842,117.2626834311678
1066.8219845388119,114.7604667584914
1066.9490627978398,114.70509332873851
1067.0761410568675,114.79909907905615
1067.2032193158955,114.92409732759776
1067.3302975749234,115.17815611438247
1067.4573758339511,115.45868655842848
1067.584454092979,115.38839224380159
1067.711532352007,117.14080731168757
1067.8386106110347,116.04156982962475
1067.9656888700626,114.43971378017231
1068.0927671290904,113.27760754696295
1068.2198453881183,116.31248251871259
1068.3469236471462,115.52522423728779
1068.474001906174,115.19858691393952
1068.601080165202,114.69580548555845
1068.7281584242296,115.0662151706197
1068.8552366832575,117.4013555711333
1068.9823149422855,116.70581583663721
1069.1093932013132,114.17301255102916
1069.2364714603411,115.94406279333914
1069.3635497193688,115.25044225985032
1069.4906279783968,117.50030599334869
1069.6177062374247,117.07820962913449
1069.7447844964524,117.23719601274152
1069.8718627554804,115.98386777675022
1069.9989410145083,116.83973069566657
1070.126019273536,114.32383915214331
1070.253097532564,118.04110363796266
1070.3801757915917,116.50463311375759
1070.5072540506196,117.35856786029727
1070.6343323096476,116.32517040879591
1070.7614105686753,115.92811032781125
1070.8884888277032,119.36101932750286
1071.015567086731,118.23682747231041
1071.1426453457589,119.77153996918116
1071.2697236047868,117.80470719460449
1071.3968018638145,119.25951213161521
1071.5238801228425,119.10670487704029
1071.6509583818702,120.52141735003927
1071.778036640898,120.85301361979708
1071.905114899926,118.599418760764
1072.0321931589538,119.68680350691707
1072.1592714179817,116.74263771206243
1072.2863496770096,117.80205270605217
1072.4134279360374,120.57701385636952
1072.5405061950653,121.78320371366549
1072.667584454093,119.45769602529083
1072.794662713121,119.56582952771554
1072.9217409721489,119.42000763892102
1073.0488192311766,119.66283156340934
1073.1758974902045,119.48620189231623
1073.3029757492322,119.06462024303005
1073.4300540082602,117.46089550043605
1073.5571322672881,118.77815814722334
1073.6842105263158,118.60897037684344
1073.8112887853438,118.16806888740027
1073.9383670443715,118.36860180226269
1074.0654453033994,117.53887792847517
1074.1925235624274,118.64362461942149
1074.319601821455,117.53381363946018
1074.446680080483,119.16749105366664
1074.573758339511,118.02459343036539
1074.7008365985387,119.13970863488368
1074.8279148575666,117.71329005637494
1074.9549931165943,117.50353372878796
1075.0820713756223,114.9620870932128
1075.2091496346502,117.37989079861396
1075.336227893678,119.1059365347507
1075.4633061527059,116.87518226033578
1075.5903844117336,115.41456981330725
1075.7174626707615,115.91135853061971
1075.8445409297894,116.97032892399226
1075.9716191888172,116.27287441397061
1076.098697447845,115.48354577398472
1076.225775706873,114.46751654952139
1076.3528539659007,115.20736200258608
1076.4799322249287,115.30775310057584
1076.6070104839564,114.57823557272067
1076.7340887429843,115.10426489519507
1076.8611670020123,114.80789744470052
1076.98824526104,114.6599889267418
1077.115323520068,114.00857583833408
1077.2424017790956,116.10742966940657
1077.3694800381236,116.00428457629043
1077.4965582971515,115.55288474128646
1077.6236365561792,115.04738136919013
1077.7507148152072,114.63339013027836
1077.877793074235,114.82521814762725
1078.0048713332628,114.71705379716416
1078.1319495922908,118.15795912252943
1078.2590278513185,115.55815264910747
1078.3861061103464,116.00930121653056
1078.5131843693744,115.14348080844297
1078.640262628402,116.19649104783949
1078.76734088743,115.83524250841045
1078.8944191464577,117.08414648816742
1079.0214974054857,115.53014018107756
1079.1485756645136,114.18968126871883
1079.2756539235413,116.34575159428536
1079.4027321825693,117.09878478260124
1079.529810441597,117.27972013003428
1079.656888700625,117.97974678042503
1079.7839669596528,119.11566154605197
1079.9110452186806,116.43305350030697
1080.0381234777085,118.94835164755725
1080.1652017367362,118.34575514376999
1080.2922799957641,116.1722805576049
1080.419358254792,114.70175644096638
1080.5464365138198,116.13246494862187
1080.6735147728477,115.22173558705367
1080.8005930318757,115.46674584346339
1080.9276712909034,117.22771367348564
1081.0547495499313,116.53946694455762
1081.181827808959,116.5953572218654
1081.308906067987,117.56371070728723
1081.435984327015,115.75774722839444
1081.5630625860426,115.65233925472285
1081.6901408450706,117.84858912507798
1081.8172191040983,116.26764329174699
1081.9442973631262,113.63302551702414
1082.0713756221542,114.53414622542863
1082.1984538811819,115.66512659093601
1082.3255321402098,116.3337398245571
1082.4526103992375,115.33942115347914
1082.5796886582655,117.02807754931735
1082.7067669172934,114.34950493635183
1082.8338451763211,114.02057484798274
1082.960923435349,114.8048111372266
1083.088001694377,112.3800122934296
1083.2150799534047,114.22370007605528
1083.3421582124327,113.09206829551198
1083.4692364714604,114.6173548964292
1083.5963147304883,114.35043607681527
1083.7233929895162,111.72201044932197
1083.850471248544,112.18854992913953
1083.977549507572,112.55819628340686
1084.1046277665996,110.2001412294057
1084.2317060256275,111.06530957128297
1084.3587842846555,112.28137813789199
1084.4858625436832,110.48538978781775
1084.6129408027111,111.64473166377232
1084.740019061739,108.36616827227473
1084.8670973207668,109.98498689460249
1084.9941755797947,110.82416550004085
1085.1212538388224,108.52362394431077
1085.2483320978504,108.9887312740811
1085.3754103568783,108.35185507777041
1085.502488615906,107.38953505079039
1085.629566874934,109.39793261214137
1085.7566451339617,107.764419481005
1085.8837233929896,107.43008162421415
1086.0108016520176,107.02439997830078
1086.1378799110453,106.76912450148008
1086.2649581700732,106.10081501787353
1086.392036429101,106.5924597459808
1086.5191146881289,105.74104041012075
1086.6461929471568,105.72458414085715
1086.7732712061845,106.93985729469341
1086.9003494652125,104.79343540786962
1087.0274277242404,104.25032770810716
1087.154505983268,105.97604333464726
1087.281584242296,102.90213302530957
1087.4086625013238,103.82435402607416
1087.5357407603517,103.29972889416143
1087.6628190193796,105.81202312785145
1087.7898972784074,103.95023566998962
1087.9169755374353,104.21033737291108
1088.044053796463,103.3583141871184
1088.171132055491,104.07880222779896
1088.2982103145189,104.0748140505577
1088.4252885735466,104.2898659347962
1088.5523668325745,104.48892173753971
1088.6794450916022,103.92391496493676
1088.8065233506302,103.83252093907484
1088.9336016096581,104.10090054222557
1089.0606798686858,102.07884543910106
1089.1877581277138,102.77657233807822
1089.3148363867417,104.6077205881814
1089.4419146457694,103.01459349846697
1089.5689929047974,104.5755215516372
1089.696071163825,103.26578586685194
1089.823149422853,101.4721775847295
1089.950227681881,104.2097970282716
1090.0773059409087,104.41399250482137
1090.2043841999366,106.64164821814208
1090.3314624589643,105.1739667481872
1090.4585407179923,104.7240734650361
1090.5856189770202,104.91939386634355
1090.712697236048,105.160821813436
1090.8397754950759,103.43588768733056
1090.9668537541036,104.32362323953666
1091.0939320131315,105.41333048134767
1091.2210102721594,104.66182551778945
1091.3480885311872,102.95608988169069
1091.475166790215,104.38411220192418
1091.602245049243,103.16786898310053
1091.7293233082708,104.02803206789376
1091.8564015672987,104.48309264580358
1091.9834798263264,103.60100141190475
1092.1105580853543,104.45265532704921
1092.2376363443823,104.20352091728026
1092.36471460341,102.86505439845182
1092.491792862438,103.81485227671763
1092.6188711214656,102.59745118080248
1092.7459493804936,103.23628491301207
1092.8730276395215,102.05269606000667
1093.0001058985492,103.37098528245534
1093.1271841575772,102.7514106626361
1093.2542624166051,102.85931959165308
1093.3813406756328,102.3927776311081
1093.5084189346608,101.09174950873283
1093.6354971936885,100.25743729037627
1093.7625754527164,103.09472451752717
1093.8896537117444,101.25690128381876
1094.016731970772,101.97255724569771
1094.1438102298,100.93785918216649
1094.2708884888277,99.70940202495667
1094.3979667478557,101.17916954729148
1094.5250450068836,99.07520957527856
1094.6521232659113,99.92854601284144
1094.7792015249393,100.11936526134599
1094.906279783967,99.31749637499809
1095.033358042995,97.99761765298547
1095.1604363020228,99.00925601175689
1095.2875145610506,99.44867973463884
1095.4145928200785,98.43431222567462
1095.5416710791064,99.15042158699887
1095.6687493381341,95.93937111184047
1095.795827597162,97.35179928251772
1095.9229058561898,96.07325049240978
1096.0499841152177,96.03341859574921
1096.1770623742457,96.06904401901248
1096.3041406332734,95.71802484398813
1096.4312188923013,95.04061330435125
1096.558297151329,95.83645617761054
1096.685375410357,95.61786084243325
1096.812453669385,95.08844597068193
1096.9395319284126,95.24546254771786
1097.0666101874406,94.99449007469107
1097.1936884464683,95.07469185082142
1097.3207667054962,94.5165824344059
1097.4478449645242,93.99689222465842
1097.5749232235519,95.29481445427788
1097.7020014825798,94.03348592623912
1097.8290797416078,93.13187184697172
1097.9561580006355,94.40135186747963
1098.0832362596634,94.36234781935683
1098.2103145186911,94.75227459411398
1098.337392777719,93.3589724745591
1098.464471036747,93.72132306579189
1098.5915492957747,94.97207850418536
1098.7186275548027,93.94567608471613
1098.8457058138304,93.51434777251674
1098.9727840728583,94.70761754893971
1099.0998623318862,93.55096398814045
1099.226940590914,93.91186068145059
1099.354018849942,94.00913035789598
1099.4810971089696,94.73815446157617
1099.6081753679975,93.27930109889303
1099.7352536270255,94.51522428028463
1099.8623318860532,95.58921910785841
1099.9894101450811,93.58531588430921
1100.116488404109,94.75164180430394
1100.2435666631368,96.96560369944048
1100.3706449221647,95.2476048679331
1100.4977231811924,95.50852602601891
1100.6248014402204,96.33729534709549
1100.7518796992483,95.72510743153133
1100.878957958276,94.42733298749981
1101.006036217304,96.52417572215413
1101.1331144763317,95.56958623107319
1101.2601927353596,96.8424415021579
1101.3872709943876,94.4188227024779
1101.5143492534153,94.76000149652232
1101.6414275124432,95.433795601134
1101.7685057714712,96.12338634514118
1101.8955840304989,94.82026394342357
1102.0226622895268,95.63858190313898
1102.1497405485545,94.95953307165584
1102.2768188075825,93.9609845344782
1102.4038970666104,95.33831629926154
1102.530975325638,93.96098718155251
1102.658053584666,94.3591404802085
1102.7851318436938,96.71414529966039
1102.9122101027217,95.17965986789355
1103.0392883617496,94.10652869538632
1103.1663666207774,94.56535336658516
1103.2934448798053,94.19199846899117
1103.420523138833,95.54486110652645
1103.547601397861,94.45956008922812
1103.6746796568889,94.43740247381609
1103.8017579159166,95.29184777627806
1103.9288361749445,94.1402624401563
1104.0559144339725,93.26247940861872
1104.1829926930002,94.67555520947039
1104.3100709520281,93.58867269136884
1104.4371492110558,94.98273247542771
1104.5642274700838,92.78647482487027
1104.6913057291117,93.22796823776258
1104.8183839881394,92.63229067282722
1104.9454622471674,92.21937206827393
1105.072540506195,92.44681353093384
1105.199618765223,91.57640137945302
1105.326697024251,89.21123329573518
1105.4537752832787,91.04580254082879
1105.5808535423066,91.59491308857574
1105.7079318013343,92.2005937974261
1105.8350100603623,92.30163117625823
1105.9620883193902,92.1534294867231
1106.089166578418,89.21912886092768
1106.2162448374459,92.6135262511844
1106.3433230964738,89.61027388516311
1106.4704013555015,90.31317041670297
1106.5974796145294,92.58818755437177
1106.7245578735572,92.58348383750204
1106.851636132585,88.94816251114106
1106.978714391613,89.79988130023793
1107.1057926506408,89.38397624127408
1107.2328709096687,90.27562556228364
1107.3599491686964,88.88945971414309
1107.4870274277243,89.92295131158083
1107.6141056867523,88.48507855345085
1107.74118394578,87.95816795474659
1107.868262204808,91.29399193124186
1107.9953404638356,88.36745317174615
1108.1224187228636,90.56859075212907
1108.2494969818915,91.46662364086151
1108.3765752409192,89.67317737250362
1108.5036534999472,89.56583797056506
1108.6307317589751,89.54194197012163
1108.7578100180028,91.82450590954944
1108.8848882770308,89.5880868889435
1109.0119665360585,92.45979036635856
1109.1390447950864,91.90414798586475
1109.2661230541144,91.67992801819683
1109.393201313142,91.11964651733349
1109.52027957217,92.51879129623613
1109.6473578311977,91.26384480451429
1109.7744360902257,90.01263287610007
1109.9015143492536,90.5633214001235
1110.0285926082813,92.6861067412566
1110.1556708673093,91.18340169394834
1110.2827491263372,93.15087386285708
1110.409827385365,91.16918181089555
1110.5369056443928,93.84576860106085
1110.6639839034206,91.78915151151159
1110.7910621624485,91.51920243364522
1110.9181404214764,91.31936300394278
1111.0452186805041,91.9863653407489
1111.172296939532,91.71749319626615
1111.2993751985598,93.06359044877544
1111.4264534575877,93.12764084446286
1111.5535317166157,93.40652150245012
1111.6806099756434,92.40339584318673
1111.8076882346713,92.68238100344708
1111.934766493699,94.93002679429554
1112.061844752727,92.71067180850318
1112.188923011755,95.33897229305764
1112.3160012707826,92.93096143903101
1112.4430795298106,93.35251396639225
1112.5701577888385,93.47232605367306
1112.6972360478662,93.769219732749
1112.8243143068942,94.48476996126826
1112.9513925659219,93.13478260258688
1113.0784708249498,95.57273813709905
1113.2055490839778,92.63005642947527
1113.3326273430055,93.78388457065981
1113.4597056020334,93.92713127602464
1113.5867838610611,93.77543196050695
1113.713862120089,92.81305281377723
1113.840940379117,93.23747137825987
1113.9680186381447,92.91631227872219
1114.0950968971727,93.86793541436602
1114.2221751562004,94.20115547475879
1114.3492534152283,94.02223634118585
1114.4763316742562,93.61476270944166
1114.603409933284,92.14184785108232
1114.730488192312,93.39987574099138
1114.8575664513398,93.35808207041642
1114.9846447103675,93.34236127799967
1115.1117229693955,92.21225724624732
1115.2388012284232,92.13950628429373
1115.3658794874511,91.56583936406135
1115.492957746479,90.75353955647307
1115.6200360055068,91.51317122796584
1115.7471142645347,89.68016152964609
1115.8741925235624,93.49352973421624
1116.0012707825904,91.56815746392384
1116.1283490416183,91.33123580139826
1116.255427300646,91.14325367298495
1116.382505559674,91.25928453289137
1116.5095838187017,92.49421675268721
1116.6366620777296,92.47698785595905
1116.7637403367576,90.18501108291045
1116.8908185957853,91.66815100074227
1117.0178968548132,90.83200233761845
1117.1449751138412,90.2988704235285
1117.2720533728689,90.03945589720561
1117.3991316318968,90.5361236815172
1117.5262098909245,92.01898942596532
1117.6532881499525,90.81949686777367
1117.7803664089804,91.72265382674209
1117.907444668008,90.11111758505538
1118.034522927036,91.06461723802349
1118.1616011860638,91.82960484171505
1118.2886794450917,92.12152941960652
1118.4157577041196,92.21054027495458
1118.5428359631474,90.55650521884871
1118.6699142221753,92.09079458779736
1118.7969924812032,92.5851808071262
1118.924070740231,92.15495753158496
1119.0511489992589,92.2367595732496
1119.1782272582866,94.59032874201776
1119.3053055173145,94.39426580278648
1119.4323837763425,93.30857408754606
1119.5594620353702,92.91361697071784
1119.6865402943981,95.15823998652
1119.8136185534258,94.59672558513775
1119.9406968124538,93.8970643431213
1120.0677750714817,96.10498875160643
1120.1948533305094,93.9804888079258
1120.3219315895374,96.29182842999982
1120.449009848565,96.61809556474114
1120.576088107593,96.97622223713458
1120.703166366621,96.99078157228803
1120.8302446256487,95.8993170326986
1120.9573228846766,98.09515841737104
1121.0844011437046,97.68730755759586
1121.2114794027323,97.22133117026955
1121.3385576617602,98.1548258071388
1121.465635920788,98.18804587562059
1121.5927141798159,97.9827558431856
1121.7197924388438,97.90485297067579
1121.8468706978715,97.98075436283057
1121.9739489568994,99.06310517749029
1122.1010272159272,99.56048870299954
1122.228105474955,97.47396039628887
1122.355183733983,98.25491075664704
1122.4822619930108,97.59422273181241
1122.6093402520387,97.60053459318355
1122.7364185110664,100.67645873101175
1122.8634967700943,98.44656908772612
1122.9905750291223,99.18707346471818
1123.11765328815,98.58962979155669
1123.244731547178,98.4640273843519
1123.3718098062059,98.59538656485519
1123.4988880652336,97.5266070140747
1123.6259663242615,98.58473482591046
1123.7530445832892,97.52512773848946
1123.8801228423172,100.78863136232815
1124.0072011013451,98.87143857401307
1124.1342793603728,100.89169520670333
1124.2613576194008,99.16793801592489
1124.3884358784285,100.23675337564535
1124.5155141374564,99.03795051519171
1124.6425923964844,99.06571214176265
1124.769670655512,99.75092491047101
1124.89674891454,97.66586955411108
1125.0238271735677,99.40657008517371
1125.1509054325957,99.90893420277557
1125.2779836916236,99.66599216465033
1125.4050619506513,98.90334806922046
1125.5321402096793,98.8074462240397
1125.6592184687072,100.72624638667568
1125.786296727735,97.37475827875306
1125.9133749867628,99.04383775783603
1126.0404532457906,99.62111822654386
1126.1675315048185,98.14522615218748
1126.2946097638464,99.44739883261165
1126.4216880228742,100.00892947727235
1126.548766281902,98.75193724533422
1126.6758445409298,99.51582749729332
1126.8029227999577,100.40916436837357
1126.9300010589857,97.54130152454697
1127.0570793180134,98.17959581307974
1127.1841575770413,99.31587087482414
1127.3112358360693,98.01705631826701
1127.438314095097,99.15216806149088
1127.565392354125,101.50945040807059
1127.6924706131526,98.64816188267943
1127.8195488721806,100.54040914949935
1127.9466271312085,100.6834124405567
1128.0737053902362,99.78797231099827
1128.2007836492642,99.42878498364922
1128.3278619082919,99.43720369176805
1128.4549401673198,99.88139292394622
1128.5820184263478,101.33942472737199
1128.7090966853755,102.30673219262331
1128.8361749444034,99.74956943994937
1128.9632532034311,102.54210177898833
1129.090331462459,103.64726020047911
1129.217409721487,102.12248228669469
1129.3444879805147,103.39517662885545
1129.4715662395427,102.64534961866067
1129.5986444985706,105.86745167741479
1129.7257227575983,102.871282330061
1129.8528010166262,103.44793389963974
1129.979879275654,104.64918261703963
1130.106957534682,106.02568318563087
1130.2340357937098,105.84146743150274
1130.3611140527375,104.3023894330032
1130.4881923117655,105.55260211944352
1130.6152705707932,106.25578920365254
1130.7423488298211,105.11139177376249
1130.869427088849,105.92707894679403
1130.9965053478768,106.75664020215913
1131.1235836069047,107.37994200609802
1131.2506618659324,106.77423593440075
1131.3777401249604,108.91262299567178
1131.5048183839883,108.58571378830348
1131.631896643016,107.1548110252731
1131.758974902044,109.7754053328679
1131.886053161072,107.83528019409829
1132.0131314200996,109.13251855937436
1132.1402096791276,109.33410240539018
1132.2672879381553,108.05301588238677
1132.3943661971832,110.36990163001794
1132.5214444562112,108.18484459178683
1132.6485227152389,109.7323518310947
1132.7756009742668,109.01216318080868
1132.9026792332945,108.86411785196685
1133.0297574923225,109.48776206256234
1133.1568357513504,111.02679898646355
1133.283914010378,109.38289458701996
1133.410992269406,108.40626603838362
1133.5380705284338,109.17613591210433
1133.6651487874617,108.94478546587166
1133.7922270464896,109.73402170440156
1133.9193053055174,108.78780983692857
1134.0463835645453,110.1620959940313
1134.1734618235732,109.84176305141234
1134.300540082601,109.85989950876227
1134.4276183416289,109.17583882807172
1134.5546966006566,110.2691116900233
1134.6817748596845,110.18743655664402
1134.8088531187125,111.65492507511689
1134.9359313777402,109.8680572971467
1135.0630096367681,109.86142736446104
1135.1900878957958,108.73978396951723
1135.3171661548238,110.30664439156479
1135.4442444138517,111.84139192137997
1135.5713226728794,108.22514560480671
1135.6984009319074,111.35178782877853
1135.8254791909353,108.6252837941918
1135.952557449963,110.26545483178302
1136.079635708991,109.56867057989197
1136.2067139680187,109.61511795941864
1136.3337922270466,108.73415351993324
1136.4608704860746,111.2328278677017
1136.5879487451023,110.38882969568103
1136.7150270041302,110.11227638192945
1136.842105263158,110.73676981821563
1136.9691835221859,110.27155525193874
1137.0962617812138,110.71242213800328
1137.2233400402415,111.29024329725884
1137.3504182992694,112.33670319481891
1137.4774965582972,111.15484456004992
1137.604574817325,113.01275596190976
1137.731653076353,111.01019136320727
1137.8587313353808,112.46408062450001
1137.9858095944087,110.85526164098508
1138.1128878534366,111.4296013296428
1138.2399661124643,112.03318740364718
1138.3670443714923,112.59146100989494
1138.49412263052,113.66073624608389
1138.621200889548,114.68412426451806
1138.7482791485759,114.55206986326255
1138.8753574076036,115.38317375353417
1139.0024356666315,115.86439905076999
1139.1295139256592,116.04862319774058
1139.2565921846872,116.1006638156048
1139.3836704437151,114.12554565484058
1139.5107487027428,115.48921846812473
1139.6378269617708,114.78004546155572
1139.7649052207985,114.66769281668586
1139.8919834798264,115.6251483970722
1140.0190617388544,116.39305992395761
1140.146139997882,116.11431303583127
1140.27321825691,115.12341151794972
1140.400296515938,116.93644465746738
1140.5273747749657,116.10401810339489
1140.6544530339936,116.45470003448422
1140.7815312930213,117.94278365367143
1140.9086095520493,116.12148202672941
1141.0356878110772,117.20530704415847
1141.162766070105,117.53038691199963
1141.2898443291328,116.04567197328012
1141.4169225881606,116.94044695218338
1141.5440008471885,117.81802854269235
1141.6710791062164,119.59522551771711
1141.7981573652442,117.01417330983271
1141.925235624272,118.21319761272322
1142.0523138832998,116.95070807713148
1142.1793921423277,118.20386979702212
1142.3064704013557,117.11702597326494
1142.4335486603834,118.59107802361657
1142.5606269194113,119.01328563518098
1142.6877051784393,118.61505432503876
1142.814783437467,117.52342817674524
1142.941861696495,117.31300618825273
1143.0689399555226,118.29492946716792
1143.1960182145506,120.98996305354093
1143.3230964735785,118.19975549259603
1143.4501747326062,117.20150164249385
1143.5772529916342,116.48094277356519
1143.7043312506619,117.78825374260296
1143.8314095096898,117.30161400351871
1143.9584877687178,116.15006147129488
1144.0855660277455,117.27382056287571
1144.2126442867734,117.23518184904393
1144.3397225458014,115.30753642321808
1144.466800804829,115.64570127056628
1144.593879063857,114.57882190637736
1144.7209573228847,118.2311356392608
1144.8480355819127,113.97890162743616
1144.9751138409406,116.36883697388791
1145.1021920999683,115.19258822815047
1145.2292703589962,116.24391984556631
1145.356348618024,114.66993340837836
1145.483426877052,114.05291615993669
1145.6105051360798,115.03208058350127
1145.7375833951075,113.58109065007204
1145.8646616541355,115.68401928463199
1145.9917399131632,114.85549003175416
1146.1188181721911,113.93834890666118
1146.245896431219,115.85175282971348
1146.3729746902468,114.55648280324735
1146.5000529492747,116.38389729495982
1146.6271312083027,114.76306947981702
1146.7542094673304,114.98008842597562
1146.8812877263583,114.56508180147144
1147.008365985386,115.30822672898256
1147.135444244414,114.30555929210662
1147.262522503442,114.67559483166849
1147.3896007624696,114.16559676210761
1147.5166790214976,113.49433508224718
1147.6437572805253,114.56438741173726
1147.7708355395532,112.1093068810445
1147.8979137985812,114.84224516185787
1148.0249920576089,115.65180453152337
1148.1520703166368,114.00727967772471
1148.2791485756645,115.23513873234131
1148.4062268346925,113.13353190650724
1148.5333050937204,114.16116418179168
1148.660383352748,115.07784375661389
1148.787461611776,114.53087788253515
1148.914539870804,115.33477146768928
1149.0416181298317,114.05485546539573
1149.1686963888596,115.64285770578506
1149.2957746478874,114.90716848758991
1149.4228529069153,114.52630015080668
1149.5499311659432,113.96885799634552
1149.677009424971,115.74516885659158
1149.804087683999,114.91923098310617
1149.9311659430266,115.68493754181442
1150.0582442020545,115.44594140495516
1150.1853224610825,114.91968932939061
1150.3124007201102,115.38229719295822
1150.4394789791381,115.302886466056
1150.5665572381658,116.90804102786798
1150.6936354971938,116.42302213475452
1150.8207137562217,115.33788983398816
1150.9477920152494,117.72821294664375
1151.0748702742774,116.70756498944797
1151.2019485333053,115.30798670504754
1151.329026792333,118.82447827716186
1151.456105051361,117.46182336147469
1151.5831833103887,116.27595719512205
1151.7102615694166,117.53944224362336
1151.8373398284446,117.7644339771131
1151.9644180874723,117.30152581108256
1152.0914963465002,117.8476426024159
1152.218574605528,118.57057336748132
1152.3456528645559,117.94888152616718
1152.4727311235838,119.67443401165126
1152.5998093826115,118.77215258321704
1152.7268876416395,117.65748272739451
1152.8539659006674,116.7209600713302
1152.981044159695,115.9936710127803
1153.108122418723,117.17672928666096
1153.2352006777508,116.77420581542795
1153.3622789367787,118.82419574392978
1153.4893571958066,118.78005383375523
1153.6164354548343,116.50246807391765
1153.7435137138623,116.61150990129374
1153.87059197289,116.77588068312642
1153.997670231918,116.17218202719651
1154.1247484909459,116.3982629207167
1154.2518267499736,116.49093139696836
1154.3789050090015,116.65627402421104
1154.5059832680292,115.99359719239213
1154.6330615270572,114.43330994413802
1154.7601397860851,117.04662619339514
1154.8872180451128,117.41240496627351
1155.0142963041408,116.30159770199973
1155.1413745631687,116.12413109064912
1155.2684528221964,114.20648805649094
1155.3955310812244,115.85723023147519
1155.522609340252,112.5907676190663
1155.64968759928,115.079840091478
1155.776765858308,114.52838787740808
1155.9038441173357,115.79734296548432
1156.0309223763636,115.20117573432209
1156.1580006353913,113.92296649946138
1156.2850788944193,116.02920305977933
1156.4121571534472,113.6342856299555
1156.539235412475,116.31792218380008
1156.6663136715028,111.88440576559897
1156.7933919305306,114.22335164374707
1156.9204701895585,114.45454537295579
1157.0475484485864,113.63606796357443
1157.1746267076142,114.01479024703642
1157.301704966642,115.55161582124613
1157.42878322567,115.33916047002774
1157.5558614846977,114.64911819506821
1157.6829397437257,113.36961942624812
1157.8100180027534,112.74091116045162
1157.9370962617813,112.84743563839223
1158.0641745208093,115.19797179282325
1158.191252779837,112.94252671909345
1158.318331038865,113.13498189521215
1158.4454092978926,115.12206147476087
1158.5724875569206,115.10222230502089
1158.6995658159485,114.80084971777498
1158.8266440749762,116.22587369005079
1158.9537223340042,114.14462757956804
1159.0808005930319,114.45362334772882
1159.2078788520598,114.90529238590501
1159.3349571110878,115.9895755216626
1159.4620353701155,115.30256190043966
1159.5891136291434,115.3810435090484
1159.7161918881714,114.62368033376974
1159.843270147199,114.65573798993715
1159.970348406227,114.33272596959937
1160.0974266652547,116.04590409976228
1160.2245049242827,115.05589098489776
1160.3515831833106,116.26385777361939
1160.4786614423383,117.38470721395495
1160.6057397013662,116.10194942979248
1160.732817960394,114.89194683059353
1160.859896219422,116.14261348637436
1160.9869744784498,115.74350129344569
1161.1140527374776,116.44954655328905
1161.2411309965055,116.88982373882718
1161.3682092555334,116.72373300919455
1161.4952875145611,118.47491886771341
1161.622365773589,116.70128364564012
1161.7494440326168,116.70875879285686
1161.8765222916447,117.08356918035857
1162.0036005506727,118.21116304784549
1162.1306788097004,119.78929818726839
1162.2577570687283,116.53087778133536
1162.384835327756,119.38095309959333
1162.511913586784,118.4364836654169
1162.638991845812,116.04829844323541
1162.7660701048396,116.64043644530662
1162.8931483638676,118.08424471370556
1163.0202266228953,116.48508767947222
1163.1473048819232,117.64045765434155
1163.2743831409512,118.49917486805928
1163.4014613999789,117.3707673197734
1163.5285396590068,118.31295997485164
1163.6556179180347,117.52328541592726
1163.7826961770625,116.29673744737188
1163.9097744360904,116.14765069620262
1164.0368526951181,116.6335578255073
1164.163930954146,116.21719989415837
1164.291009213174,116.08092739727503
1164.4180874722017,115.73166895486877
1164.5451657312296,115.4462918599203
1164.6722439902574,115.74460439913248
1164.7993222492853,116.54392854474908
1164.9264005083132,114.42422050406223
1165.053478767341,115.84688165361133
1165.180557026369,115.68048453803351
1165.3076352853966,115.93262954404766
1165.4347135444245,115.37735387959505
1165.5617918034525,115.9080042353659
1165.6888700624802,114.91226240380523
1165.8159483215081,114.23201926882724
1165.943026580536,114.42381458664399
1166.0701048395638,114.206167095635
1166.1971830985917,113.83138341954748
1166.3242613576194,112.12920630677567
1166.4513396166474,113.64941386499923
1166.5784178756753,114.4473392567588
1166.705496134703,113.31219270187826
1166.832574393731,112.44023603272345
1166.9596526527587,115.87356070786862
1167.0867309117866,112.85916977622942
1167.2138091708146,113.74256326855779
1167.3408874298423,113.02567180796548
1167.4679656888702,113.91050362211928
1167.595043947898,114.29962093751713
1167.7221222069259,114.86528361761054
1167.8492004659538,114.05163423246563
1167.9762787249815,114.977253619008
1168.1033569840095,112.99650388392836
1168.2304352430374,114.33805372525475
1168.357513502065,114.33033849319634
1168.484591761093,113.46232745969664
1168.6116700201208,112.9089034123385
1168.7387482791487,114.37495226283377
1168.8658265381766,114.73112667158289
1168.9929047972043,115.63588941659621
1169.1199830562323,113.7564578179639
1169.24706131526,115.24012896015628
1169.374139574288,114.2056666413359
1169.5012178333159,114.87374045974863
1169.6282960923436,114.2724473890071
1169.7553743513715,113.76850398469857
1169.8824526103995,114.64743815865708
1170.0095308694272,115.8722431747954
1170.1366091284551,115.21683021808919
1170.2636873874828,116.91558142847633
1170.3907656465108,115.67384798740879
1170.5178439055387,114.75021111652788
1170.6449221645664,116.4890178996231
1170.7720004235944,115.91490985890503
1170.899078682622,116.08721863392145
1171.02615694165,115.55648868509934
1171.153235200678,115.99906934102192
1171.2803134597057,117.09257563499257
1171.4073917187336,115.26585529752937
1171.5344699777613,116.4583680259461
1171.6615482367893,117.17212630468232
1171.7886264958172,117.934338128117
1171.915704754845,118.5603440273345
1172.0427830138728,118.47139546106247
1172.1698612729008,118.83696774568041
1172.2969395319285,118.0551337917756
1172.4240177909564,117.98627334929976
1172.5510960499842,117.92442651983107
1172.678174309012,116.65115810190105
1172.80525256804,118.25249178967654
1172.9323308270677,118.45420687746008
1173.0594090860957,118.59107669557656
1173.1864873451234,117.46940463279265
1173.3135656041513,118.12259866261594
1173.4406438631793,114.96527708764803
1173.567722122207,115.49770499383348
1173.694800381235,115.95616005568718
1173.8218786402626,115.20603579751773
1173.9489568992906,116.22714459006491
1174.0760351583185,116.6351664004168
1174.2031134173462,116.4959002951704
1174.3301916763742,116.61750831480107
1174.457269935402,115.38182170642888
1174.5843481944298,116.23123149610628
1174.7114264534578,115.88430422255614
1174.8385047124855,115.04245174610038
1174.9655829715134,115.95140487858039
1175.0926612305414,114.82262496731136
1175.219739489569,115.26613793281253
1175.346817748597,114.54085911765992
1175.4738960076247,114.00589983047556
1175.6009742666527,115.73196083418229
1175.7280525256806,113.02948605501602
1175.8551307847083,114.30830937988208
1175.9822090437362,115.23166668305896
1176.109287302764,115.3929648148947
1176.236365561792,112.89523303985347
1176.3634438208198,113.44729652698436
1176.4905220798476,115.32840321676743
1176.6176003388755,113.56136541941969
1176.7446785979034,113.88719088993214
1176.8717568569311,114.01908297362188
1176.998835115959,114.67322953664424
1177.1259133749868,113.59923649896349
1177.2529916340147,114.06212040909263
1177.3800698930427,113.21812888558794
1177.5071481520704,112.490562106596
1177.6342264110983,113.31222579929714
1177.761304670126,114.45501631036323
1177.888382929154,113.12981755944918
1178.015461188182,113.30113291594934
1178.1425394472096,112.99509393958878
1178.2696177062376,113.76779706942004
1178.3966959652655,113.6307349417413
1178.5237742242932,112.04096520808602
1178.6508524833212,114.94028871395173
1178.7779307423489,113.94837996502727
1178.9050090013768,116.00710354062699
1179.0320872604048,114.18001858637187
1179.1591655194325,114.4185865633792
1179.2862437784604,115.42433326300531
1179.4133220374881,114.74511002700535
1179.540400296516,115.72518598075928
1179.667478555544,117.18568419007786
1179.7945568145717,116.22587032377535
1179.9216350735996,114.71878805787354
1180.0487133326274,114.4044816218218
1180.1757915916553,116.20253037539942
1180.3028698506832,114.99941269839792
1180.429948109711,115.4453823157798
1180.557026368739,116.41442682438996
1180.6841046277668,116.58286804307615
1180.8111828867945,113.87211525096018
1180.9382611458225,117.43331162531952
1181.0653394048502,117.85231335980164
1181.1924176638781,116.0785563045885
1181.319495922906,117.32797524945788
1181.4465741819338,117.73382389940333
1181.5736524409617,117.4224557888782
1181.7007306999894,118.94966420805873
1181.8278089590174,116.81051274835946
1181.9548872180453,117.75752797207443
1182.081965477073,115.62593580678559
1182.209043736101,117.78531245946975
1182.3361219951287,115.67297597471047
1182.4632002541566,117.74660892730549
1182.5902785131846,117.2264215408002
1182.7173567722123,117.73406064742638
1182.8444350312402,115.85557494268612
1182.9715132902681,116.98259090056203
1183.0985915492959,115.97939936153792
1183.2256698083238,117.3577255138666
1183.3527480673515,116.32270779723605
1183.4798263263795,116.59645475367398
1183.6069045854074,117.47216270975716
1183.733982844435,117.219860524222
1183.861061103463,116.47318468888433
1183.9881393624908,116.70735694269811
1184.1152176215187,116.57755354420945
1184.2422958805466,116.46609887589173
1184.3693741395743,114.75440973695288
1184.4964523986023,115.26728461390252
1184.62353065763,115.48225302598418
1184.750608916658,114.01651366504055
1184.8776871756859,117.41711315639331
1185.0047654347136,114.53322597790043
1185.1318436937415,114.29845287091592
1185.2589219527695,113.24394718506802
1185.3860002117972,116.08740946524829
1185.5130784708251,114.00916969155479
1185.6401567298528,112.61635049269256
1185.7672349888808,115.57080497717787
1185.8943132479087,115.25162233864282
1186.0213915069364,115.37154965840034
1186.1484697659644,113.93936336943278
1186.275548024992,115.60113875730033
1186.40262628402,113.51872626597353
1186.529704543048,113.06067444869586
1186.6567828020757,112.39517368154449
1186.7838610611036,114.46609570165542
1186.9109393201315,111.34929397197033
1187.0380175791593,111.96661677315046
1187.1650958381872,112.3536186190197
1187.292174097215,113.64841153189492
1187.4192523562429,114.54401619977172
1187.5463306152708,113.61803698337177
1187.6734088742985,113.3574102986215
1187.8004871333264,112.94420805456745
1187.9275653923542,113.90642240264741
1188.054643651382,114.93503379491439
1188.18172191041,113.41420255393967
1188.3088001694377,113.92696352326601
1188.4358784284657,114.62844274772812
1188.5629566874934,112.22301885615018
1188.6900349465213,113.76914538850755
1188.8171132055493,112.97131368259664
1188.944191464577,110.94658245348272
1189.071269723605,113.19974467893643
1189.1983479826329,114.79955441193843
1189.3254262416606,113.71940133697439
1189.4525045006885,116.29337625557038
1189.5795827597162,114.88492107418352
1189.7066610187442,112.64961424379746
1189.833739277772,116.95045442952745
1189.9608175367998,115.45321387090391
1190.0878957958278,114.30362227210571
1190.2149740548555,116.04099524784739
1190.3420523138834,117.31764780727586
1190.4691305729114,114.87151955876267
1190.596208831939,116.04957707748648
1190.723287090967,117.170895282594
1190.8503653499947,117.7926503836767
1190.9774436090227,117.54465654017152
1191.1045218680506,117.3082401476513
1191.2316001270783,117.046582414247
1191.3586783861062,115.42000828206413
1191.4857566451342,116.61727011162225
1191.612834904162,115.99111872562956
1191.7399131631898,116.51733759613649
1191.8669914222176,117.51014636099148
1191.9940696812455,118.45150447083213
1192.1211479402734,115.99698678327844
1192.2482261993011,116.93122590417408
1192.375304458329,117.66611540944828
1192.5023827173568,118.36465598317133
1192.6294609763847,119.20332052880727
1192.7565392354127,116.97100835502226
1192.8836174944404,117.91770346956822
1193.0106957534683,116.6814517551538
1193.137774012496,117.26921939015853
1193.264852271524,118.31938996073478
1193.391930530552,117.05116569093478
1193.5190087895796,117.31412024965154
1193.6460870486076,118.01065356343332
1193.7731653076355,116.71288004600231
1193.9002435666632,116.7331528828667
1194.0273218256912,117.67484167248905
1194.1544000847189,115.15393956680639
1194.2814783437468,116.22489661170518
1194.4085566027748,116.23669734816266
1194.5356348618025,114.71821389378648
1194.6627131208304,114.27140700416999
1194.7897913798581,115.44918481227232
1194.916869638886,115.8999528681355
1195.043947897914,114.9169157801947
1195.1710261569417,115.06411542778082
1195.2981044159696,114.7462668781619
1195.4251826749976,115.18811333699648
1195.5522609340253,113.83674739366673
1195.6793391930532,113.1791577798616
1195.806417452081,112.98262750225278
1195.933495711109,113.55528405061489
1196.0605739701368,114.54010524563743
1196.1876522291645,113.41923587842096
1196.3147304881925,112.21919678907635
1196.4418087472202,111.95211796689775
1196.5688870062481,112.91456664023528
1196.695965265276,112.98714687976585
1196.8230435243038,114.76285218815359
1196.9501217833317,109.81220303759856
1197.0772000423594,111.22011948888246
1197.2042783013874,111.52083281807387
1197.3313565604153,113.54229379749657
1197.458434819443,114.12513081962129
1197.585513078471,113.0075749672545
1197.712591337499,114.3178254423142
1197.8396695965266,113.02882824200195
1197.9667478555546,113.15404963703925
1198.0938261145823,112.51749852808182
1198.2209043736102,114.98485066955264
1198.3479826326381,112.15919676599118
1198.4750608916659,115.1969702651968
1198.6021391506938,114.14093696777162
1198.7292174097215,112.09873379645072
1198.8562956687495,112.45547993413989
1198.9833739277774,115.13537784541515
1199.110452186805,113.45493627418519
1199.237530445833,113.28402146828695
1199.3646087048608,114.2192101640877
1199.4916869638887,114.08583739456728
1199.6187652229166,115.2878959955452
1199.7458434819443,115.09258807145636
1199.8729217409723,115.84375683052076
1200.0,114.3120413640204
